M1,M2,mM1,mM2,F,R,SCI,H,GA,AG,ABC,ABS,AZI,SO,SO_red,Alb,Sigma,redM1,W,WW,HR,Schultz,Gutman,Mostar,Sz,PI,EE,Energy,SpecRad,Balaban_J,dG_hyd
60.0,67.0,5.694444444444445,3.0555555555555554,152.0,6.147065707741406,6.129914827617143,5.833333333333334,12.439864738501736,13.627865417715865,9.439677325608894,9.618860683185234,96.90625,43.892792959055825,26.66562126173752,12.0,18.0,21.0,260.0,695.0,33.42142857142857,977.0,907.0,81.0,380.0,150.0,30.536565865466173,16.051961930649306,2.288245611270738,2.31694933124977,-11.01
20.0,16.0,4.0625,1.0,68.0,2.0,1.7888543819998317,1.6,3.2,5.0,3.4641016151377544,3.0983866769659336,9.48148148148148,16.492422502470642,12.0,12.0,36.0,9.0,16.0,22.0,7.0,44.0,28.0,12.0,16.0,12.0,10.524391382167263,4.0,2.0,3.0237157840738176,-4.87
16.0,14.0,3.361111111111111,1.3333333333333333,38.0,2.2700556100296625,2.0245638646895836,2.0666666666666664,3.654655746264212,4.390681974697982,3.047206724228547,2.766160500804204,22.75,12.166174573300538,7.23606797749979,6.0,10.0,5.0,18.0,28.0,6.666666666666666,52.0,36.0,10.0,18.0,12.0,10.118119614388574,5.226251859505507,1.8477590650225741,2.5395388613593903,1.83
34.0,36.0,2.611111111111111,2.0,76.0,3.931851652578137,3.9189910556894993,3.8666666666666667,7.8821967329218765,8.122522350258794,5.6568542494923815,5.729567401660267,64.0,24.366430302876523,13.365058181991753,4.0,4.0,10.0,64.0,122.0,15.783333333333333,246.0,234.0,22.0,109.0,50.0,18.47902253715965,10.424292428609817,2.1357792050698574,2.1250162554146717,-5.45
26.0,24.0,3.5,2.25,50.0,3.914213562373095,3.6547005383792515,3.833333333333333,6.885618083164127,7.121320343559642,4.949747468305834,4.69023444431199,56.0,18.61427157873053,9.071067811865476,2.0,2.0,6.0,84.0,210.0,13.742857142857144,280.0,231.0,24.0,84.0,42.0,16.754072029940975,9.517540966287266,1.8793852415718166,2.53006045688352,-4.21
42.0,45.0,4.083333333333334,2.0,108.0,4.181540550352056,4.183281572999747,3.9,8.476851594032942,9.587825972095702,6.692130429902464,6.768900359008543,58.125,31.12014063328907,19.41640786499874,12.0,18.0,15.0,84.0,159.0,19.499999999999996,315.0,291.0,27.0,144.0,66.0,21.17608116869581,10.12899020449196,2.2360679774997894,2.340851616437875,-6.27
22.0,21.0,4.222222222222222,1.4444444444444442,58.0,2.6427344100918364,2.408248290463863,2.333333333333333,4.464101615137754,5.618802153517007,3.932652990377571,3.644923705673916,24.890625,16.891751327792804,10.82842712474619,8.0,16.0,8.0,29.0,47.0,9.333333333333332,86.0,61.0,16.0,29.0,20.0,12.61055265179775,6.0,2.0,2.9934972434784735,2.34
28.0,26.0,4.5625,1.625,84.0,3.060660171779821,2.8272393461533625,2.6999999999999997,5.285618083164127,6.871320343559642,4.719396554912958,4.42474363902835,31.11111111111111,21.905947934098542,14.576491222541474,12.0,32.0,11.0,46.0,84.0,12.083333333333332,142.0,106.0,24.0,46.0,30.0,15.103441111348037,6.720566232730447,2.1010029896154583,3.154490065368808,-3.92
36.0,39.0,3.2222222222222223,1.8611111111111112,88.0,3.804530452640311,3.802675481463779,3.6333333333333333,7.691642601795419,8.350642529077819,5.835193734454857,5.901223825343431,58.140625,26.26357993262259,15.543203766865057,6.0,10.0,12.0,60.0,106.0,16.166666666666664,228.0,214.0,20.0,106.0,50.0,18.69255664280207,9.953959938490609,2.193527085331054,2.2794002709583667,1.58
16.0,14.0,3.361111111111111,1.3333333333333333,38.0,2.270055610029662,2.0245638646895836,2.0666666666666664,3.6546557462642113,4.390681974697982,3.0472067242285474,2.766160500804204,22.75,12.16617457330054,7.23606797749979,6.0,10.0,5.0,18.0,28.0,6.666666666666666,52.0,36.0,10.0,18.0,12.0,10.118119614388581,5.226251859505506,1.8477590650225744,2.5395388613593908,-4.62
6.0,4.0,2.25,1.0,10.0,1.414213562373095,1.1547005383792517,1.3333333333333333,1.885618083164127,2.1213203435596424,1.4142135623730951,1.1547005383792517,16.0,4.47213595499958,2.0,2.0,2.0,1.0,4.0,5.0,2.5,10.0,6.0,2.0,4.0,2.0,5.356367113217142,2.8284271247461903,1.4142135623730951,1.6329931618554523,-1.96
26.0,26.0,4.472222222222222,1.7777777777777775,66.0,3.1807392125526213,2.9328121551534467,2.9,5.52068115004865,6.545382513077233,4.530369971822941,4.289763862918478,37.515625,19.571092920588203,12.06449510224598,8.0,14.0,9.0,46.0,83.0,12.0,142.0,106.0,24.0,46.0,30.0,14.899966664463378,7.662987915037876,2.0528808400337155,3.1442082073698243,-3.88
34.0,36.0,2.611111111111111,2.0,76.0,3.931851652578137,3.9189910556894993,3.8666666666666667,7.8821967329218765,8.122522350258794,5.6568542494923815,5.729567401660267,64.0,24.366430302876523,13.365058181991753,4.0,4.0,10.0,64.0,122.0,15.783333333333333,246.0,234.0,22.0,109.0,50.0,18.47902253715965,10.424292428609817,2.1357792050698574,2.1250162554146717,-4.33
32.0,31.0,4.361111111111111,2.416666666666667,70.0,4.3080604124904465,4.049127729379167,4.133333333333333,7.7112352811751075,8.31726233425821,5.76624404923356,5.532321001608409,59.375,23.33079754033451,12.714776642118865,6.0,8.0,9.0,108.0,264.0,17.10952380952381,360.0,296.0,38.0,108.0,56.0,19.24650808448647,10.383982834675734,2.015316067192599,2.9548225727898,-2.49
30.0,31.0,2.361111111111111,1.6666666666666665,68.0,3.393846850117352,3.3944271909999157,3.3,6.82561719801098,7.195941990698567,5.059137268047012,5.0847272444157054,51.375,21.68708871008112,12.128990204491961,4.0,6.0,9.0,42.0,71.0,12.916666666666666,163.0,157.0,11.0,78.0,36.0,16.189602380978524,8.720566232730448,2.1010029896154583,2.122917949959366,-2.55
42.0,41.0,5.472222222222222,2.75,98.0,5.163902460147014,4.918991055689499,4.866666666666666,9.480272944275193,10.58662396539655,7.399237211089012,7.143780964033362,66.125,31.024836158635463,17.950844619618653,10.0,16.0,13.0,194.0,549.0,23.37857142857143,666.0,566.0,58.0,194.0,90.0,24.008703830015794,12.133645288114915,2.0478103147828546,3.099620830487699,-4.78
46.0,53.0,1.9722222222222223,2.0277777777777777,110.0,4.466326495188786,4.697102672463695,4.433333333333334,9.919183588453084,10.082482904638631,7.030627697345596,7.4504171638263985,83.390625,32.80698141270619,18.843766846610826,4.0,4.0,15.0,79.0,143.0,20.499999999999996,344.0,373.0,24.0,144.0,66.0,22.580231058358724,12.170708811226714,2.3225959054760796,1.9697731935234029,-1.46
38.0,40.0,2.861111111111111,2.25,84.0,4.431851652578137,4.418991055689499,4.366666666666666,8.882196732921877,9.122522350258794,6.363961030678929,6.436674182846815,72.0,27.194857427622715,14.779271744364848,4.0,4.0,11.0,94.0,203.0,18.68333333333333,361.0,343.0,33.0,148.0,66.0,20.758832560654838,11.384646120352905,2.148961141749637,2.0778607554610558,-2.22
36.0,38.0,3.2222222222222223,1.8333333333333333,88.0,3.787693700234704,3.7888543819998315,3.6,7.6512343960219615,8.391883981397134,5.875633848974738,5.926813801712124,54.75,26.403614671685094,15.77269903474535,8.0,12.0,12.0,62.0,115.0,16.033333333333335,236.0,222.0,12.0,110.0,50.0,18.682503128252915,9.924777216368064,2.170086486626034,2.1923771580194713,-5.85
28.0,26.0,4.5625,1.625,84.0,3.060660171779821,2.8272393461533625,2.6999999999999997,5.285618083164127,6.871320343559642,4.719396554912958,4.42474363902835,31.11111111111111,21.905947934098542,14.576491222541474,12.0,32.0,11.0,46.0,84.0,12.083333333333332,142.0,106.0,24.0,46.0,30.0,15.103441111348037,6.720566232730447,2.1010029896154583,3.154490065368808,2.88
38.0,36.0,5.222222222222222,2.416666666666667,90.0,4.62589765768623,4.394427190999916,4.3,8.423693409364297,9.660043605836323,6.801520229643643,6.4989408067888,53.5,28.345494565840063,16.714776642118863,10.0,18.0,12.0,151.0,412.0,20.07142857142857,514.0,433.0,44.0,151.0,72.0,21.719292807607744,10.987918414869869,2.0000000000000004,2.909471975439737,-6.34
82.0,88.0,8.875,4.75,222.0,8.949747468305834,8.653318010541598,8.466666666666667,17.028090415820632,19.106601717798213,13.045759306553641,13.000214587927115,132.74074074074073,60.99386163970911,37.458947335248844,22.0,46.0,29.0,792.0,2754.0,56.09126984126984,2826.0,2502.0,222.0,792.0,306.0,43.16835181330558,21.412557190118463,2.2882456112707366,4.2713141258633645,-6.1
34.0,35.0,2.611111111111111,1.9166666666666667,76.0,3.893846850117352,3.8944271909999157,3.8,7.82561719801098,8.195941990698568,5.76624404923356,5.7918340256022525,59.375,24.51551583482731,13.543203766865055,4.0,6.0,10.0,61.0,109.0,16.0,238.0,231.0,12.0,88.0,41.0,18.45273659391329,9.994354836679666,2.0911835605776807,2.1659635854873978,-5.48
32.0,36.0,2.9722222222222223,1.6944444444444446,80.0,3.342535255101096,3.327239346153363,3.1999999999999997,6.748222136706315,7.277222888638046,5.018697153527131,5.131850420214898,54.765625,23.28606727592561,13.950844619618655,6.0,8.0,11.0,45.0,81.0,12.5,168.0,152.0,22.0,45.0,32.0,17.79753666350056,8.860594616254167,2.2970087413362537,2.1041818259596177,-4.1
34.0,36.0,2.611111111111111,2.0,76.0,3.931851652578137,3.9189910556894993,3.8666666666666663,7.8821967329218765,8.122522350258794,5.6568542494923815,5.729567401660267,64.0,24.36643030287652,13.36505818199175,4.0,4.0,10.0,64.0,122.0,15.783333333333335,246.0,234.0,22.0,109.0,50.0,18.479022537159643,10.424292428609817,2.135779205069857,2.1250162554146717,-4.1
18.0,16.0,3.0,1.75,34.0,2.914213562373095,2.6547005383792515,2.833333333333333,4.885618083164127,5.121320343559642,3.5355339059327378,3.2760208819388943,40.0,12.95741732923815,6.242640687119285,2.0,2.0,4.0,35.0,70.0,8.7,110.0,85.0,12.0,35.0,20.0,12.194901425440477,6.987918414869869,1.8019377358048385,2.3390923149762908,-3.52
20.0,16.0,4.0625,1.0,68.0,2.0,1.7888543819998317,1.6,3.2,5.0,3.4641016151377544,3.0983866769659336,9.48148148148148,16.492422502470642,12.0,12.0,36.0,9.0,16.0,22.0,7.0,44.0,28.0,12.0,16.0,12.0,10.524391382167263,4.0,2.0,3.0237157840738176,-4.47
32.0,33.0,5.333333333333334,1.8888888888888886,86.0,3.5534180126147956,3.3164965809277263,3.1666666666666665,6.330127018922193,7.773502691896258,5.415816237971963,5.16852706778819,39.65625,24.296669675080466,15.65685424949238,10.0,20.0,12.0,65.0,122.0,15.166666666666666,204.0,155.0,34.0,65.0,42.0,17.392861267529163,8.424292428609817,2.1357792050698574,3.464226847231096,-2.74
10.0,8.0,2.5,1.25,18.0,1.914213562373095,1.6547005383792515,1.833333333333333,2.885618083164127,3.121320343559642,2.121320343559643,1.8618073195657994,24.0,7.3005630797457695,3.414213562373095,2.0,2.0,2.0,10.0,15.0,4.333333333333333,28.0,19.0,4.0,10.0,6.0,7.635733837560585,4.47213595499958,1.6180339887498951,1.9747448713915894,-3.43
16.0,14.0,3.361111111111111,1.3333333333333333,38.0,2.2700556100296625,2.0245638646895836,2.0666666666666664,3.654655746264212,4.390681974697982,3.047206724228547,2.766160500804204,22.75,12.166174573300538,7.23606797749979,6.0,10.0,5.0,18.0,28.0,6.666666666666666,52.0,36.0,10.0,18.0,12.0,10.118119614388574,5.226251859505507,1.8477590650225741,2.5395388613593903,-7.81
36.0,38.0,3.2222222222222223,1.8333333333333333,88.0,3.787693700234704,3.7888543819998315,3.6,7.6512343960219615,8.391883981397134,5.875633848974738,5.926813801712124,54.75,26.403614671685094,15.77269903474535,8.0,12.0,12.0,62.0,115.0,16.03333333333333,236.0,222.0,12.0,110.0,50.0,18.68250312825291,9.92477721636806,2.170086486626033,2.1923771580194713,-0.8
14.0,12.0,2.75,1.5,26.0,2.414213562373095,2.1547005383792515,2.333333333333333,3.885618083164127,4.121320343559642,2.8284271247461903,2.568914100752347,32.0,10.12899020449196,4.82842712474619,2.0,2.0,3.0,20.0,35.0,6.416666666666666,60.0,44.0,8.0,20.0,12.0,9.915316149982342,5.464101615137754,1.7320508075688772,2.19060968716425,0.93
90.0,104.0,6.666666666666666,4.027777777777778,230.0,8.592224152875016,8.8162747348552,8.233333333333334,18.34287699781738,19.742526510474953,13.710827583429596,14.277527369838737,147.0625,65.39511666566554,39.80118417584898,14.0,22.0,32.0,602.0,1799.0,56.35952380952381,2430.0,2439.0,198.0,930.0,330.0,43.8949529549022,22.631394707881988,2.3642303043388697,1.933916352466387,-6.78
50.0,55.0,4.583333333333334,2.5555555555555554,124.0,5.215214055163271,5.210923771927642,4.966666666666667,10.557668005579858,11.505343067457071,8.025463763235798,8.131933968644253,80.90625,36.49692540465645,21.785844453984343,8.0,14.0,17.0,156.0,353.0,26.116666666666664,591.0,553.0,63.0,228.0,104.0,25.75424462903933,13.61969483329289,2.250874594525545,2.320588019062653,-9.29
14.0,12.0,2.75,1.5,26.0,2.414213562373095,2.1547005383792515,2.333333333333333,3.885618083164127,4.121320343559642,2.8284271247461903,2.568914100752347,32.0,10.12899020449196,4.82842712474619,2.0,2.0,3.0,20.0,35.0,6.416666666666666,60.0,44.0,8.0,20.0,12.0,9.915316149982342,5.464101615137754,1.7320508075688772,2.19060968716425,-4.07
54.0,59.0,5.284722222222222,2.3333333333333335,154.0,4.999018565639891,5.008459641508932,4.585714285714285,10.174952310848312,11.997546414099729,8.30271070376823,8.388651282978543,72.3101111111111,40.6106538883697,26.37825031020934,16.0,36.0,21.0,152.0,340.0,26.633333333333333,569.0,525.0,57.0,236.0,104.0,26.181110039096932,12.527340673531743,2.3114763859440934,2.3936150485089414,-5.91
28.0,26.0,4.111111111111111,2.083333333333333,62.0,3.770055610029662,3.5245638646895836,3.5666666666666664,6.654655746264212,7.390681974697982,5.16852706778819,4.887480844363847,46.75,20.65145594753911,11.478708664619075,6.0,10.0,8.0,79.0,185.0,14.1,260.0,211.0,26.0,79.0,42.0,16.95709711618083,8.762572535069646,1.9498558243636472,2.715842761293259,-2.13
38.0,36.0,4.25,3.0,74.0,5.414213562373096,5.154700538379252,5.333333333333333,9.885618083164125,10.121320343559642,7.071067811865477,6.811554787871634,80.0,27.099552952969105,13.313708498984763,2.0,2.0,9.0,220.0,715.0,22.21865079365079,770.0,670.0,50.0,220.0,90.0,23.592827936949178,13.191508225450303,1.9318516525781366,2.6909155266923976,-3.64
24.0,23.0,3.861111111111111,1.9166666666666667,54.0,3.308060412490447,3.0491277293791677,3.1333333333333333,5.7112352811751075,6.317262334258209,4.352030486860464,4.118107439235313,43.375,17.67394329084213,9.886349517372675,6.0,8.0,7.0,50.0,99.0,11.616666666666667,158.0,122.0,22.0,50.0,30.0,14.68711284067275,7.878462024097665,1.9696155060244167,2.8318199660707846,-2.68
30.0,28.0,3.75,2.5,58.0,4.414213562373095,4.1547005383792515,4.333333333333333,7.885618083164127,8.121320343559642,5.6568542494923815,5.397341225498538,64.0,21.442698703476722,10.485281374238571,2.0,2.0,7.0,120.0,330.0,16.460714285714285,408.0,344.0,32.0,120.0,56.0,19.03365733227704,10.627503029350086,1.9021130325903075,2.595082706793886,3.13
16.0,14.0,3.361111111111111,1.3333333333333333,38.0,2.2700556100296625,2.0245638646895836,2.0666666666666664,3.654655746264212,4.390681974697982,3.047206724228547,2.766160500804204,22.75,12.166174573300538,7.23606797749979,6.0,10.0,5.0,18.0,28.0,6.666666666666666,52.0,36.0,10.0,18.0,12.0,10.118119614388574,5.226251859505507,1.8477590650225741,2.5395388613593903,-10.0
30.0,28.0,3.75,2.5,58.0,4.414213562373095,4.1547005383792515,4.333333333333333,7.885618083164127,8.121320343559642,5.6568542494923815,5.397341225498538,64.0,21.442698703476722,10.485281374238571,2.0,2.0,7.0,120.0,330.0,16.460714285714285,408.0,344.0,32.0,120.0,56.0,19.03365733227704,10.627503029350086,1.9021130325903075,2.595082706793886,2.06
56.0,64.0,3.0833333333333335,2.444444444444444,138.0,5.360173345306138,5.591529863463611,5.233333333333334,11.744800786464067,12.2784248953372,8.55423105945987,8.999610502309366,94.765625,40.351934499056355,23.90168923923731,8.0,10.0,19.0,144.0,305.0,27.633333333333333,608.0,638.0,44.0,308.0,118.0,27.268191703185074,14.42692050443618,2.333243827884395,1.9323192636083935,-8.11
42.0,46.0,4.083333333333334,2.0277777777777777,108.0,4.198377302757663,4.197102672463695,3.933333333333333,8.5172597998064,9.546584519776387,6.6516903153825835,6.743310382639851,61.515625,30.980105894226565,19.186912597118443,10.0,16.0,15.0,84.0,160.0,19.53333333333333,315.0,291.0,27.0,144.0,66.0,21.185691438717136,10.792280186226478,2.2458267799378637,2.3462271738277796,-1.12
50.0,55.0,6.944444444444445,3.0,130.0,5.540111220059325,5.2738726007707575,5.133333333333334,10.309311492528423,11.781363949395965,8.094413448457095,7.981810744391588,79.671875,37.060271207958934,22.95741732923815,12.0,20.0,18.0,206.0,501.0,28.742857142857144,692.0,571.0,84.0,206.0,110.0,26.754022924666685,14.19566935808922,2.2469796037174667,3.985164450858579,-23.62
24.0,23.0,3.861111111111111,1.9166666666666667,54.0,3.308060412490447,3.049127729379167,3.133333333333333,5.7112352811751075,6.317262334258209,4.352030486860464,4.118107439235313,43.375,17.67394329084213,9.886349517372675,6.0,8.0,7.0,50.0,99.0,11.616666666666667,158.0,122.0,22.0,50.0,30.0,14.687112840672746,7.878462024097665,1.969615506024416,2.8318199660707846,-2.83
40.0,44.0,3.4722222222222223,2.1944444444444446,96.0,4.342535255101096,4.3272393461533625,4.2,8.748222136706314,9.277222888638045,6.432910715900227,6.546063982587993,70.765625,28.94292152541799,16.779271744364845,6.0,8.0,13.0,86.0,167.0,19.28333333333333,325.0,303.0,33.0,142.0,66.0,20.982204647916745,11.203557775951703,2.221583293952768,2.29725588417896,-4.68
16.0,16.0,1.0,1.0,32.0,2.0,2.0,2.0,4.0,4.0,2.8284271247461903,2.8284271247461903,32.0,11.313708498984761,5.656854249492381,0.0,0.0,4.0,8.0,10.0,5.0,32.0,32.0,0.0,16.0,8.0,9.52439138216726,4.0,2.0,2.0,-5.56
22.0,20.0,3.25,2.0,42.0,3.414213562373095,3.1547005383792515,3.333333333333333,5.885618083164127,6.121320343559642,4.242640687119286,3.9831276631254418,48.0,15.785844453984339,7.65685424949238,2.0,2.0,5.0,56.0,126.0,11.15,182.0,146.0,18.0,56.0,30.0,14.47448672760572,8.054678984251696,1.8477590650225744,2.447472887876344,-3.65
30.0,31.0,2.361111111111111,1.6666666666666665,68.0,3.393846850117352,3.3944271909999157,3.3,6.82561719801098,7.195941990698567,5.059137268047012,5.0847272444157054,51.375,21.68708871008112,12.128990204491961,4.0,6.0,9.0,42.0,71.0,12.916666666666666,163.0,157.0,11.0,78.0,36.0,16.189602380978524,8.720566232730448,2.1010029896154583,2.122917949959366,-5.49
20.0,16.0,4.0625,1.0,68.0,2.0,1.7888543819998317,1.6,3.2,5.0,3.4641016151377544,3.0983866769659336,9.48148148148148,16.492422502470642,12.0,12.0,36.0,9.0,16.0,22.0,7.0,44.0,28.0,12.0,16.0,12.0,10.524391382167263,4.0,2.0,3.0237157840738176,3.12
20.0,19.0,3.611111111111111,1.6666666666666667,46.0,2.808060412490447,2.5491277293791677,2.6333333333333333,4.7112352811751075,5.317262334258209,3.644923705673916,3.4110006580487657,35.375,14.845516166095939,8.47213595499958,6.0,8.0,6.0,31.0,54.0,9.083333333333332,94.0,69.0,16.0,31.0,20.0,12.407305943380177,6.898979485566356,1.9318516525781362,2.7541847860376616,-4.42
36.0,39.0,3.2222222222222223,1.861111111111111,88.0,3.804530452640311,3.802675481463779,3.6333333333333333,7.691642601795419,8.350642529077819,5.835193734454857,5.901223825343432,58.140625,26.26357993262259,15.543203766865055,6.0,10.0,12.0,60.0,106.0,16.166666666666668,228.0,214.0,20.0,106.0,50.0,18.692556642802074,9.953959938490613,2.1935270853310533,2.2794002709583667,-6.2
50.0,57.0,4.583333333333334,2.7222222222222223,124.0,5.291223660084841,5.26005150130681,5.1000000000000005,10.67082707540165,11.358503786577526,7.806684163753442,8.00740072076028,90.15625,36.19875434075486,21.42955328423773,8.0,10.0,17.0,150.0,324.0,26.466666666666665,559.0,513.0,55.0,234.0,104.0,25.775053529229808,13.683238505927562,2.3027756377319966,2.4464306229984385,-6.96
10.0,8.0,2.5,1.25,18.0,1.914213562373095,1.6547005383792515,1.833333333333333,2.885618083164127,3.121320343559642,2.121320343559643,1.8618073195657994,24.0,7.3005630797457695,3.414213562373095,2.0,2.0,2.0,10.0,15.0,4.333333333333333,28.0,19.0,4.0,10.0,6.0,7.635733837560585,4.47213595499958,1.6180339887498951,1.9747448713915894,-0.16
48.0,52.0,4.423611111111111,2.1666666666666665,134.0,4.605171715522539,4.614032450509018,4.285714285714286,9.34933511283733,10.80160442340116,7.4862141228405035,7.546564725682124,68.9351111111111,35.89412792676573,22.73454147995595,12.0,30.0,18.0,114.0,233.0,23.016666666666666,430.0,400.0,50.0,177.0,84.0,23.68820895885118,11.788656935474513,2.288245611270737,2.3892139046437464,-0.25
2.0,1.0,2.0,1.0,2.0,1.0,0.7071067811865475,1.0,1.0,1.0,0.0,0.0,0.0,1.4142135623730951,0.0,0.0,0.0,0.0,1.0,1.0,1.0,2.0,1.0,0.0,1.0,0.0,3.0861612696304874,2.0,1.0,1.0,-9.3
30.0,31.0,2.361111111111111,1.6666666666666665,68.0,3.393846850117352,3.3944271909999157,3.3,6.825617198010981,7.195941990698567,5.059137268047012,5.084727244415705,51.375,21.68708871008112,12.128990204491961,4.0,6.0,9.0,42.0,71.0,12.916666666666666,163.0,157.0,11.0,78.0,36.0,16.18960238097852,8.720566232730448,2.1010029896154583,2.1229179499593664,-4.63
58.0,63.0,5.083333333333334,3.166666666666667,140.0,6.257550155273625,6.232409302378915,6.033333333333333,12.590010663854734,13.440986691216157,9.3017779551663,9.472794235870762,99.375,42.13567806837224,24.71697094474451,12.0,14.0,19.0,260.0,680.0,33.07738095238095,975.0,903.0,79.0,380.0,150.0,30.314554176135914,15.470532353366607,2.2834885030097123,2.3296877121380613,-10.22
88.0,105.0,4.666666666666667,3.416666666666667,228.0,7.737183443017883,8.19688082639117,7.500000000000001,17.53000977870159,18.51560833835508,12.825381317280574,13.730990341130752,144.921875,63.59327151057306,39.08860183635575,14.0,18.0,32.0,408.0,1092.0,49.74047619047619,1772.0,1914.0,100.0,914.0,282.0,40.85024204480828,21.132750664982524,2.4447593388997917,1.685750231285684,-3.56
30.0,28.0,3.75,2.5,58.0,4.414213562373095,4.1547005383792515,4.333333333333333,7.885618083164127,8.121320343559642,5.6568542494923815,5.397341225498538,64.0,21.442698703476722,10.485281374238571,2.0,2.0,7.0,120.0,330.0,16.460714285714285,408.0,344.0,32.0,120.0,56.0,19.03365733227704,10.627503029350086,1.9021130325903075,2.595082706793886,-3.65
72.0,81.0,7.347222222222222,2.8611111111111107,220.0,6.227180183450686,6.241886000481983,5.604761904761906,12.739078431448121,15.561967394483005,10.689347444041843,10.824898787876268,93.2608472222222,54.6776583659918,36.75430631779304,22.0,58.0,30.0,273.0,625.0,39.666666666666664,1008.0,916.0,116.0,388.0,176.0,33.691203088767665,15.581952624197534,2.423886072720552,2.797263643481951,1.07
50.0,55.0,4.583333333333334,2.6111111111111116,124.0,5.236382105218448,5.221666537153279,5.0,10.573839334717297,11.473164879336613,7.956514078014501,8.09525732107096,82.140625,36.487874611768156,21.83719413699133,10.0,14.0,17.0,160.0,377.0,25.976190476190478,603.0,561.0,55.0,244.0,104.0,25.754244629039352,13.619694833292892,2.2508745945255453,2.267647076664983,-9.51
46.0,48.0,3.361111111111111,2.75,100.0,5.431851652578137,5.418991055689499,5.366666666666666,10.882196732921877,11.122522350258794,7.778174593052025,7.85088774521991,88.0,32.85171167711509,17.607698869111037,4.0,4.0,13.0,182.0,492.0,24.670238095238094,703.0,673.0,55.0,254.0,104.0,25.318006237256355,13.983360016864593,2.1566393785093454,1.9583131497706439,-0.23
12.0,9.0,3.111111111111111,1.0,30.0,1.7320508075688776,1.5,1.5,2.598076211353316,3.4641016151377553,2.449489742783178,2.121320343559643,10.125,9.486832980505138,6.0,6.0,12.0,4.0,9.0,12.0,4.5,24.0,15.0,6.0,9.0,6.0,7.829154880351855,3.4641016151377544,1.7320508075688772,2.3237900077244498,-0.11
76.0,89.0,5.305555555555555,3.3611111111111116,194.0,7.198377302757664,7.421847543855285,6.933333333333334,15.517259799806403,16.54658451977639,11.480117440128776,12.021227250169222,127.6875,55.02173645456918,33.3290482208494,10.0,16.0,27.0,352.0,922.0,43.71309523809524,1438.0,1460.0,126.0,608.0,228.0,36.84313757645213,19.34552967913548,2.390505841478617,1.9589448939755187,-16.43
10.0,8.0,2.5,1.25,18.0,1.914213562373095,1.6547005383792515,1.833333333333333,2.885618083164127,3.121320343559642,2.121320343559643,1.8618073195657994,24.0,7.3005630797457695,3.414213562373095,2.0,2.0,2.0,10.0,15.0,4.333333333333333,28.0,19.0,4.0,10.0,6.0,7.635733837560585,4.47213595499958,1.6180339887498951,1.9747448713915894,0.56
12.0,9.0,3.111111111111111,1.0,30.0,1.7320508075688776,1.5,1.5,2.598076211353316,3.4641016151377553,2.449489742783178,2.121320343559643,10.125,9.486832980505138,6.0,6.0,12.0,4.0,9.0,12.0,4.5,24.0,15.0,6.0,9.0,6.0,7.829154880351855,3.4641016151377544,1.7320508075688772,2.3237900077244498,-3.2
28.0,26.0,4.111111111111111,2.0833333333333335,62.0,3.770055610029662,3.5245638646895836,3.5666666666666664,6.654655746264211,7.390681974697982,5.16852706778819,4.887480844363847,46.75,20.651455947539105,11.478708664619074,6.0,10.0,8.0,79.0,185.0,14.1,260.0,211.0,26.0,79.0,42.0,16.957097116180837,8.762572535069648,1.9498558243636481,2.7158427612932585,-9.31
30.0,28.0,4.722222222222222,1.9166666666666665,74.0,3.625897657686229,3.3944271909999157,3.3,6.423693409364296,7.6600436058363215,5.387306667270547,5.084727244415705,37.5,22.688640316347684,13.886349517372675,10.0,18.0,10.0,74.0,161.0,14.466666666666665,240.0,191.0,28.0,74.0,42.0,17.160125219727846,8.47213595499958,2.000000000000001,2.9278193611827583,-1.88
106.0,129.0,6.277777777777779,4.527777777777778,272.0,9.736382105218448,10.171156279936458,9.5,21.573839334717295,22.473164879336615,15.49204798394724,16.529770712570055,190.484375,76.0858543582148,45.87882469733395,10.0,14.0,38.0,740.0,2196.0,69.29761904761905,3096.0,3214.0,224.0,1464.0,438.0,50.23462386463471,26.629384380004826,2.524618927554087,1.7831002274875218,-14.21
24.0,22.0,3.861111111111111,1.8333333333333333,54.0,3.270055610029662,3.0245638646895836,3.0666666666666664,5.654655746264211,6.390681974697982,4.461420286601642,4.180374063177299,38.75,17.823028822792917,10.06449510224598,6.0,10.0,7.0,52.0,108.0,11.48333333333333,166.0,130.0,20.0,52.0,30.0,14.677511786966829,7.727406610312546,1.9318516525781368,2.678257743164726,-8.18
32.0,30.0,4.361111111111111,2.3333333333333335,70.0,4.2700556100296625,4.024563864689584,4.066666666666666,7.654655746264211,8.390681974697982,5.875633848974738,5.594587625550395,54.75,23.479883072285293,12.89292222699217,6.0,10.0,9.0,114.0,297.0,16.835714285714285,384.0,320.0,34.0,114.0,56.0,19.236682418687728,10.251661790966027,1.9615705608064613,2.746690906857495,-2.88
30.0,31.0,2.361111111111111,1.6666666666666665,68.0,3.393846850117352,3.3944271909999157,3.3,6.825617198010981,7.195941990698567,5.059137268047012,5.084727244415705,51.375,21.68708871008112,12.128990204491961,4.0,6.0,9.0,42.0,71.0,12.916666666666666,163.0,157.0,11.0,78.0,36.0,16.18960238097852,8.720566232730448,2.1010029896154583,2.1229179499593664,-7.77
6.0,4.0,2.25,1.0,10.0,1.414213562373095,1.1547005383792517,1.3333333333333333,1.885618083164127,2.1213203435596424,1.4142135623730951,1.1547005383792517,16.0,4.47213595499958,2.0,2.0,2.0,1.0,4.0,5.0,2.5,10.0,6.0,2.0,4.0,2.0,5.356367113217143,2.8284271247461907,1.4142135623730954,1.6329931618554523,-4.5
28.0,28.0,1.75,1.75,56.0,3.5,3.5,3.5,7.0,7.0,4.949747468305834,4.949747468305834,56.0,19.798989873223334,9.899494936611667,0.0,0.0,7.0,42.0,70.0,12.833333333333334,168.0,168.0,0.0,63.0,28.0,15.960242064512125,8.987918414869867,1.9999999999999996,2.0416666666666665,-0.99
76.0,90.0,2.9444444444444446,3.0555555555555554,188.0,6.932652990377571,7.394205344927391,6.866666666666667,15.838367176906171,16.164965809277263,11.232828269945003,12.072407202906604,134.78125,54.30025432642762,32.03067944372927,8.0,8.0,26.0,279.0,680.0,40.78571428571429,1248.0,1392.0,64.0,656.0,216.0,35.85389960896524,19.313708498984766,2.4142135623730963,1.6824884302593337,-3.78
12.0,9.0,3.111111111111111,1.0,30.0,1.7320508075688776,1.5,1.5,2.598076211353316,3.4641016151377553,2.449489742783178,2.121320343559643,10.125,9.486832980505138,6.0,6.0,12.0,4.0,9.0,12.0,4.5,24.0,15.0,6.0,9.0,6.0,7.829154880351855,3.4641016151377544,1.7320508075688772,2.3237900077244498,-0.84
40.0,43.0,3.4722222222222223,2.166666666666667,96.0,4.325698502695489,4.313418246689415,4.166666666666666,8.707813930932858,9.318464340957362,6.473350830420108,6.571653958956686,67.375,29.082956264480494,17.00876701224514,8.0,10.0,13.0,88.0,176.0,19.15,333.0,311.0,29.0,146.0,66.0,20.972148061258352,11.142106483192403,2.2001218589194,2.23165161946076,-7.66
68.0,83.0,2.4444444444444446,2.583333333333333,172.0,5.949489742783179,6.4080264443913375,5.9,13.87877538267963,14.123724356957947,9.778174593052025,10.632603664164817,122.171875,48.50336533787274,28.97275705110279,6.0,6.0,24.0,166.0,332.0,33.4,756.0,857.0,52.0,369.0,143.0,31.39375715443087,16.618915971652278,2.4708374155471593,1.8447102328139273,-3.15
30.0,28.0,3.75,2.5,58.0,4.414213562373095,4.1547005383792515,4.333333333333333,7.885618083164127,8.121320343559642,5.6568542494923815,5.397341225498538,64.0,21.442698703476722,10.485281374238571,2.0,2.0,7.0,120.0,330.0,16.460714285714285,408.0,344.0,32.0,120.0,56.0,19.03365733227704,10.627503029350086,1.9021130325903075,2.595082706793886,0.52
34.0,36.0,2.611111111111111,2.0,76.0,3.931851652578137,3.9189910556894993,3.8666666666666663,7.8821967329218765,8.122522350258794,5.6568542494923815,5.729567401660267,64.0,24.36643030287652,13.36505818199175,4.0,4.0,10.0,64.0,122.0,15.783333333333335,246.0,234.0,22.0,109.0,50.0,18.479022537159643,10.424292428609817,2.135779205069857,2.1250162554146717,-6.62
42.0,46.0,4.083333333333334,2.0277777777777777,108.0,4.198377302757663,4.197102672463695,3.933333333333333,8.5172597998064,9.546584519776387,6.651690315382584,6.74331038263985,61.515625,30.980105894226565,19.186912597118447,10.0,16.0,15.0,84.0,160.0,19.53333333333333,315.0,291.0,27.0,144.0,66.0,21.18569143871714,10.792280186226474,2.2458267799378633,2.34622717382778,-18.17
10.0,8.0,2.5,1.25,18.0,1.914213562373095,1.6547005383792515,1.833333333333333,2.885618083164127,3.121320343559642,2.121320343559643,1.8618073195657994,24.0,7.3005630797457695,3.414213562373095,2.0,2.0,2.0,10.0,15.0,4.333333333333333,28.0,19.0,4.0,10.0,6.0,7.635733837560585,4.47213595499958,1.6180339887498951,1.9747448713915894,2.1
2.0,1.0,2.0,1.0,2.0,1.0,0.7071067811865475,1.0,1.0,1.0,0.0,0.0,0.0,1.4142135623730951,0.0,0.0,0.0,0.0,1.0,1.0,1.0,2.0,1.0,0.0,1.0,0.0,3.0861612696304874,2.0,1.0,1.0,-0.55
16.0,14.0,3.361111111111111,1.3333333333333333,38.0,2.2700556100296625,2.0245638646895836,2.0666666666666664,3.654655746264212,4.390681974697982,3.047206724228547,2.766160500804204,22.75,12.166174573300538,7.23606797749979,6.0,10.0,5.0,18.0,28.0,6.666666666666666,52.0,36.0,10.0,18.0,12.0,10.118119614388574,5.226251859505507,1.8477590650225741,2.5395388613593903,-0.03
26.0,24.0,4.472222222222222,1.6666666666666665,66.0,3.1258976576862296,2.8944271909999157,2.8,5.423693409364296,6.6600436058363215,4.680199886083999,4.377620463229157,29.5,19.860213191601495,12.47213595499958,10.0,18.0,9.0,48.0,91.0,11.833333333333332,150.0,114.0,22.0,48.0,30.0,14.880758495384406,6.828427124746191,2.0,2.9532231745612925,-1.21
22.0,20.0,3.25,2.0,42.0,3.414213562373095,3.1547005383792515,3.333333333333333,5.885618083164127,6.121320343559642,4.242640687119286,3.9831276631254418,48.0,15.785844453984339,7.65685424949238,2.0,2.0,5.0,56.0,126.0,11.15,182.0,146.0,18.0,56.0,30.0,14.47448672760572,8.054678984251696,1.8477590650225744,2.447472887876344,2.67
20.0,20.0,1.25,1.25,40.0,2.5,2.5,2.5,5.0,5.0,3.5355339059327378,3.5355339059327378,40.0,14.142135623730951,7.0710678118654755,0.0,0.0,5.0,15.0,20.0,7.5,60.0,60.0,0.0,20.0,10.0,11.496186321883666,6.47213595499958,1.9999999999999987,2.083333333333333,-9.63
100.0,121.0,6.388888888888889,3.805555555555556,268.0,8.5585506480638,9.013377407318895,8.166666666666666,19.262060586270465,20.825009415113584,14.377494250096262,15.363983502986205,158.453125,72.74625395565603,45.91702896110195,18.0,26.0,38.0,558.0,1583.0,59.6218253968254,2368.0,2496.0,140.0,1210.0,356.0,45.85713123442763,23.12491606954358,2.48353762482403,1.73029520831671,-3.84
68.0,80.0,7.166666666666666,3.2222222222222223,184.0,6.485269665192934,6.460232508008816,6.033333333333335,13.212323751844073,14.896025042155054,10.244243362718155,10.519157087485448,105.828125,50.07731354033007,31.85033955623032,14.0,24.0,26.0,280.0,664.0,39.22619047619048,1032.0,936.0,108.0,418.0,176.0,33.275077451757525,16.626505361064474,2.4114902359642234,2.732018575847844,-9.73
6.0,4.0,2.25,1.0,10.0,1.414213562373095,1.1547005383792517,1.3333333333333333,1.885618083164127,2.1213203435596424,1.4142135623730951,1.1547005383792517,16.0,4.47213595499958,2.0,2.0,2.0,1.0,4.0,5.0,2.5,10.0,6.0,2.0,4.0,2.0,5.356367113217142,2.8284271247461903,1.4142135623730951,1.6329931618554523,-2.49
50.0,52.0,5.972222222222222,3.444444444444444,114.0,6.256748817474191,5.981939884532615,6.033333333333333,11.633840219870441,12.398543232197689,8.55423105945987,8.407871302153794,94.765625,36.24348460516376,20.19348530673794,8.0,10.0,15.0,282.0,786.0,31.054761904761904,972.0,828.0,98.0,282.0,132.0,28.59804696260567,15.433560087491017,2.1795562381454654,3.7221520078348567,-4.13
12.0,9.0,3.111111111111111,1.0,30.0,1.7320508075688776,1.5,1.5,2.598076211353316,3.4641016151377553,2.449489742783178,2.121320343559643,10.125,9.486832980505138,6.0,6.0,12.0,4.0,9.0,12.0,4.5,24.0,15.0,6.0,9.0,6.0,7.829154880351855,3.4641016151377544,1.7320508075688772,2.3237900077244498,-4.02
10.0,8.0,2.5,1.25,18.0,1.914213562373095,1.6547005383792515,1.833333333333333,2.885618083164127,3.121320343559642,2.121320343559643,1.8618073195657994,24.0,7.3005630797457695,3.414213562373095,2.0,2.0,2.0,10.0,15.0,4.333333333333333,28.0,19.0,4.0,10.0,6.0,7.635733837560585,4.47213595499958,1.6180339887498951,1.9747448713915894,-2.1
36.0,40.0,5.0625,2.5,100.0,4.242640687119285,3.9423942386139554,3.9999999999999996,7.542472332656508,8.48528137423857,5.6568542494923815,5.575387400469409,64.0,26.832815729997478,16.64911064067352,12.0,20.0,13.0,88.0,170.0,18.5,280.0,216.0,48.0,88.0,56.0,19.721830751152996,10.47213595499958,2.2360679774997902,3.824684203207495,-4.59
12.0,9.0,3.111111111111111,1.0,30.0,1.7320508075688776,1.5,1.5,2.598076211353316,3.4641016151377553,2.449489742783178,2.121320343559643,10.125,9.486832980505138,6.0,6.0,12.0,4.0,9.0,12.0,4.5,24.0,15.0,6.0,9.0,6.0,7.829154880351855,3.4641016151377544,1.7320508075688772,2.3237900077244498,2.3
26.0,24.0,4.472222222222222,1.6666666666666665,66.0,3.1258976576862296,2.8944271909999157,2.8,5.423693409364296,6.6600436058363215,4.680199886083999,4.377620463229157,29.5,19.860213191601495,12.47213595499958,10.0,18.0,9.0,48.0,91.0,11.833333333333332,150.0,114.0,22.0,48.0,30.0,14.880758495384406,6.828427124746191,2.0,2.9532231745612925,-6.09
94.0,106.0,8.756944444444443,4.763888888888888,250.0,9.45283746316856,9.4037874283879,8.966666666666669,19.067680439740883,21.047086464395374,14.43895361677144,14.772244302830634,151.90162037037038,69.1761431447136,42.80273578211553,22.0,38.0,34.0,818.0,2631.0,64.31468253968254,3086.0,2886.0,262.0,1021.0,374.0,47.17476934635198,23.6408563259082,2.375187389846422,2.6861305857647904,-7.07
10.0,8.0,2.5,1.25,18.0,1.914213562373095,1.6547005383792515,1.833333333333333,2.885618083164127,3.121320343559642,2.121320343559643,1.8618073195657994,24.0,7.3005630797457695,3.414213562373095,2.0,2.0,2.0,10.0,15.0,4.333333333333333,28.0,19.0,4.0,10.0,6.0,7.635733837560585,4.47213595499958,1.6180339887498951,1.9747448713915894,-0.33
22.0,20.0,3.25,2.0,42.0,3.414213562373095,3.1547005383792515,3.333333333333333,5.885618083164127,6.121320343559642,4.242640687119286,3.9831276631254418,48.0,15.785844453984339,7.65685424949238,2.0,2.0,5.0,56.0,126.0,11.15,182.0,146.0,18.0,56.0,30.0,14.47448672760572,8.054678984251696,1.8477590650225744,2.447472887876344,-1.28
24.0,23.0,3.861111111111111,1.9166666666666665,54.0,3.308060412490447,3.049127729379167,3.133333333333333,5.7112352811751075,6.317262334258209,4.352030486860464,4.118107439235313,43.375,17.67394329084213,9.886349517372675,6.0,8.0,7.0,50.0,99.0,11.616666666666667,158.0,122.0,22.0,50.0,30.0,14.68711284067275,7.878462024097667,1.969615506024417,2.8318199660707837,-4.06
6.0,4.0,2.25,1.0,10.0,1.414213562373095,1.1547005383792517,1.3333333333333333,1.885618083164127,2.1213203435596424,1.4142135623730951,1.1547005383792517,16.0,4.47213595499958,2.0,2.0,2.0,1.0,4.0,5.0,2.5,10.0,6.0,2.0,4.0,2.0,5.356367113217143,2.8284271247461907,1.4142135623730954,1.6329931618554523,-3.88
62.0,66.0,5.784722222222221,2.8194444444444446,170.0,5.9889818645078226,5.9997781539274735,5.566666666666666,12.148222136706316,14.027222888638045,9.73809370844009,9.81610708323709,85.8767361111111,46.37673350451696,29.355762966906322,16.0,38.0,23.0,256.0,662.0,33.51190476190476,973.0,915.0,95.0,346.0,150.0,30.72975283204817,15.089992685110559,2.272498171277639,2.3271809176659146,-1.92
44.0,45.0,6.534722222222222,2.1666666666666665,132.0,4.337222523091417,4.114032450509017,3.7857142857142856,7.947411324190644,10.265706038538916,7.107276740877492,6.839457944495577,47.060111111111105,34.0672524082861,23.07768723046357,18.0,42.0,18.0,123.0,268.0,21.783333333333335,402.0,321.0,56.0,123.0,72.0,22.37866309224387,9.936237570137335,2.2360679774997894,3.7348237213155926,0.1
18.0,16.0,3.0,1.75,34.0,2.914213562373095,2.6547005383792515,2.833333333333333,4.885618083164127,5.121320343559642,3.5355339059327378,3.2760208819388943,40.0,12.95741732923815,6.242640687119285,2.0,2.0,4.0,35.0,70.0,8.7,110.0,85.0,12.0,35.0,20.0,12.194901425440477,6.987918414869869,1.8019377358048385,2.3390923149762908,1.01
36.0,38.0,3.2222222222222223,1.8333333333333333,88.0,3.787693700234704,3.7888543819998315,3.5999999999999996,7.6512343960219615,8.391883981397134,5.875633848974738,5.926813801712124,54.75,26.40361467168509,15.772699034745349,8.0,12.0,12.0,61.0,110.0,16.083333333333332,232.0,218.0,16.0,108.0,50.0,18.68272477800247,9.431147620289327,2.175327747161074,2.2306376583301173,-0.83
16.0,14.0,3.361111111111111,1.3333333333333333,38.0,2.2700556100296625,2.0245638646895836,2.0666666666666664,3.654655746264212,4.390681974697982,3.047206724228547,2.766160500804204,22.75,12.166174573300538,7.23606797749979,6.0,10.0,5.0,18.0,28.0,6.666666666666666,52.0,36.0,10.0,18.0,12.0,10.118119614388574,5.226251859505507,1.8477590650225741,2.5395388613593903,-3.13
60.0,70.0,5.173611111111111,3.291666666666667,158.0,6.287152230862004,6.2291873429696105,6.085714285714285,12.606189362329708,13.415565454080088,9.130778598606476,9.40431526830973,109.824,43.64942284741085,26.221374460461092,12.0,18.0,21.0,234.0,542.0,34.46666666666667,877.0,811.0,103.0,324.0,150.0,30.587351357147462,16.4185029279751,2.3702392260592378,2.604540351902361,-4.04
48.0,52.0,3.9722222222222223,2.6944444444444446,112.0,5.342535255101096,5.3272393461533625,5.199999999999999,10.748222136706314,11.277222888638047,7.847124278273323,7.960277544961088,86.765625,34.59977577491038,19.607698869111037,6.0,8.0,15.0,164.0,393.0,25.59285714285714,625.0,589.0,61.0,236.0,104.0,25.541153684681948,13.839232266343267,2.221583293952768,2.205018318759687,-3.64
10.0,8.0,2.5,1.25,18.0,1.914213562373095,1.6547005383792515,1.833333333333333,2.885618083164127,3.121320343559642,2.121320343559643,1.8618073195657994,24.0,7.3005630797457695,3.414213562373095,2.0,2.0,2.0,10.0,15.0,4.333333333333333,28.0,19.0,4.0,10.0,6.0,7.635733837560585,4.47213595499958,1.6180339887498951,1.9747448713915894,-1.1
28.0,26.0,4.111111111111111,2.0833333333333335,62.0,3.770055610029662,3.5245638646895836,3.5666666666666664,6.654655746264211,7.390681974697982,5.16852706778819,4.887480844363847,46.75,20.651455947539105,11.478708664619074,6.0,10.0,8.0,79.0,185.0,14.1,260.0,211.0,26.0,79.0,42.0,16.957097116180837,8.762572535069648,1.9498558243636481,2.7158427612932585,-3.04
84.0,97.0,6.256944444444445,3.472222222222222,232.0,7.51596853147643,7.735265790544702,7.100000000000001,16.153023808323532,17.98102613683632,12.36716209606851,12.936026959633523,126.89699074074073,61.96982335088151,39.462312537073856,20.0,38.0,32.0,425.0,1168.0,48.06666666666667,1699.0,1678.0,131.0,609.0,239.0,39.641176568285005,19.62546284044229,2.4700494899027143,1.9845583083165523,-9.61
34.0,36.0,2.611111111111111,2.0,76.0,3.931851652578137,3.9189910556894993,3.8666666666666663,7.8821967329218765,8.122522350258794,5.6568542494923815,5.729567401660267,64.0,24.36643030287652,13.36505818199175,4.0,4.0,10.0,64.0,122.0,15.783333333333335,246.0,234.0,22.0,109.0,50.0,18.479022537159643,10.424292428609817,2.135779205069857,2.1250162554146717,-2.38
36.0,35.0,4.611111111111111,2.666666666666667,78.0,4.8080604124904465,4.549127729379167,4.633333333333333,8.711235281175107,9.317262334258208,6.473350830420108,6.239427782794957,67.375,26.159224665080696,14.12899020449196,6.0,8.0,10.0,150.0,405.0,19.994047619047617,510.0,429.0,46.0,150.0,72.0,21.52609341387292,11.42991482812312,2.023683271963257,2.968015041036938,-2.23
14.0,12.0,2.75,1.5,26.0,2.414213562373095,2.1547005383792515,2.333333333333333,3.885618083164127,4.121320343559642,2.8284271247461903,2.568914100752347,32.0,10.12899020449196,4.82842712474619,2.0,2.0,3.0,20.0,35.0,6.416666666666666,60.0,44.0,8.0,20.0,12.0,9.915316149982342,5.464101615137754,1.7320508075688772,2.19060968716425,-1.66
30.0,31.0,2.361111111111111,1.6666666666666665,68.0,3.393846850117352,3.3944271909999157,3.3,6.825617198010981,7.195941990698567,5.059137268047012,5.084727244415705,51.375,21.68708871008112,12.128990204491961,4.0,6.0,9.0,42.0,71.0,12.916666666666666,163.0,157.0,11.0,78.0,36.0,16.18960238097852,8.720566232730448,2.1010029896154583,2.1229179499593664,-6.32
40.0,43.0,3.4722222222222223,2.1666666666666665,96.0,4.325698502695489,4.313418246689415,4.166666666666666,8.707813930932856,9.318464340957362,6.473350830420108,6.571653958956686,67.375,29.08295626448049,17.008767012245137,8.0,10.0,13.0,88.0,176.0,19.15,333.0,311.0,29.0,146.0,66.0,20.972148061258352,11.142106483192402,2.2001218589193994,2.23165161946076,-9.65
94.0,112.0,7.888888888888889,3.916666666666667,254.0,8.413591357920934,8.632771315782927,7.8999999999999995,18.07492780538626,20.051927587233457,13.848726953872191,14.496306969321093,144.59375,68.89124486125611,43.80118417584898,18.0,30.0,36.0,563.0,1578.0,58.25357142857143,2244.0,2219.0,198.0,944.0,330.0,44.34314913142418,22.181358211698416,2.4484356059528514,2.0938414999706554,-4.38
38.0,40.0,2.861111111111111,2.25,84.0,4.431851652578137,4.418991055689499,4.366666666666666,8.882196732921877,9.122522350258794,6.363961030678929,6.436674182846815,72.0,27.194857427622715,14.779271744364848,4.0,4.0,11.0,94.0,203.0,18.68333333333333,361.0,343.0,33.0,148.0,66.0,20.758832560654838,11.384646120352905,2.148961141749637,2.0778607554610558,-0.53
76.0,94.0,6.277777777777778,3.0277777777777786,210.0,6.536581260209189,6.752165224246958,6.133333333333334,14.289718813148738,15.814744144215577,10.870469914864941,11.507310092096336,120.609375,55.54940278635105,35.68533939059601,12.0,22.0,30.0,258.0,565.0,41.35,1029.0,1012.0,93.0,423.0,181.0,35.110721335477244,17.668228976605832,2.50497689874648,2.226351040051458,-12.64
6.0,4.0,2.25,1.0,10.0,1.414213562373095,1.1547005383792517,1.3333333333333333,1.885618083164127,2.1213203435596424,1.4142135623730951,1.1547005383792517,16.0,4.47213595499958,2.0,2.0,2.0,1.0,4.0,5.0,2.5,10.0,6.0,2.0,4.0,2.0,5.356367113217143,2.8284271247461907,1.4142135623730954,1.6329931618554523,-4.29
40.0,42.0,6.284722222222222,1.9444444444444442,124.0,3.8540592754970238,3.6278535499729636,3.319047619047619,6.987819529964102,9.2244645862196,6.359729845171063,6.106761186940336,42.4507361111111,31.098790544477406,21.43397840021018,16.0,40.0,17.0,86.0,164.0,18.83333333333333,272.0,208.0,46.0,86.0,56.0,20.109140466162447,9.020980166391228,2.255245041597807,3.877604668586773,2.93
36.0,38.0,3.2222222222222223,1.8333333333333333,88.0,3.787693700234704,3.7888543819998315,3.6,7.6512343960219615,8.391883981397134,5.875633848974738,5.926813801712124,54.75,26.403614671685094,15.77269903474535,8.0,12.0,12.0,62.0,115.0,16.033333333333335,236.0,222.0,12.0,110.0,50.0,18.682503128252915,9.924777216368064,2.170086486626034,2.1923771580194713,-7.03
24.0,24.0,1.5,1.5,48.0,3.0,3.0,3.0,6.0,6.0,4.242640687119286,4.242640687119286,48.0,16.970562748477143,8.485281374238571,0.0,0.0,6.0,27.0,42.0,10.0,108.0,108.0,0.0,54.0,24.0,13.696713921428238,8.0,2.0,2.0,-5.11
76.0,91.0,2.9444444444444446,3.083333333333333,188.0,6.949489742783179,7.4080264443913375,6.9,15.87877538267963,16.123724356957947,11.192388155425121,12.046817226537913,138.171875,54.16021958736512,31.801184175848977,6.0,6.0,26.0,271.0,636.0,41.142857142857146,1208.0,1342.0,88.0,632.0,218.0,35.86444312004967,19.448251271725763,2.434763802738868,1.7402124582772953,-3.88
2.0,1.0,2.0,1.0,2.0,1.0,0.7071067811865475,1.0,1.0,1.0,0.0,0.0,0.0,1.4142135623730951,0.0,0.0,0.0,0.0,1.0,1.0,1.0,2.0,1.0,0.0,1.0,0.0,3.0861612696304874,2.0,1.0,1.0,-0.89
62.0,73.0,6.305555555555555,3.111111111111111,164.0,6.112590865130759,6.076548082234536,5.7666666666666675,12.402877882970527,13.66790486333603,9.358797096569132,9.640393882615735,103.6875,45.3517367858378,28.257980408983922,12.0,18.0,23.0,228.0,516.0,34.95,839.0,759.0,83.0,352.0,150.0,30.782157768143932,15.264384315380862,2.394170170971328,2.6869709014553194,-6.44
10.0,8.0,2.5,1.25,18.0,1.914213562373095,1.6547005383792515,1.833333333333333,2.885618083164127,3.121320343559642,2.121320343559643,1.8618073195657994,24.0,7.3005630797457695,3.414213562373095,2.0,2.0,2.0,10.0,15.0,4.333333333333333,28.0,19.0,4.0,10.0,6.0,7.635733837560583,4.47213595499958,1.6180339887498947,1.9747448713915894,-0.78
14.0,12.0,2.75,1.5,26.0,2.414213562373095,2.1547005383792515,2.333333333333333,3.885618083164127,4.121320343559642,2.8284271247461903,2.568914100752347,32.0,10.12899020449196,4.82842712474619,2.0,2.0,3.0,20.0,35.0,6.416666666666666,60.0,44.0,8.0,20.0,12.0,9.915316149982342,5.464101615137754,1.7320508075688772,2.19060968716425,2.3
14.0,12.0,2.75,1.5,26.0,2.414213562373095,2.1547005383792515,2.333333333333333,3.885618083164127,4.121320343559642,2.8284271247461903,2.568914100752347,32.0,10.12899020449196,4.82842712474619,2.0,2.0,3.0,20.0,35.0,6.416666666666666,60.0,44.0,8.0,20.0,12.0,9.915316149982342,5.464101615137754,1.7320508075688772,2.19060968716425,-3.64
30.0,30.0,5.173611111111111,1.5,96.0,2.9433756729740645,2.719605259509101,2.4857142857142853,5.121794126179664,7.069764047840349,4.87656659757667,4.583157824826062,27.68511111111111,23.693872197189744,16.605551275463988,14.0,36.0,13.0,42.0,69.0,12.500000000000002,126.0,90.0,26.0,42.0,30.0,15.326357664785338,6.602720495543139,2.1753277471610755,3.541196965079901,0.5
44.0,46.0,3.7222222222222223,2.333333333333333,104.0,4.787693700234704,4.7888543819998315,4.6,9.651234396021962,10.391883981397134,7.289847411347834,7.34102736408522,70.75,32.06046892117748,18.601126159491542,8.0,12.0,14.0,126.0,287.0,22.083333333333332,482.0,456.0,46.0,189.0,84.0,23.241673814767665,12.066822110680892,2.175327747161075,2.1312821385375686,-5.04
30.0,29.0,4.722222222222222,2.0,74.0,3.663902460147014,3.4189910556895,3.3666666666666667,6.480272944275192,7.586623965396549,5.277916867529369,5.022460620473719,42.125,22.539554784396895,13.70820393249937,10.0,16.0,10.0,71.0,147.0,14.65,228.0,179.0,30.0,71.0,42.0,17.16995091274944,8.565186913861828,2.0420789618979076,3.0988280941131414,-1.82
70.0,80.0,4.444444444444445,3.1388888888888893,174.0,6.770856947829098,6.999778153927474,6.566666666666667,14.610826190248508,15.433125433716452,10.744501088240812,11.230320645610187,117.53125,50.58527997109021,30.144329926356598,10.0,14.0,24.0,293.0,737.0,39.135714285714286,1208.0,1239.0,110.0,512.0,198.0,34.32987055986407,18.330560032527394,2.3516677498920338,1.920819314786061,-2.46
82.0,97.0,6.166666666666667,3.5555555555555562,214.0,7.609060905280623,7.830095834319147,7.266666666666666,16.38328520359084,17.70128505815564,12.256173906536619,12.837723831096946,134.453125,59.59822767711065,36.74326178322249,12.0,20.0,30.0,412.0,1092.0,48.53928571428571,1668.0,1677.0,148.0,704.0,260.0,39.346585157710756,20.660750084463345,2.4225436249690455,2.0247095927158454,-3.48
26.0,26.0,4.472222222222222,1.7777777777777777,66.0,3.1807392125526213,2.9328121551534467,2.9,5.52068115004865,6.545382513077233,4.53036997182294,4.289763862918478,37.515625,19.5710929205882,12.06449510224598,8.0,14.0,9.0,46.0,83.0,12.0,142.0,106.0,24.0,46.0,30.0,14.89996666446338,7.662987915037877,2.052880840033716,3.1442082073698243,2.52
26.0,24.0,4.472222222222222,1.6666666666666665,66.0,3.125897657686229,2.8944271909999157,2.8,5.423693409364296,6.6600436058363215,4.680199886083999,4.377620463229157,29.5,19.860213191601495,12.47213595499958,10.0,18.0,9.0,48.0,91.0,11.833333333333334,150.0,114.0,22.0,48.0,30.0,14.880758495384406,6.82842712474619,2.0000000000000004,2.953223174561293,-3.73
24.0,24.0,1.5,1.5,48.0,3.0,3.0,3.0,6.0,6.0,4.242640687119286,4.242640687119286,48.0,16.970562748477143,8.485281374238571,0.0,0.0,6.0,27.0,42.0,10.0,108.0,108.0,0.0,54.0,24.0,13.696713921428238,8.0,2.0,2.0,-3.12
12.0,12.0,0.75,0.75,24.0,1.5,1.5,1.5,3.0,3.0,2.121320343559643,2.121320343559643,24.0,8.485281374238571,4.242640687119286,0.0,0.0,3.0,3.0,3.0,3.0,12.0,12.0,0.0,3.0,0.0,8.124814981273532,4.0,1.9999999999999998,2.25,0.75
100.0,120.0,8.749999999999998,4.111111111111112,274.0,8.824274960443892,9.04101960624679,8.233333333333334,18.940953209170697,21.20662812561271,14.624783420280036,15.31280355024882,151.359375,73.46773608379759,47.21539773822207,20.0,34.0,39.0,660.0,1941.0,63.06111111111112,2620.0,2580.0,216.0,1104.0,368.0,46.846115820946004,23.556331128702485,2.4501262392813365,2.086103738585776,-3.17
12.0,9.0,3.111111111111111,1.0,30.0,1.7320508075688776,1.5,1.5,2.598076211353316,3.4641016151377553,2.449489742783178,2.121320343559643,10.125,9.486832980505138,6.0,6.0,12.0,4.0,9.0,12.0,4.5,24.0,15.0,6.0,9.0,6.0,7.829154880351855,3.4641016151377544,1.7320508075688772,2.3237900077244498,0.25
16.0,14.0,3.361111111111111,1.3333333333333333,38.0,2.2700556100296625,2.0245638646895836,2.0666666666666664,3.654655746264212,4.390681974697982,3.047206724228547,2.766160500804204,22.75,12.166174573300538,7.23606797749979,6.0,10.0,5.0,18.0,28.0,6.666666666666666,52.0,36.0,10.0,18.0,12.0,10.118119614388574,5.226251859505507,1.8477590650225741,2.5395388613593903,-4.5
28.0,27.0,4.111111111111111,2.166666666666667,62.0,3.808060412490447,3.549127729379167,3.633333333333333,6.7112352811751075,7.317262334258209,5.059137268047012,4.825214220421861,51.375,20.502370415588317,11.30056307974577,6.0,8.0,8.0,76.0,170.0,14.266666666666667,248.0,199.0,28.0,76.0,42.0,16.9667011599727,9.409260218956907,1.9890437907365472,2.862065598305084,-2.44
38.0,40.0,6.125,1.5625,134.0,3.25,3.036834963593021,2.65,5.8,8.5,5.808524858402425,5.513605419233339,33.185185185185176,30.39548800319835,22.242640687119284,18.0,54.0,18.0,58.0,97.0,16.0,176.0,127.0,36.0,58.0,42.0,18.053158422038713,7.211102550927979,2.302775637731995,4.020391543176799,-0.64
34.0,36.0,2.611111111111111,2.0,76.0,3.931851652578137,3.9189910556894993,3.8666666666666667,7.8821967329218765,8.122522350258794,5.6568542494923815,5.729567401660267,64.0,24.366430302876523,13.365058181991753,4.0,4.0,10.0,64.0,122.0,15.783333333333333,246.0,234.0,22.0,109.0,50.0,18.47902253715965,10.424292428609817,2.1357792050698574,2.1250162554146717,-2.73
40.0,44.0,3.4722222222222223,2.1944444444444446,96.0,4.3425352551010965,4.3272393461533625,4.199999999999999,8.748222136706316,9.277222888638047,6.432910715900227,6.5460639825879925,70.765625,28.942921525417994,16.77927174436485,6.0,8.0,13.0,86.0,167.0,19.28333333333333,325.0,303.0,33.0,142.0,66.0,20.982204647916753,11.203557775951705,2.2215832939527687,2.29725588417896,-5.66
20.0,16.0,4.0625,1.0,68.0,2.0,1.7888543819998317,1.6,3.2,5.0,3.4641016151377544,3.0983866769659336,9.48148148148148,16.492422502470642,12.0,12.0,36.0,9.0,16.0,22.0,7.0,44.0,28.0,12.0,16.0,12.0,10.524391382167263,4.0,2.0,3.0237157840738176,1.09
16.0,14.0,3.361111111111111,1.3333333333333333,38.0,2.2700556100296625,2.0245638646895836,2.0666666666666664,3.654655746264212,4.390681974697982,3.047206724228547,2.766160500804204,22.75,12.166174573300538,7.23606797749979,6.0,10.0,5.0,18.0,28.0,6.666666666666666,52.0,36.0,10.0,18.0,12.0,10.118119614388574,5.226251859505507,1.8477590650225741,2.5395388613593903,0.68
46.0,50.0,4.333333333333334,2.2777777777777777,116.0,4.698377302757664,4.697102672463695,4.433333333333334,9.517259799806402,10.546584519776388,7.358797096569131,7.4504171638263985,69.515625,33.80853301897276,20.60112615949154,10.0,16.0,16.0,120.0,262.0,22.599999999999998,452.0,420.0,40.0,192.0,84.0,23.46482436187436,11.936237570137333,2.2360679774997894,2.2599025962240935,-0.68
26.0,27.0,2.111111111111111,1.4166666666666665,60.0,2.893846850117352,2.8944271909999157,2.8,5.825617198010981,6.195941990698567,4.352030486860464,4.377620463229157,43.375,18.85866158533493,10.714776642118865,4.0,6.0,8.0,26.0,39.0,10.166666666666666,100.0,95.0,8.0,33.0,19.0,13.991826457480949,7.465883060453303,2.114907541476756,2.184105569636068,-8.41
10.0,8.0,2.5,1.25,18.0,1.914213562373095,1.6547005383792515,1.833333333333333,2.885618083164127,3.121320343559642,2.121320343559643,1.8618073195657994,24.0,7.3005630797457695,3.414213562373095,2.0,2.0,2.0,10.0,15.0,4.333333333333333,28.0,19.0,4.0,10.0,6.0,7.635733837560583,4.47213595499958,1.6180339887498947,1.9747448713915894,-9.3
36.0,39.0,3.2222222222222223,1.861111111111111,88.0,3.804530452640311,3.802675481463779,3.6333333333333333,7.691642601795419,8.350642529077819,5.835193734454857,5.901223825343432,58.140625,26.26357993262259,15.543203766865055,6.0,10.0,12.0,60.0,106.0,16.166666666666668,228.0,214.0,20.0,106.0,50.0,18.692556642802074,9.953959938490613,2.1935270853310533,2.2794002709583667,-1.36
42.0,45.0,4.083333333333334,2.0,108.0,4.181540550352056,4.183281572999747,3.9,8.476851594032942,9.587825972095702,6.692130429902464,6.768900359008543,58.125,31.12014063328907,19.41640786499874,12.0,18.0,15.0,84.0,159.0,19.5,315.0,291.0,27.0,144.0,66.0,21.176081168695813,10.12899020449196,2.2360679774997894,2.340851616437875,-15.83
18.0,16.0,3.0,1.75,34.0,2.914213562373095,2.6547005383792515,2.833333333333333,4.885618083164127,5.121320343559642,3.5355339059327378,3.2760208819388943,40.0,12.95741732923815,6.242640687119285,2.0,2.0,4.0,35.0,70.0,8.7,110.0,85.0,12.0,35.0,20.0,12.194901425440477,6.987918414869869,1.8019377358048385,2.3390923149762908,-2.48
82.0,97.0,3.805555555555556,3.222222222222222,208.0,7.3264998404949235,7.788632535927308,7.166666666666668,16.663984374917153,17.360907799975827,12.049324850872729,12.914493760203023,138.15625,59.01678028803159,35.67438827398266,12.0,14.0,29.0,342.0,883.0,45.09642857142857,1505.0,1649.0,85.0,782.0,248.0,38.347037813512735,20.08339725047316,2.427188992688632,1.6731075582315569,-3.1
28.0,26.0,4.111111111111111,2.0833333333333335,62.0,3.770055610029662,3.5245638646895836,3.5666666666666664,6.654655746264211,7.390681974697982,5.16852706778819,4.887480844363847,46.75,20.651455947539105,11.478708664619074,6.0,10.0,8.0,79.0,185.0,14.1,260.0,211.0,26.0,79.0,42.0,16.957097116180837,8.762572535069648,1.9498558243636481,2.7158427612932585,-6.21
46.0,46.0,5.722222222222222,3.0833333333333335,106.0,5.701907262607799,5.443554920379084,5.433333333333334,10.536852479186088,11.513204324956776,7.996954192534382,7.788621121277924,78.75,33.70417775143086,19.186912597118447,10.0,14.0,14.0,244.0,716.0,26.84206349206349,844.0,723.0,72.0,244.0,110.0,26.298117870077554,13.78255120104084,2.085081191832085,3.267368163754322,-5.71
36.0,38.0,3.2222222222222223,1.8333333333333333,88.0,3.787693700234704,3.7888543819998315,3.5999999999999996,7.6512343960219615,8.391883981397134,5.875633848974738,5.926813801712124,54.75,26.40361467168509,15.772699034745349,8.0,12.0,12.0,61.0,110.0,16.083333333333332,232.0,218.0,16.0,108.0,50.0,18.68272477800247,9.431147620289327,2.175327747161074,2.2306376583301173,-4.86
24.0,24.0,1.5,1.5,48.0,3.0,3.0,3.0,6.0,6.0,4.242640687119286,4.242640687119286,48.0,16.970562748477143,8.485281374238571,0.0,0.0,6.0,27.0,42.0,10.0,108.0,108.0,0.0,54.0,24.0,13.696713921428238,8.0,2.0,2.0,0.14
36.0,38.0,3.2222222222222223,1.8333333333333333,88.0,3.787693700234704,3.7888543819998315,3.6,7.6512343960219615,8.391883981397134,5.875633848974738,5.926813801712124,54.75,26.403614671685094,15.77269903474535,8.0,12.0,12.0,62.0,115.0,16.03333333333333,236.0,222.0,12.0,110.0,50.0,18.68250312825291,9.92477721636806,2.170086486626033,2.1923771580194713,-7.58
94.0,112.0,7.888888888888889,3.9166666666666674,254.0,8.413591357920934,8.632771315782927,7.8999999999999995,18.07492780538626,20.051927587233457,13.84872695387219,14.496306969321093,144.59375,68.89124486125611,43.80118417584898,18.0,30.0,36.0,577.0,1673.0,57.85753968253968,2304.0,2283.0,190.0,972.0,330.0,44.34268083528903,22.63360136028784,2.4371033109316205,2.0379125874399033,-3.04
36.0,38.0,3.2222222222222223,1.8333333333333333,88.0,3.787693700234704,3.7888543819998315,3.6,7.6512343960219615,8.391883981397134,5.875633848974738,5.926813801712124,54.75,26.403614671685094,15.77269903474535,8.0,12.0,12.0,62.0,115.0,16.03333333333333,236.0,222.0,12.0,110.0,50.0,18.68250312825292,9.924777216368064,2.170086486626034,2.1923771580194713,-6.5
20.0,19.0,3.611111111111111,1.6666666666666667,46.0,2.808060412490447,2.5491277293791677,2.6333333333333333,4.7112352811751075,5.317262334258209,3.644923705673916,3.4110006580487657,35.375,14.845516166095939,8.47213595499958,6.0,8.0,6.0,31.0,54.0,9.083333333333332,94.0,69.0,16.0,31.0,20.0,12.407305943380177,6.898979485566356,1.9318516525781362,2.7541847860376616,-4.0
14.0,12.0,2.75,1.5,26.0,2.414213562373095,2.1547005383792515,2.333333333333333,3.885618083164127,4.121320343559642,2.8284271247461903,2.568914100752347,32.0,10.12899020449196,4.82842712474619,2.0,2.0,3.0,20.0,35.0,6.416666666666666,60.0,44.0,8.0,20.0,12.0,9.915316149982342,5.464101615137754,1.7320508075688772,2.19060968716425,-3.18
34.0,36.0,2.611111111111111,2.0,76.0,3.931851652578137,3.9189910556894993,3.8666666666666667,7.8821967329218765,8.122522350258794,5.6568542494923815,5.729567401660267,64.0,24.366430302876523,13.365058181991753,4.0,4.0,10.0,64.0,122.0,15.783333333333333,246.0,234.0,22.0,109.0,50.0,18.47902253715965,10.424292428609817,2.1357792050698574,2.1250162554146717,-0.79
16.0,14.0,3.361111111111111,1.3333333333333333,38.0,2.270055610029662,2.0245638646895836,2.0666666666666664,3.6546557462642113,4.390681974697982,3.0472067242285474,2.766160500804204,22.75,12.16617457330054,7.23606797749979,6.0,10.0,5.0,18.0,28.0,6.666666666666666,52.0,36.0,10.0,18.0,12.0,10.118119614388574,5.226251859505507,1.8477590650225735,2.5395388613593908,-0.44
24.0,24.0,3.861111111111111,2.0,54.0,3.3460652149512318,3.0736915940687513,3.1999999999999997,5.767814816086004,6.243842693818436,4.242640687119286,4.055840815293328,48.0,17.524857758891336,9.70820393249937,6.0,6.0,7.0,48.0,90.0,11.75,150.0,114.0,24.0,48.0,30.0,14.696713921428232,7.999999999999998,1.9999999999999993,2.9923028831940863,-3.22
106.0,130.0,7.25,4.027777777777779,288.0,8.986071002992366,9.435446797246705,8.533333333333331,20.168494195828362,21.938468501173524,15.113110601984225,16.15489010754524,168.609375,77.18271043913501,49.10174725559475,18.0,28.0,41.0,632.0,1797.0,65.17420634920636,2657.0,2773.0,173.0,1354.0,396.0,48.37089495777953,24.580278416023514,2.5124962048503696,1.7860292989474507,-4.15
36.0,39.0,3.2222222222222223,1.8611111111111112,88.0,3.804530452640311,3.802675481463779,3.6333333333333333,7.691642601795419,8.350642529077819,5.835193734454857,5.901223825343431,58.140625,26.26357993262259,15.543203766865057,6.0,10.0,12.0,60.0,106.0,16.166666666666664,228.0,214.0,20.0,106.0,50.0,18.69255664280207,9.953959938490609,2.193527085331054,2.2794002709583667,-5.22
42.0,45.0,4.083333333333334,2.0,108.0,4.1815405503520555,4.183281572999747,3.9,8.476851594032942,9.587825972095702,6.692130429902464,6.768900359008543,58.125,31.12014063328907,19.41640786499874,12.0,18.0,15.0,84.0,159.0,19.5,315.0,291.0,27.0,144.0,66.0,21.176081168695806,10.128990204491958,2.236067977499789,2.3408516164378748,-18.06
34.0,36.0,2.611111111111111,2.0,76.0,3.931851652578137,3.9189910556894993,3.8666666666666663,7.8821967329218765,8.122522350258794,5.6568542494923815,5.729567401660267,64.0,24.36643030287652,13.36505818199175,4.0,4.0,10.0,64.0,122.0,15.783333333333335,246.0,234.0,22.0,109.0,50.0,18.479022537159643,10.424292428609817,2.135779205069857,2.1250162554146717,-4.02
30.0,31.0,2.361111111111111,1.6666666666666667,68.0,3.393846850117352,3.3944271909999157,3.3,6.82561719801098,7.195941990698567,5.059137268047012,5.084727244415705,51.375,21.687088710081117,12.12899020449196,4.0,6.0,9.0,42.0,71.0,12.916666666666666,163.0,157.0,11.0,78.0,36.0,16.189602380978524,8.720566232730448,2.1010029896154587,2.122917949959366,-4.39
10.0,8.0,2.5,1.25,18.0,1.914213562373095,1.6547005383792515,1.833333333333333,2.885618083164127,3.121320343559642,2.121320343559643,1.8618073195657994,24.0,7.3005630797457695,3.414213562373095,2.0,2.0,2.0,10.0,15.0,4.333333333333333,28.0,19.0,4.0,10.0,6.0,7.635733837560585,4.47213595499958,1.6180339887498951,1.9747448713915894,-0.57
46.0,50.0,4.333333333333334,2.2777777777777777,116.0,4.698377302757664,4.697102672463695,4.433333333333334,9.517259799806402,10.546584519776388,7.358797096569131,7.4504171638263985,69.515625,33.80853301897276,20.60112615949154,10.0,16.0,16.0,120.0,262.0,22.599999999999998,452.0,420.0,40.0,192.0,84.0,23.46482436187436,11.936237570137333,2.2360679774997894,2.2599025962240935,-4.7
2.0,1.0,2.0,1.0,2.0,1.0,0.7071067811865475,1.0,1.0,1.0,0.0,0.0,0.0,1.4142135623730951,0.0,0.0,0.0,0.0,1.0,1.0,1.0,2.0,1.0,0.0,1.0,0.0,3.0861612696304874,2.0,1.0,1.0,-2.75
36.0,39.0,3.2222222222222223,1.8611111111111112,88.0,3.804530452640311,3.802675481463779,3.6333333333333333,7.691642601795419,8.350642529077819,5.835193734454857,5.901223825343431,58.140625,26.26357993262259,15.543203766865057,6.0,10.0,12.0,60.0,106.0,16.166666666666664,228.0,214.0,20.0,106.0,50.0,18.69255664280207,9.953959938490609,2.193527085331054,2.2794002709583667,-1.14
36.0,39.0,3.2222222222222223,1.861111111111111,88.0,3.804530452640311,3.802675481463779,3.6333333333333333,7.69164260179542,8.350642529077819,5.835193734454857,5.901223825343432,58.140625,26.263579932622598,15.543203766865057,6.0,10.0,12.0,62.0,114.0,16.0,234.0,217.0,26.0,73.0,43.0,18.774247215159505,9.674988452085682,2.2105086495394843,2.242040082092553,-9.8
32.0,34.0,4.8125,2.125,92.0,3.681980515339464,3.4040092744604245,3.3999999999999995,6.456854249492381,7.613961030678926,5.108666090903724,4.956137219593539,50.37037037037037,24.24771742311577,15.48683298050514,12.0,24.0,12.0,64.0,118.0,15.25,200.0,151.0,36.0,64.0,42.0,17.4221291492934,9.291502622129181,2.188901059316734,3.5832125652604643,-4.42
42.0,44.0,3.111111111111111,2.5,92.0,4.931851652578137,4.918991055689499,4.866666666666666,9.882196732921877,10.122522350258794,7.071067811865477,7.143780964033363,80.0,30.023284552368903,16.19348530673794,4.0,4.0,12.0,133.0,323.0,21.642857142857142,512.0,488.0,44.0,196.0,84.0,23.038420907695816,12.932143397034864,2.1543413091228816,2.0172372216570547,-0.4
40.0,43.0,3.4722222222222223,2.1111111111111107,96.0,4.304530452640311,4.302675481463779,4.133333333333333,8.691642601795419,9.350642529077819,6.542300515641405,6.60833060652998,66.140625,29.09200705736879,16.95741732923815,6.0,10.0,13.0,88.0,176.0,19.15,335.0,315.0,35.0,142.0,66.0,20.971923394025087,11.18995723015805,2.1939932777126576,2.2283621149350434,-3.45
16.0,14.0,3.361111111111111,1.3333333333333333,38.0,2.2700556100296625,2.0245638646895836,2.0666666666666664,3.654655746264212,4.390681974697982,3.047206724228547,2.766160500804204,22.75,12.166174573300538,7.23606797749979,6.0,10.0,5.0,18.0,28.0,6.666666666666666,52.0,36.0,10.0,18.0,12.0,10.118119614388574,5.226251859505507,1.8477590650225741,2.5395388613593903,-2.01
124.0,156.0,9.833333333333332,4.666666666666666,348.0,10.25179531537246,10.68783386756619,9.6,22.84738681872859,25.32008721167265,17.360399772167998,18.553199897591025,195.6875,90.63211462863444,58.88539740695345,20.0,36.0,50.0,915.0,2734.0,82.09603174603177,3760.0,3832.0,240.0,1904.0,528.0,55.90161395626194,28.281423819838192,2.552800759425565,1.8777158245505352,-4.53
118.0,147.0,11.333333333333332,4.777777777777778,334.0,10.106836025229594,10.30722777603022,9.333333333333332,21.660254037844382,24.54700538379252,16.831632475943923,17.685523363925913,181.828125,86.77710553423452,56.769552621700484,20.0,40.0,48.0,907.0,2642.0,81.08968253968254,3542.0,3427.0,320.0,1483.0,494.0,54.3878530237584,27.310214092168206,2.5322965212737105,2.347815279924796,-2.98
16.0,14.0,3.361111111111111,1.3333333333333333,38.0,2.270055610029662,2.0245638646895836,2.0666666666666664,3.6546557462642113,4.390681974697982,3.0472067242285474,2.766160500804204,22.75,12.16617457330054,7.23606797749979,6.0,10.0,5.0,18.0,28.0,6.666666666666666,52.0,36.0,10.0,18.0,12.0,10.118119614388574,5.226251859505507,1.8477590650225735,2.5395388613593908,-1.99
34.0,36.0,2.611111111111111,2.0,76.0,3.931851652578137,3.9189910556894993,3.8666666666666667,7.8821967329218765,8.122522350258794,5.6568542494923815,5.729567401660267,64.0,24.366430302876523,13.365058181991753,4.0,4.0,10.0,64.0,122.0,15.783333333333333,246.0,234.0,22.0,109.0,50.0,18.47902253715965,10.424292428609817,2.1357792050698574,2.1250162554146717,-4.69
26.0,24.0,4.472222222222222,1.6666666666666665,66.0,3.1258976576862296,2.8944271909999157,2.8,5.423693409364296,6.6600436058363215,4.680199886083999,4.377620463229157,29.5,19.860213191601495,12.47213595499958,10.0,18.0,9.0,48.0,91.0,11.833333333333332,150.0,114.0,22.0,48.0,30.0,14.880758495384406,6.828427124746191,2.0,2.9532231745612925,-2.64
24.0,24.0,1.5,1.5,48.0,3.0,3.0,3.0,6.0,6.0,4.242640687119286,4.242640687119286,48.0,16.970562748477143,8.485281374238571,0.0,0.0,6.0,27.0,42.0,10.0,108.0,108.0,0.0,54.0,24.0,13.696713921428238,8.0,2.0,2.0,-0.9
42.0,47.0,4.083333333333334,2.0555555555555554,108.0,4.215214055163271,4.210923771927642,3.966666666666667,8.557668005579858,9.505343067457071,6.6112502008627025,6.717720406271157,64.90625,30.84007115516406,18.957417329238147,8.0,14.0,15.0,82.0,151.0,19.666666666666664,307.0,283.0,31.0,140.0,66.0,21.195751125405668,10.891330678669732,2.263820977852395,2.4133248481963467,-1.24
82.0,89.0,7.034722222222221,4.291666666666666,210.0,8.593465455661859,8.56272698277059,8.233333333333334,17.279050097261116,18.811105028076646,12.996230483696928,13.201517764917167,133.74537037037038,60.17224623158144,36.152454242242655,18.0,32.0,28.0,708.0,2530.0,52.16515151515152,2720.0,2596.0,184.0,876.0,300.0,42.157839637666484,21.75854593346189,2.264944223166532,2.2145502078203254,-6.5
96.0,112.0,7.006944444444443,4.375,256.0,9.093465455661857,9.28747185416218,8.733333333333333,19.279050097261113,20.811105028076643,14.28912370251038,14.943900726513798,159.91724537037038,70.0717411681931,43.22352205410813,18.0,32.0,35.0,728.0,2393.0,60.59563492063492,2934.0,2930.0,208.0,1136.0,366.0,46.41761509759667,24.350090591352807,2.4079404103806796,1.8729028239551901,-10.03
94.0,114.0,5.527777777777779,3.6388888888888893,248.0,8.16470379794645,8.61895021631898,7.866666666666666,18.436443388259487,19.629067424415016,13.560997669168536,14.521896945689786,155.078125,68.02972799405204,42.27332013084856,14.0,20.0,35.0,464.0,1224.0,55.13214285714285,1989.0,2119.0,133.0,1024.0,318.0,43.364233476719356,22.362232514423972,2.4835841269016443,1.7680477261962981,-4.05
22.0,21.0,4.222222222222222,1.4444444444444442,58.0,2.6427344100918364,2.408248290463863,2.333333333333333,4.464101615137754,5.618802153517007,3.932652990377571,3.644923705673916,24.890625,16.891751327792804,10.82842712474619,8.0,16.0,8.0,29.0,47.0,9.333333333333332,86.0,61.0,16.0,29.0,20.0,12.61055265179775,6.0,2.0,2.9934972434784735,0.4
18.0,16.0,3.0,1.75,34.0,2.914213562373095,2.6547005383792515,2.833333333333333,4.885618083164127,5.121320343559642,3.5355339059327378,3.2760208819388943,40.0,12.95741732923815,6.242640687119285,2.0,2.0,4.0,35.0,70.0,8.7,110.0,85.0,12.0,35.0,20.0,12.194901425440477,6.987918414869869,1.8019377358048385,2.3390923149762908,1.58
14.0,12.0,2.75,1.5,26.0,2.414213562373095,2.1547005383792515,2.333333333333333,3.885618083164127,4.121320343559642,2.8284271247461903,2.568914100752347,32.0,10.12899020449196,4.82842712474619,2.0,2.0,3.0,20.0,35.0,6.416666666666666,60.0,44.0,8.0,20.0,12.0,9.915316149982342,5.464101615137754,1.7320508075688772,2.19060968716425,-1.59
68.0,74.0,6.194444444444445,3.5833333333333335,168.0,7.151397005390978,7.126836493378832,6.833333333333334,14.415627861865717,15.636928681914725,10.825381317280574,11.02198757435373,110.75,49.68063115472241,29.774893337370994,16.0,20.0,23.0,384.0,1077.0,41.10714285714286,1437.0,1329.0,117.0,544.0,204.0,35.0868219533265,17.86590442970104,2.307201990043687,2.429057226759248,-7.65
62.0,67.0,5.333333333333334,3.3611111111111107,148.0,6.736382105218448,6.721666537153279,6.500000000000001,13.573839334717299,14.473164879336613,10.077834421574144,10.216577664630602,106.140625,44.973155986006724,26.079834824110613,10.0,14.0,20.0,350.0,1077.0,36.01269841269842,1336.0,1264.0,100.0,470.0,176.0,32.593228329839,17.187438893189338,2.258502140532344,2.1344710891814103,-8.72
36.0,34.0,4.611111111111111,2.5833333333333335,78.0,4.7700556100296625,4.524563864689584,4.566666666666666,8.654655746264211,9.390681974697983,6.582740630161286,6.301694406736943,62.75,26.308310197031485,14.307135789365265,6.0,10.0,10.0,158.0,453.0,19.67857142857143,542.0,461.0,42.0,158.0,72.0,21.516267721024597,11.342563639235419,1.9696155060244156,2.7731888559274704,-2.26
26.0,27.0,2.111111111111111,1.4166666666666667,60.0,2.893846850117352,2.8944271909999157,2.8,5.82561719801098,6.195941990698567,4.352030486860464,4.377620463229157,43.375,18.85866158533493,10.714776642118865,4.0,6.0,8.0,26.0,39.0,10.166666666666666,100.0,95.0,8.0,33.0,19.0,13.991826457480947,7.465883060453301,2.1149075414767555,2.1841055696360683,-4.7
24.0,22.0,3.861111111111111,1.8333333333333333,54.0,3.270055610029662,3.0245638646895836,3.0666666666666664,5.654655746264211,6.390681974697982,4.461420286601642,4.180374063177299,38.75,17.823028822792917,10.06449510224598,6.0,10.0,7.0,52.0,108.0,11.483333333333333,166.0,130.0,20.0,52.0,30.0,14.677511786966832,7.7274066103125465,1.9318516525781364,2.678257743164726,-6.16
6.0,4.0,2.25,1.0,10.0,1.414213562373095,1.1547005383792517,1.3333333333333333,1.885618083164127,2.1213203435596424,1.4142135623730951,1.1547005383792517,16.0,4.47213595499958,2.0,2.0,2.0,1.0,4.0,5.0,2.5,10.0,6.0,2.0,4.0,2.0,5.356367113217143,2.8284271247461907,1.4142135623730954,1.6329931618554523,-0.74
62.0,71.0,3.9444444444444446,2.611111111111111,158.0,5.75402019542349,5.985957054463527,5.533333333333334,12.570417984475048,13.474366886035765,9.370727640387596,9.841697059605782,98.140625,45.06846046066033,27.5453980694907,12.0,16.0,22.0,186.0,423.0,31.50952380952381,772.0,795.0,52.0,386.0,142.0,29.761329878724627,15.474933020340053,2.3580511069480363,1.9355054772905316,-2.63
22.0,20.0,3.25,2.0,42.0,3.414213562373095,3.1547005383792515,3.333333333333333,5.885618083164127,6.121320343559642,4.242640687119286,3.9831276631254418,48.0,15.785844453984339,7.65685424949238,2.0,2.0,5.0,56.0,126.0,11.15,182.0,146.0,18.0,56.0,30.0,14.47448672760572,8.054678984251696,1.8477590650225744,2.447472887876344,-4.4
64.0,73.0,3.5833333333333335,2.9722222222222223,154.0,6.377010097711746,6.605350962927558,6.2666666666666675,13.785208992237525,14.237183443017884,9.928004507313085,10.388234088313768,114.15625,45.86875400948624,26.50062109610321,6.0,8.0,21.0,240.0,583.0,34.892857142857146,1002.0,1042.0,92.0,426.0,170.0,31.836729395633817,17.15052147867623,2.326527074308155,1.88483105006042,-2.69
30.0,31.0,2.361111111111111,1.6666666666666665,68.0,3.393846850117352,3.3944271909999157,3.3,6.825617198010981,7.195941990698567,5.059137268047012,5.084727244415705,51.375,21.68708871008112,12.128990204491961,4.0,6.0,9.0,42.0,71.0,12.916666666666666,163.0,157.0,11.0,78.0,36.0,16.18960238097852,8.720566232730448,2.1010029896154583,2.1229179499593664,0.67
36.0,34.0,4.611111111111111,2.5833333333333335,78.0,4.7700556100296625,4.524563864689584,4.566666666666666,8.654655746264211,9.390681974697983,6.582740630161286,6.301694406736943,62.75,26.308310197031485,14.307135789365265,6.0,10.0,10.0,158.0,453.0,19.67857142857143,542.0,461.0,42.0,158.0,72.0,21.516267721024597,11.342563639235419,1.9696155060244156,2.7731888559274704,-1.66
12.0,9.0,3.111111111111111,1.0,30.0,1.7320508075688776,1.5,1.5,2.598076211353316,3.4641016151377553,2.449489742783178,2.121320343559643,10.125,9.486832980505138,6.0,6.0,12.0,4.0,9.0,12.0,4.5,24.0,15.0,6.0,9.0,6.0,7.829154880351856,3.4641016151377544,1.7320508075688772,2.3237900077244498,-2.13
40.0,43.0,3.4722222222222223,2.166666666666667,96.0,4.325698502695489,4.313418246689415,4.166666666666666,8.707813930932858,9.318464340957362,6.473350830420108,6.571653958956686,67.375,29.082956264480494,17.00876701224514,8.0,10.0,13.0,90.0,187.0,19.066666666666666,341.0,319.0,25.0,150.0,66.0,20.971923394025076,11.18995723015805,2.193993277712657,2.1804017457062086,-6.13
22.0,20.0,3.25,2.0,42.0,3.414213562373095,3.1547005383792515,3.333333333333333,5.885618083164127,6.121320343559642,4.242640687119286,3.9831276631254418,48.0,15.785844453984339,7.65685424949238,2.0,2.0,5.0,56.0,126.0,11.15,182.0,146.0,18.0,56.0,30.0,14.47448672760572,8.054678984251696,1.8477590650225744,2.447472887876344,-6.4
38.0,40.0,2.861111111111111,2.25,84.0,4.431851652578137,4.418991055689499,4.366666666666666,8.882196732921877,9.122522350258794,6.363961030678929,6.436674182846815,72.0,27.19485742762271,14.779271744364847,4.0,4.0,11.0,94.0,203.0,18.683333333333334,361.0,343.0,33.0,148.0,66.0,20.758832560654838,11.384646120352901,2.148961141749635,2.0778607554610553,-3.82
42.0,46.0,4.083333333333334,2.0277777777777777,108.0,4.198377302757663,4.197102672463695,3.933333333333333,8.5172597998064,9.546584519776387,6.651690315382584,6.74331038263985,61.515625,30.980105894226565,19.186912597118447,10.0,16.0,15.0,84.0,160.0,19.53333333333333,315.0,291.0,27.0,144.0,66.0,21.18569143871714,10.792280186226474,2.2458267799378633,2.34622717382778,-18.72
20.0,18.0,3.611111111111111,1.5833333333333333,46.0,2.770055610029662,2.5245638646895836,2.5666666666666664,4.654655746264211,5.390681974697982,3.7543135054150953,3.4732672819907515,30.75,14.99460169804673,8.650281539872886,6.0,10.0,6.0,32.0,58.0,9.0,98.0,73.0,14.0,32.0,20.0,12.397923494716462,6.155367074350508,1.9021130325903077,2.6272148478988635,-6.35
50.0,58.0,6.875,2.6875,158.0,4.931980515339465,4.651989856053614,4.449999999999999,9.05685424949238,11.113961030678926,7.4530893341683955,7.371355961860946,74.07407407407406,38.150782923843465,25.729473667624426,18.0,42.0,21.0,142.0,283.0,26.5,458.0,358.0,78.0,142.0,90.0,24.953002887792053,11.800282700243105,2.394170170971327,4.543877065552374,-0.8
48.0,55.0,4.944444444444445,2.25,128.0,4.62589765768623,4.619172062391505,4.300000000000001,9.423693409364297,10.660043605836323,7.387306667270548,7.534216987198883,71.671875,35.41656237770554,22.371630891611247,10.0,18.0,18.0,109.0,211.0,23.366666666666664,404.0,368.0,40.0,182.0,84.0,23.698958119126978,12.250296206660071,2.3180135147325043,2.515835979311492,-20.52
20.0,16.0,4.0625,1.0,68.0,2.0,1.7888543819998317,1.6,3.2,5.0,3.4641016151377544,3.0983866769659336,9.48148148148148,16.492422502470642,12.0,12.0,36.0,9.0,16.0,22.0,7.0,44.0,28.0,12.0,16.0,12.0,10.524391382167263,4.0,2.0,3.0237157840738176,1.79
14.0,12.0,2.75,1.5,26.0,2.414213562373095,2.1547005383792515,2.333333333333333,3.885618083164127,4.121320343559642,2.8284271247461903,2.568914100752347,32.0,10.12899020449196,4.82842712474619,2.0,2.0,3.0,20.0,35.0,6.416666666666666,60.0,44.0,8.0,20.0,12.0,9.915316149982342,5.464101615137754,1.7320508075688772,2.19060968716425,-4.72
30.0,31.0,2.361111111111111,1.6666666666666665,68.0,3.393846850117352,3.3944271909999157,3.3,6.82561719801098,7.195941990698567,5.059137268047012,5.0847272444157054,51.375,21.68708871008112,12.128990204491961,4.0,6.0,9.0,42.0,71.0,12.916666666666666,163.0,157.0,11.0,78.0,36.0,16.189602380978524,8.720566232730448,2.1010029896154583,2.122917949959366,-0.8
20.0,18.0,3.611111111111111,1.5833333333333333,46.0,2.770055610029662,2.5245638646895836,2.5666666666666664,4.654655746264211,5.390681974697982,3.7543135054150953,3.4732672819907515,30.75,14.99460169804673,8.650281539872886,6.0,10.0,6.0,32.0,58.0,9.0,98.0,73.0,14.0,32.0,20.0,12.397923494716462,6.155367074350508,1.9021130325903077,2.6272148478988635,-2.94
40.0,40.0,5.833333333333334,2.361111111111111,102.0,4.536581260209188,4.302675481463779,4.133333333333333,8.289718813148735,9.814744144215574,6.87046991486494,6.608330606529979,52.265625,30.093558663635346,18.714776642118863,12.0,22.0,14.0,136.0,330.0,20.866666666666664,454.0,373.0,50.0,136.0,72.0,21.941978467758915,10.91568727075435,2.1067233419229257,3.301402969855425,-1.69
24.0,22.0,4.3125,1.375,76.0,2.560660171779821,2.327239346153363,2.2,4.2856180831641275,5.871320343559642,4.012289773726411,3.717636857841802,23.111111111111107,19.07752080935235,13.16227766016838,12.0,32.0,10.0,28.0,44.0,9.5,82.0,57.0,18.0,28.0,20.0,12.823409519949188,5.8186258223528196,2.0743132930519432,3.1684898726705697,-2.21
108.0,148.0,8.243055555555555,3.375,350.0,7.703247926875856,8.126991117614795,7.042857142857144,17.71664128002301,20.546794951784452,13.841645470343778,15.03816470946121,171.0002824074074,80.06041571899254,55.279117367705766,24.0,54.0,49.0,388.0,842.0,59.86666666666666,1587.0,1596.0,167.0,579.0,276.0,45.38103815757587,21.15263361368807,2.798505798401696,2.216265054186437,-2.55
20.0,19.0,3.611111111111111,1.6666666666666667,46.0,2.808060412490447,2.5491277293791677,2.6333333333333333,4.7112352811751075,5.317262334258209,3.644923705673916,3.4110006580487657,35.375,14.845516166095939,8.47213595499958,6.0,8.0,6.0,31.0,54.0,9.083333333333332,94.0,69.0,16.0,31.0,20.0,12.407305943380177,6.898979485566356,1.9318516525781362,2.7541847860376616,-3.41
34.0,35.0,5.423611111111111,1.8333333333333333,104.0,3.4813804754348494,3.2441691241986845,3.052380952380952,6.17837366109056,7.996344407400575,5.474283579022039,5.227997982070623,40.3101111111111,26.373213789985144,17.84161925296378,14.0,34.0,14.0,63.0,115.0,15.416666666666666,196.0,147.0,34.0,63.0,42.0,17.616005615275288,8.261125441030146,2.2059461150510957,3.623281003705976,-1.1
50.0,57.0,2.2222222222222223,2.2777777777777777,118.0,4.966326495188786,5.1971026724636955,4.933333333333334,10.919183588453086,11.082482904638631,7.737734478532144,8.157523945012947,91.390625,35.635408537452385,20.257980408983922,4.0,4.0,16.0,109.0,215.0,23.9,470.0,505.0,32.0,243.0,96.0,24.775053529229787,13.683238505927559,2.3027756377319952,1.9253677344386608,-2.4
100.0,121.0,8.75,4.138888888888889,274.0,8.8411117128495,9.054840705710737,8.266666666666666,18.981361414944153,21.165386673293398,14.584343305760154,15.287213573880123,154.75,73.32770134473509,46.985902470341784,18.0,32.0,39.0,650.0,1880.0,63.43373015873017,2578.0,2536.0,220.0,1084.0,368.0,46.856419138826396,23.67347232532656,2.4625316855427175,2.1228450441074362,-4.4
60.0,66.0,5.694444444444445,2.9722222222222223,152.0,6.109060905280622,6.105350962927558,5.766666666666667,12.383285203590841,13.701285058155639,9.549067125350073,9.68112730712722,92.28125,44.041878491006614,26.843766846610826,12.0,20.0,21.0,246.0,601.0,33.78333333333333,921.0,851.0,93.0,348.0,150.0,30.527651348307,15.284972566451401,2.306767717527759,2.4617583645949614,-9.94
30.0,30.0,5.173611111111111,1.5,96.0,2.9433756729740645,2.719605259509101,2.4857142857142853,5.121794126179664,7.069764047840349,4.87656659757667,4.583157824826062,27.68511111111111,23.693872197189744,16.605551275463988,14.0,36.0,13.0,42.0,69.0,12.5,126.0,90.0,26.0,42.0,30.0,15.326357664785323,6.602720495543137,2.1753277471610746,3.541196965079901,-3.11
24.0,22.0,4.3125,1.375,76.0,2.560660171779821,2.3272393461533625,2.1999999999999997,4.285618083164127,5.871320343559642,4.012289773726411,3.717636857841802,23.11111111111111,19.077520809352354,13.16227766016838,12.0,32.0,10.0,28.0,44.0,9.5,82.0,57.0,18.0,28.0,20.0,12.823409519949186,5.818625822352818,2.0743132930519423,3.168489872670569,-4.87
34.0,36.0,2.611111111111111,2.0,76.0,3.931851652578137,3.9189910556894993,3.8666666666666667,7.8821967329218765,8.122522350258794,5.6568542494923815,5.729567401660267,64.0,24.366430302876523,13.365058181991753,4.0,4.0,10.0,64.0,122.0,15.783333333333333,246.0,234.0,22.0,109.0,50.0,18.47902253715965,10.424292428609817,2.1357792050698574,2.1250162554146717,-4.73
26.0,24.0,4.472222222222222,1.6666666666666665,66.0,3.1258976576862296,2.8944271909999157,2.8,5.423693409364296,6.6600436058363215,4.680199886083999,4.377620463229157,29.5,19.860213191601495,12.47213595499958,10.0,18.0,9.0,48.0,91.0,11.833333333333332,150.0,114.0,22.0,48.0,30.0,14.880758495384406,6.828427124746191,2.0,2.9532231745612925,-3.22
88.0,104.0,4.666666666666667,3.3888888888888884,228.0,7.720346690612275,8.183059726927222,7.466666666666668,17.489601572928134,18.556849790674395,12.865821431800455,13.756580317499445,141.53125,63.73330624963557,39.318097104236045,16.0,20.0,32.0,414.0,1131.0,49.518253968253966,1796.0,1938.0,92.0,926.0,282.0,40.840176018060276,21.056081194281113,2.4384264719839535,1.6643448714265148,-3.67
26.0,24.0,3.5,2.25,50.0,3.914213562373095,3.6547005383792515,3.833333333333333,6.885618083164127,7.121320343559642,4.949747468305834,4.69023444431199,56.0,18.61427157873053,9.071067811865476,2.0,2.0,6.0,84.0,210.0,13.742857142857144,280.0,231.0,24.0,84.0,42.0,16.754072029940975,9.517540966287266,1.8793852415718166,2.53006045688352,-3.79
26.0,27.0,2.111111111111111,1.4166666666666665,60.0,2.893846850117352,2.8944271909999157,2.8,5.825617198010981,6.195941990698567,4.352030486860464,4.377620463229157,43.375,18.85866158533493,10.714776642118865,4.0,6.0,8.0,26.0,39.0,10.166666666666666,100.0,95.0,8.0,33.0,19.0,13.991826457480949,7.465883060453303,2.114907541476756,2.184105569636068,1.59
6.0,4.0,2.25,1.0,10.0,1.414213562373095,1.1547005383792517,1.3333333333333333,1.885618083164127,2.1213203435596424,1.4142135623730951,1.1547005383792517,16.0,4.47213595499958,2.0,2.0,2.0,1.0,4.0,5.0,2.5,10.0,6.0,2.0,4.0,2.0,5.356367113217143,2.8284271247461907,1.4142135623730954,1.6329931618554523,2.0
26.0,27.0,2.111111111111111,1.4166666666666665,60.0,2.893846850117352,2.8944271909999157,2.8,5.825617198010981,6.195941990698567,4.352030486860464,4.377620463229157,43.375,18.85866158533493,10.714776642118865,4.0,6.0,8.0,26.0,39.0,10.166666666666666,100.0,95.0,8.0,33.0,19.0,13.991826457480949,7.465883060453303,2.114907541476756,2.184105569636068,-3.3
74.0,85.0,4.694444444444445,3.4722222222222223,182.0,7.308861750289881,7.524342018617059,7.133333333333334,15.667405725159401,16.359705793276675,11.342218069686181,11.875160802854749,130.15625,53.26462156388562,31.380397903856387,10.0,12.0,25.0,362.0,971.0,43.05595238095238,1474.0,1486.0,120.0,626.0,226.0,36.619993003718164,19.544559670563196,2.3778145762880585,1.9108583367293694,-9.45
40.0,43.0,3.4722222222222223,2.1666666666666665,96.0,4.325698502695489,4.313418246689415,4.166666666666666,8.707813930932856,9.318464340957362,6.473350830420108,6.571653958956686,67.375,29.08295626448049,17.008767012245137,8.0,10.0,13.0,88.0,176.0,19.15,333.0,311.0,29.0,146.0,66.0,20.972148061258352,11.142106483192402,2.2001218589193994,2.23165161946076,-9.52
76.0,90.0,2.9444444444444446,3.0555555555555554,188.0,6.932652990377572,7.394205344927391,6.866666666666668,15.838367176906171,16.164965809277263,11.232828269945003,12.072407202906604,134.78125,54.30025432642762,32.03067944372927,8.0,8.0,26.0,279.0,680.0,40.785714285714285,1248.0,1392.0,64.0,656.0,216.0,35.85389960896525,19.31370849898476,2.414213562373096,1.6824884302593337,-3.95
6.0,4.0,2.25,1.0,10.0,1.414213562373095,1.1547005383792517,1.3333333333333333,1.885618083164127,2.1213203435596424,1.4142135623730951,1.1547005383792517,16.0,4.47213595499958,2.0,2.0,2.0,1.0,4.0,5.0,2.5,10.0,6.0,2.0,4.0,2.0,5.356367113217142,2.8284271247461903,1.4142135623730951,1.6329931618554523,-1.31
34.0,35.0,5.423611111111111,1.8333333333333335,104.0,3.4813804754348494,3.2441691241986845,3.052380952380952,6.178373661090561,7.996344407400575,5.474283579022041,5.227997982070624,40.310111111111105,26.373213789985137,17.84161925296378,14.0,34.0,14.0,63.0,115.0,15.416666666666666,196.0,147.0,34.0,63.0,42.0,17.61600561527528,8.261125441030142,2.2059461150510957,3.623281003705976,-2.4
30.0,30.0,5.173611111111111,1.4999999999999998,96.0,2.9433756729740645,2.719605259509101,2.4857142857142858,5.121794126179664,7.069764047840348,4.876566597576671,4.583157824826062,27.68511111111111,23.69387219718974,16.605551275463988,14.0,36.0,13.0,42.0,69.0,12.5,126.0,90.0,26.0,42.0,30.0,15.326357664785327,6.602720495543137,2.1753277471610746,3.5411969650799016,-1.45
34.0,36.0,3.0625,1.5,98.0,3.2071067811865475,3.210923771927642,2.9666666666666663,6.485618083164127,7.621320343559642,5.2675847135016145,5.303506843898062,44.74074074074073,25.675764535473053,16.567196007456047,10.0,26.0,13.0,39.0,61.0,13.333333333333332,146.0,134.0,18.0,48.0,30.0,16.710951946238374,8.128329202934385,2.2561897492053378,2.399706582197931,-8.61
42.0,47.0,4.083333333333334,2.055555555555556,108.0,4.215214055163271,4.210923771927642,3.966666666666667,8.557668005579858,9.505343067457071,6.6112502008627025,6.717720406271157,64.90625,30.84007115516406,18.95741732923815,8.0,14.0,15.0,82.0,151.0,19.666666666666664,307.0,283.0,31.0,140.0,66.0,21.195751125405685,10.891330678669735,2.2638209778523968,2.413324848196347,-5.26
36.0,38.0,3.2222222222222223,1.8333333333333333,88.0,3.787693700234704,3.7888543819998315,3.5999999999999996,7.6512343960219615,8.391883981397134,5.875633848974738,5.926813801712124,54.75,26.40361467168509,15.772699034745349,8.0,12.0,12.0,61.0,110.0,16.083333333333332,232.0,218.0,16.0,108.0,50.0,18.68272477800247,9.431147620289327,2.175327747161074,2.2306376583301173,-5.49
100.0,124.0,6.388888888888889,3.8888888888888893,268.0,8.609060905280623,9.054840705710738,8.266666666666666,19.383285203590837,20.70128505815564,14.25617390653662,15.287213573880123,168.625,72.32614973846852,45.22854315746106,12.0,20.0,38.0,511.0,1292.0,61.30476190476191,2160.0,2268.0,160.0,1116.0,356.0,45.88925317641618,23.66508965693977,2.5378167200512944,1.9003893944181038,-9.53
100.0,124.0,6.388888888888889,3.8888888888888893,268.0,8.609060905280623,9.054840705710738,8.266666666666666,19.383285203590837,20.70128505815564,14.25617390653662,15.287213573880123,168.625,72.32614973846852,45.22854315746106,12.0,20.0,38.0,511.0,1292.0,61.30476190476191,2160.0,2268.0,160.0,1116.0,356.0,45.88925317641618,23.66508965693977,2.5378167200512944,1.9003893944181038,-11.85
36.0,34.0,4.611111111111111,2.5833333333333335,78.0,4.7700556100296625,4.524563864689584,4.566666666666666,8.654655746264211,9.390681974697983,6.582740630161286,6.301694406736943,62.75,26.308310197031485,14.307135789365265,6.0,10.0,10.0,158.0,453.0,19.67857142857143,542.0,461.0,42.0,158.0,72.0,21.516267721024597,11.342563639235419,1.9696155060244156,2.7731888559274704,-2.49
14.0,12.0,2.75,1.5,26.0,2.414213562373095,2.1547005383792515,2.333333333333333,3.885618083164127,4.121320343559642,2.8284271247461903,2.568914100752347,32.0,10.12899020449196,4.82842712474619,2.0,2.0,3.0,20.0,35.0,6.416666666666666,60.0,44.0,8.0,20.0,12.0,9.915316149982342,5.464101615137754,1.7320508075688772,2.19060968716425,-4.24
28.0,27.0,4.111111111111111,2.166666666666667,62.0,3.808060412490447,3.549127729379167,3.633333333333333,6.7112352811751075,7.317262334258209,5.059137268047012,4.825214220421861,51.375,20.50237041558832,11.300563079745771,6.0,8.0,8.0,75.0,165.0,14.316666666666666,244.0,195.0,30.0,75.0,42.0,16.96691976501489,8.828427124746192,2.0,2.919612641438553,-2.49
36.0,38.0,3.2222222222222223,1.8333333333333333,88.0,3.787693700234704,3.7888543819998315,3.6,7.6512343960219615,8.391883981397134,5.875633848974738,5.926813801712124,54.75,26.403614671685094,15.77269903474535,8.0,12.0,12.0,62.0,115.0,16.03333333333333,236.0,222.0,12.0,110.0,50.0,18.68250312825291,9.92477721636806,2.170086486626033,2.1923771580194713,-5.57
22.0,20.0,3.25,2.0,42.0,3.414213562373095,3.1547005383792515,3.333333333333333,5.885618083164127,6.121320343559642,4.242640687119286,3.9831276631254418,48.0,15.785844453984339,7.65685424949238,2.0,2.0,5.0,56.0,126.0,11.15,182.0,146.0,18.0,56.0,30.0,14.47448672760572,8.054678984251696,1.8477590650225744,2.447472887876344,0.08
38.0,40.0,6.125,1.5625,134.0,3.25,3.036834963593021,2.65,5.8,8.5,5.808524858402425,5.513605419233339,33.185185185185176,30.39548800319835,22.242640687119284,18.0,54.0,18.0,58.0,97.0,16.0,176.0,127.0,36.0,58.0,42.0,18.053158422038713,7.211102550927979,2.302775637731995,4.020391543176799,1.77
32.0,34.0,4.8125,2.125,92.0,3.681980515339464,3.4040092744604245,3.3999999999999995,6.456854249492381,7.613961030678927,5.108666090903724,4.95613721959354,50.37037037037037,24.24771742311577,15.48683298050514,12.0,24.0,12.0,64.0,118.0,15.25,200.0,151.0,36.0,64.0,42.0,17.422129149293404,9.291502622129181,2.188901059316734,3.5832125652604643,-8.7
36.0,38.0,3.2222222222222223,1.8333333333333333,88.0,3.787693700234704,3.7888543819998315,3.5999999999999996,7.651234396021961,8.391883981397134,5.875633848974738,5.926813801712124,54.75,26.40361467168509,15.772699034745349,8.0,12.0,12.0,61.0,110.0,16.083333333333336,232.0,218.0,16.0,108.0,50.0,18.682724778002484,9.431147620289329,2.1753277471610764,2.2306376583301173,-0.98
62.0,72.0,3.9444444444444446,2.6388888888888884,158.0,5.770856947829097,5.999778153927474,5.566666666666668,12.610826190248506,13.43312543371645,9.330287525867716,9.816107083237089,101.53125,44.92842572159783,27.315902801610406,10.0,14.0,22.0,179.0,385.0,31.833333333333332,742.0,763.0,56.0,372.0,142.0,29.77186082001073,15.212327781454997,2.379879926522974,2.014991826829248,-2.47
20.0,18.0,3.611111111111111,1.5833333333333333,46.0,2.770055610029662,2.5245638646895836,2.5666666666666664,4.654655746264211,5.390681974697982,3.7543135054150953,3.4732672819907515,30.75,14.99460169804673,8.650281539872886,6.0,10.0,6.0,32.0,58.0,9.0,98.0,73.0,14.0,32.0,20.0,12.397923494716462,6.155367074350508,1.9021130325903077,2.6272148478988635,2.51
86.0,97.0,8.256944444444443,4.180555555555555,234.0,8.414832660707775,8.379223563698316,7.900000000000001,17.01110090482999,19.120506104835147,13.134129854139523,13.420297364399525,131.27662037037038,63.668374427172004,40.152454242242655,22.0,40.0,32.0,612.0,1852.0,55.19603174603174,2298.0,2136.0,198.0,807.0,300.0,42.60576995021479,20.97101728474136,2.377460703770074,2.6222565365500374,-5.04
24.0,22.0,4.3125,1.375,76.0,2.560660171779821,2.3272393461533625,2.1999999999999997,4.285618083164127,5.871320343559642,4.012289773726411,3.717636857841802,23.11111111111111,19.077520809352354,13.16227766016838,12.0,32.0,10.0,28.0,44.0,9.500000000000002,82.0,57.0,18.0,28.0,20.0,12.823409519949188,5.818625822352818,2.074313293051943,3.168489872670569,0.06
2.0,1.0,2.0,1.0,2.0,1.0,0.7071067811865475,1.0,1.0,1.0,0.0,0.0,0.0,1.4142135623730951,0.0,0.0,0.0,0.0,1.0,1.0,1.0,2.0,1.0,0.0,1.0,0.0,3.0861612696304874,2.0,1.0,1.0,1.28
18.0,16.0,3.0,1.75,34.0,2.914213562373095,2.6547005383792515,2.833333333333333,4.885618083164127,5.121320343559642,3.5355339059327378,3.2760208819388943,40.0,12.95741732923815,6.242640687119285,2.0,2.0,4.0,35.0,70.0,8.7,110.0,85.0,12.0,35.0,20.0,12.194901425440477,6.987918414869869,1.8019377358048385,2.3390923149762908,-0.14
24.0,24.0,3.861111111111111,2.0,54.0,3.3460652149512318,3.0736915940687513,3.1999999999999997,5.767814816086004,6.243842693818436,4.242640687119286,4.055840815293328,48.0,17.524857758891336,9.70820393249937,6.0,6.0,7.0,48.0,90.0,11.75,150.0,114.0,24.0,48.0,30.0,14.696713921428232,7.999999999999998,1.9999999999999993,2.9923028831940863,-4.42
34.0,32.0,4.0,2.75,66.0,4.914213562373096,4.654700538379252,4.833333333333333,8.885618083164127,9.121320343559642,6.363961030678929,6.104448006685086,72.0,24.271125828222914,11.899494936611667,2.0,2.0,8.0,165.0,495.0,19.289682539682538,570.0,489.0,40.0,165.0,72.0,21.313242634613108,12.05334836666454,1.918985947228995,2.6476048489438337,3.16
44.0,43.0,6.083333333333333,2.5833333333333335,110.0,5.019744507803582,4.7888543819998315,4.6,9.249310607375278,10.85598559653489,7.618016810571369,7.34102736408522,56.875,33.06202052744404,20.358485472372255,14.0,24.0,15.0,184.0,491.0,23.888095238095236,626.0,526.0,62.0,184.0,90.0,24.211959644634597,11.8129257092452,2.0921765828851453,3.2929400873158903,-4.95
6.0,4.0,2.25,1.0,10.0,1.414213562373095,1.1547005383792517,1.3333333333333333,1.885618083164127,2.1213203435596424,1.4142135623730951,1.1547005383792517,16.0,4.47213595499958,2.0,2.0,2.0,1.0,4.0,5.0,2.5,10.0,6.0,2.0,4.0,2.0,5.356367113217143,2.8284271247461907,1.4142135623730954,1.6329931618554523,1.32
52.0,61.0,2.8333333333333335,2.2222222222222223,130.0,4.877010097711745,5.105350962927558,4.766666666666667,10.785208992237523,11.237183443017882,7.806684163753442,8.266913744754124,90.15625,37.383472635247664,22.257980408983922,6.0,8.0,18.0,106.0,203.0,24.2,449.0,472.0,37.0,185.0,85.0,25.086523411629592,13.334073750152708,2.3759473582364863,2.014611886520823,-5.88
56.0,63.0,7.736111111111111,2.75,178.0,5.276020881938894,5.015980447325265,4.671428571428572,9.816748207334266,12.418067167662226,8.400019769547475,8.283495667844218,72.50448148148146,43.07110802763776,29.53565787126474,22.0,52.0,24.0,185.0,400.0,30.200000000000003,608.0,487.0,90.0,185.0,110.0,27.424873111094023,13.08691891740845,2.379550284477777,4.527396605522409,-12.74
24.0,24.0,1.5,1.5,48.0,3.0,3.0,3.0,6.0,6.0,4.242640687119286,4.242640687119286,48.0,16.970562748477143,8.485281374238571,0.0,0.0,6.0,27.0,42.0,10.0,108.0,108.0,0.0,54.0,24.0,13.696713921428238,8.0,2.0,2.0,1.23
42.0,41.0,5.472222222222222,2.75,98.0,5.163902460147014,4.918991055689499,4.866666666666666,9.480272944275193,10.58662396539655,7.399237211089012,7.143780964033362,66.125,31.024836158635463,17.950844619618653,10.0,16.0,13.0,194.0,549.0,23.37857142857143,666.0,566.0,58.0,194.0,90.0,24.008703830015794,12.133645288114915,2.0478103147828546,3.099620830487699,-4.45
40.0,43.0,3.4722222222222223,2.1111111111111107,96.0,4.304530452640311,4.302675481463779,4.133333333333333,8.691642601795419,9.350642529077819,6.542300515641405,6.60833060652998,66.140625,29.09200705736879,16.95741732923815,6.0,10.0,13.0,88.0,176.0,19.15,335.0,315.0,35.0,142.0,66.0,20.971923394025087,11.18995723015805,2.1939932777126576,2.2283621149350434,-0.3
32.0,33.0,5.333333333333334,1.8888888888888886,86.0,3.5534180126147956,3.3164965809277263,3.1666666666666665,6.330127018922193,7.773502691896258,5.415816237971963,5.16852706778819,39.65625,24.296669675080466,15.65685424949238,10.0,20.0,12.0,65.0,122.0,15.166666666666666,204.0,155.0,34.0,65.0,42.0,17.392861267529163,8.424292428609817,2.1357792050698574,3.464226847231096,2.56
22.0,21.0,4.222222222222222,1.4444444444444442,58.0,2.6427344100918364,2.408248290463863,2.333333333333333,4.464101615137754,5.618802153517007,3.932652990377571,3.644923705673916,24.890625,16.891751327792804,10.82842712474619,8.0,16.0,8.0,29.0,47.0,9.333333333333332,86.0,61.0,16.0,29.0,20.0,12.61055265179775,6.0,2.0,2.9934972434784735,-3.24
30.0,28.0,3.75,2.5,58.0,4.414213562373095,4.1547005383792515,4.333333333333333,7.885618083164127,8.121320343559642,5.6568542494923815,5.397341225498538,64.0,21.442698703476722,10.485281374238571,2.0,2.0,7.0,120.0,330.0,16.460714285714285,408.0,344.0,32.0,120.0,56.0,19.03365733227704,10.627503029350086,1.9021130325903075,2.595082706793886,-3.24
14.0,12.0,2.75,1.5,26.0,2.414213562373095,2.1547005383792515,2.333333333333333,3.885618083164127,4.121320343559642,2.8284271247461903,2.568914100752347,32.0,10.12899020449196,4.82842712474619,2.0,2.0,3.0,20.0,35.0,6.416666666666666,60.0,44.0,8.0,20.0,12.0,9.915316149982342,5.464101615137754,1.7320508075688772,2.19060968716425,-0.99
100.0,123.0,6.388888888888889,3.861111111111112,268.0,8.592224152875016,9.04101960624679,8.23333333333333,19.34287699781738,20.742526510474956,14.2966140210565,15.31280355024882,165.234375,72.46618447753102,45.458038425341364,14.0,22.0,38.0,537.0,1449.0,60.359523809523814,2280.0,2404.0,152.0,1168.0,356.0,45.877756753041915,23.822428708121123,2.5077114502181588,1.7993281232396678,-3.81
72.0,87.0,7.416666666666667,3.666666666666667,192.0,7.07811602252011,7.0231813368519305,6.7,14.36589102743932,15.707944308956192,10.692130429902466,11.076140644419327,126.46875,52.467534862112174,32.67876668097651,12.0,18.0,27.0,330.0,786.0,43.900000000000006,1209.0,1089.0,117.0,498.0,204.0,35.58556638926288,17.827182715841868,2.4494897427831788,2.8690675275231143,-8.68
30.0,31.0,2.361111111111111,1.6666666666666665,68.0,3.393846850117352,3.3944271909999157,3.3,6.82561719801098,7.195941990698567,5.059137268047012,5.0847272444157054,51.375,21.68708871008112,12.128990204491961,4.0,6.0,9.0,42.0,71.0,12.916666666666666,163.0,157.0,11.0,78.0,36.0,16.189602380978524,8.720566232730448,2.1010029896154583,2.122917949959366,-4.59
12.0,9.0,3.111111111111111,1.0,30.0,1.7320508075688776,1.5,1.5,2.598076211353316,3.4641016151377553,2.449489742783178,2.121320343559643,10.125,9.486832980505138,6.0,6.0,12.0,4.0,9.0,12.0,4.5,24.0,15.0,6.0,9.0,6.0,7.829154880351856,3.4641016151377544,1.7320508075688772,2.3237900077244498,-0.5
60.0,67.0,5.694444444444445,3.0555555555555562,152.0,6.147065707741407,6.129914827617142,5.833333333333333,12.439864738501736,13.627865417715865,9.439677325608894,9.618860683185234,96.90625,43.89279295905582,26.66562126173752,12.0,18.0,21.0,262.0,708.0,33.364285714285714,983.0,911.0,71.0,388.0,150.0,30.536565865466173,16.05196193064931,2.2882456112707383,2.300109924242849,-6.88
40.0,43.0,3.4722222222222223,2.1111111111111107,96.0,4.304530452640311,4.302675481463779,4.133333333333333,8.691642601795419,9.350642529077819,6.542300515641405,6.60833060652998,66.140625,29.09200705736879,16.95741732923815,6.0,10.0,13.0,88.0,176.0,19.15,335.0,315.0,35.0,142.0,66.0,20.971923394025087,11.18995723015805,2.1939932777126576,2.2283621149350434,-8.26
6.0,4.0,2.25,1.0,10.0,1.414213562373095,1.1547005383792517,1.3333333333333333,1.885618083164127,2.1213203435596424,1.4142135623730951,1.1547005383792517,16.0,4.47213595499958,2.0,2.0,2.0,1.0,4.0,5.0,2.5,10.0,6.0,2.0,4.0,2.0,5.356367113217143,2.8284271247461907,1.4142135623730954,1.6329931618554523,-0.48
34.0,32.0,4.0,2.75,66.0,4.914213562373096,4.654700538379252,4.833333333333333,8.885618083164127,9.121320343559642,6.363961030678929,6.104448006685086,72.0,24.271125828222914,11.899494936611667,2.0,2.0,8.0,165.0,495.0,19.289682539682538,570.0,489.0,40.0,165.0,72.0,21.313242634613108,12.05334836666454,1.918985947228995,2.6476048489438337,-2.07
16.0,14.0,3.361111111111111,1.3333333333333333,38.0,2.270055610029662,2.0245638646895836,2.0666666666666664,3.6546557462642113,4.390681974697982,3.0472067242285474,2.766160500804204,22.75,12.16617457330054,7.23606797749979,6.0,10.0,5.0,18.0,28.0,6.666666666666666,52.0,36.0,10.0,18.0,12.0,10.118119614388581,5.226251859505506,1.8477590650225744,2.5395388613593908,-6.46
12.0,9.0,3.111111111111111,1.0,30.0,1.7320508075688776,1.5,1.5,2.598076211353316,3.4641016151377553,2.449489742783178,2.121320343559643,10.125,9.486832980505138,6.0,6.0,12.0,4.0,9.0,12.0,4.5,24.0,15.0,6.0,9.0,6.0,7.829154880351856,3.4641016151377544,1.7320508075688772,2.3237900077244498,-1.08
42.0,47.0,4.083333333333334,2.055555555555556,108.0,4.215214055163271,4.210923771927642,3.966666666666667,8.557668005579858,9.505343067457071,6.6112502008627025,6.717720406271157,64.90625,30.84007115516406,18.95741732923815,8.0,14.0,15.0,82.0,151.0,19.666666666666664,307.0,283.0,31.0,140.0,66.0,21.195751125405685,10.891330678669735,2.2638209778523968,2.413324848196347,-1.21
34.0,36.0,2.611111111111111,2.0,76.0,3.931851652578137,3.9189910556894993,3.8666666666666663,7.8821967329218765,8.122522350258794,5.6568542494923815,5.729567401660267,64.0,24.36643030287652,13.36505818199175,4.0,4.0,10.0,64.0,122.0,15.783333333333335,246.0,234.0,22.0,109.0,50.0,18.479022537159643,10.424292428609817,2.135779205069857,2.1250162554146717,-1.93
30.0,31.0,2.361111111111111,1.6666666666666665,68.0,3.393846850117352,3.3944271909999157,3.3,6.825617198010981,7.195941990698567,5.059137268047012,5.084727244415705,51.375,21.68708871008112,12.128990204491961,4.0,6.0,9.0,42.0,71.0,12.916666666666666,163.0,157.0,11.0,78.0,36.0,16.18960238097852,8.720566232730448,2.1010029896154583,2.1229179499593664,1.7
26.0,27.0,2.111111111111111,1.4166666666666665,60.0,2.893846850117352,2.8944271909999157,2.8,5.825617198010981,6.195941990698567,4.352030486860464,4.377620463229157,43.375,18.85866158533493,10.714776642118865,4.0,6.0,8.0,26.0,39.0,10.166666666666666,100.0,95.0,8.0,33.0,19.0,13.991826457480949,7.465883060453303,2.114907541476756,2.184105569636068,-1.38
24.0,24.0,1.5,1.5,48.0,3.0,3.0,3.0,6.0,6.0,4.242640687119286,4.242640687119286,48.0,16.970562748477143,8.485281374238571,0.0,0.0,6.0,27.0,42.0,10.0,108.0,108.0,0.0,54.0,24.0,13.696713921428238,8.0,2.0,2.0,-4.69
14.0,12.0,2.75,1.5,26.0,2.414213562373095,2.1547005383792515,2.333333333333333,3.885618083164127,4.121320343559642,2.8284271247461903,2.568914100752347,32.0,10.12899020449196,4.82842712474619,2.0,2.0,3.0,20.0,35.0,6.416666666666666,60.0,44.0,8.0,20.0,12.0,9.915316149982342,5.464101615137754,1.7320508075688772,2.19060968716425,-0.16
32.0,34.0,2.9722222222222223,1.5833333333333333,80.0,3.287693700234704,3.2888543819998315,3.1,6.6512343960219615,7.391883981397134,5.16852706778819,5.2197070205255764,46.75,23.575187546938903,14.358485472372255,8.0,12.0,11.0,41.0,68.0,13.083333333333332,154.0,142.0,12.0,51.0,30.0,16.487753451959787,8.318417564403726,2.1986912435159973,2.2571532373031413,-2.92
46.0,51.0,4.333333333333334,2.361111111111111,116.0,4.736382105218448,4.721666537153279,4.5,9.573839334717295,10.473164879336613,7.249407296827953,7.388150539884412,74.140625,33.659447487021964,20.422980574618233,10.0,14.0,16.0,115.0,236.0,22.849999999999994,430.0,396.0,42.0,187.0,84.0,23.475342571607925,12.376804439785104,2.268235752355971,2.3755347713325285,-5.8
114.0,156.0,9.104166666666668,3.5694444444444446,370.0,8.113931529398815,8.535239408078658,7.376190476190477,18.58266668380745,21.701495490163705,14.617701936751622,15.85466129038894,177.7659074074074,84.63690694153402,58.693330930078865,26.0,58.0,52.0,453.0,1013.0,65.28333333333333,1836.0,1829.0,188.0,674.0,312.0,47.8881844978269,22.011690323053966,2.8086666260573208,2.2323963874249046,-3.44
30.0,31.0,2.361111111111111,1.6666666666666665,68.0,3.393846850117352,3.3944271909999157,3.3,6.825617198010981,7.195941990698567,5.059137268047012,5.084727244415705,51.375,21.68708871008112,12.128990204491961,4.0,6.0,9.0,42.0,71.0,12.916666666666666,163.0,157.0,11.0,78.0,36.0,16.18960238097852,8.720566232730448,2.1010029896154583,2.1229179499593664,-0.9
24.0,22.0,3.861111111111111,1.8333333333333333,54.0,3.270055610029662,3.0245638646895836,3.0666666666666664,5.654655746264212,6.390681974697982,4.461420286601642,4.180374063177299,38.75,17.823028822792917,10.06449510224598,6.0,10.0,7.0,52.0,108.0,11.483333333333333,166.0,130.0,20.0,52.0,30.0,14.67751178696683,7.7274066103125465,1.9318516525781366,2.6782577431647265,-2.22
54.0,59.0,4.833333333333334,2.861111111111111,132.0,5.736382105218448,5.721666537153279,5.5,11.573839334717297,12.473164879336615,8.663620859201048,8.802364102257506,90.140625,39.31630173651435,23.251407699364428,10.0,14.0,18.0,211.0,543.0,29.310714285714283,798.0,746.0,70.0,307.0,126.0,28.034054653234193,14.591850041640502,2.2560209824168527,2.236981996737214,-9.2
26.0,24.0,3.5,2.25,50.0,3.914213562373095,3.6547005383792515,3.833333333333333,6.885618083164127,7.121320343559642,4.949747468305834,4.69023444431199,56.0,18.61427157873053,9.071067811865476,2.0,2.0,6.0,84.0,210.0,13.742857142857144,280.0,231.0,24.0,84.0,42.0,16.754072029940975,9.517540966287266,1.8793852415718166,2.53006045688352,-3.54
36.0,35.0,4.611111111111111,2.6666666666666665,78.0,4.8080604124904465,4.549127729379167,4.633333333333333,8.711235281175107,9.317262334258208,6.473350830420108,6.239427782794957,67.375,26.159224665080693,14.12899020449196,6.0,8.0,10.0,153.0,423.0,19.88690476190476,522.0,441.0,44.0,153.0,72.0,21.525871791866038,11.937511186490088,2.006593618346017,2.8861627976234385,-2.11
44.0,47.0,3.7222222222222223,2.416666666666667,104.0,4.825698502695489,4.813418246689415,4.666666666666666,9.707813930932858,10.318464340957362,7.180457611606656,7.278760740143234,75.375,31.911383389226685,18.422980574618236,8.0,10.0,14.0,127.0,296.0,22.109523809523807,482.0,452.0,38.0,199.0,84.0,23.25173341821339,12.505532657253607,2.2026540665132686,2.132172251086123,-5.21
16.0,14.0,3.361111111111111,1.3333333333333333,38.0,2.270055610029662,2.0245638646895836,2.0666666666666664,3.6546557462642113,4.390681974697982,3.0472067242285474,2.766160500804204,22.75,12.16617457330054,7.23606797749979,6.0,10.0,5.0,18.0,28.0,6.666666666666666,52.0,36.0,10.0,18.0,12.0,10.118119614388581,5.226251859505506,1.8477590650225744,2.5395388613593908,1.31
10.0,8.0,2.5,1.25,18.0,1.914213562373095,1.6547005383792515,1.833333333333333,2.885618083164127,3.121320343559642,2.121320343559643,1.8618073195657994,24.0,7.3005630797457695,3.414213562373095,2.0,2.0,2.0,10.0,15.0,4.333333333333333,28.0,19.0,4.0,10.0,6.0,7.635733837560583,4.47213595499958,1.6180339887498947,1.9747448713915894,-1.79
28.0,28.0,4.5625,1.75,84.0,3.1213203435596424,2.8656243103068935,2.8,5.371236166328254,6.742640687119284,4.5604779323150675,4.336887038717671,36.74074074074074,21.662619116234062,14.32455532033676,12.0,28.0,11.0,44.0,76.0,12.25,134.0,98.0,26.0,44.0,30.0,15.122655423942513,7.595865303863629,2.1357792050698583,3.3604351426960575,2.56
62.0,72.0,3.9444444444444446,2.638888888888889,158.0,5.770856947829097,5.999778153927474,5.566666666666667,12.610826190248506,13.43312543371645,9.330287525867716,9.81610708323709,101.53125,44.92842572159783,27.315902801610406,10.0,14.0,22.0,182.0,401.0,31.700000000000003,756.0,779.0,52.0,378.0,142.0,29.77139590387833,15.531532475656517,2.370021284295307,1.976239780107198,-2.78
36.0,38.0,3.2222222222222223,1.8333333333333333,88.0,3.787693700234704,3.7888543819998315,3.5999999999999996,7.6512343960219615,8.391883981397134,5.875633848974738,5.926813801712124,54.75,26.40361467168509,15.772699034745349,8.0,12.0,12.0,61.0,110.0,16.083333333333332,232.0,218.0,16.0,108.0,50.0,18.68272477800247,9.431147620289327,2.175327747161074,2.2306376583301173,-4.59
34.0,36.0,5.423611111111111,1.875,104.0,3.5040358447538855,3.257990223662632,3.0857142857142854,6.207412209343791,7.941084391399991,5.424754756165328,5.202408005701931,41.31474074074073,26.27897050407145,17.76782893563237,14.0,32.0,14.0,62.0,111.0,15.500000000000002,192.0,143.0,36.0,62.0,42.0,17.6258375346996,8.37513065120551,2.2215832939527678,3.708324167474306,-1.12
32.0,30.0,4.361111111111111,2.3333333333333335,70.0,4.2700556100296625,4.024563864689584,4.066666666666666,7.654655746264211,8.390681974697982,5.875633848974738,5.594587625550395,54.75,23.479883072285293,12.89292222699217,6.0,10.0,9.0,114.0,297.0,16.835714285714285,384.0,320.0,34.0,114.0,56.0,19.236682418687728,10.251661790966027,1.9615705608064613,2.746690906857495,-5.31
40.0,43.0,3.4722222222222223,2.166666666666667,96.0,4.325698502695489,4.313418246689415,4.166666666666666,8.707813930932858,9.318464340957362,6.473350830420108,6.571653958956686,67.375,29.082956264480494,17.00876701224514,8.0,10.0,13.0,88.0,176.0,19.15,333.0,311.0,29.0,146.0,66.0,20.972148061258352,11.142106483192403,2.2001218589194,2.23165161946076,-7.29
34.0,36.0,2.611111111111111,2.0,76.0,3.931851652578137,3.9189910556894993,3.8666666666666663,7.8821967329218765,8.122522350258794,5.6568542494923815,5.729567401660267,64.0,24.36643030287652,13.36505818199175,4.0,4.0,10.0,64.0,122.0,15.783333333333331,246.0,234.0,22.0,109.0,50.0,18.479022537159654,10.424292428609817,2.1357792050698574,2.125016255414671,-7.1
24.0,22.0,4.3125,1.375,76.0,2.560660171779821,2.3272393461533625,2.1999999999999997,4.285618083164127,5.871320343559642,4.012289773726411,3.717636857841802,23.11111111111111,19.077520809352354,13.16227766016838,12.0,32.0,10.0,28.0,44.0,9.5,82.0,57.0,18.0,28.0,20.0,12.823409519949186,5.818625822352818,2.0743132930519423,3.168489872670569,-4.43
82.0,95.0,7.555555555555555,4.527777777777778,204.0,8.688600470052329,8.625675811613705,8.4,17.51603695279232,18.521065582456487,12.675551403019515,13.0513945406645,152.9375,59.195701345667175,34.97275705110279,12.0,14.0,28.0,569.0,1557.0,56.15714285714286,2116.0,1944.0,216.0,744.0,300.0,42.19976049544483,22.709704441717914,2.405569694475271,2.8594908791522773,-8.21
26.0,27.0,2.111111111111111,1.4166666666666665,60.0,2.893846850117352,2.8944271909999157,2.8,5.825617198010981,6.195941990698567,4.352030486860464,4.377620463229157,43.375,18.85866158533493,10.714776642118865,4.0,6.0,8.0,26.0,39.0,10.166666666666666,100.0,95.0,8.0,33.0,19.0,13.991826457480949,7.465883060453303,2.114907541476756,2.184105569636068,-2.89
14.0,12.0,2.75,1.5,26.0,2.414213562373095,2.1547005383792515,2.333333333333333,3.885618083164127,4.121320343559642,2.8284271247461903,2.568914100752347,32.0,10.12899020449196,4.82842712474619,2.0,2.0,3.0,20.0,35.0,6.416666666666666,60.0,44.0,8.0,20.0,12.0,9.915316149982342,5.464101615137754,1.7320508075688772,2.19060968716425,-2.93
20.0,19.0,3.611111111111111,1.6666666666666665,46.0,2.808060412490447,2.5491277293791677,2.6333333333333333,4.7112352811751075,5.317262334258209,3.6449237056739165,3.4110006580487657,35.375,14.845516166095939,8.47213595499958,6.0,8.0,6.0,31.0,54.0,9.083333333333334,94.0,69.0,16.0,31.0,20.0,12.407305943380177,6.898979485566356,1.9318516525781368,2.754184786037662,-4.35
44.0,42.0,5.111111111111111,3.0833333333333335,94.0,5.770055610029663,5.5245638646895845,5.566666666666666,10.654655746264213,11.390681974697983,7.996954192534382,7.715907969110039,78.75,31.96516444652387,17.135562914111457,6.0,10.0,12.0,277.0,938.0,25.647619047619045,976.0,855.0,62.0,277.0,110.0,26.07543832569674,13.910305543546947,1.9796428837618656,2.817017140820483,-2.15
10.0,8.0,2.5,1.25,18.0,1.914213562373095,1.6547005383792515,1.833333333333333,2.885618083164127,3.121320343559642,2.121320343559643,1.8618073195657994,24.0,7.3005630797457695,3.414213562373095,2.0,2.0,2.0,10.0,15.0,4.333333333333333,28.0,19.0,4.0,10.0,6.0,7.635733837560583,4.47213595499958,1.6180339887498947,1.9747448713915894,-1.95
30.0,31.0,2.361111111111111,1.6666666666666665,68.0,3.393846850117352,3.3944271909999157,3.3,6.82561719801098,7.195941990698567,5.059137268047012,5.0847272444157054,51.375,21.68708871008112,12.128990204491961,4.0,6.0,9.0,42.0,71.0,12.916666666666666,163.0,157.0,11.0,78.0,36.0,16.189602380978524,8.720566232730448,2.1010029896154583,2.122917949959366,-1.74
50.0,54.0,5.034722222222222,2.083333333333333,146.0,4.494800481421252,4.499778153927474,4.066666666666667,9.13685247918609,11.013204324956776,7.607684656543615,7.694786739677448,59.49074074074073,37.9372435834272,25.268827230335916,18.0,38.0,20.0,109.0,211.0,23.416666666666664,404.0,368.0,40.0,182.0,84.0,23.892834777777754,10.698195805856932,2.3268462696046535,2.509938883631114,-5.18
6.0,4.0,2.25,1.0,10.0,1.414213562373095,1.1547005383792517,1.3333333333333333,1.885618083164127,2.1213203435596424,1.4142135623730951,1.1547005383792517,16.0,4.47213595499958,2.0,2.0,2.0,1.0,4.0,5.0,2.5,10.0,6.0,2.0,4.0,2.0,5.356367113217143,2.8284271247461907,1.4142135623730954,1.6329931618554523,-0.74
54.0,60.0,4.833333333333334,2.944444444444444,132.0,5.774386907679233,5.746230401842864,5.566666666666667,11.630418869628192,12.399745238896841,8.55423105945987,8.740097478315523,94.765625,39.16721620456356,23.073262114491122,10.0,12.0,18.0,204.0,502.0,29.60238095238095,764.0,706.0,60.0,308.0,126.0,28.04457604501631,14.96253635730944,2.28794056649386,2.331222362463341,-5.26
12.0,9.0,3.111111111111111,1.0,30.0,1.7320508075688776,1.5,1.5,2.598076211353316,3.4641016151377553,2.449489742783178,2.121320343559643,10.125,9.486832980505138,6.0,6.0,12.0,4.0,9.0,12.0,4.5,24.0,15.0,6.0,9.0,6.0,7.829154880351855,3.4641016151377544,1.7320508075688772,2.3237900077244498,-0.48
36.0,38.0,3.2222222222222223,1.8333333333333333,88.0,3.787693700234704,3.7888543819998315,3.6,7.6512343960219615,8.391883981397134,5.875633848974738,5.926813801712124,54.75,26.403614671685094,15.77269903474535,8.0,12.0,12.0,62.0,115.0,16.03333333333333,236.0,222.0,12.0,110.0,50.0,18.68250312825291,9.92477721636806,2.170086486626033,2.1923771580194713,-1.39
40.0,43.0,3.4722222222222223,2.166666666666667,96.0,4.325698502695489,4.313418246689415,4.166666666666667,8.707813930932858,9.31846434095736,6.473350830420108,6.571653958956686,67.375,29.082956264480494,17.00876701224514,8.0,10.0,13.0,90.0,187.0,19.066666666666666,341.0,319.0,25.0,150.0,66.0,20.971923394025083,11.18995723015805,2.193993277712658,2.180401745706209,-10.17
20.0,16.0,4.0625,1.0,68.0,2.0,1.7888543819998317,1.6,3.2,5.0,3.4641016151377544,3.0983866769659336,9.48148148148148,16.492422502470642,12.0,12.0,36.0,9.0,16.0,22.0,7.0,44.0,28.0,12.0,16.0,12.0,10.524391382167263,4.0,2.0,3.0237157840738176,-10.08
40.0,43.0,3.4722222222222223,2.166666666666667,96.0,4.325698502695489,4.313418246689415,4.166666666666666,8.707813930932858,9.318464340957362,6.473350830420108,6.571653958956686,67.375,29.082956264480494,17.00876701224514,8.0,10.0,13.0,88.0,176.0,19.15,333.0,311.0,29.0,146.0,66.0,20.972148061258352,11.142106483192403,2.2001218589194,2.23165161946076,-6.25
52.0,58.0,5.194444444444445,2.4722222222222228,136.0,5.109060905280622,5.105350962927558,4.766666666666667,10.383285203590841,11.701285058155639,8.134853562976977,8.266913744754124,76.28125,38.38502424151423,24.015339721864635,12.0,20.0,19.0,152.0,337.0,26.5,567.0,521.0,51.0,240.0,104.0,25.968018983739203,13.152542465958094,2.2924555152471338,2.3956341215135133,-4.44
36.0,38.0,3.2222222222222223,1.8333333333333333,88.0,3.787693700234704,3.7888543819998315,3.6,7.6512343960219615,8.391883981397134,5.875633848974738,5.926813801712124,54.75,26.403614671685094,15.77269903474535,8.0,12.0,12.0,62.0,115.0,16.033333333333335,236.0,222.0,12.0,110.0,50.0,18.682503128252915,9.924777216368064,2.170086486626034,2.1923771580194713,-2.3
62.0,72.0,6.305555555555555,3.027777777777778,164.0,6.074586062669974,6.051984217544952,5.7,12.346298348059632,13.741324503775802,9.46818689631031,9.70266050655772,99.0625,45.5008223177886,28.436125993857228,12.0,20.0,23.0,226.0,502.0,34.966666666666676,833.0,755.0,93.0,340.0,150.0,30.772094759769267,15.600791480160016,2.384566861687982,2.7089983784052003,-9.86
14.0,12.0,2.75,1.5,26.0,2.414213562373095,2.1547005383792515,2.333333333333333,3.885618083164127,4.121320343559642,2.8284271247461903,2.568914100752347,32.0,10.12899020449196,4.82842712474619,2.0,2.0,3.0,20.0,35.0,6.416666666666666,60.0,44.0,8.0,20.0,12.0,9.915316149982342,5.464101615137754,1.7320508075688772,2.19060968716425,1.31
2.0,1.0,2.0,1.0,2.0,1.0,0.7071067811865475,1.0,1.0,1.0,0.0,0.0,0.0,1.4142135623730951,0.0,0.0,0.0,0.0,1.0,1.0,1.0,2.0,1.0,0.0,1.0,0.0,3.0861612696304874,2.0,1.0,1.0,1.83
44.0,49.0,3.7222222222222223,2.5277777777777777,104.0,4.8805400575618805,4.851803210842947,4.766666666666667,9.804801671617211,10.203803248198273,7.030627697345596,7.190904139832554,83.390625,31.622263118213393,18.015339721864635,6.0,6.0,14.0,117.0,243.0,22.599999999999998,440.0,408.0,44.0,184.0,84.0,23.271855725660522,12.864605192711737,2.2469796037174685,2.340034232116514,-5.33
14.0,12.0,2.75,1.5,26.0,2.414213562373095,2.1547005383792515,2.333333333333333,3.885618083164127,4.121320343559642,2.8284271247461903,2.568914100752347,32.0,10.12899020449196,4.82842712474619,2.0,2.0,3.0,20.0,35.0,6.416666666666666,60.0,44.0,8.0,20.0,12.0,9.915316149982342,5.464101615137754,1.7320508075688772,2.19060968716425,-1.46
34.0,36.0,2.611111111111111,2.0,76.0,3.931851652578137,3.9189910556894993,3.8666666666666663,7.8821967329218765,8.122522350258794,5.6568542494923815,5.729567401660267,64.0,24.36643030287652,13.36505818199175,4.0,4.0,10.0,64.0,122.0,15.783333333333331,246.0,234.0,22.0,109.0,50.0,18.479022537159654,10.424292428609817,2.1357792050698574,2.125016255414671,-6.75
42.0,46.0,4.083333333333334,2.0277777777777777,108.0,4.198377302757663,4.197102672463695,3.933333333333333,8.5172597998064,9.546584519776387,6.6516903153825835,6.743310382639851,61.515625,30.980105894226565,19.186912597118443,10.0,16.0,15.0,84.0,160.0,19.53333333333333,315.0,291.0,27.0,144.0,66.0,21.185691438717136,10.792280186226478,2.2458267799378637,2.3462271738277796,-7.29
34.0,36.0,2.611111111111111,2.0,76.0,3.931851652578137,3.9189910556894993,3.8666666666666667,7.8821967329218765,8.122522350258794,5.6568542494923815,5.729567401660267,64.0,24.366430302876523,13.365058181991753,4.0,4.0,10.0,64.0,122.0,15.783333333333333,246.0,234.0,22.0,109.0,50.0,18.47902253715965,10.424292428609817,2.1357792050698574,2.1250162554146717,-2.45
42.0,46.0,4.083333333333334,2.0277777777777777,108.0,4.198377302757663,4.197102672463695,3.9333333333333336,8.5172597998064,9.546584519776387,6.6516903153825835,6.743310382639851,61.515625,30.980105894226565,19.186912597118443,10.0,16.0,15.0,84.0,160.0,19.53333333333333,315.0,291.0,27.0,144.0,66.0,21.185691438717136,10.792280186226476,2.2458267799378633,2.34622717382778,-5.91
36.0,38.0,3.2222222222222223,1.8333333333333333,88.0,3.787693700234704,3.7888543819998315,3.6,7.6512343960219615,8.391883981397134,5.875633848974738,5.926813801712124,54.75,26.403614671685094,15.77269903474535,8.0,12.0,12.0,62.0,115.0,16.033333333333335,236.0,222.0,12.0,110.0,50.0,18.682503128252915,9.924777216368064,2.170086486626034,2.1923771580194713,-1.01
6.0,4.0,2.25,1.0,10.0,1.414213562373095,1.1547005383792517,1.3333333333333333,1.885618083164127,2.1213203435596424,1.4142135623730951,1.1547005383792517,16.0,4.47213595499958,2.0,2.0,2.0,1.0,4.0,5.0,2.5,10.0,6.0,2.0,4.0,2.0,5.356367113217142,2.8284271247461903,1.4142135623730951,1.6329931618554523,-0.77
14.0,12.0,2.75,1.5,26.0,2.414213562373095,2.1547005383792515,2.333333333333333,3.885618083164127,4.121320343559642,2.8284271247461903,2.568914100752347,32.0,10.12899020449196,4.82842712474619,2.0,2.0,3.0,20.0,35.0,6.416666666666666,60.0,44.0,8.0,20.0,12.0,9.915316149982342,5.464101615137754,1.7320508075688772,2.19060968716425,1.68
48.0,55.0,4.944444444444445,2.25,128.0,4.62589765768623,4.619172062391505,4.300000000000001,9.423693409364297,10.660043605836323,7.387306667270548,7.534216987198883,71.671875,35.41656237770554,22.371630891611247,10.0,18.0,18.0,109.0,211.0,23.366666666666664,404.0,368.0,40.0,182.0,84.0,23.69895811912697,12.250296206660073,2.3180135147325043,2.515835979311492,-1.34
22.0,20.0,3.25,2.0,42.0,3.414213562373095,3.1547005383792515,3.333333333333333,5.885618083164127,6.121320343559642,4.242640687119286,3.9831276631254418,48.0,15.785844453984339,7.65685424949238,2.0,2.0,5.0,56.0,126.0,11.15,182.0,146.0,18.0,56.0,30.0,14.47448672760572,8.054678984251696,1.8477590650225744,2.447472887876344,0.6
40.0,38.0,4.861111111111111,2.8333333333333335,86.0,5.2700556100296625,5.024563864689584,5.066666666666666,9.654655746264213,10.390681974697983,7.289847411347834,7.008801187923491,70.75,29.136737321777677,15.721349351738361,6.0,10.0,11.0,212.0,663.0,22.61865079365079,738.0,638.0,52.0,212.0,90.0,23.795853023360674,12.784906442999326,1.9753766811902755,2.7964218719764764,-2.34
30.0,31.0,2.361111111111111,1.6666666666666665,68.0,3.393846850117352,3.3944271909999157,3.3,6.82561719801098,7.195941990698567,5.059137268047012,5.0847272444157054,51.375,21.68708871008112,12.128990204491961,4.0,6.0,9.0,42.0,71.0,12.916666666666666,163.0,157.0,11.0,78.0,36.0,16.189602380978524,8.720566232730448,2.1010029896154583,2.122917949959366,-1.12
90.0,100.0,5.694444444444445,4.388888888888889,214.0,9.270856947829097,9.499778153927476,9.066666666666666,19.610826190248506,20.433125433716448,14.280034994173551,14.765854551542926,157.53125,64.72741559482117,37.215397738222066,10.0,14.0,29.0,736.0,2371.0,59.10753968253968,2984.0,3008.0,244.0,1024.0,368.0,45.72710444312485,24.616633141228586,2.3360457382840787,1.863552467523932,-9.34
18.0,16.0,3.0,1.75,34.0,2.914213562373095,2.6547005383792515,2.833333333333333,4.885618083164127,5.121320343559642,3.5355339059327378,3.2760208819388943,40.0,12.95741732923815,6.242640687119285,2.0,2.0,4.0,35.0,70.0,8.7,110.0,85.0,12.0,35.0,20.0,12.194901425440477,6.987918414869869,1.8019377358048385,2.3390923149762908,-3.03
62.0,68.0,2.9722222222222223,3.0,142.0,6.449489742783179,6.683281572999748,6.3999999999999995,13.878775382679628,14.123724356957947,9.899494936611669,10.304434264941282,112.0,44.26072465075346,24.7301163639835,6.0,6.0,19.0,264.0,715.0,33.69642857142857,1118.0,1182.0,86.0,444.0,170.0,31.602589246537406,17.300563079745768,2.2360679774997907,1.6872141191211394,-2.87
30.0,31.0,2.361111111111111,1.6666666666666667,68.0,3.393846850117352,3.3944271909999157,3.3,6.82561719801098,7.195941990698567,5.059137268047012,5.084727244415705,51.375,21.68708871008112,12.128990204491961,4.0,6.0,9.0,42.0,71.0,12.916666666666666,163.0,157.0,11.0,78.0,36.0,16.189602380978524,8.720566232730448,2.1010029896154583,2.1229179499593664,-4.91
24.0,22.0,3.861111111111111,1.8333333333333333,54.0,3.270055610029662,3.0245638646895836,3.0666666666666664,5.654655746264211,6.390681974697982,4.461420286601642,4.180374063177299,38.75,17.823028822792917,10.06449510224598,6.0,10.0,7.0,52.0,108.0,11.483333333333333,166.0,130.0,20.0,52.0,30.0,14.677511786966832,7.7274066103125465,1.9318516525781364,2.678257743164726,-3.09
34.0,36.0,2.611111111111111,2.0,76.0,3.931851652578137,3.9189910556894993,3.8666666666666663,7.8821967329218765,8.122522350258794,5.6568542494923815,5.729567401660266,64.0,24.366430302876516,13.365058181991749,4.0,4.0,10.0,64.0,122.0,15.783333333333333,246.0,234.0,22.0,109.0,50.0,18.479022537159658,10.424292428609819,2.1357792050698574,2.1250162554146717,-7.0
22.0,20.0,3.25,2.0,42.0,3.414213562373095,3.1547005383792515,3.333333333333333,5.885618083164127,6.121320343559642,4.242640687119286,3.9831276631254418,48.0,15.78584445398434,7.656854249492381,2.0,2.0,5.0,56.0,126.0,11.15,182.0,146.0,18.0,56.0,30.0,14.474486727605713,8.054678984251696,1.8477590650225737,2.447472887876344,-4.23
16.0,14.0,3.361111111111111,1.3333333333333333,38.0,2.270055610029662,2.0245638646895836,2.0666666666666664,3.6546557462642113,4.390681974697982,3.0472067242285474,2.766160500804204,22.75,12.16617457330054,7.23606797749979,6.0,10.0,5.0,18.0,28.0,6.666666666666666,52.0,36.0,10.0,18.0,12.0,10.118119614388581,5.226251859505506,1.8477590650225744,2.5395388613593908,-3.71
30.0,31.0,2.361111111111111,1.6666666666666665,68.0,3.393846850117352,3.3944271909999157,3.3,6.82561719801098,7.195941990698567,5.059137268047012,5.084727244415705,51.375,21.68708871008112,12.128990204491961,4.0,6.0,9.0,42.0,71.0,12.916666666666666,163.0,157.0,11.0,78.0,36.0,16.189602380978528,8.720566232730448,2.1010029896154587,2.122917949959366,-4.01
2.0,1.0,2.0,1.0,2.0,1.0,0.7071067811865475,1.0,1.0,1.0,0.0,0.0,0.0,1.4142135623730951,0.0,0.0,0.0,0.0,1.0,1.0,1.0,2.0,1.0,0.0,1.0,0.0,3.0861612696304874,2.0,1.0,1.0,-0.82
2.0,1.0,2.0,1.0,2.0,1.0,0.7071067811865475,1.0,1.0,1.0,0.0,0.0,0.0,1.4142135623730951,0.0,0.0,0.0,0.0,1.0,1.0,1.0,2.0,1.0,0.0,1.0,0.0,3.0861612696304874,2.0,1.0,1.0,-5.1
26.0,24.0,3.5,2.25,50.0,3.914213562373095,3.6547005383792515,3.833333333333333,6.885618083164127,7.121320343559642,4.949747468305834,4.69023444431199,56.0,18.61427157873053,9.071067811865476,2.0,2.0,6.0,84.0,210.0,13.742857142857144,280.0,231.0,24.0,84.0,42.0,16.754072029940975,9.517540966287266,1.8793852415718166,2.53006045688352,-2.67
82.0,97.0,6.166666666666667,3.5555555555555554,214.0,7.609060905280623,7.830095834319148,7.2666666666666675,16.38328520359084,17.701285058155637,12.25617390653662,12.837723831096946,134.453125,59.59822767711065,36.74326178322249,12.0,20.0,30.0,394.0,981.0,49.14285714285714,1588.0,1589.0,160.0,664.0,260.0,39.34749038676824,19.892691717463663,2.430907836833065,2.124689383373654,-2.28
46.0,51.0,4.333333333333334,2.3055555555555554,116.0,4.715214055163271,4.710923771927642,4.466666666666667,9.557668005579858,10.505343067457073,7.3183569820492504,7.424827187457706,72.90625,33.66849827991025,20.371630891611247,8.0,14.0,16.0,114.0,231.0,22.9,428.0,396.0,48.0,180.0,84.0,23.475339554123394,11.945821561028193,2.2671838628845,2.3960449098608665,-7.37
30.0,31.0,2.361111111111111,1.6666666666666665,68.0,3.393846850117352,3.3944271909999157,3.3,6.825617198010981,7.195941990698567,5.059137268047012,5.084727244415705,51.375,21.68708871008112,12.128990204491961,4.0,6.0,9.0,42.0,71.0,12.916666666666666,163.0,157.0,11.0,78.0,36.0,16.18960238097852,8.720566232730448,2.1010029896154583,2.1229179499593664,-3.88
30.0,28.0,3.75,2.5,58.0,4.414213562373095,4.1547005383792515,4.333333333333333,7.885618083164127,8.121320343559642,5.6568542494923815,5.397341225498538,64.0,21.442698703476722,10.485281374238571,2.0,2.0,7.0,120.0,330.0,16.460714285714285,408.0,344.0,32.0,120.0,56.0,19.03365733227704,10.627503029350086,1.9021130325903075,2.595082706793886,-2.29
40.0,43.0,3.4722222222222223,2.111111111111111,96.0,4.304530452640312,4.302675481463779,4.133333333333333,8.691642601795419,9.35064252907782,6.542300515641405,6.60833060652998,66.140625,29.092007057368782,16.95741732923815,6.0,10.0,13.0,88.0,176.0,19.15,335.0,315.0,35.0,142.0,66.0,20.97192339402509,11.18995723015805,2.193993277712658,2.228362114935043,-4.12
52.0,58.0,5.194444444444445,2.4722222222222223,136.0,5.109060905280623,5.105350962927558,4.7666666666666675,10.383285203590841,11.701285058155639,8.134853562976977,8.266913744754124,76.28125,38.38502424151423,24.015339721864635,12.0,20.0,19.0,150.0,327.0,26.599999999999998,559.0,513.0,55.0,236.0,104.0,25.96847457202106,12.675204166065733,2.302775637731995,2.437159260034696,-2.53
58.0,68.0,6.055555555555555,2.7777777777777777,156.0,5.574586062669974,5.551984217544952,5.200000000000001,11.346298348059632,12.741324503775802,8.761080115123763,8.995553725371172,91.0625,42.67239519304241,27.02191243148413,12.0,20.0,22.0,182.0,393.0,31.0,670.0,606.0,62.0,289.0,126.0,28.492053757628547,14.708146448082836,2.3776833678656857,2.6344089870615974,-25.47
2.0,1.0,2.0,1.0,2.0,1.0,0.7071067811865475,1.0,1.0,1.0,0.0,0.0,0.0,1.4142135623730951,0.0,0.0,0.0,0.0,1.0,1.0,1.0,2.0,1.0,0.0,1.0,0.0,3.0861612696304874,2.0,1.0,1.0,-0.22
12.0,9.0,3.111111111111111,1.0,30.0,1.7320508075688776,1.5,1.5,2.598076211353316,3.4641016151377553,2.449489742783178,2.121320343559643,10.125,9.486832980505138,6.0,6.0,12.0,4.0,9.0,12.0,4.5,24.0,15.0,6.0,9.0,6.0,7.829154880351855,3.4641016151377544,1.7320508075688772,2.3237900077244498,-9.28
76.0,90.0,2.9444444444444446,3.0555555555555554,188.0,6.932652990377571,7.394205344927391,6.866666666666667,15.838367176906171,16.164965809277263,11.232828269945003,12.072407202906604,134.78125,54.30025432642762,32.03067944372927,8.0,8.0,26.0,279.0,680.0,40.78571428571429,1248.0,1392.0,64.0,656.0,216.0,35.85389960896524,19.313708498984766,2.4142135623730963,1.6824884302593337,-3.15
36.0,39.0,3.2222222222222223,1.8611111111111112,88.0,3.804530452640311,3.802675481463779,3.6333333333333333,7.691642601795419,8.350642529077819,5.835193734454857,5.901223825343431,58.140625,26.26357993262259,15.543203766865057,6.0,10.0,12.0,60.0,106.0,16.166666666666664,228.0,214.0,20.0,106.0,50.0,18.69255664280207,9.953959938490609,2.193527085331054,2.2794002709583667,-5.53
14.0,12.0,2.75,1.5,26.0,2.414213562373095,2.1547005383792515,2.333333333333333,3.885618083164127,4.121320343559642,2.8284271247461903,2.568914100752347,32.0,10.12899020449196,4.82842712474619,2.0,2.0,3.0,20.0,35.0,6.416666666666666,60.0,44.0,8.0,20.0,12.0,9.915316149982342,5.464101615137754,1.7320508075688772,2.19060968716425,-0.4
34.0,32.0,4.0,2.75,66.0,4.914213562373096,4.654700538379252,4.833333333333333,8.885618083164127,9.121320343559642,6.363961030678929,6.104448006685086,72.0,24.271125828222914,11.899494936611667,2.0,2.0,8.0,165.0,495.0,19.289682539682538,570.0,489.0,40.0,165.0,72.0,21.313242634613108,12.05334836666454,1.918985947228995,2.6476048489438337,-3.88
30.0,31.0,2.361111111111111,1.6666666666666665,68.0,3.393846850117352,3.3944271909999157,3.3,6.825617198010981,7.195941990698567,5.059137268047012,5.084727244415705,51.375,21.68708871008112,12.128990204491961,4.0,6.0,9.0,42.0,71.0,12.916666666666666,163.0,157.0,11.0,78.0,36.0,16.18960238097852,8.720566232730448,2.1010029896154583,2.1229179499593664,-4.93
22.0,21.0,4.222222222222222,1.4444444444444442,58.0,2.6427344100918364,2.408248290463863,2.333333333333333,4.464101615137754,5.618802153517006,3.932652990377571,3.644923705673916,24.890625,16.891751327792804,10.82842712474619,8.0,16.0,8.0,29.0,47.0,9.333333333333334,86.0,61.0,16.0,29.0,20.0,12.610552651797747,5.999999999999999,1.9999999999999998,2.9934972434784735,0.1
20.0,16.0,4.0625,1.0,68.0,2.0,1.7888543819998317,1.6,3.2,5.0,3.4641016151377544,3.0983866769659336,9.48148148148148,16.492422502470642,12.0,12.0,36.0,9.0,16.0,22.0,7.0,44.0,28.0,12.0,16.0,12.0,10.524391382167263,4.0,2.0,3.0237157840738176,0.84
68.0,77.0,3.8333333333333335,3.222222222222222,162.0,6.877010097711745,7.105350962927559,6.766666666666667,14.785208992237525,15.237183443017884,10.635111288499633,11.095340869500316,122.15625,48.69718113423244,27.914834658476305,6.0,8.0,22.0,307.0,816.0,38.429761904761904,1282.0,1335.0,112.0,505.0,198.0,34.11562810435857,18.814625057107392,2.307250371348216,1.8179762710410508,-2.78
40.0,43.0,3.4722222222222223,2.166666666666667,96.0,4.325698502695489,4.313418246689415,4.166666666666666,8.707813930932858,9.318464340957362,6.473350830420108,6.571653958956686,67.375,29.082956264480494,17.00876701224514,8.0,10.0,13.0,90.0,187.0,19.066666666666666,341.0,319.0,25.0,150.0,66.0,20.971923394025076,11.18995723015805,2.193993277712657,2.1804017457062086,-0.95
30.0,31.0,2.361111111111111,1.6666666666666665,68.0,3.393846850117352,3.3944271909999157,3.3,6.825617198010981,7.195941990698567,5.059137268047012,5.084727244415705,51.375,21.68708871008112,12.128990204491961,4.0,6.0,9.0,42.0,71.0,12.916666666666666,163.0,157.0,11.0,78.0,36.0,16.18960238097852,8.720566232730448,2.1010029896154583,2.1229179499593664,-4.77
40.0,44.0,5.3125,2.75,108.0,4.742640687119286,4.442394238613955,4.5,8.542472332656509,9.485281374238568,6.363961030678929,6.282494181655957,72.0,29.661242854743666,18.063324203046612,12.0,20.0,14.0,121.0,255.0,21.68333333333333,394.0,313.0,60.0,121.0,72.0,22.001871559394466,11.861981290230514,2.2504298553379924,3.8747749631204758,-5.73
72.0,87.0,2.6944444444444446,2.8333333333333335,180.0,6.449489742783179,6.9080264443913375,6.4,14.878775382679628,15.123724356957947,10.485281374238573,11.339710445351367,130.171875,51.33179246261893,30.38697061347588,6.0,6.0,25.0,219.0,490.0,36.983333333333334,984.0,1101.0,68.0,420.0,166.0,33.6757722345844,17.905890120097826,2.468694461209195,1.7616255066046675,-3.35
12.0,9.0,3.111111111111111,1.0,30.0,1.7320508075688776,1.5,1.5,2.598076211353316,3.4641016151377553,2.449489742783178,2.121320343559643,10.125,9.486832980505138,6.0,6.0,12.0,4.0,9.0,12.0,4.5,24.0,15.0,6.0,9.0,6.0,7.829154880351855,3.4641016151377544,1.7320508075688772,2.3237900077244498,-9.71
28.0,28.0,4.5625,1.75,84.0,3.1213203435596424,2.8656243103068935,2.8,5.371236166328254,6.742640687119284,4.5604779323150675,4.336887038717671,36.74074074074074,21.662619116234062,14.32455532033676,12.0,28.0,11.0,44.0,76.0,12.25,134.0,98.0,26.0,44.0,30.0,15.122655423942513,7.595865303863629,2.1357792050698583,3.3604351426960575,-5.1
22.0,21.0,4.222222222222222,1.4444444444444442,58.0,2.6427344100918364,2.408248290463863,2.333333333333333,4.464101615137754,5.618802153517006,3.932652990377571,3.644923705673916,24.890625,16.891751327792804,10.82842712474619,8.0,16.0,8.0,29.0,47.0,9.333333333333334,86.0,61.0,16.0,29.0,20.0,12.610552651797747,5.999999999999999,1.9999999999999998,2.9934972434784735,-2.37
44.0,48.0,3.7222222222222223,2.4444444444444446,104.0,4.842535255101096,4.8272393461533625,4.699999999999999,9.748222136706314,10.277222888638047,7.140017497086775,7.253170763774541,78.765625,31.771348650164185,18.19348530673794,6.0,8.0,14.0,121.0,263.0,22.383333333333333,460.0,432.0,48.0,184.0,84.0,23.261343660490375,12.857278973510141,2.214319743377536,2.239538805558814,-3.3
22.0,20.0,3.25,2.0,42.0,3.414213562373095,3.1547005383792515,3.333333333333333,5.885618083164127,6.121320343559642,4.242640687119286,3.9831276631254418,48.0,15.785844453984339,7.65685424949238,2.0,2.0,5.0,56.0,126.0,11.15,182.0,146.0,18.0,56.0,30.0,14.47448672760572,8.054678984251696,1.8477590650225744,2.447472887876344,0.18
26.0,24.0,3.5,2.25,50.0,3.914213562373095,3.6547005383792515,3.833333333333333,6.885618083164127,7.121320343559642,4.949747468305834,4.69023444431199,56.0,18.61427157873053,9.071067811865476,2.0,2.0,6.0,84.0,210.0,13.742857142857144,280.0,231.0,24.0,84.0,42.0,16.754072029940975,9.517540966287266,1.8793852415718166,2.53006045688352,0.34
82.0,98.0,3.805555555555556,3.25,208.0,7.34333659290053,7.802453635391254,7.2,16.70439258069061,17.31966634765651,12.008884736352847,12.888903783834333,141.546875,58.87674554896909,35.44489300610236,10.0,12.0,29.0,334.0,835.0,45.411904761904765,1469.0,1609.0,89.0,766.0,248.0,38.35733794669403,20.161767881894523,2.4392669034084364,1.713625754226305,-3.52
40.0,44.0,5.3125,2.75,108.0,4.742640687119286,4.442394238613955,4.5,8.542472332656507,9.48528137423857,6.363961030678929,6.282494181655957,72.0,29.66124285474367,18.063324203046616,12.0,20.0,14.0,121.0,255.0,21.68333333333333,394.0,313.0,60.0,121.0,72.0,22.001871559394463,11.861981290230514,2.250429855337992,3.8747749631204758,-6.4
16.0,14.0,3.361111111111111,1.3333333333333333,38.0,2.270055610029662,2.0245638646895836,2.0666666666666664,3.6546557462642113,4.390681974697982,3.0472067242285474,2.766160500804204,22.75,12.16617457330054,7.23606797749979,6.0,10.0,5.0,18.0,28.0,6.666666666666666,52.0,36.0,10.0,18.0,12.0,10.118119614388581,5.226251859505506,1.8477590650225744,2.5395388613593908,0.0
50.0,52.0,3.611111111111111,3.0,108.0,5.931851652578137,5.918991055689499,5.866666666666666,11.882196732921877,12.122522350258794,8.485281374238573,8.557994526406457,96.0,35.680138801861276,19.021912431484132,4.0,4.0,14.0,242.0,721.0,27.767063492063492,938.0,902.0,66.0,323.0,126.0,27.597591539764885,15.459016797810092,2.1576474182659755,1.9062207717184476,-0.04
66.0,78.0,6.555555555555555,3.4444444444444446,172.0,6.650595667591544,6.601111946924121,6.333333333333335,13.459457417881422,14.594485222896257,9.956514078014502,10.285234039860295,116.3125,48.0310783786332,29.494048386483712,12.0,16.0,24.0,282.0,669.0,38.95,1038.0,940.0,98.0,427.0,176.0,33.071590546446544,16.993988027395254,2.4038421575175,2.7182980778975843,-7.78
72.0,80.0,7.347222222222222,2.833333333333333,220.0,6.210343431045079,6.228064901018035,5.571428571428572,12.698670225674663,15.603208846802321,10.729787558561725,10.850488764244961,89.8702222222222,54.8176931050543,36.983801585673326,24.0,60.0,30.0,289.0,713.0,38.983333333333334,1072.0,980.0,100.0,420.0,176.0,33.679957289486296,15.576881681445052,2.3809827988211696,2.61299631876269,1.07
58.0,64.0,2.7222222222222223,2.75,134.0,5.949489742783179,6.183281572999748,5.8999999999999995,12.878775382679628,13.123724356957947,9.192388155425121,9.597327483754734,104.0,41.43229752600727,23.315902801610406,6.0,6.0,18.0,209.0,534.0,30.002380952380953,890.0,946.0,66.0,309.0,132.0,29.4048637570279,15.982233596237648,2.2464283677215353,1.6942826095003782,-7.63
56.0,65.0,3.0833333333333335,2.4722222222222223,138.0,5.377010097711746,5.605350962927558,5.2666666666666675,11.785208992237525,12.237183443017884,8.51379094493999,8.974020525940672,98.15625,40.211899759993855,23.672193971357014,6.0,8.0,19.0,140.0,285.0,27.849999999999998,590.0,618.0,48.0,300.0,118.0,27.278488539440634,14.49535709032105,2.351365126324358,1.993176049339423,-7.28
42.0,42.0,5.472222222222222,2.8333333333333335,98.0,5.201907262607799,4.943554920379084,4.933333333333333,9.536852479186088,10.513204324956776,7.289847411347834,7.081514340091377,70.75,30.875750626684674,17.77269903474535,10.0,14.0,13.0,184.0,490.0,23.77738095238095,626.0,526.0,62.0,184.0,90.0,24.018757261330382,12.184667847868203,2.1010029896154587,3.317874055589367,-6.0
28.0,31.0,2.7222222222222223,1.361111111111111,72.0,2.804530452640311,2.802675481463779,2.6333333333333333,5.69164260179542,6.350642529077819,4.420980172081761,4.487010262970336,42.140625,20.606725683130215,12.714776642118865,6.0,10.0,10.0,28.0,45.0,9.833333333333332,104.0,93.0,14.0,28.0,21.0,15.508059767866161,7.191688434954843,2.2784136094964453,2.1294720529298923,-4.61
20.0,20.0,1.25,1.25,40.0,2.5,2.5,2.5,5.0,5.0,3.5355339059327378,3.5355339059327378,40.0,14.142135623730951,7.0710678118654755,0.0,0.0,5.0,15.0,20.0,7.5,60.0,60.0,0.0,20.0,10.0,11.496186321883666,6.47213595499958,1.9999999999999987,2.083333333333333,-4.78
92.0,107.0,7.277777777777778,3.944444444444445,242.0,8.486071002992368,8.710701925855117,8.033333333333335,18.168494195828362,19.93846850117352,13.820217383170776,14.412507145948608,142.4375,67.28321550252333,42.03067944372927,18.0,28.0,34.0,597.0,1793.0,56.915476190476184,2392.0,2379.0,186.0,984.0,330.0,44.10874942836537,22.139448473167413,2.3997501824978955,1.966122730914607,-9.4
36.0,38.0,3.2222222222222223,1.8333333333333333,88.0,3.787693700234704,3.7888543819998315,3.6,7.6512343960219615,8.391883981397134,5.875633848974738,5.926813801712124,54.75,26.403614671685094,15.77269903474535,8.0,12.0,12.0,62.0,115.0,16.03333333333333,236.0,222.0,12.0,110.0,50.0,18.68250312825291,9.92477721636806,2.170086486626033,2.1923771580194713,2.11
30.0,31.0,2.361111111111111,1.6666666666666665,68.0,3.393846850117352,3.3944271909999157,3.3,6.82561719801098,7.195941990698567,5.059137268047012,5.0847272444157054,51.375,21.68708871008112,12.128990204491961,4.0,6.0,9.0,42.0,71.0,12.916666666666666,163.0,157.0,11.0,78.0,36.0,16.189602380978524,8.720566232730448,2.1010029896154583,2.122917949959366,-5.46
108.0,126.0,5.916666666666666,4.694444444444444,268.0,10.25402019542349,10.710701925855117,10.033333333333335,22.570417984475046,23.47436688603576,16.32047510869343,17.240934270694794,188.3125,77.59537239524151,45.93017438034093,12.0,16.0,37.0,882.0,2780.0,72.70873015873016,3706.0,3867.0,266.0,1385.0,452.0,52.24060178230148,27.54501083422356,2.4476334782893145,1.7043469931371242,-7.43
36.0,38.0,3.2222222222222223,1.8333333333333333,88.0,3.787693700234704,3.7888543819998315,3.6,7.6512343960219615,8.391883981397134,5.875633848974738,5.926813801712124,54.75,26.403614671685094,15.77269903474535,8.0,12.0,12.0,62.0,115.0,16.033333333333335,236.0,222.0,12.0,110.0,50.0,18.682503128252915,9.924777216368064,2.170086486626034,2.1923771580194713,-6.19
36.0,39.0,3.2222222222222223,1.861111111111111,88.0,3.804530452640311,3.802675481463779,3.6333333333333333,7.691642601795419,8.350642529077819,5.835193734454857,5.901223825343432,58.140625,26.26357993262259,15.543203766865055,6.0,10.0,12.0,60.0,106.0,16.166666666666668,228.0,214.0,20.0,106.0,50.0,18.692556642802074,9.953959938490613,2.1935270853310533,2.2794002709583667,-4.91
42.0,46.0,4.083333333333334,2.0277777777777777,108.0,4.198377302757663,4.197102672463695,3.9333333333333336,8.5172597998064,9.546584519776387,6.6516903153825835,6.743310382639851,61.515625,30.980105894226565,19.186912597118443,10.0,16.0,15.0,84.0,160.0,19.53333333333333,315.0,291.0,27.0,144.0,66.0,21.185691438717136,10.792280186226476,2.2458267799378633,2.34622717382778,-0.86
40.0,44.0,3.4722222222222223,2.1944444444444446,96.0,4.3425352551010965,4.3272393461533625,4.199999999999999,8.748222136706316,9.277222888638047,6.432910715900227,6.5460639825879925,70.765625,28.942921525417994,16.77927174436485,6.0,8.0,13.0,86.0,167.0,19.28333333333333,325.0,303.0,33.0,142.0,66.0,20.982204647916753,11.203557775951705,2.2215832939527687,2.29725588417896,-0.85
52.0,58.0,5.194444444444445,2.4722222222222228,136.0,5.109060905280622,5.105350962927558,4.766666666666667,10.383285203590841,11.701285058155639,8.134853562976977,8.266913744754124,76.28125,38.38502424151423,24.015339721864635,12.0,20.0,19.0,152.0,337.0,26.5,567.0,521.0,51.0,240.0,104.0,25.968018983739203,13.152542465958094,2.2924555152471338,2.3956341215135133,-3.75
58.0,65.0,2.7222222222222223,2.7777777777777777,134.0,5.966326495188786,6.197102672463695,5.933333333333334,12.919183588453084,13.082482904638631,9.15194804090524,9.571737507386041,107.390625,41.29226278694477,23.086407533730114,4.0,4.0,18.0,198.0,477.0,30.576190476190476,840.0,889.0,72.0,360.0,144.0,29.333306867925067,16.38337686990968,2.2784136094964453,1.7997325191361424,-2.7
42.0,47.0,4.083333333333334,2.055555555555556,108.0,4.215214055163271,4.210923771927642,3.966666666666667,8.557668005579858,9.505343067457071,6.6112502008627025,6.717720406271157,64.90625,30.84007115516406,18.95741732923815,8.0,14.0,15.0,82.0,151.0,19.666666666666664,307.0,283.0,31.0,140.0,66.0,21.195751125405685,10.891330678669735,2.2638209778523968,2.413324848196347,-6.16
76.0,85.0,7.145833333333332,3.736111111111111,206.0,7.504149058184817,7.470975273234452,7.066666666666666,15.145075501045554,16.9658055664559,11.65096660654513,11.89669400228525,116.51099537037037,56.26345607988434,35.32402711749647,20.0,36.0,28.0,473.0,1468.0,45.49444444444444,1782.0,1662.0,134.0,653.0,234.0,37.82138594106894,19.3852927294805,2.319605929606235,2.367316083199427,-7.19
84.0,93.0,7.645833333333332,4.236111111111111,222.0,8.504149058184817,8.470975273234453,8.066666666666668,17.145075501045554,18.9658055664559,13.065180168918225,13.310907564658345,132.51099537037038,61.920310329376726,38.152454242242655,20.0,36.0,30.0,661.0,2207.0,53.73809523809524,2498.0,2340.0,182.0,877.0,300.0,42.38146155068941,21.24992592939768,2.3299645347730604,2.4177859013499994,-6.74
110.0,130.0,11.70138888888889,4.944444444444445,314.0,10.055966538104823,10.020898213135228,9.252380952380953,20.52467200915019,23.737668911176378,16.235363694145803,16.67304145022497,165.54448611111115,81.7735310443854,53.34881305868648,26.0,54.0,44.0,914.0,2625.0,79.07619047619048,3362.0,3052.0,310.0,1267.0,456.0,52.63013356433317,24.946602159684385,2.513927061123422,3.268497826290085,-5.66
6.0,4.0,2.25,1.0,10.0,1.414213562373095,1.1547005383792517,1.3333333333333333,1.885618083164127,2.1213203435596424,1.4142135623730951,1.1547005383792517,16.0,4.47213595499958,2.0,2.0,2.0,1.0,4.0,5.0,2.5,10.0,6.0,2.0,4.0,2.0,5.356367113217143,2.8284271247461907,1.4142135623730954,1.6329931618554523,-1.61
94.0,108.0,6.916666666666666,4.277777777777778,238.0,9.092224152875016,9.3162747348552,8.733333333333334,19.34287699781738,20.742526510474953,14.417934364616146,14.984634151025283,155.0625,68.22354379041174,41.215397738222066,14.0,22.0,33.0,724.0,2349.0,60.349999999999994,2924.0,2936.0,216.0,1092.0,368.0,46.17340559671423,24.43328916067105,2.3608497219832403,1.8848804805448816,-10.78
26.0,27.0,2.111111111111111,1.4166666666666665,60.0,2.893846850117352,2.8944271909999157,2.8,5.82561719801098,6.195941990698567,4.352030486860464,4.3776204632291575,43.375,18.85866158533493,10.714776642118865,4.0,6.0,8.0,26.0,39.0,10.166666666666666,100.0,95.0,8.0,33.0,19.0,13.991826457480952,7.465883060453301,2.1149075414767564,2.184105569636068,-5.49
28.0,27.0,4.111111111111111,2.166666666666667,62.0,3.808060412490447,3.549127729379167,3.633333333333333,6.7112352811751075,7.317262334258209,5.059137268047012,4.825214220421861,51.375,20.502370415588317,11.30056307974577,6.0,8.0,8.0,76.0,170.0,14.266666666666667,248.0,199.0,28.0,76.0,42.0,16.9667011599727,9.409260218956907,1.9890437907365472,2.862065598305084,-2.56
20.0,18.0,3.611111111111111,1.5833333333333333,46.0,2.770055610029662,2.5245638646895836,2.5666666666666664,4.654655746264211,5.390681974697982,3.7543135054150953,3.4732672819907515,30.75,14.99460169804673,8.650281539872886,6.0,10.0,6.0,32.0,58.0,9.0,98.0,73.0,14.0,32.0,20.0,12.397923494716462,6.155367074350508,1.9021130325903077,2.6272148478988635,1.47
90.0,104.0,6.666666666666666,4.027777777777778,230.0,8.592224152875016,8.8162747348552,8.233333333333334,18.34287699781738,19.742526510474953,13.710827583429598,14.277527369838733,147.0625,65.39511666566554,39.801184175848974,14.0,22.0,32.0,626.0,2003.0,55.99404761904762,2530.0,2539.0,170.0,1002.0,330.0,43.89451325578819,22.77242707880856,2.3819289734934146,1.8729475655862897,-8.42
112.0,129.0,11.340277777777777,5.222222222222221,310.0,10.628446183176258,10.598828823207418,9.885714285714286,21.618238399592297,24.624209825116445,16.913960904630937,17.29634840803903,171.38823611111115,82.99392881039881,52.99252188893987,26.0,52.0,43.0,1082.0,3356.0,82.43809523809524,4009.0,3673.0,349.0,1454.0,500.0,54.67530916066963,26.63805746587206,2.479060927454202,3.1477809454862653,-7.98
6.0,4.0,2.25,1.0,10.0,1.414213562373095,1.1547005383792517,1.3333333333333333,1.885618083164127,2.1213203435596424,1.4142135623730951,1.1547005383792517,16.0,4.47213595499958,2.0,2.0,2.0,1.0,4.0,5.0,2.5,10.0,6.0,2.0,4.0,2.0,5.356367113217143,2.8284271247461907,1.4142135623730954,1.6329931618554523,-0.59
56.0,62.0,5.444444444444445,2.7222222222222223,144.0,5.609060905280623,5.605350962927558,5.266666666666667,11.383285203590841,12.70128505815564,8.841960344163525,8.974020525940672,84.28125,41.21345136626042,25.42955328423773,12.0,20.0,20.0,202.0,495.0,29.852380952380955,760.0,706.0,72.0,298.0,126.0,28.24714559829458,14.383376869909686,2.278413609496446,2.3364450342873475,-9.76
28.0,27.0,4.111111111111111,2.166666666666667,62.0,3.808060412490447,3.549127729379167,3.633333333333333,6.7112352811751075,7.317262334258209,5.059137268047012,4.825214220421861,51.375,20.50237041558832,11.300563079745771,6.0,8.0,8.0,75.0,165.0,14.316666666666666,244.0,195.0,30.0,75.0,42.0,16.96691976501489,8.828427124746192,2.0,2.919612641438553,-2.92
44.0,48.0,3.7222222222222223,2.4444444444444446,104.0,4.842535255101096,4.8272393461533625,4.699999999999999,9.748222136706314,10.277222888638047,7.140017497086775,7.253170763774541,78.765625,31.771348650164185,18.19348530673794,6.0,8.0,14.0,121.0,263.0,22.383333333333333,460.0,432.0,48.0,184.0,84.0,23.261343660490375,12.857278973510141,2.214319743377536,2.239538805558814,-3.92
40.0,43.0,3.4722222222222223,2.166666666666667,96.0,4.325698502695489,4.313418246689415,4.166666666666667,8.707813930932858,9.31846434095736,6.473350830420108,6.571653958956686,67.375,29.082956264480494,17.00876701224514,8.0,10.0,13.0,90.0,187.0,19.066666666666663,341.0,319.0,25.0,150.0,66.0,20.971923394025076,11.18995723015805,2.193993277712658,2.1804017457062086,-4.27
32.0,31.0,4.361111111111111,2.416666666666667,70.0,4.3080604124904465,4.049127729379167,4.133333333333333,7.7112352811751075,8.31726233425821,5.76624404923356,5.532321001608409,59.375,23.330797540334512,12.714776642118867,6.0,8.0,9.0,108.0,264.0,17.109523809523807,360.0,296.0,38.0,108.0,56.0,19.246508084486482,10.383982834675734,2.015316067192599,2.9548225727898005,-2.28
24.0,24.0,1.5,1.5,48.0,3.0,3.0,3.0,6.0,6.0,4.242640687119286,4.242640687119286,48.0,16.970562748477143,8.485281374238571,0.0,0.0,6.0,27.0,42.0,10.0,108.0,108.0,0.0,54.0,24.0,13.696713921428238,8.0,2.0,2.0,-7.4
116.0,138.0,9.229166666666664,5.374999999999999,312.0,10.969674215574168,11.142353399243436,10.5,23.108088645514343,25.00584501207606,17.105620283438107,17.903250850431665,197.46412037037038,84.59245759175514,52.47273545084692,20.0,36.0,43.0,1137.0,3790.0,82.15079365079364,4496.0,4403.0,336.0,1376.0,502.0,56.099246289638856,28.475454125866342,2.5171496848691635,2.122870216680324,-5.74
18.0,16.0,3.0,1.75,34.0,2.914213562373095,2.6547005383792515,2.833333333333333,4.885618083164127,5.121320343559642,3.5355339059327378,3.2760208819388943,40.0,12.95741732923815,6.242640687119285,2.0,2.0,4.0,35.0,70.0,8.7,110.0,85.0,12.0,35.0,20.0,12.194901425440477,6.987918414869869,1.8019377358048385,2.3390923149762908,-6.69
20.0,19.0,3.611111111111111,1.6666666666666667,46.0,2.808060412490447,2.5491277293791677,2.6333333333333333,4.7112352811751075,5.317262334258209,3.644923705673916,3.4110006580487657,35.375,14.845516166095939,8.47213595499958,6.0,8.0,6.0,31.0,54.0,9.083333333333332,94.0,69.0,16.0,31.0,20.0,12.407305943380177,6.898979485566356,1.9318516525781362,2.7541847860376616,2.51
30.0,31.0,2.361111111111111,1.6666666666666665,68.0,3.393846850117352,3.3944271909999157,3.3,6.825617198010981,7.195941990698567,5.059137268047012,5.084727244415705,51.375,21.68708871008112,12.128990204491961,4.0,6.0,9.0,42.0,71.0,12.916666666666666,163.0,157.0,11.0,78.0,36.0,16.18960238097852,8.720566232730448,2.1010029896154583,2.1229179499593664,-5.51
20.0,18.0,3.611111111111111,1.5833333333333333,46.0,2.770055610029662,2.5245638646895836,2.5666666666666664,4.654655746264211,5.390681974697982,3.7543135054150953,3.4732672819907515,30.75,14.99460169804673,8.650281539872886,6.0,10.0,6.0,32.0,58.0,9.0,98.0,73.0,14.0,32.0,20.0,12.397923494716462,6.155367074350508,1.9021130325903077,2.6272148478988635,-3.34
42.0,45.0,4.083333333333334,2.0,108.0,4.181540550352056,4.183281572999747,3.9,8.476851594032942,9.587825972095702,6.692130429902464,6.768900359008543,58.125,31.12014063328907,19.41640786499874,12.0,18.0,15.0,84.0,159.0,19.499999999999996,315.0,291.0,27.0,144.0,66.0,21.17608116869581,10.12899020449196,2.2360679774997894,2.340851616437875,-0.9
42.0,46.0,4.083333333333334,2.0277777777777777,108.0,4.198377302757663,4.197102672463695,3.933333333333333,8.5172597998064,9.546584519776387,6.651690315382584,6.74331038263985,61.515625,30.980105894226565,19.186912597118447,10.0,16.0,15.0,84.0,160.0,19.53333333333333,315.0,291.0,27.0,144.0,66.0,21.18569143871714,10.792280186226474,2.2458267799378633,2.34622717382778,-16.92
6.0,4.0,2.25,1.0,10.0,1.414213562373095,1.1547005383792517,1.3333333333333333,1.885618083164127,2.1213203435596424,1.4142135623730951,1.1547005383792517,16.0,4.47213595499958,2.0,2.0,2.0,1.0,4.0,5.0,2.5,10.0,6.0,2.0,4.0,2.0,5.356367113217143,2.8284271247461907,1.4142135623730954,1.6329931618554523,-5.0
62.0,73.0,3.9444444444444446,2.666666666666667,158.0,5.787693700234704,6.013599253391422,5.6000000000000005,12.651234396021962,13.391883981397134,9.289847411347834,9.790517106868398,104.921875,44.78839098253533,27.086407533730114,8.0,12.0,22.0,176.0,370.0,31.999999999999996,728.0,747.0,60.0,366.0,142.0,29.78193606289498,15.799892152660123,2.3927562471951065,2.0549101980429936,-2.82
100.0,120.0,6.388888888888889,3.7777777777777772,268.0,8.541713895658194,8.999556307854949,8.133333333333335,19.22165238049701,20.866250867432896,14.417934364616144,15.389573479354898,155.0625,72.88628869471853,46.146524228982244,20.0,28.0,38.0,571.0,1666.0,59.16746031746031,2424.0,2556.0,128.0,1236.0,356.0,45.84658448065318,22.93082415789922,2.466731803970713,1.6883898152564418,-3.37
46.0,52.0,4.333333333333334,2.388888888888889,116.0,4.753218857624056,4.735487636617226,4.533333333333333,9.614247540490753,10.431923427017297,7.208967182308072,7.362560563515719,77.53125,33.519412747959464,20.19348530673794,8.0,12.0,16.0,112.0,222.0,23.03333333333333,418.0,384.0,46.0,181.0,84.0,23.485627035303125,11.981409569829138,2.288245611270737,2.4503444935135583,-4.71
14.0,12.0,2.75,1.5,26.0,2.414213562373095,2.1547005383792515,2.333333333333333,3.885618083164127,4.121320343559642,2.8284271247461903,2.568914100752347,32.0,10.12899020449196,4.82842712474619,2.0,2.0,3.0,20.0,35.0,6.416666666666666,60.0,44.0,8.0,20.0,12.0,9.915316149982342,5.464101615137754,1.7320508075688772,2.19060968716425,-2.56
48.0,54.0,4.944444444444445,2.2222222222222223,128.0,4.609060905280623,4.605350962927558,4.266666666666667,9.38328520359084,10.701285058155639,7.427746781790429,7.559806963567577,68.28125,35.55659711676804,22.60112615949154,12.0,20.0,18.0,111.0,220.0,23.23333333333333,412.0,376.0,32.0,186.0,84.0,23.6888922595993,11.683238505927559,2.302775637731995,2.461968939797749,-1.34
60.0,64.0,4.722222222222222,3.4999999999999996,136.0,6.863703305156274,6.837982111379,6.733333333333333,13.764393465843755,14.245044700517589,9.899494936611669,10.044921240947438,112.0,43.076006356260656,23.901689239237314,8.0,8.0,18.0,336.0,958.0,36.04047619047619,1286.0,1220.0,110.0,435.0,176.0,32.37990037607115,17.394330435250225,2.211610238878067,2.2137851477880957,-5.23
46.0,50.0,4.333333333333334,2.2777777777777777,116.0,4.698377302757664,4.697102672463695,4.433333333333334,9.5172597998064,10.546584519776388,7.358797096569131,7.4504171638263985,69.515625,33.80853301897275,20.60112615949154,10.0,16.0,16.0,117.0,245.0,22.71666666666666,440.0,408.0,44.0,186.0,84.0,23.465052101041948,11.908678249899129,2.2428379003362333,2.3198475089677144,-9.62
30.0,28.0,3.75,2.5,58.0,4.414213562373095,4.1547005383792515,4.333333333333333,7.885618083164127,8.121320343559642,5.6568542494923815,5.397341225498538,64.0,21.442698703476722,10.485281374238571,2.0,2.0,7.0,120.0,330.0,16.460714285714285,408.0,344.0,32.0,120.0,56.0,19.03365733227704,10.627503029350086,1.9021130325903075,2.595082706793886,-4.09
10.0,8.0,2.5,1.25,18.0,1.914213562373095,1.6547005383792515,1.833333333333333,2.885618083164127,3.121320343559642,2.121320343559643,1.8618073195657994,24.0,7.3005630797457695,3.414213562373095,2.0,2.0,2.0,10.0,15.0,4.333333333333333,28.0,19.0,4.0,10.0,6.0,7.635733837560585,4.47213595499958,1.6180339887498951,1.9747448713915894,1.38
20.0,16.0,4.0625,1.0,68.0,2.0,1.7888543819998317,1.6,3.2,5.0,3.4641016151377544,3.0983866769659336,9.48148148148148,16.492422502470642,12.0,12.0,36.0,9.0,16.0,22.0,7.0,44.0,28.0,12.0,16.0,12.0,10.524391382167263,4.0,2.0,3.0237157840738176,0.08
38.0,40.0,2.861111111111111,2.25,84.0,4.431851652578137,4.418991055689499,4.366666666666666,8.882196732921877,9.122522350258794,6.363961030678929,6.436674182846815,72.0,27.19485742762271,14.779271744364847,4.0,4.0,11.0,94.0,203.0,18.683333333333334,361.0,343.0,33.0,148.0,66.0,20.758832560654838,11.384646120352901,2.148961141749635,2.0778607554610553,-6.79
54.0,58.0,4.833333333333334,2.7777777777777777,132.0,5.698377302757663,5.697102672463695,5.433333333333334,11.5172597998064,12.546584519776387,8.773010658942226,8.864630726199493,85.515625,39.46538726846514,23.429553284237734,10.0,16.0,18.0,212.0,542.0,29.169047619047618,810.0,766.0,74.0,293.0,126.0,28.023533262853995,14.565903310504035,2.2116102388780656,2.195417899477187,-9.13
10.0,8.0,2.5,1.25,18.0,1.914213562373095,1.6547005383792515,1.833333333333333,2.885618083164127,3.121320343559642,2.121320343559643,1.8618073195657994,24.0,7.3005630797457695,3.414213562373095,2.0,2.0,2.0,10.0,15.0,4.333333333333333,28.0,19.0,4.0,10.0,6.0,7.635733837560585,4.47213595499958,1.6180339887498951,1.9747448713915894,-1.83
86.0,101.0,6.868055555555555,3.3472222222222223,244.0,7.399665467030782,7.632771315782928,6.900000000000001,16.014247540490757,18.1819234270173,12.514150174847938,13.082093406947994,126.8142361111111,63.68114678841628,41.255257903517986,18.0,42.0,34.0,405.0,1055.0,49.04047619047619,1618.0,1596.0,134.0,560.0,236.0,39.86794540409815,19.544244532651554,2.4967105581999856,2.087219653513601,-9.01
62.0,62.0,7.694444444444445,3.5000000000000004,154.0,6.913591357920935,6.683281572999748,6.4,13.074927805386261,15.05192758723346,10.555833735058739,10.304434264941282,84.25,46.263827863286586,28.24483498974493,18.0,30.0,21.0,424.0,1292.0,38.49761904761905,1486.0,1290.0,136.0,424.0,182.0,33.5433886148925,16.6852686573156,2.157647418265978,3.8356926683425128,-8.84
6.0,4.0,2.25,1.0,10.0,1.414213562373095,1.1547005383792517,1.3333333333333333,1.885618083164127,2.1213203435596424,1.4142135623730951,1.1547005383792517,16.0,4.47213595499958,2.0,2.0,2.0,1.0,4.0,5.0,2.5,10.0,6.0,2.0,4.0,2.0,5.356367113217143,2.8284271247461907,1.4142135623730954,1.6329931618554523,-1.91
18.0,16.0,3.0,1.75,34.0,2.914213562373095,2.6547005383792515,2.833333333333333,4.885618083164127,5.121320343559642,3.5355339059327378,3.2760208819388943,40.0,12.95741732923815,6.242640687119285,2.0,2.0,4.0,35.0,70.0,8.7,110.0,85.0,12.0,35.0,20.0,12.194901425440477,6.987918414869869,1.8019377358048385,2.3390923149762908,2.48
10.0,8.0,2.5,1.25,18.0,1.914213562373095,1.6547005383792515,1.833333333333333,2.885618083164127,3.121320343559642,2.121320343559643,1.8618073195657994,24.0,7.3005630797457695,3.414213562373095,2.0,2.0,2.0,10.0,15.0,4.333333333333333,28.0,19.0,4.0,10.0,6.0,7.635733837560583,4.47213595499958,1.6180339887498947,1.9747448713915894,-2.33
30.0,30.0,5.173611111111111,1.5,96.0,2.9433756729740645,2.719605259509101,2.4857142857142853,5.121794126179664,7.069764047840349,4.87656659757667,4.583157824826062,27.68511111111111,23.693872197189744,16.605551275463988,14.0,36.0,13.0,42.0,69.0,12.500000000000002,126.0,90.0,26.0,42.0,30.0,15.326357664785338,6.602720495543139,2.1753277471610755,3.541196965079901,-1.23
60.0,67.0,6.145833333333334,2.5277777777777777,174.0,5.40970216816285,5.416707931972797,4.919047619047619,11.040977714632751,13.15224695247898,9.078767170176077,9.20514786390627,79.0757361111111,45.18714511091117,29.792463872582434,18.0,40.0,24.0,186.0,415.0,30.883333333333333,690.0,630.0,74.0,285.0,126.0,28.685000667266507,13.258896629446475,2.3644374069765313,2.565300111533206,-15.46
42.0,47.0,4.083333333333334,2.055555555555556,108.0,4.215214055163271,4.210923771927642,3.966666666666667,8.557668005579858,9.505343067457071,6.6112502008627025,6.717720406271157,64.90625,30.84007115516406,18.95741732923815,8.0,14.0,15.0,82.0,151.0,19.666666666666664,307.0,283.0,31.0,140.0,66.0,21.195751125405685,10.891330678669735,2.2638209778523968,2.413324848196347,-5.21
24.0,22.0,3.861111111111111,1.8333333333333333,54.0,3.270055610029662,3.0245638646895836,3.0666666666666664,5.654655746264211,6.390681974697982,4.461420286601642,4.180374063177299,38.75,17.823028822792917,10.06449510224598,6.0,10.0,7.0,52.0,108.0,11.483333333333333,166.0,130.0,20.0,52.0,30.0,14.677511786966832,7.7274066103125465,1.9318516525781364,2.678257743164726,-2.79
50.0,57.0,2.2222222222222223,2.2777777777777777,118.0,4.966326495188786,5.197102672463695,4.933333333333334,10.919183588453084,11.082482904638631,7.737734478532144,8.157523945012946,91.390625,35.635408537452385,20.257980408983922,4.0,4.0,16.0,109.0,215.0,23.9,470.0,505.0,32.0,243.0,96.0,24.77505352922978,13.683238505927559,2.302775637731995,1.9253677344386608,-5.72
6.0,4.0,2.25,1.0,10.0,1.414213562373095,1.1547005383792517,1.3333333333333333,1.885618083164127,2.1213203435596424,1.4142135623730951,1.1547005383792517,16.0,4.47213595499958,2.0,2.0,2.0,1.0,4.0,5.0,2.5,10.0,6.0,2.0,4.0,2.0,5.356367113217143,2.8284271247461907,1.4142135623730954,1.6329931618554523,-1.14
18.0,16.0,3.0,1.75,34.0,2.914213562373095,2.6547005383792515,2.833333333333333,4.885618083164127,5.121320343559642,3.5355339059327378,3.2760208819388943,40.0,12.95741732923815,6.242640687119285,2.0,2.0,4.0,35.0,70.0,8.7,110.0,85.0,12.0,35.0,20.0,12.194901425440477,6.987918414869869,1.8019377358048385,2.3390923149762908,-1.64
20.0,20.0,1.25,1.25,40.0,2.5,2.5,2.5,5.0,5.0,3.5355339059327378,3.5355339059327378,40.0,14.142135623730951,7.0710678118654755,0.0,0.0,5.0,15.0,20.0,7.5,60.0,60.0,0.0,20.0,10.0,11.496186321883666,6.47213595499958,1.9999999999999987,2.083333333333333,-1.4
60.0,70.0,3.3333333333333335,2.805555555555556,146.0,5.91501490017253,6.129914827617142,5.833333333333333,12.84178852714842,13.16376380257811,9.11150792638536,9.618860683185233,110.78125,42.89124135278926,24.908261948856808,6.0,6.0,20.0,182.0,397.0,31.53333333333333,756.0,779.0,64.0,368.0,142.0,29.568142911985124,16.12942565392836,2.3648709778844017,1.9866905078306745,-2.4
20.0,18.0,3.611111111111111,1.5833333333333333,46.0,2.770055610029662,2.5245638646895836,2.5666666666666664,4.654655746264211,5.390681974697982,3.7543135054150953,3.4732672819907515,30.75,14.99460169804673,8.650281539872886,6.0,10.0,6.0,32.0,58.0,9.0,98.0,73.0,14.0,32.0,20.0,12.397923494716462,6.155367074350508,1.9021130325903077,2.6272148478988635,-3.52
106.0,129.0,9.611111111111109,4.333333333333333,294.0,9.25179531537246,9.463088996174601,8.6,19.84738681872859,22.320087211672647,15.360399772167998,16.103710154807853,161.515625,77.90419256727657,50.40011603271488,20.0,36.0,42.0,729.0,2106.0,69.1265873015873,2874.0,2809.0,252.0,1206.0,408.0,49.360331974541864,24.48478088245335,2.4867918659163046,2.20436576735734,-4.61
124.0,145.0,10.70138888888889,5.222222222222221,344.0,11.146084273381298,11.363119340517665,10.41904761904762,23.614817049350044,26.625411831815594,18.32817446700403,19.04278814657385,187.38823611111115,91.574514659291,58.70072582143924,28.0,54.0,48.0,1212.0,3848.0,88.37738095238095,4758.0,4632.0,386.0,1611.0,566.0,60.052005612663066,28.694970116970133,2.488581939562143,2.276311045748459,-2.45
12.0,9.0,3.111111111111111,1.0,30.0,1.7320508075688776,1.5,1.5,2.598076211353316,3.4641016151377553,2.449489742783178,2.121320343559643,10.125,9.486832980505138,6.0,6.0,12.0,4.0,9.0,12.0,4.5,24.0,15.0,6.0,9.0,6.0,7.829154880351855,3.4641016151377544,1.7320508075688772,2.3237900077244498,-6.69
6.0,4.0,2.25,1.0,10.0,1.414213562373095,1.1547005383792517,1.3333333333333333,1.885618083164127,2.1213203435596424,1.4142135623730951,1.1547005383792517,16.0,4.47213595499958,2.0,2.0,2.0,1.0,4.0,5.0,2.5,10.0,6.0,2.0,4.0,2.0,5.356367113217143,2.8284271247461907,1.4142135623730954,1.6329931618554523,-3.5
46.0,50.0,4.333333333333334,2.2777777777777777,116.0,4.698377302757664,4.697102672463695,4.433333333333334,9.5172597998064,10.546584519776388,7.358797096569131,7.4504171638263985,69.515625,33.80853301897275,20.60112615949154,10.0,16.0,16.0,117.0,245.0,22.716666666666665,440.0,408.0,44.0,186.0,84.0,23.465052101041938,11.908678249899129,2.242837900336233,2.3198475089677144,-8.84
18.0,16.0,3.0,1.75,34.0,2.914213562373095,2.6547005383792515,2.833333333333333,4.885618083164127,5.121320343559642,3.5355339059327378,3.2760208819388943,40.0,12.95741732923815,6.242640687119285,2.0,2.0,4.0,35.0,70.0,8.7,110.0,85.0,12.0,35.0,20.0,12.194901425440477,6.987918414869869,1.8019377358048385,2.3390923149762908,0.29
40.0,44.0,3.4722222222222223,2.1944444444444446,96.0,4.3425352551010965,4.3272393461533625,4.199999999999999,8.748222136706316,9.277222888638047,6.432910715900227,6.5460639825879925,70.765625,28.942921525417994,16.77927174436485,6.0,8.0,13.0,86.0,167.0,19.28333333333333,325.0,303.0,33.0,142.0,66.0,20.982204647916753,11.203557775951705,2.2215832939527687,2.29725588417896,-6.12
30.0,31.0,2.361111111111111,1.6666666666666665,68.0,3.393846850117352,3.3944271909999157,3.3,6.82561719801098,7.195941990698567,5.059137268047012,5.0847272444157054,51.375,21.68708871008112,12.128990204491961,4.0,6.0,9.0,42.0,71.0,12.916666666666666,163.0,157.0,11.0,78.0,36.0,16.189602380978524,8.720566232730448,2.1010029896154583,2.122917949959366,-6.6
10.0,8.0,2.5,1.25,18.0,1.914213562373095,1.6547005383792515,1.833333333333333,2.885618083164127,3.121320343559642,2.121320343559643,1.8618073195657994,24.0,7.3005630797457695,3.414213562373095,2.0,2.0,2.0,10.0,15.0,4.333333333333333,28.0,19.0,4.0,10.0,6.0,7.635733837560585,4.47213595499958,1.6180339887498951,1.9747448713915894,-3.84
56.0,65.0,3.0833333333333335,2.4722222222222223,138.0,5.377010097711746,5.605350962927558,5.2666666666666675,11.785208992237525,12.237183443017884,8.51379094493999,8.974020525940672,98.15625,40.211899759993855,23.672193971357014,6.0,8.0,19.0,140.0,285.0,27.849999999999998,590.0,618.0,48.0,300.0,118.0,27.278488539440634,14.49535709032105,2.351365126324358,1.993176049339423,-7.67
28.0,26.0,4.111111111111111,2.0833333333333335,62.0,3.770055610029662,3.5245638646895836,3.5666666666666664,6.654655746264211,7.390681974697982,5.16852706778819,4.887480844363847,46.75,20.651455947539105,11.478708664619074,6.0,10.0,8.0,79.0,185.0,14.1,260.0,211.0,26.0,79.0,42.0,16.957097116180837,8.762572535069648,1.9498558243636481,2.7158427612932585,-2.64
50.0,51.0,6.423611111111111,2.916666666666667,136.0,5.515167193676994,5.26005150130681,5.1000000000000005,10.196853364339233,11.938582677817852,8.205401637988984,8.00740072076028,72.11574074074073,37.6928535768228,23.62511840008253,16.0,34.0,18.0,233.0,654.0,27.57261904761905,800.0,679.0,74.0,233.0,110.0,26.7336666527004,13.544150288475247,2.179190124517679,3.423219820204003,-9.84
36.0,39.0,3.2222222222222223,1.8611111111111112,88.0,3.804530452640311,3.802675481463779,3.6333333333333333,7.691642601795419,8.350642529077819,5.835193734454857,5.901223825343431,58.140625,26.26357993262259,15.543203766865057,6.0,10.0,12.0,60.0,106.0,16.166666666666664,228.0,214.0,20.0,106.0,50.0,18.69255664280207,9.953959938490609,2.193527085331054,2.2794002709583667,-5.9
16.0,14.0,3.361111111111111,1.3333333333333333,38.0,2.2700556100296625,2.0245638646895836,2.0666666666666664,3.654655746264212,4.390681974697982,3.047206724228547,2.766160500804204,22.75,12.166174573300538,7.23606797749979,6.0,10.0,5.0,18.0,28.0,6.666666666666666,52.0,36.0,10.0,18.0,12.0,10.118119614388574,5.226251859505507,1.8477590650225741,2.5395388613593903,-2.86
16.0,14.0,3.361111111111111,1.3333333333333333,38.0,2.270055610029662,2.0245638646895836,2.0666666666666664,3.6546557462642113,4.390681974697982,3.0472067242285474,2.766160500804204,22.75,12.16617457330054,7.23606797749979,6.0,10.0,5.0,18.0,28.0,6.666666666666666,52.0,36.0,10.0,18.0,12.0,10.118119614388581,5.226251859505506,1.8477590650225744,2.5395388613593908,-9.4
10.0,8.0,2.5,1.25,18.0,1.914213562373095,1.6547005383792515,1.833333333333333,2.885618083164127,3.121320343559642,2.121320343559643,1.8618073195657994,24.0,7.3005630797457695,3.414213562373095,2.0,2.0,2.0,10.0,15.0,4.333333333333333,28.0,19.0,4.0,10.0,6.0,7.635733837560585,4.47213595499958,1.6180339887498951,1.9747448713915894,-0.56
12.0,9.0,3.111111111111111,1.0,30.0,1.7320508075688776,1.5,1.5,2.598076211353316,3.4641016151377553,2.449489742783178,2.121320343559643,10.125,9.486832980505138,6.0,6.0,12.0,4.0,9.0,12.0,4.5,24.0,15.0,6.0,9.0,6.0,7.829154880351855,3.4641016151377544,1.7320508075688772,2.3237900077244498,-0.25
14.0,12.0,2.75,1.5,26.0,2.414213562373095,2.1547005383792515,2.333333333333333,3.885618083164127,4.121320343559642,2.8284271247461903,2.568914100752347,32.0,10.12899020449196,4.82842712474619,2.0,2.0,3.0,20.0,35.0,6.416666666666666,60.0,44.0,8.0,20.0,12.0,9.915316149982344,5.464101615137755,1.7320508075688774,2.19060968716425,-1.89
46.0,50.0,4.333333333333334,2.2777777777777777,116.0,4.698377302757664,4.697102672463695,4.433333333333334,9.517259799806402,10.546584519776388,7.358797096569131,7.4504171638263985,69.515625,33.80853301897276,20.601126159491542,10.0,16.0,16.0,120.0,262.0,22.599999999999998,452.0,420.0,40.0,192.0,84.0,23.464824361874363,11.936237570137337,2.2360679774997894,2.259902596224093,-10.64
16.0,14.0,3.361111111111111,1.3333333333333333,38.0,2.270055610029662,2.0245638646895836,2.0666666666666664,3.654655746264212,4.390681974697982,3.047206724228547,2.766160500804204,22.75,12.166174573300538,7.23606797749979,6.0,10.0,5.0,18.0,28.0,6.666666666666666,52.0,36.0,10.0,18.0,12.0,10.118119614388576,5.226251859505505,1.847759065022574,2.5395388613593908,-1.27
36.0,38.0,3.2222222222222223,1.8333333333333333,88.0,3.787693700234704,3.7888543819998315,3.6,7.6512343960219615,8.391883981397134,5.875633848974738,5.926813801712124,54.75,26.403614671685094,15.77269903474535,8.0,12.0,12.0,62.0,115.0,16.033333333333335,236.0,222.0,12.0,110.0,50.0,18.682503128252915,9.924777216368064,2.170086486626034,2.1923771580194713,-5.9
94.0,116.0,5.527777777777779,3.6944444444444446,248.0,8.198377302757663,8.646592415246873,7.933333333333334,18.5172597998064,19.54658451977639,13.480117440128774,14.4707169929524,161.859375,67.74965851592704,41.81432959508797,10.0,16.0,35.0,442.0,1097.0,56.02857142857143,1889.0,2007.0,137.0,980.0,318.0,43.38556474983679,22.45375203175957,2.5183477557577016,1.8633464411945846,-9.44
36.0,39.0,3.2222222222222223,1.8611111111111112,88.0,3.804530452640311,3.802675481463779,3.6333333333333333,7.691642601795419,8.350642529077819,5.835193734454857,5.901223825343431,58.140625,26.26357993262259,15.543203766865057,6.0,10.0,12.0,60.0,106.0,16.166666666666664,228.0,214.0,20.0,106.0,50.0,18.69255664280207,9.953959938490609,2.193527085331054,2.2794002709583667,-4.82
34.0,36.0,2.611111111111111,2.0,76.0,3.931851652578137,3.9189910556894993,3.8666666666666663,7.8821967329218765,8.122522350258794,5.6568542494923815,5.729567401660266,64.0,24.366430302876516,13.365058181991749,4.0,4.0,10.0,64.0,122.0,15.783333333333333,246.0,234.0,22.0,109.0,50.0,18.479022537159658,10.424292428609819,2.1357792050698574,2.1250162554146717,-6.02
52.0,54.0,6.0625,3.375,132.0,6.181980515339465,5.9040092744604245,5.9,11.45685424949238,12.613961030678926,8.644199996836463,8.49167112552628,90.37037037037037,38.389853046846724,22.557900792370617,12.0,24.0,17.0,280.0,780.0,31.321428571428573,964.0,820.0,100.0,280.0,132.0,28.821419214259087,14.737105374645322,2.2428379003362338,3.7641786169425138,-4.37
40.0,43.0,3.4722222222222223,2.1111111111111107,96.0,4.304530452640311,4.302675481463779,4.133333333333333,8.691642601795419,9.350642529077819,6.542300515641405,6.60833060652998,66.140625,29.09200705736879,16.95741732923815,6.0,10.0,13.0,88.0,176.0,19.15,335.0,315.0,35.0,142.0,66.0,20.971923394025087,11.18995723015805,2.1939932777126576,2.2283621149350434,-3.9
40.0,44.0,3.4722222222222223,2.1944444444444446,96.0,4.342535255101096,4.3272393461533625,4.2,8.748222136706314,9.277222888638045,6.432910715900227,6.5460639825879925,70.765625,28.94292152541799,16.77927174436485,6.0,8.0,13.0,86.0,167.0,19.28333333333333,325.0,303.0,33.0,142.0,66.0,20.98220464791674,11.203557775951701,2.2215832939527678,2.29725588417896,-3.93
40.0,43.0,3.4722222222222223,2.1111111111111107,96.0,4.304530452640311,4.302675481463779,4.133333333333333,8.691642601795419,9.350642529077819,6.542300515641405,6.60833060652998,66.140625,29.09200705736879,16.95741732923815,6.0,10.0,13.0,88.0,176.0,19.15,335.0,315.0,35.0,142.0,66.0,20.971923394025087,11.18995723015805,2.1939932777126576,2.2283621149350434,-7.62
112.0,138.0,8.11111111111111,4.222222222222222,308.0,9.396754605515326,9.843695087710568,8.866666666666665,21.0345195996128,23.093169039552777,15.88916706839207,16.97138668847296,175.375,81.75920166167649,52.515960817967844,20.0,32.0,44.0,730.0,2151.0,70.32222222222224,3044.0,3150.0,188.0,1546.0,438.0,50.874099189265195,25.68573108095817,2.51923287342393,1.7897385259842695,-3.71
12.0,9.0,3.111111111111111,1.0,30.0,1.7320508075688776,1.5,1.5,2.598076211353316,3.4641016151377553,2.449489742783178,2.121320343559643,10.125,9.486832980505138,6.0,6.0,12.0,4.0,9.0,12.0,4.5,24.0,15.0,6.0,9.0,6.0,7.829154880351855,3.4641016151377544,1.7320508075688772,2.3237900077244498,-3.8
12.0,9.0,3.111111111111111,1.0,30.0,1.7320508075688776,1.5,1.5,2.598076211353316,3.4641016151377553,2.449489742783178,2.121320343559643,10.125,9.486832980505138,6.0,6.0,12.0,4.0,9.0,12.0,4.5,24.0,15.0,6.0,9.0,6.0,7.829154880351855,3.4641016151377544,1.7320508075688772,2.3237900077244498,1.16
88.0,103.0,7.027777777777779,3.6944444444444446,234.0,7.986071002992368,8.210701925855117,7.533333333333334,17.168494195828366,18.93846850117352,13.113110601984227,13.705400364762058,134.4375,64.45478837777713,40.61646588135618,18.0,28.0,33.0,494.0,1377.0,52.885714285714286,1984.0,1978.0,168.0,836.0,294.0,41.8294012227259,21.22581035581227,2.4075212259937966,2.010708111051212,-3.61
28.0,26.0,4.111111111111111,2.0833333333333335,62.0,3.770055610029662,3.5245638646895836,3.5666666666666664,6.654655746264211,7.390681974697982,5.16852706778819,4.887480844363847,46.75,20.651455947539105,11.478708664619074,6.0,10.0,8.0,79.0,185.0,14.1,260.0,211.0,26.0,79.0,42.0,16.957097116180837,8.762572535069648,1.9498558243636481,2.7158427612932585,-2.82
22.0,20.0,3.25,2.0,42.0,3.414213562373095,3.1547005383792515,3.333333333333333,5.885618083164127,6.121320343559642,4.242640687119286,3.9831276631254418,48.0,15.785844453984339,7.65685424949238,2.0,2.0,5.0,56.0,126.0,11.15,182.0,146.0,18.0,56.0,30.0,14.47448672760572,8.054678984251696,1.8477590650225744,2.447472887876344,-3.68
66.0,74.0,6.555555555555555,3.166666666666667,172.0,6.519744507803582,6.513599253391422,6.1,13.24931060737528,14.855985596534891,10.325123591757917,10.497623888054946,99.046875,48.618369713548084,30.257980408983922,14.0,24.0,24.0,320.0,898.0,37.490476190476194,1200.0,1112.0,92.0,464.0,176.0,33.02946683472806,16.81462505710739,2.307250371348215,2.3522044590476665,-11.95
20.0,20.0,1.25,1.25,40.0,2.5,2.5,2.5,5.0,5.0,3.5355339059327378,3.5355339059327378,40.0,14.142135623730951,7.0710678118654755,0.0,0.0,5.0,15.0,20.0,7.5,60.0,60.0,0.0,20.0,10.0,11.496186321883666,6.47213595499958,1.9999999999999987,2.083333333333333,-3.47
26.0,24.0,3.5,2.25,50.0,3.914213562373095,3.6547005383792515,3.833333333333333,6.885618083164127,7.121320343559642,4.949747468305834,4.69023444431199,56.0,18.61427157873053,9.071067811865476,2.0,2.0,6.0,84.0,210.0,13.742857142857144,280.0,231.0,24.0,84.0,42.0,16.754072029940975,9.517540966287266,1.8793852415718166,2.53006045688352,2.88
112.0,129.0,11.340277777777777,5.222222222222221,310.0,10.628446183176258,10.598828823207418,9.885714285714286,21.618238399592297,24.624209825116445,16.913960904630937,17.29634840803903,171.38823611111115,82.99392881039881,52.99252188893987,26.0,52.0,43.0,1082.0,3356.0,82.43809523809524,4009.0,3673.0,349.0,1454.0,500.0,54.67530916066963,26.63805746587206,2.479060927454202,3.1477809454862653,-3.25
60.0,62.0,7.534722222222221,3.2916666666666665,164.0,6.3936646106526,6.14373592708109,5.866666666666667,11.994929575692552,14.152684292955607,9.788865976987724,9.59327070681654,79.87037037037037,45.292648909210065,28.787396060250906,20.0,40.0,22.0,341.0,991.0,35.47380952380952,1182.0,1013.0,116.0,341.0,156.0,31.50706706020854,15.18743889318934,2.2585021405323435,3.8633965504767027,-2.49
48.0,47.0,6.333333333333333,2.8333333333333335,118.0,5.519744507803582,5.2888543819998315,5.1,10.249310607375278,11.855985596534891,8.325123591757917,8.048134145271767,64.875,35.890447652190225,21.77269903474535,14.0,24.0,16.0,244.0,718.0,26.97142857142857,844.0,723.0,72.0,244.0,110.0,26.49154192966186,12.81408220326734,2.0870252260042483,3.2516071075070854,-4.29
26.0,24.0,4.472222222222222,1.6666666666666665,66.0,3.1258976576862296,2.8944271909999157,2.8,5.423693409364296,6.6600436058363215,4.680199886083999,4.377620463229157,29.5,19.860213191601495,12.47213595499958,10.0,18.0,9.0,48.0,91.0,11.833333333333332,150.0,114.0,22.0,48.0,30.0,14.880758495384406,6.828427124746191,2.0,2.9532231745612925,-0.53
24.0,22.0,3.861111111111111,1.8333333333333333,54.0,3.270055610029662,3.0245638646895836,3.0666666666666664,5.654655746264211,6.390681974697982,4.461420286601642,4.180374063177299,38.75,17.823028822792917,10.06449510224598,6.0,10.0,7.0,52.0,108.0,11.483333333333333,166.0,130.0,20.0,52.0,30.0,14.677511786966832,7.7274066103125465,1.9318516525781364,2.678257743164726,2.93
70.0,84.0,7.777777777777778,3.1111111111111116,196.0,6.374785217660715,6.357738033247042,5.833333333333334,13.062177826491073,15.082903768654765,10.38214273316075,10.665223534799917,103.359375,51.83442843101364,33.798989873223334,14.0,28.0,28.0,268.0,604.0,39.96666666666667,980.0,880.0,104.0,412.0,176.0,33.499177132113225,16.405058200442824,2.4465816633455426,2.86110740595418,-5.22
30.0,30.0,5.173611111111111,1.5,96.0,2.9433756729740645,2.719605259509101,2.4857142857142853,5.121794126179664,7.069764047840349,4.87656659757667,4.583157824826062,27.68511111111111,23.693872197189744,16.605551275463988,14.0,36.0,13.0,42.0,69.0,12.500000000000002,126.0,90.0,26.0,42.0,30.0,15.326357664785338,6.602720495543139,2.1753277471610755,3.541196965079901,-0.11
30.0,28.0,3.75,2.5,58.0,4.414213562373095,4.1547005383792515,4.333333333333333,7.885618083164127,8.121320343559642,5.6568542494923815,5.397341225498538,64.0,21.442698703476722,10.485281374238571,2.0,2.0,7.0,120.0,330.0,16.460714285714285,408.0,344.0,32.0,120.0,56.0,19.03365733227704,10.627503029350086,1.9021130325903075,2.595082706793886,-0.83
42.0,44.0,3.111111111111111,2.5,92.0,4.931851652578137,4.918991055689499,4.866666666666666,9.882196732921877,10.122522350258794,7.071067811865477,7.143780964033362,80.0,30.0232845523689,16.19348530673794,4.0,4.0,12.0,140.0,360.0,21.285714285714285,540.0,515.0,40.0,155.0,75.0,23.1202801860515,12.612962398098883,2.172252350906543,1.9111701105978576,2.55
26.0,24.0,4.472222222222222,1.6666666666666665,66.0,3.1258976576862296,2.8944271909999157,2.8,5.423693409364296,6.6600436058363215,4.680199886083999,4.377620463229157,29.5,19.860213191601495,12.47213595499958,10.0,18.0,9.0,48.0,91.0,11.833333333333332,150.0,114.0,22.0,48.0,30.0,14.880758495384406,6.828427124746191,2.0,2.9532231745612925,2.83
36.0,38.0,3.2222222222222223,1.8333333333333333,88.0,3.787693700234704,3.7888543819998315,3.6,7.6512343960219615,8.391883981397134,5.875633848974738,5.926813801712124,54.75,26.403614671685094,15.77269903474535,8.0,12.0,12.0,62.0,115.0,16.03333333333333,236.0,222.0,12.0,110.0,50.0,18.68250312825291,9.92477721636806,2.170086486626033,2.1923771580194713,-4.72
14.0,12.0,2.75,1.5,26.0,2.414213562373095,2.1547005383792515,2.333333333333333,3.885618083164127,4.121320343559642,2.8284271247461903,2.568914100752347,32.0,10.12899020449196,4.82842712474619,2.0,2.0,3.0,20.0,35.0,6.416666666666666,60.0,44.0,8.0,20.0,12.0,9.915316149982342,5.464101615137754,1.7320508075688772,2.19060968716425,-4.22
24.0,23.0,3.861111111111111,1.9166666666666667,54.0,3.308060412490447,3.049127729379167,3.133333333333333,5.7112352811751075,6.317262334258209,4.352030486860464,4.118107439235313,43.375,17.67394329084213,9.886349517372675,6.0,8.0,7.0,50.0,99.0,11.616666666666667,158.0,122.0,22.0,50.0,30.0,14.687112840672746,7.878462024097665,1.969615506024416,2.8318199660707846,2.71
88.0,104.0,7.027777777777779,3.722222222222222,234.0,8.002907755397976,8.224523025319066,7.566666666666668,17.208902401601822,18.897227048854205,13.072670487464347,13.679810388393365,137.828125,64.31475363871462,40.38697061347588,16.0,26.0,33.0,470.0,1235.0,53.78928571428571,1882.0,1870.0,180.0,788.0,294.0,41.84085951412533,20.633628481939102,2.4445320921829916,2.12813901938706,-1.96
54.0,58.0,4.833333333333334,2.777777777777778,132.0,5.698377302757664,5.697102672463695,5.433333333333334,11.517259799806402,12.546584519776388,8.773010658942226,8.864630726199493,85.515625,39.465387268465136,23.42955328423773,10.0,16.0,18.0,212.0,542.0,29.169047619047618,810.0,766.0,74.0,293.0,126.0,28.02353326285398,14.565903310504034,2.2116102388780656,2.1954178994771874,-1.29
18.0,16.0,3.0,1.75,34.0,2.914213562373095,2.6547005383792515,2.833333333333333,4.885618083164127,5.121320343559642,3.5355339059327378,3.2760208819388943,40.0,12.95741732923815,6.242640687119285,2.0,2.0,4.0,35.0,70.0,8.7,110.0,85.0,12.0,35.0,20.0,12.194901425440477,6.987918414869869,1.8019377358048385,2.3390923149762908,-4.84
44.0,48.0,3.7222222222222223,2.4444444444444446,104.0,4.842535255101096,4.8272393461533625,4.699999999999999,9.748222136706314,10.277222888638047,7.140017497086775,7.253170763774541,78.765625,31.771348650164185,18.19348530673794,6.0,8.0,14.0,121.0,263.0,22.383333333333333,460.0,432.0,48.0,184.0,84.0,23.261343660490375,12.857278973510141,2.214319743377536,2.239538805558814,-0.45
42.0,44.0,3.111111111111111,2.5,92.0,4.931851652578137,4.918991055689499,4.866666666666666,9.882196732921877,10.122522350258794,7.071067811865477,7.143780964033363,80.0,30.023284552368903,16.19348530673794,4.0,4.0,12.0,133.0,323.0,21.642857142857142,512.0,488.0,44.0,196.0,84.0,23.03842090769583,12.932143397034864,2.1543413091228825,2.017237221657055,-6.92
82.0,95.0,8.527777777777777,3.88888888888889,220.0,7.879116515310286,7.854659699008732,7.333333333333333,16.037940949855052,18.09196703285362,12.474953506018977,12.775457207154961,125.203125,60.45069375142642,38.322475511229904,18.0,30.0,31.0,486.0,1300.0,52.054761904761904,1795.0,1635.0,167.0,694.0,266.0,40.32646896477125,20.06414638166116,2.4166397881336334,2.818265702995563,-6.23
54.0,60.0,4.833333333333334,2.9444444444444446,132.0,5.774386907679233,5.746230401842863,5.566666666666667,11.630418869628192,12.399745238896841,8.55423105945987,8.740097478315523,94.765625,39.16721620456356,23.073262114491122,10.0,12.0,18.0,210.0,541.0,29.420238095238094,790.0,734.0,62.0,315.0,126.0,28.043664896207602,15.289155413429047,2.263820977852395,2.2541885152189858,-5.33
60.0,66.0,5.694444444444445,3.027777777777778,152.0,6.1302289553358005,6.116093728153195,5.8,12.399456532728278,13.669106870035183,9.480117440128774,9.644450659553927,93.515625,44.032827698118325,26.895116529617816,14.0,20.0,21.0,262.0,700.0,33.246428571428574,987.0,919.0,83.0,378.0,150.0,30.5269586401473,15.83285460074872,2.283288259283193,2.28745687994622,-7.78
86.0,100.0,6.416666666666666,3.8333333333333335,222.0,8.113392202930193,8.327017500080839,7.7666666666666675,17.35904832695482,18.7103483223545,12.934771117021752,13.533743941078892,140.296875,62.55763874803105,38.43832029648287,16.0,22.0,31.0,530.0,1635.0,51.77896825396825,2126.0,2112.0,132.0,934.0,292.0,41.615402199007804,21.736370894436423,2.3968366814787205,1.885703682169075,-10.21
72.0,96.0,8.25,2.25,264.0,5.0,4.991922326372759,4.2,10.4,14.0,9.377692973058688,9.66087496906962,94.81481481481478,55.61226200291081,40.970562748477136,24.0,72.0,36.0,160.0,302.0,33.0,560.0,472.0,80.0,232.0,128.0,30.702446252853733,12.58505747976789,2.732050807568878,3.159591794226542,3.43
34.0,32.0,4.972222222222222,2.1666666666666665,82.0,4.125897657686229,3.8944271909999157,3.8,7.423693409364296,8.660043605836321,6.094413448457095,5.7918340256022525,45.5,25.51706744109387,15.30056307974577,10.0,18.0,11.0,108.0,265.0,17.21666666666667,360.0,296.0,36.0,108.0,56.0,19.439707532149612,9.464101615137757,2.000000000000001,2.914658625512464,-2.21
22.0,20.0,3.25,2.0,42.0,3.414213562373095,3.1547005383792515,3.333333333333333,5.885618083164127,6.121320343559642,4.242640687119286,3.9831276631254418,48.0,15.785844453984339,7.65685424949238,2.0,2.0,5.0,56.0,126.0,11.15,182.0,146.0,18.0,56.0,30.0,14.47448672760572,8.054678984251696,1.8477590650225744,2.447472887876344,0.0
26.0,24.0,4.472222222222222,1.6666666666666665,66.0,3.1258976576862296,2.8944271909999157,2.8,5.423693409364296,6.6600436058363215,4.680199886083999,4.377620463229157,29.5,19.860213191601495,12.47213595499958,10.0,18.0,9.0,48.0,91.0,11.833333333333332,150.0,114.0,22.0,48.0,30.0,14.880758495384406,6.828427124746191,2.0,2.9532231745612925,-3.05
22.0,20.0,3.25,2.0,42.0,3.414213562373095,3.1547005383792515,3.333333333333333,5.885618083164127,6.121320343559642,4.242640687119286,3.9831276631254418,48.0,15.785844453984339,7.65685424949238,2.0,2.0,5.0,56.0,126.0,11.15,182.0,146.0,18.0,56.0,30.0,14.47448672760572,8.054678984251696,1.8477590650225744,2.447472887876344,-2.81
36.0,38.0,3.2222222222222223,1.8333333333333333,88.0,3.787693700234704,3.7888543819998315,3.5999999999999996,7.651234396021961,8.391883981397134,5.875633848974738,5.926813801712124,54.75,26.40361467168509,15.772699034745349,8.0,12.0,12.0,61.0,110.0,16.083333333333336,232.0,218.0,16.0,108.0,50.0,18.682724778002484,9.431147620289329,2.1753277471610764,2.2306376583301173,-5.82
24.0,24.0,1.5,1.5,48.0,3.0,3.0,3.0,6.0,6.0,4.242640687119286,4.242640687119286,48.0,16.970562748477143,8.485281374238571,0.0,0.0,6.0,27.0,42.0,10.0,108.0,108.0,0.0,54.0,24.0,13.696713921428238,8.0,2.0,2.0,-7.17
28.0,27.0,4.111111111111111,2.166666666666667,62.0,3.808060412490447,3.549127729379167,3.633333333333333,6.7112352811751075,7.317262334258209,5.059137268047012,4.825214220421861,51.375,20.50237041558832,11.300563079745771,6.0,8.0,8.0,75.0,165.0,14.316666666666666,244.0,195.0,30.0,75.0,42.0,16.96691976501489,8.828427124746192,2.0,2.919612641438553,-3.28
112.0,129.0,11.340277777777777,5.222222222222221,310.0,10.628446183176258,10.598828823207418,9.885714285714286,21.618238399592297,24.624209825116445,16.913960904630937,17.29634840803903,171.38823611111115,82.9939288103988,52.99252188893987,26.0,52.0,43.0,1098.0,3480.0,82.08968253968254,4075.0,3741.0,347.0,1470.0,500.0,54.675084410009426,26.713900575069573,2.4780604277560196,3.1030754377966288,-3.51
2.0,1.0,2.0,1.0,2.0,1.0,0.7071067811865475,1.0,1.0,1.0,0.0,0.0,0.0,1.4142135623730951,0.0,0.0,0.0,0.0,1.0,1.0,1.0,2.0,1.0,0.0,1.0,0.0,3.0861612696304874,2.0,1.0,1.0,-1.2
116.0,155.0,8.743055555555555,3.8472222222222228,366.0,8.686411174470248,9.113170018150848,8.00952380952381,19.676233074249552,22.588036404103768,15.296299147236756,16.477968248203002,183.6096574074074,85.85730470754743,58.33703976033225,26.0,56.0,51.0,552.0,1358.0,69.45476190476191,2263.0,2292.0,199.0,866.0,348.0,49.823490510801534,23.678455219641677,2.7803891249171375,2.108916212262288,-4.23
50.0,55.0,4.583333333333334,2.611111111111111,124.0,5.236382105218448,5.221666537153279,5.0,10.573839334717295,11.473164879336613,7.956514078014501,8.09525732107096,82.140625,36.48787461176816,21.83719413699133,10.0,14.0,17.0,162.0,390.0,25.919047619047618,609.0,565.0,45.0,252.0,104.0,25.754244629039352,13.619694833292892,2.2508745945255453,2.242704555869001,-4.4
10.0,8.0,2.5,1.25,18.0,1.914213562373095,1.6547005383792515,1.833333333333333,2.885618083164127,3.121320343559642,2.121320343559643,1.8618073195657994,24.0,7.3005630797457695,3.414213562373095,2.0,2.0,2.0,10.0,15.0,4.333333333333333,28.0,19.0,4.0,10.0,6.0,7.635733837560585,4.47213595499958,1.6180339887498951,1.9747448713915894,-5.03
10.0,8.0,2.5,1.25,18.0,1.914213562373095,1.6547005383792515,1.833333333333333,2.885618083164127,3.121320343559642,2.121320343559643,1.8618073195657994,24.0,7.3005630797457695,3.414213562373095,2.0,2.0,2.0,10.0,15.0,4.333333333333333,28.0,19.0,4.0,10.0,6.0,7.635733837560585,4.47213595499958,1.6180339887498951,1.9747448713915894,-1.5
32.0,30.0,4.361111111111111,2.3333333333333335,70.0,4.2700556100296625,4.024563864689584,4.066666666666666,7.654655746264211,8.390681974697982,5.875633848974738,5.594587625550395,54.75,23.479883072285293,12.89292222699217,6.0,10.0,9.0,114.0,297.0,16.835714285714285,384.0,320.0,34.0,114.0,56.0,19.236682418687728,10.251661790966027,1.9615705608064613,2.746690906857495,-2.51
48.0,54.0,4.944444444444445,2.222222222222222,128.0,4.609060905280623,4.605350962927558,4.2666666666666675,9.38328520359084,10.701285058155637,7.427746781790429,7.559806963567577,68.28125,35.55659711676804,22.60112615949154,12.0,20.0,18.0,110.0,215.0,23.28333333333333,408.0,372.0,36.0,184.0,84.0,23.689120026516974,11.643052181853584,2.307250371348216,2.487265641213951,-1.62
40.0,43.0,3.4722222222222223,2.1111111111111107,96.0,4.304530452640311,4.302675481463779,4.133333333333333,8.691642601795419,9.350642529077819,6.542300515641405,6.60833060652998,66.140625,29.09200705736879,16.95741732923815,6.0,10.0,13.0,88.0,176.0,19.15,335.0,315.0,35.0,142.0,66.0,20.971923394025087,11.18995723015805,2.1939932777126576,2.2283621149350434,-4.58
6.0,4.0,2.25,1.0,10.0,1.414213562373095,1.1547005383792517,1.3333333333333333,1.885618083164127,2.1213203435596424,1.4142135623730951,1.1547005383792517,16.0,4.47213595499958,2.0,2.0,2.0,1.0,4.0,5.0,2.5,10.0,6.0,2.0,4.0,2.0,5.356367113217143,2.8284271247461907,1.4142135623730954,1.6329931618554523,-0.63
34.0,36.0,2.611111111111111,2.0,76.0,3.931851652578137,3.9189910556894993,3.8666666666666663,7.8821967329218765,8.122522350258794,5.6568542494923815,5.729567401660267,64.0,24.366430302876523,13.365058181991753,4.0,4.0,10.0,67.0,135.0,15.566666666666666,256.0,241.0,24.0,78.0,43.0,18.56110650526355,10.051765371679794,2.1648426985366687,2.0584046167758574,2.13
42.0,45.0,4.083333333333334,1.9999999999999998,108.0,4.181540550352056,4.183281572999748,3.9,8.476851594032942,9.5878259720957,6.692130429902464,6.768900359008543,58.125,31.12014063328907,19.41640786499874,12.0,18.0,15.0,84.0,159.0,19.499999999999996,315.0,291.0,27.0,144.0,66.0,21.176081168695816,10.12899020449196,2.2360679774997902,2.340851616437875,-0.78
58.0,63.0,5.083333333333334,3.111111111111111,140.0,6.236382105218448,6.221666537153279,6.0,12.573839334717297,13.473164879336613,9.370727640387596,9.509470883444056,98.140625,42.14472886126054,24.66562126173752,10.0,14.0,19.0,274.0,772.0,32.64920634920635,1041.0,979.0,85.0,382.0,150.0,30.313643000278468,16.129560883392713,2.257845608145704,2.1886105467982144,-9.37
36.0,38.0,3.2222222222222223,1.8333333333333333,88.0,3.787693700234704,3.7888543819998315,3.5999999999999996,7.651234396021961,8.391883981397134,5.875633848974738,5.926813801712124,54.75,26.40361467168509,15.772699034745349,8.0,12.0,12.0,61.0,110.0,16.083333333333336,232.0,218.0,16.0,108.0,50.0,18.682724778002484,9.431147620289329,2.1753277471610764,2.2306376583301173,-6.62
20.0,18.0,3.611111111111111,1.5833333333333333,46.0,2.770055610029662,2.5245638646895836,2.5666666666666664,4.654655746264212,5.390681974697982,3.7543135054150945,3.4732672819907515,30.75,14.994601698046727,8.650281539872886,6.0,10.0,6.0,32.0,58.0,9.0,98.0,73.0,14.0,32.0,20.0,12.397923494716455,6.155367074350506,1.9021130325903068,2.6272148478988635,-4.42
18.0,16.0,3.0,1.75,34.0,2.914213562373095,2.6547005383792515,2.833333333333333,4.885618083164127,5.121320343559642,3.5355339059327378,3.2760208819388943,40.0,12.95741732923815,6.242640687119285,2.0,2.0,4.0,35.0,70.0,8.7,110.0,85.0,12.0,35.0,20.0,12.194901425440477,6.987918414869869,1.8019377358048385,2.3390923149762908,-4.09
72.0,84.0,7.868055555555555,2.944444444444444,214.0,6.247906125614376,6.247025612364471,5.61904761904762,12.813436727975088,15.420406576918168,10.590439988471887,10.812551049393026,95.9976111111111,54.20009281693161,36.391395729448334,20.0,46.0,30.0,269.0,611.0,40.01666666666667,986.0,888.0,110.0,407.0,176.0,33.70242076912122,15.493188214339373,2.446509973720902,2.8459904125835855,-11.14
38.0,36.0,5.673611111111111,1.9583333333333333,112.0,3.9165022194363885,3.6971026724636946,3.433333333333333,7.054655746264212,9.140681974697982,6.35238971676841,6.036203601453302,37.8611111111111,29.5999865523995,19.812559200041264,16.0,40.0,15.0,98.0,217.0,17.95,320.0,256.0,40.0,98.0,56.0,19.865649034663875,9.059966919001385,2.1357792050698574,3.2807108400137506,2.93
26.0,24.0,3.5,2.25,50.0,3.914213562373095,3.6547005383792515,3.833333333333333,6.885618083164127,7.121320343559642,4.949747468305834,4.69023444431199,56.0,18.61427157873053,9.071067811865476,2.0,2.0,6.0,84.0,210.0,13.742857142857144,280.0,231.0,24.0,84.0,42.0,16.754072029940975,9.517540966287266,1.8793852415718166,2.53006045688352,-6.25
134.0,189.0,7.576388888888889,3.569444444444445,430.0,8.77572757194729,9.654411470470164,8.176190476190477,21.810207670465115,24.433335865724516,16.398922337269266,18.439130809281988,221.1877824074074,98.2513762334831,67.65074825931703,24.0,52.0,61.0,520.0,1203.0,72.53333333333333,2368.0,2660.0,208.0,879.0,382.0,55.29855557851336,25.202109642394184,2.8586718419507635,1.7580563441488264,-4.82
40.0,43.0,3.4722222222222223,2.111111111111111,96.0,4.304530452640312,4.302675481463779,4.133333333333333,8.691642601795419,9.35064252907782,6.542300515641405,6.60833060652998,66.140625,29.092007057368782,16.95741732923815,6.0,10.0,13.0,88.0,176.0,19.15,335.0,315.0,35.0,142.0,66.0,20.97192339402509,11.18995723015805,2.193993277712658,2.228362114935043,-11.0
22.0,21.0,4.222222222222222,1.4444444444444442,58.0,2.6427344100918364,2.408248290463863,2.333333333333333,4.464101615137754,5.618802153517007,3.932652990377571,3.644923705673916,24.890625,16.891751327792804,10.82842712474619,8.0,16.0,8.0,29.0,47.0,9.333333333333332,86.0,61.0,16.0,29.0,20.0,12.61055265179775,6.0,2.0,2.9934972434784735,-3.13
20.0,19.0,3.611111111111111,1.6666666666666665,46.0,2.808060412490447,2.5491277293791677,2.6333333333333333,4.7112352811751075,5.317262334258209,3.6449237056739165,3.4110006580487657,35.375,14.845516166095939,8.47213595499958,6.0,8.0,6.0,31.0,54.0,9.083333333333334,94.0,69.0,16.0,31.0,20.0,12.407305943380177,6.8989794855663575,1.931851652578137,2.754184786037662,-13.43
10.0,8.0,2.5,1.25,18.0,1.914213562373095,1.6547005383792515,1.833333333333333,2.885618083164127,3.121320343559642,2.121320343559643,1.8618073195657994,24.0,7.3005630797457695,3.414213562373095,2.0,2.0,2.0,10.0,15.0,4.333333333333333,28.0,19.0,4.0,10.0,6.0,7.635733837560585,4.47213595499958,1.6180339887498951,1.9747448713915894,-0.53
14.0,12.0,2.75,1.5,26.0,2.414213562373095,2.1547005383792515,2.333333333333333,3.885618083164127,4.121320343559642,2.8284271247461903,2.568914100752347,32.0,10.12899020449196,4.82842712474619,2.0,2.0,3.0,20.0,35.0,6.416666666666666,60.0,44.0,8.0,20.0,12.0,9.915316149982342,5.464101615137754,1.7320508075688772,2.19060968716425,-6.55
24.0,22.0,4.3125,1.375,76.0,2.560660171779821,2.3272393461533625,2.1999999999999997,4.285618083164127,5.871320343559642,4.012289773726411,3.717636857841802,23.11111111111111,19.077520809352354,13.16227766016838,12.0,32.0,10.0,28.0,44.0,9.500000000000002,82.0,57.0,18.0,28.0,20.0,12.823409519949188,5.818625822352818,2.074313293051943,3.168489872670569,-1.43
20.0,19.0,3.611111111111111,1.6666666666666667,46.0,2.808060412490447,2.5491277293791677,2.6333333333333333,4.7112352811751075,5.317262334258209,3.644923705673916,3.4110006580487657,35.375,14.845516166095939,8.47213595499958,6.0,8.0,6.0,31.0,54.0,9.083333333333332,94.0,69.0,16.0,31.0,20.0,12.407305943380177,6.898979485566356,1.9318516525781362,2.7541847860376616,-2.93
20.0,20.0,1.25,1.25,40.0,2.5,2.5,2.5,5.0,5.0,3.5355339059327378,3.5355339059327378,40.0,14.142135623730951,7.0710678118654755,0.0,0.0,5.0,15.0,20.0,7.5,60.0,60.0,0.0,20.0,10.0,11.496186321883666,6.47213595499958,1.9999999999999987,2.083333333333333,1.2
34.0,36.0,2.611111111111111,2.0,76.0,3.931851652578137,3.9189910556894993,3.8666666666666667,7.8821967329218765,8.122522350258794,5.6568542494923815,5.729567401660267,64.0,24.366430302876523,13.365058181991753,4.0,4.0,10.0,64.0,122.0,15.783333333333333,246.0,234.0,22.0,109.0,50.0,18.47902253715965,10.424292428609817,2.1357792050698574,2.1250162554146717,-4.59
36.0,38.0,3.2222222222222223,1.8333333333333333,88.0,3.787693700234704,3.7888543819998315,3.6,7.6512343960219615,8.391883981397134,5.875633848974738,5.926813801712124,54.75,26.403614671685098,15.77269903474535,8.0,12.0,12.0,61.0,110.0,16.083333333333336,232.0,218.0,16.0,108.0,50.0,18.682724778002477,9.43114762028933,2.1753277471610755,2.2306376583301173,-4.84
14.0,12.0,2.75,1.5,26.0,2.414213562373095,2.1547005383792515,2.333333333333333,3.885618083164127,4.121320343559642,2.8284271247461903,2.568914100752347,32.0,10.12899020449196,4.82842712474619,2.0,2.0,3.0,20.0,35.0,6.416666666666666,60.0,44.0,8.0,20.0,12.0,9.915316149982342,5.464101615137754,1.7320508075688772,2.19060968716425,-6.619999999999999
10.0,8.0,2.5,1.25,18.0,1.914213562373095,1.6547005383792515,1.833333333333333,2.885618083164127,3.121320343559642,2.121320343559643,1.8618073195657994,24.0,7.3005630797457695,3.414213562373095,2.0,2.0,2.0,10.0,15.0,4.333333333333333,28.0,19.0,4.0,10.0,6.0,7.635733837560585,4.47213595499958,1.6180339887498951,1.9747448713915894,-2.78
56.0,64.0,3.0833333333333335,2.444444444444444,138.0,5.360173345306138,5.591529863463611,5.233333333333334,11.744800786464067,12.2784248953372,8.55423105945987,8.999610502309366,94.765625,40.351934499056355,23.90168923923731,8.0,10.0,19.0,144.0,305.0,27.633333333333333,608.0,638.0,44.0,308.0,118.0,27.268191703185074,14.42692050443618,2.333243827884395,1.9323192636083935,-7.47
26.0,27.0,2.111111111111111,1.4166666666666665,60.0,2.893846850117352,2.8944271909999157,2.8,5.825617198010981,6.195941990698567,4.352030486860464,4.377620463229157,43.375,18.85866158533493,10.714776642118865,4.0,6.0,8.0,26.0,39.0,10.166666666666666,100.0,95.0,8.0,33.0,19.0,13.991826457480949,7.465883060453303,2.114907541476756,2.184105569636068,-10.27
46.0,50.0,4.333333333333334,2.2777777777777777,116.0,4.698377302757664,4.697102672463695,4.433333333333334,9.517259799806402,10.546584519776388,7.358797096569131,7.4504171638263985,69.515625,33.80853301897275,20.60112615949154,10.0,16.0,16.0,117.0,245.0,22.71666666666666,440.0,408.0,44.0,186.0,84.0,23.465052101041955,11.908678249899133,2.242837900336234,2.3198475089677144,-3.45
18.0,16.0,3.0,1.75,34.0,2.914213562373095,2.6547005383792515,2.833333333333333,4.885618083164127,5.121320343559642,3.5355339059327378,3.2760208819388943,40.0,12.957417329238151,6.242640687119286,2.0,2.0,4.0,35.0,70.0,8.7,110.0,85.0,12.0,35.0,20.0,12.194901425440479,6.98791841486987,1.801937735804838,2.3390923149762908,-2.32
30.0,28.0,4.722222222222222,1.9166666666666665,74.0,3.625897657686229,3.3944271909999157,3.3,6.423693409364296,7.6600436058363215,5.387306667270547,5.084727244415705,37.5,22.688640316347684,13.886349517372675,10.0,18.0,10.0,74.0,161.0,14.466666666666665,240.0,191.0,28.0,74.0,42.0,17.160125219727846,8.47213595499958,2.000000000000001,2.9278193611827583,-5.99
48.0,52.0,4.423611111111111,2.166666666666667,134.0,4.605171715522539,4.614032450509017,4.285714285714286,9.34933511283733,10.80160442340116,7.486214122840505,7.546564725682125,68.9351111111111,35.89412792676572,22.73454147995595,12.0,30.0,18.0,114.0,233.0,23.016666666666666,430.0,400.0,50.0,177.0,84.0,23.688208958851185,11.788656935474512,2.2882456112707374,2.3892139046437464,-0.44
32.0,31.0,4.361111111111111,2.416666666666667,70.0,4.3080604124904465,4.049127729379167,4.133333333333333,7.7112352811751075,8.31726233425821,5.76624404923356,5.532321001608409,59.375,23.330797540334505,12.714776642118863,6.0,8.0,9.0,110.0,275.0,17.026190476190475,368.0,304.0,36.0,110.0,56.0,19.24628648935833,10.47213595499958,2.000000000000001,2.8766225950797444,-2.49
30.0,30.0,5.173611111111111,1.5,96.0,2.9433756729740645,2.719605259509101,2.4857142857142853,5.121794126179664,7.069764047840349,4.87656659757667,4.583157824826062,27.68511111111111,23.693872197189744,16.605551275463988,14.0,36.0,13.0,42.0,69.0,12.500000000000002,126.0,90.0,26.0,42.0,30.0,15.32635766478534,6.6027204955431404,2.175327747161076,3.541196965079901,-4.16
18.0,16.0,3.0,1.75,34.0,2.914213562373095,2.6547005383792515,2.833333333333333,4.885618083164127,5.121320343559642,3.5355339059327378,3.2760208819388943,40.0,12.95741732923815,6.242640687119285,2.0,2.0,4.0,35.0,70.0,8.7,110.0,85.0,12.0,35.0,20.0,12.194901425440477,6.987918414869869,1.8019377358048385,2.3390923149762908,-0.1
26.0,24.0,3.5,2.25,50.0,3.914213562373095,3.6547005383792515,3.833333333333333,6.885618083164127,7.121320343559642,4.949747468305834,4.69023444431199,56.0,18.61427157873053,9.071067811865476,2.0,2.0,6.0,84.0,210.0,13.742857142857144,280.0,231.0,24.0,84.0,42.0,16.754072029940975,9.517540966287266,1.8793852415718166,2.53006045688352,1.92
52.0,58.0,5.194444444444445,2.4722222222222223,136.0,5.109060905280623,5.105350962927558,4.7666666666666675,10.383285203590841,11.701285058155639,8.134853562976977,8.266913744754124,76.28125,38.38502424151423,24.015339721864635,12.0,20.0,19.0,150.0,327.0,26.599999999999998,559.0,513.0,55.0,236.0,104.0,25.968474572021044,12.675204166065733,2.3027756377319935,2.4371592600346954,-4.51
12.0,9.0,3.111111111111111,1.0,30.0,1.7320508075688776,1.5,1.5,2.598076211353316,3.4641016151377553,2.449489742783178,2.121320343559643,10.125,9.486832980505138,6.0,6.0,12.0,4.0,9.0,12.0,4.5,24.0,15.0,6.0,9.0,6.0,7.829154880351855,3.4641016151377544,1.7320508075688772,2.3237900077244498,-4.74
22.0,20.0,3.25,2.0,42.0,3.414213562373095,3.1547005383792515,3.333333333333333,5.885618083164127,6.121320343559642,4.242640687119286,3.9831276631254418,48.0,15.785844453984339,7.65685424949238,2.0,2.0,5.0,56.0,126.0,11.15,182.0,146.0,18.0,56.0,30.0,14.47448672760572,8.054678984251696,1.8477590650225744,2.447472887876344,-3.95
42.0,40.0,5.472222222222222,2.666666666666667,98.0,5.12589765768623,4.894427190999916,4.8,9.423693409364297,10.660043605836323,7.508627010830191,7.206047587975348,61.5,31.173921690586255,18.128990204491963,10.0,18.0,13.0,204.0,612.0,23.02142857142857,706.0,606.0,54.0,204.0,90.0,23.998878109772967,12.054678984251694,2.0000000000000004,2.909205095488745,-4.8
42.0,46.0,4.083333333333334,2.0277777777777777,108.0,4.198377302757663,4.197102672463695,3.9333333333333336,8.5172597998064,9.546584519776387,6.6516903153825835,6.743310382639851,61.515625,30.980105894226565,19.186912597118443,10.0,16.0,15.0,84.0,160.0,19.53333333333333,315.0,291.0,27.0,144.0,66.0,21.185691438717136,10.792280186226476,2.2458267799378633,2.34622717382778,-6.01
18.0,16.0,3.0,1.75,34.0,2.914213562373095,2.6547005383792515,2.833333333333333,4.885618083164127,5.121320343559642,3.5355339059327378,3.2760208819388943,40.0,12.95741732923815,6.242640687119285,2.0,2.0,4.0,35.0,70.0,8.7,110.0,85.0,12.0,35.0,20.0,12.194901425440477,6.987918414869869,1.8019377358048385,2.3390923149762908,-4.57
20.0,18.0,3.611111111111111,1.5833333333333333,46.0,2.770055610029662,2.5245638646895836,2.5666666666666664,4.654655746264211,5.390681974697982,3.7543135054150953,3.4732672819907515,30.75,14.99460169804673,8.650281539872886,6.0,10.0,6.0,32.0,58.0,9.0,98.0,73.0,14.0,32.0,20.0,12.397923494716462,6.155367074350508,1.9021130325903077,2.6272148478988635,-4.39
28.0,27.0,4.111111111111111,2.166666666666667,62.0,3.808060412490447,3.549127729379167,3.633333333333333,6.7112352811751075,7.317262334258209,5.059137268047012,4.825214220421861,51.375,20.502370415588317,11.30056307974577,6.0,8.0,8.0,76.0,170.0,14.266666666666667,248.0,199.0,28.0,76.0,42.0,16.9667011599727,9.409260218956907,1.9890437907365472,2.862065598305084,2.97
70.0,77.0,6.805555555555555,3.3888888888888897,180.0,7.002907755397976,6.999778153927474,6.566666666666666,14.208902401601822,15.897227048854207,11.072670487464347,11.230320645610188,103.65625,51.586831577356776,31.90168923923731,16.0,26.0,25.0,404.0,1240.0,40.9515873015873,1521.0,1417.0,101.0,572.0,204.0,35.29921714448019,17.72062983782931,2.2981284210400745,2.290892150463114,-7.0
82.0,89.0,9.395833333333334,4.736111111111111,216.0,8.918362620557913,8.625675811613705,8.4,17.030693584209676,19.087125910015544,13.065180168918227,13.0513945406645,132.51099537037038,60.73559203488392,37.32402711749646,22.0,38.0,29.0,738.0,2344.0,57.313095238095244,2610.0,2286.0,242.0,738.0,306.0,43.15763999194398,22.072764716862356,2.3140346944161627,4.654126269977985,-8.15
42.0,46.0,4.083333333333334,2.027777777777778,108.0,4.198377302757663,4.197102672463695,3.933333333333333,8.5172597998064,9.546584519776387,6.6516903153825835,6.743310382639851,61.515625,30.980105894226565,19.186912597118443,10.0,16.0,15.0,84.0,160.0,19.53333333333333,315.0,291.0,27.0,144.0,66.0,21.185691438717143,10.792280186226476,2.245826779937864,2.3462271738277805,-6.5
42.0,46.0,4.083333333333334,2.0277777777777777,108.0,4.198377302757663,4.197102672463695,3.933333333333333,8.5172597998064,9.546584519776387,6.6516903153825835,6.743310382639851,61.515625,30.98010589422657,19.186912597118443,10.0,16.0,15.0,84.0,160.0,19.53333333333333,315.0,291.0,27.0,144.0,66.0,21.18569143871713,10.792280186226474,2.245826779937863,2.3462271738277805,-6.79
22.0,20.0,3.25,2.0,42.0,3.414213562373095,3.1547005383792515,3.333333333333333,5.885618083164127,6.121320343559642,4.242640687119286,3.9831276631254418,48.0,15.785844453984339,7.65685424949238,2.0,2.0,5.0,56.0,126.0,11.15,182.0,146.0,18.0,56.0,30.0,14.47448672760572,8.054678984251696,1.8477590650225744,2.447472887876344,1.68
22.0,20.0,3.25,2.0,42.0,3.414213562373095,3.1547005383792515,3.333333333333333,5.885618083164127,6.121320343559642,4.242640687119286,3.9831276631254418,48.0,15.785844453984339,7.65685424949238,2.0,2.0,5.0,56.0,126.0,11.15,182.0,146.0,18.0,56.0,30.0,14.47448672760572,8.054678984251696,1.8477590650225744,2.447472887876344,-1.16
52.0,58.0,5.194444444444445,2.4722222222222223,136.0,5.109060905280623,5.105350962927558,4.7666666666666675,10.383285203590841,11.701285058155639,8.134853562976977,8.266913744754124,76.28125,38.38502424151423,24.015339721864635,12.0,20.0,19.0,150.0,327.0,26.599999999999998,559.0,513.0,55.0,236.0,104.0,25.968474572021044,12.675204166065736,2.302775637731994,2.437159260034696,-3.2
76.0,82.0,7.145833333333334,3.625,206.0,7.442001567141136,7.429511974842612,6.966666666666668,15.046590198765632,17.117567050776383,11.790464366778439,11.973463931391326,111.1111111111111,56.59197739077423,35.70110302003958,22.0,42.0,28.0,452.0,1298.0,45.75119047619048,1690.0,1562.0,138.0,631.0,234.0,37.792579902432486,18.4260910392689,2.3286381537327,2.5002721759136795,-6.68
34.0,32.0,5.423611111111111,1.7083333333333333,104.0,3.4165022194363885,3.1971026724636946,2.933333333333333,6.054655746264212,8.140681974697982,5.645282935581863,5.329096820266755,29.86111111111111,26.77155942765331,18.39834563766817,16.0,40.0,14.0,66.0,127.0,15.166666666666666,208.0,159.0,32.0,66.0,42.0,17.586510021393877,7.384646120352906,2.1489611417496355,3.388924101358251,2.89
36.0,35.0,4.611111111111111,2.666666666666667,78.0,4.8080604124904465,4.549127729379167,4.633333333333333,8.711235281175107,9.317262334258208,6.473350830420108,6.239427782794957,67.375,26.1592246650807,14.128990204491961,6.0,8.0,10.0,149.0,399.0,20.027380952380952,506.0,425.0,48.0,149.0,72.0,21.526096403958878,11.918006474314364,2.0285234880268836,2.998419094375296,-2.64
50.0,52.0,5.972222222222222,3.4444444444444446,114.0,6.256748817474191,5.981939884532615,6.033333333333333,11.633840219870441,12.398543232197689,8.55423105945987,8.407871302153794,94.765625,36.24348460516376,20.19348530673794,8.0,10.0,15.0,288.0,827.0,30.882539682539683,996.0,852.0,96.0,288.0,132.0,28.597822295545697,15.499988669945466,2.172342714254444,3.632264013511074,-3.64
22.0,20.0,3.25,2.0,42.0,3.414213562373095,3.1547005383792515,3.333333333333333,5.885618083164127,6.121320343559642,4.242640687119286,3.9831276631254418,48.0,15.785844453984339,7.65685424949238,2.0,2.0,5.0,56.0,126.0,11.15,182.0,146.0,18.0,56.0,30.0,14.47448672760572,8.054678984251696,1.8477590650225744,2.447472887876344,1.66
20.0,18.0,3.611111111111111,1.5833333333333333,46.0,2.770055610029662,2.5245638646895836,2.5666666666666664,4.654655746264212,5.390681974697982,3.7543135054150945,3.4732672819907515,30.75,14.994601698046727,8.650281539872886,6.0,10.0,6.0,32.0,58.0,9.0,98.0,73.0,14.0,32.0,20.0,12.397923494716455,6.155367074350506,1.9021130325903068,2.6272148478988635,-2.02
40.0,39.0,5.833333333333334,2.333333333333333,102.0,4.519744507803582,4.2888543819998315,4.1,8.249310607375277,9.85598559653489,6.910910029384821,6.633920582898672,48.875,30.23359340269785,18.94427190999916,14.0,24.0,14.0,135.0,324.0,20.883333333333333,450.0,369.0,52.0,135.0,72.0,21.93259599169989,10.184667847868202,2.1010029896154583,3.337430348629276,-4.97
42.0,46.0,4.083333333333334,2.0277777777777777,108.0,4.198377302757663,4.197102672463695,3.933333333333333,8.5172597998064,9.546584519776387,6.651690315382584,6.74331038263985,61.515625,30.980105894226565,19.186912597118447,10.0,16.0,15.0,84.0,160.0,19.53333333333333,315.0,291.0,27.0,144.0,66.0,21.18569143871714,10.792280186226474,2.2458267799378633,2.34622717382778,-17.74
40.0,43.0,3.4722222222222223,2.1111111111111107,96.0,4.304530452640311,4.302675481463779,4.133333333333333,8.691642601795419,9.350642529077819,6.542300515641405,6.60833060652998,66.140625,29.09200705736879,16.95741732923815,6.0,10.0,13.0,88.0,176.0,19.15,335.0,315.0,35.0,142.0,66.0,20.971923394025087,11.18995723015805,2.1939932777126576,2.2283621149350434,-1.24
16.0,14.0,3.361111111111111,1.3333333333333333,38.0,2.270055610029662,2.0245638646895836,2.0666666666666664,3.6546557462642113,4.390681974697982,3.0472067242285474,2.766160500804204,22.75,12.16617457330054,7.23606797749979,6.0,10.0,5.0,18.0,28.0,6.666666666666666,52.0,36.0,10.0,18.0,12.0,10.118119614388581,5.226251859505506,1.8477590650225744,2.5395388613593908,2.38
28.0,26.0,4.111111111111111,2.0833333333333335,62.0,3.770055610029662,3.5245638646895836,3.5666666666666664,6.654655746264211,7.390681974697982,5.16852706778819,4.887480844363847,46.75,20.651455947539105,11.478708664619074,6.0,10.0,8.0,79.0,185.0,14.1,260.0,211.0,26.0,79.0,42.0,16.957097116180837,8.762572535069648,1.9498558243636481,2.7158427612932585,-2.09
30.0,31.0,2.361111111111111,1.6666666666666665,68.0,3.393846850117352,3.3944271909999157,3.3,6.82561719801098,7.195941990698567,5.059137268047012,5.0847272444157054,51.375,21.68708871008112,12.128990204491961,4.0,6.0,9.0,42.0,71.0,12.916666666666666,163.0,157.0,11.0,78.0,36.0,16.189602380978524,8.720566232730448,2.1010029896154583,2.122917949959366,-1.46
20.0,16.0,4.0625,1.0,68.0,2.0,1.7888543819998317,1.6,3.2,5.0,3.4641016151377544,3.0983866769659336,9.48148148148148,16.492422502470642,12.0,12.0,36.0,9.0,16.0,22.0,7.0,44.0,28.0,12.0,16.0,12.0,10.524391382167263,4.0,2.0,3.0237157840738176,-0.19
50.0,55.0,4.583333333333334,2.611111111111111,124.0,5.236382105218448,5.221666537153279,5.0,10.573839334717295,11.473164879336613,7.956514078014501,8.09525732107096,82.140625,36.48787461176816,21.83719413699133,10.0,14.0,17.0,162.0,390.0,25.919047619047618,609.0,565.0,45.0,252.0,104.0,25.754244629039352,13.619694833292892,2.2508745945255453,2.242704555869001,-4.09
46.0,51.0,4.333333333333334,2.305555555555556,116.0,4.715214055163271,4.710923771927642,4.466666666666667,9.557668005579858,10.505343067457073,7.3183569820492504,7.424827187457705,72.90625,33.66849827991025,20.371630891611247,8.0,14.0,16.0,114.0,231.0,22.9,428.0,396.0,48.0,180.0,84.0,23.4753395541234,11.945821561028195,2.2671838628845014,2.3960449098608665,-3.58
26.0,24.0,3.5,2.25,50.0,3.914213562373095,3.6547005383792515,3.833333333333333,6.885618083164127,7.121320343559642,4.949747468305834,4.69023444431199,56.0,18.61427157873053,9.071067811865476,2.0,2.0,6.0,84.0,210.0,13.742857142857144,280.0,231.0,24.0,84.0,42.0,16.754072029940975,9.517540966287266,1.8793852415718166,2.53006045688352,0.27
94.0,117.0,3.166666666666667,3.388888888888889,242.0,7.932652990377571,8.61895021631898,7.866666666666667,18.838367176906168,19.16496580927726,13.232828269945001,14.52189694568978,168.953125,67.02817638778546,40.51596081796784,8.0,8.0,34.0,362.0,845.0,52.60952380952381,1676.0,1933.0,112.0,1008.0,308.0,42.39611189601495,22.505459381157138,2.532088886237957,1.6706371262404474,-4.52
18.0,16.0,3.0,1.75,34.0,2.914213562373095,2.6547005383792515,2.833333333333333,4.885618083164127,5.121320343559642,3.5355339059327378,3.2760208819388943,40.0,12.95741732923815,6.242640687119285,2.0,2.0,4.0,35.0,70.0,8.7,110.0,85.0,12.0,35.0,20.0,12.194901425440477,6.987918414869869,1.8019377358048385,2.3390923149762908,-0.1
30.0,28.0,4.722222222222222,1.9166666666666665,74.0,3.625897657686229,3.3944271909999157,3.3,6.423693409364296,7.6600436058363215,5.387306667270547,5.084727244415705,37.5,22.688640316347684,13.886349517372675,10.0,18.0,10.0,74.0,161.0,14.466666666666665,240.0,191.0,28.0,74.0,42.0,17.160125219727846,8.47213595499958,2.000000000000001,2.9278193611827583,-2.36
24.0,22.0,4.3125,1.375,76.0,2.560660171779821,2.3272393461533625,2.1999999999999997,4.285618083164127,5.871320343559642,4.012289773726411,3.717636857841802,23.11111111111111,19.077520809352354,13.16227766016838,12.0,32.0,10.0,28.0,44.0,9.5,82.0,57.0,18.0,28.0,20.0,12.823409519949186,5.818625822352818,2.0743132930519423,3.168489872670569,2.51
46.0,50.0,4.333333333333334,2.2777777777777777,116.0,4.698377302757664,4.697102672463695,4.433333333333334,9.517259799806402,10.546584519776388,7.358797096569131,7.4504171638263985,69.515625,33.80853301897276,20.601126159491542,10.0,16.0,16.0,120.0,262.0,22.6,452.0,420.0,40.0,192.0,84.0,23.46482436187437,11.936237570137333,2.2360679774997902,2.2599025962240935,-9.82
24.0,23.0,3.861111111111111,1.9166666666666667,54.0,3.308060412490447,3.0491277293791677,3.1333333333333333,5.7112352811751075,6.317262334258209,4.352030486860464,4.118107439235313,43.375,17.67394329084213,9.886349517372675,6.0,8.0,7.0,50.0,99.0,11.616666666666667,158.0,122.0,22.0,50.0,30.0,14.68711284067275,7.878462024097665,1.9696155060244167,2.8318199660707846,-6.72
40.0,43.0,3.4722222222222223,2.166666666666667,96.0,4.325698502695489,4.313418246689415,4.166666666666666,8.707813930932858,9.318464340957362,6.473350830420108,6.571653958956686,67.375,29.082956264480494,17.00876701224514,8.0,10.0,13.0,90.0,187.0,19.066666666666666,341.0,319.0,25.0,150.0,66.0,20.971923394025076,11.18995723015805,2.193993277712657,2.1804017457062086,-7.48
44.0,46.0,3.7222222222222223,2.333333333333333,104.0,4.787693700234704,4.7888543819998315,4.6,9.651234396021962,10.391883981397134,7.289847411347834,7.34102736408522,70.75,32.06046892117748,18.601126159491542,8.0,12.0,14.0,126.0,287.0,22.083333333333332,482.0,456.0,46.0,189.0,84.0,23.241673814767665,12.066822110680892,2.175327747161075,2.1312821385375686,0.16
76.0,88.0,5.305555555555555,3.3333333333333335,194.0,7.181540550352057,7.408026444391338,6.900000000000001,15.476851594032947,16.587825972095704,11.520557554648656,12.046817226537913,124.296875,55.16177119363168,33.55854348872969,12.0,18.0,27.0,348.0,897.0,43.820238095238096,1420.0,1440.0,130.0,600.0,228.0,36.833761383176494,18.628709824989294,2.3941701709713303,1.9869748262831397,-2.16
2.0,1.0,2.0,1.0,2.0,1.0,0.7071067811865475,1.0,1.0,1.0,0.0,0.0,0.0,1.4142135623730951,0.0,0.0,0.0,0.0,1.0,1.0,1.0,2.0,1.0,0.0,1.0,0.0,3.0861612696304874,2.0,1.0,1.0,-4.55
36.0,39.0,3.2222222222222223,1.861111111111111,88.0,3.804530452640311,3.802675481463779,3.6333333333333333,7.691642601795419,8.350642529077819,5.835193734454857,5.901223825343432,58.140625,26.26357993262259,15.543203766865055,6.0,10.0,12.0,60.0,106.0,16.166666666666668,228.0,214.0,20.0,106.0,50.0,18.692556642802074,9.953959938490613,2.1935270853310533,2.2794002709583667,-4.55
94.0,115.0,5.527777777777779,3.6666666666666665,248.0,8.181540550352056,8.632771315782927,7.900000000000001,18.476851594032944,19.5878259720957,13.520557554648656,14.496306969321092,158.46875,67.88969325498954,42.04382486296826,12.0,18.0,35.0,452.0,1156.0,55.62976190476191,1933.0,2055.0,133.0,1000.0,318.0,43.375030339976995,22.43517429168555,2.5078033270891154,1.8223308353016539,-11.53
10.0,8.0,2.5,1.25,18.0,1.914213562373095,1.6547005383792515,1.833333333333333,2.885618083164127,3.121320343559642,2.121320343559643,1.8618073195657994,24.0,7.3005630797457695,3.414213562373095,2.0,2.0,2.0,10.0,15.0,4.333333333333333,28.0,19.0,4.0,10.0,6.0,7.635733837560583,4.47213595499958,1.6180339887498947,1.9747448713915894,-1.17
24.0,22.0,3.861111111111111,1.8333333333333333,54.0,3.270055610029662,3.0245638646895836,3.0666666666666664,5.654655746264211,6.390681974697982,4.461420286601642,4.180374063177299,38.75,17.823028822792917,10.06449510224598,6.0,10.0,7.0,52.0,108.0,11.483333333333333,166.0,130.0,20.0,52.0,30.0,14.677511786966832,7.7274066103125465,1.9318516525781364,2.678257743164726,-3.28
38.0,36.0,5.222222222222222,2.416666666666667,90.0,4.62589765768623,4.394427190999916,4.3,8.423693409364295,9.660043605836323,6.801520229643643,6.4989408067888,53.5,28.345494565840063,16.714776642118863,10.0,18.0,12.0,151.0,412.0,20.07142857142857,514.0,433.0,44.0,151.0,72.0,21.719292807607737,10.987918414869867,1.9999999999999998,2.909471975439737,-5.73
36.0,39.0,3.2222222222222223,1.861111111111111,88.0,3.804530452640311,3.802675481463779,3.6333333333333333,7.691642601795419,8.350642529077819,5.835193734454857,5.901223825343432,58.140625,26.26357993262259,15.543203766865055,6.0,10.0,12.0,60.0,106.0,16.166666666666668,228.0,214.0,20.0,106.0,50.0,18.692556642802074,9.953959938490613,2.1935270853310533,2.2794002709583667,-5.29
82.0,93.0,8.527777777777779,3.777777777777779,220.0,7.824274960443894,7.816274734855201,7.2333333333333325,15.9409532091707,18.20662812561271,12.624783420280036,12.863313807465639,117.1875,60.73981402243972,38.7301163639835,20.0,34.0,31.0,518.0,1499.0,50.92857142857143,1933.0,1783.0,169.0,714.0,266.0,40.30562535091957,19.869530804136943,2.3753088738883528,2.6156458508900533,-9.41
34.0,36.0,2.611111111111111,2.0,76.0,3.931851652578137,3.9189910556894993,3.8666666666666667,7.8821967329218765,8.122522350258794,5.6568542494923815,5.729567401660267,64.0,24.366430302876523,13.365058181991753,4.0,4.0,10.0,64.0,122.0,15.783333333333333,246.0,234.0,22.0,109.0,50.0,18.47902253715965,10.424292428609817,2.1357792050698574,2.1250162554146717,-1.24
44.0,46.0,5.5625,2.875,116.0,5.181980515339465,4.9040092744604245,4.9,9.45685424949238,10.613961030678926,7.229986434463368,7.0774575631531835,74.37037037037037,32.73299879735434,19.729473667624426,12.0,24.0,15.0,166.0,391.0,24.7,554.0,454.0,72.0,166.0,90.0,24.26224243832631,12.128990204491963,2.2360679774997907,3.790229816165348,-7.5
24.0,22.0,4.3125,1.375,76.0,2.560660171779821,2.3272393461533625,2.1999999999999997,4.285618083164127,5.871320343559642,4.012289773726411,3.717636857841802,23.11111111111111,19.077520809352354,13.16227766016838,12.0,32.0,10.0,28.0,44.0,9.500000000000002,82.0,57.0,18.0,28.0,20.0,12.823409519949188,5.818625822352818,2.074313293051943,3.168489872670569,-4.31
32.0,30.0,4.361111111111111,2.3333333333333335,70.0,4.2700556100296625,4.024563864689584,4.066666666666666,7.654655746264211,8.390681974697982,5.875633848974738,5.594587625550395,54.75,23.479883072285293,12.89292222699217,6.0,10.0,9.0,114.0,297.0,16.835714285714285,384.0,320.0,34.0,114.0,56.0,19.236682418687728,10.251661790966027,1.9615705608064613,2.746690906857495,-5.73
10.0,8.0,2.5,1.25,18.0,1.914213562373095,1.6547005383792515,1.833333333333333,2.885618083164127,3.121320343559642,2.121320343559643,1.8618073195657994,24.0,7.3005630797457695,3.414213562373095,2.0,2.0,2.0,10.0,15.0,4.333333333333333,28.0,19.0,4.0,10.0,6.0,7.635733837560585,4.47213595499958,1.6180339887498951,1.9747448713915894,-4.85
36.0,39.0,3.2222222222222223,1.8611111111111112,88.0,3.804530452640311,3.802675481463779,3.6333333333333333,7.691642601795419,8.350642529077819,5.835193734454857,5.901223825343431,58.140625,26.26357993262259,15.543203766865057,6.0,10.0,12.0,60.0,106.0,16.166666666666664,228.0,214.0,20.0,106.0,50.0,18.69255664280207,9.953959938490609,2.193527085331054,2.2794002709583667,-0.9
20.0,16.0,4.0625,1.0,68.0,2.0,1.7888543819998317,1.6,3.2,5.0,3.4641016151377544,3.0983866769659336,9.48148148148148,16.492422502470642,12.0,12.0,36.0,9.0,16.0,22.0,7.0,44.0,28.0,12.0,16.0,12.0,10.524391382167263,4.0,2.0,3.0237157840738176,2.51
14.0,12.0,2.75,1.5,26.0,2.414213562373095,2.1547005383792515,2.333333333333333,3.885618083164127,4.121320343559642,2.8284271247461903,2.568914100752347,32.0,10.12899020449196,4.82842712474619,2.0,2.0,3.0,20.0,35.0,6.416666666666666,60.0,44.0,8.0,20.0,12.0,9.915316149982342,5.464101615137754,1.7320508075688772,2.19060968716425,0.01
58.0,69.0,3.6944444444444446,2.416666666666667,150.0,5.287693700234705,5.513599253391422,5.1000000000000005,11.651234396021964,12.391883981397136,8.582740630161286,9.083410325681852,96.921875,41.959963857789134,25.672193971357014,8.0,12.0,21.0,137.0,273.0,28.149999999999995,568.0,583.0,48.0,232.0,106.0,27.59310410122812,14.223278908454631,2.423886072720549,2.0721148271104752,-9.61
14.0,12.0,2.75,1.5,26.0,2.414213562373095,2.1547005383792515,2.333333333333333,3.885618083164127,4.121320343559642,2.8284271247461903,2.568914100752347,32.0,10.12899020449196,4.82842712474619,2.0,2.0,3.0,20.0,35.0,6.416666666666666,60.0,44.0,8.0,20.0,12.0,9.915316149982342,5.464101615137754,1.7320508075688772,2.19060968716425,-0.25
36.0,38.0,3.2222222222222223,1.8333333333333333,88.0,3.787693700234704,3.7888543819998315,3.6,7.6512343960219615,8.391883981397134,5.875633848974738,5.926813801712124,54.75,26.403614671685094,15.77269903474535,8.0,12.0,12.0,62.0,115.0,16.03333333333333,236.0,222.0,12.0,110.0,50.0,18.68250312825291,9.92477721636806,2.170086486626033,2.1923771580194713,-6.13
12.0,9.0,3.111111111111111,1.0,30.0,1.7320508075688776,1.5,1.5,2.598076211353316,3.4641016151377553,2.449489742783178,2.121320343559643,10.125,9.486832980505138,6.0,6.0,12.0,4.0,9.0,12.0,4.5,24.0,15.0,6.0,9.0,6.0,7.829154880351855,3.4641016151377544,1.7320508075688772,2.3237900077244498,-0.46
40.0,44.0,3.4722222222222223,2.1944444444444446,96.0,4.3425352551010965,4.3272393461533625,4.199999999999999,8.748222136706316,9.277222888638047,6.432910715900227,6.5460639825879925,70.765625,28.942921525417994,16.77927174436485,6.0,8.0,13.0,86.0,167.0,19.28333333333333,325.0,303.0,33.0,142.0,66.0,20.982204647916753,11.203557775951705,2.2215832939527687,2.29725588417896,-5.94
20.0,20.0,1.25,1.25,40.0,2.5,2.5,2.5,5.0,5.0,3.5355339059327378,3.5355339059327378,40.0,14.142135623730951,7.0710678118654755,0.0,0.0,5.0,15.0,20.0,7.5,60.0,60.0,0.0,20.0,10.0,11.496186321883666,6.47213595499958,1.9999999999999987,2.083333333333333,0.56
30.0,30.0,5.173611111111111,1.5,96.0,2.9433756729740645,2.719605259509101,2.4857142857142853,5.121794126179664,7.069764047840349,4.87656659757667,4.583157824826062,27.68511111111111,23.693872197189744,16.605551275463988,14.0,36.0,13.0,42.0,69.0,12.500000000000002,126.0,90.0,26.0,42.0,30.0,15.32635766478534,6.6027204955431404,2.175327747161076,3.541196965079901,-4.2
10.0,8.0,2.5,1.25,18.0,1.914213562373095,1.6547005383792515,1.833333333333333,2.885618083164127,3.121320343559642,2.121320343559643,1.8618073195657994,24.0,7.3005630797457695,3.414213562373095,2.0,2.0,2.0,10.0,15.0,4.333333333333333,28.0,19.0,4.0,10.0,6.0,7.635733837560585,4.47213595499958,1.6180339887498951,1.9747448713915894,-4.39
46.0,51.0,4.333333333333334,2.3055555555555554,116.0,4.715214055163271,4.710923771927642,4.466666666666667,9.557668005579858,10.505343067457073,7.3183569820492504,7.424827187457706,72.90625,33.66849827991025,20.371630891611247,8.0,14.0,16.0,114.0,231.0,22.899999999999995,428.0,396.0,48.0,180.0,84.0,23.475339554123387,11.945821561028193,2.2671838628844996,2.3960449098608665,-4.58
56.0,65.0,3.0833333333333335,2.4722222222222223,138.0,5.377010097711745,5.605350962927558,5.266666666666667,11.785208992237523,12.237183443017882,8.51379094493999,8.974020525940672,98.15625,40.211899759993855,23.672193971357018,6.0,8.0,19.0,140.0,285.0,27.849999999999998,590.0,618.0,48.0,300.0,118.0,27.278488539440623,14.495357090321047,2.351365126324357,1.9931760493394233,-2.44
60.0,72.0,6.666666666666667,2.666666666666667,168.0,5.464101615137755,5.449489742783179,5.0,11.196152422706632,12.92820323027551,8.898979485566358,9.141620172685643,88.59375,44.42951008372598,28.970562748477143,12.0,24.0,24.0,174.0,357.0,31.599999999999998,636.0,570.0,60.0,282.0,126.0,28.715919136223892,14.601126159491537,2.4142135623730954,2.7602520756252087,-2.33
30.0,28.0,3.75,2.5,58.0,4.414213562373095,4.1547005383792515,4.333333333333333,7.885618083164127,8.121320343559642,5.6568542494923815,5.397341225498538,64.0,21.442698703476722,10.485281374238571,2.0,2.0,7.0,120.0,330.0,16.460714285714285,408.0,344.0,32.0,120.0,56.0,19.03365733227704,10.627503029350086,1.9021130325903075,2.595082706793886,-3.43
26.0,24.0,3.5,2.25,50.0,3.914213562373095,3.6547005383792515,3.833333333333333,6.885618083164127,7.121320343559642,4.949747468305834,4.69023444431199,56.0,18.61427157873053,9.071067811865476,2.0,2.0,6.0,84.0,210.0,13.742857142857144,280.0,231.0,24.0,84.0,42.0,16.754072029940975,9.517540966287266,1.8793852415718166,2.53006045688352,0.71
90.0,100.0,8.506944444444443,4.402777777777777,242.0,8.89799590830217,8.86540246423437,8.366666666666669,17.970692699056535,20.161747557154467,13.881676749845951,14.152994121954762,135.88599537037038,66.6368362909807,41.79616307249605,24.0,42.0,33.0,720.0,2276.0,59.330158730158736,2705.0,2517.0,221.0,942.0,336.0,44.875058358871684,21.938470499612794,2.360087752714221,2.616727737509665,-6.48
40.0,39.0,4.861111111111111,2.9166666666666665,86.0,5.3080604124904465,5.049127729379168,5.133333333333334,9.711235281175107,10.31726233425821,7.180457611606656,6.946534563981505,75.375,28.987651789826884,15.543203766865055,6.0,8.0,11.0,206.0,624.0,22.840873015873015,714.0,614.0,54.0,206.0,90.0,23.80545709420292,13.04587945016868,2.0107563043833716,2.894206463174485,-2.04
20.0,20.0,1.25,1.25,40.0,2.5,2.5,2.5,5.0,5.0,3.5355339059327378,3.5355339059327378,40.0,14.142135623730951,7.0710678118654755,0.0,0.0,5.0,15.0,20.0,7.5,60.0,60.0,0.0,20.0,10.0,11.496186321883666,6.47213595499958,1.9999999999999987,2.083333333333333,-5.48
40.0,43.0,3.4722222222222223,2.166666666666667,96.0,4.325698502695489,4.313418246689415,4.166666666666667,8.707813930932858,9.31846434095736,6.473350830420108,6.571653958956686,67.375,29.082956264480494,17.00876701224514,8.0,10.0,13.0,90.0,187.0,19.066666666666666,341.0,319.0,25.0,150.0,66.0,20.971923394025083,11.18995723015805,2.193993277712658,2.180401745706209,-8.83
26.0,24.0,3.5,2.25,50.0,3.914213562373095,3.6547005383792515,3.833333333333333,6.885618083164127,7.121320343559642,4.949747468305834,4.69023444431199,56.0,18.61427157873053,9.071067811865476,2.0,2.0,6.0,84.0,210.0,13.742857142857144,280.0,231.0,24.0,84.0,42.0,16.754072029940975,9.517540966287266,1.8793852415718166,2.53006045688352,0.29
24.0,24.0,1.5,1.5,48.0,3.0,3.0,3.0,6.0,6.0,4.242640687119286,4.242640687119286,48.0,16.970562748477143,8.485281374238571,0.0,0.0,6.0,27.0,42.0,10.0,108.0,108.0,0.0,54.0,24.0,13.696713921428238,8.0,2.0,2.0,-5.06
