M1,M2,mM1,mM2,F,R,SCI,H,GA,AG,ABC,ABS,AZI,SO,SO_red,Alb,Sigma,redM1,W,WW,HR,Schultz,Gutman,Mostar,Sz,PI,EE,Energy,SpecRad,Balaban_J,target
92.0,103.0,6.3055555555555545,4.305555555555555,226.0,9.164703797946448,9.394205344927391,8.866666666666667,19.436443388259484,20.629067424415016,14.389424793914728,14.900834327652795,152.90625,66.61551443167896,39.44489300610236,14.0,20.0,31.0,792.0,2849.0,58.37626262626263,3214.0,3234.0,208.0,1160.0,366.0,45.94135606070074,24.31653531211759,2.3730877821242005,1.7146377295273996,1.0
106.0,114.0,9.506944444444443,5.319444444444443,274.0,10.852685169664095,10.837760265306477,10.3,21.91261560255007,24.272267589155632,16.809161520305565,17.03260119943834,165.87673611111111,78.13903136179283,47.60059795665124,24.0,46.0,37.0,1492.0,6815.0,73.34752747252747,5709.0,5433.0,277.0,1882.0,500.0,53.97211617414321,27.070797909768924,2.2954078760731975,2.20558347704936,1.0
146.0,180.0,9.333333333333332,5.527777777777777,394.0,12.379917853109722,13.054618859638213,11.833333333333336,27.99411139383934,30.134410491872085,20.75803430765814,22.274893532371014,238.15625,105.94086696108164,66.88759170957908,22.0,34.0,56.0,1484.0,5100.0,104.2965367965368,6298.0,6643.0,394.0,3098.0,782.0,66.52317382773461,33.46582201659463,2.5785233443199873,1.605186418645728,1.0
98.0,106.0,6.194444444444445,4.833333333333332,230.0,10.237183443017884,10.472135954999581,10.000000000000002,21.53000977870159,22.51560833835508,15.775128785586409,16.231248066653404,166.75,70.66433932243856,40.50281539872884,14.0,18.0,31.0,1158.0,4971.0,64.6674075924076,4714.0,4774.0,238.0,1594.0,450.0,50.265902859978084,26.569834753519054,2.281041859215058,1.5669043789688937,1.0
164.0,203.0,11.39583333333333,6.09722222222222,460.0,13.630734840239555,14.301866318075207,12.885714285714291,30.58727606269238,33.643571456254776,23.095142225075044,24.68555106090005,260.1116157407408,119.91362815279003,77.18985739983135,28.0,54.0,65.0,2212.0,9005.0,116.97740315240316,9355.0,9852.0,561.0,2993.0,903.0,74.69614494024458,36.206474509416644,2.632949848622904,1.4418439979162059,1.0
236.0,285.0,15.999999999999995,9.638888888888888,624.0,21.010146808445523,21.895457459182992,20.133333333333333,46.39356792656762,49.80351736190726,34.35947209134655,36.490154278267745,389.84375,171.1868980947964,106.51063030055471,36.0,54.0,88.0,7383.0,41921.0,204.8187749084421,31284.0,33077.0,1382.0,10766.0,2179.0,110.95940227740077,56.28033167983878,2.575261945038278,1.2272560743372298,1.0
218.0,276.0,15.291666666666664,7.999999999999998,624.0,17.82816415020198,18.70815140111203,16.828571428571436,40.11528700023561,44.2043849717205,30.257029917226298,32.44378854304326,351.91861111111115,159.3941993558205,103.34270706851109,38.0,72.0,88.0,4072.0,17358.0,184.54222999222998,17338.0,18403.0,958.0,7690.0,1639.0,97.56195089385325,47.65006372798446,2.6770427317651877,1.4915818872404791,1.0
124.0,153.0,6.499999999999998,4.722222222222222,326.0,10.66470379794645,11.34369508771057,10.366666666666667,24.436443388259484,25.629067424415013,17.682318012728174,19.0927070320326,213.25,89.24293142964848,55.00124219220642,14.0,20.0,46.0,997.0,3296.0,79.8579365079365,4380.0,4794.0,266.0,1610.0,516.0,56.92116342543438,29.30262588942524,2.555708698608403,1.4756931910005977,1.0
148.0,173.0,10.361111111111109,6.499999999999998,380.0,13.9010859031649,14.34061675347226,13.36666666666667,30.010282722976772,32.10223230375163,22.224618528369582,23.324261047947278,245.21875,107.34602973056646,65.524727830213,24.0,34.0,53.0,2077.0,7726.0,117.17307414807415,8449.0,8544.0,543.0,3093.0,873.0,71.3603602463714,36.71440796032012,2.483343068540763,1.839300315632005,1.0
72.0,81.0,7.416666666666666,3.3333333333333335,192.0,6.913591357920935,6.9080264443913375,6.4,14.074927805386261,16.051927587233457,11.141620172685643,11.339710445351363,102.421875,53.334895675152055,33.901689239237314,18.0,30.0,27.0,368.0,1001.0,42.23095238095238,1375.0,1269.0,127.0,518.0,204.0,35.52375646398477,17.34427002431165,2.3626524955828057,2.53008943510171,1.0
152.0,187.0,9.673611111111107,5.7638888888888875,420.0,12.830535685248812,13.49611250237312,12.252380952380957,28.871396584260935,31.301992191375817,21.47407960703805,23.015881251471303,247.81474074074075,110.75159491481881,70.41277995809216,26.0,46.0,59.0,1727.0,6431.0,108.48603896103897,7317.0,7705.0,431.0,2606.0,755.0,69.18834808994575,34.55343539988222,2.5419793952272145,1.521073960473255,0.0
88.0,104.0,7.027777777777777,3.7777777777777777,234.0,8.024075805453153,8.235265790544702,7.600000000000001,17.22507373073926,18.865048860733747,13.00372080224305,13.64313374082007,139.0625,64.30570284582633,40.43832029648287,18.0,26.0,33.0,505.0,1452.0,52.5468253968254,2017.0,1997.0,159.0,741.0,277.0,41.92708493764573,21.16301284502881,2.430126951567429,1.9820949826086112,1.0
6.0,4.0,2.25,1.0,10.0,1.414213562373095,1.1547005383792517,1.3333333333333333,1.885618083164127,2.1213203435596424,1.4142135623730951,1.1547005383792517,16.0,4.47213595499958,2.0,2.0,2.0,1.0,4.0,5.0,2.5,10.0,6.0,2.0,4.0,2.0,5.356367113217142,2.8284271247461903,1.4142135623730951,1.6329931618554523,1.0
256.0,295.0,16.729166666666664,10.569444444444445,670.0,23.35719560066094,24.28796699770972,22.366666666666664,51.03385889212046,55.254381556046745,38.32667326748857,40.24149466635462,403.09548611111114,186.7650838615057,115.41931615699042,48.0,80.0,93.0,9512.0,54001.0,238.42719755304896,40351.0,42739.0,1911.0,12982.0,2722.0,121.71954172735272,61.76054183166609,2.4402949809750782,1.2769868435902252,1.0
114.0,135.0,8.618055555555555,5.319444444444445,300.0,11.018909728439276,11.211021842144783,10.590476190476192,23.19772503681387,24.894935767280128,17.182853162466042,17.878667584918094,194.36262499999998,82.86067991104561,50.53747497529001,20.0,30.0,41.0,1044.0,3102.0,84.19880952380953,4128.0,4052.0,406.0,1404.0,540.0,55.791937560115315,29.39423593503056,2.5095556431816184,2.3327897693617587,1.0
152.0,180.0,10.090277777777777,6.986111111111111,394.0,14.541172426285495,14.939889268824729,14.11904761904762,31.176607346804747,32.889932340115855,22.622826582553703,23.816822414258322,266.1365,109.9310867436676,66.49469459130962,24.0,34.0,54.0,2599.0,11658.0,117.9316516816517,10702.0,10985.0,580.0,3604.0,943.0,73.79540274207305,38.6109210361095,2.4822488200475714,1.5942813827054911,1.0
180.0,215.0,10.902777777777777,7.486111111111112,482.0,16.348826315353406,17.01141419989186,15.776190476190479,35.82925688257307,38.319062540940074,26.472550383670388,27.96257865369406,298.5569953703704,130.86188147021355,80.71898927045515,32.0,52.0,66.0,3458.0,15775.0,145.5966061716062,14632.0,15449.0,852.0,5135.0,1308.0,85.01011897135935,44.17629667021175,2.515749072703977,1.4389025394039834,1.0
110.0,130.0,6.527777777777778,4.694444444444445,280.0,10.185871848001627,10.629692981544618,9.900000000000002,22.452614717396923,23.596889236294558,16.32047510869343,17.31364742286268,188.3125,79.3343857001485,47.98152406334792,16.0,20.0,39.0,959.0,3348.0,70.83575036075037,4088.0,4342.0,272.0,1373.0,460.0,52.57130750451135,27.34189655919847,2.435873971237169,1.5337949942008169,1.0
166.0,189.0,11.451388888888888,7.347222222222223,430.0,15.780025428031989,16.22990433258969,15.152380952380957,33.75017196694056,36.42571654833376,25.252254200090064,26.300015687286578,267.4709907407408,121.07119406861794,73.9296928864792,32.0,52.0,59.0,3998.0,23152.0,127.06831364799632,16633.0,17281.0,651.0,5456.0,1172.0,80.6969249373243,41.32223763839339,2.3728618281879506,1.3372093457758096,1.0
82.0,96.0,6.166666666666666,3.527777777777778,214.0,7.592224152875016,7.816274734855201,7.233333333333333,16.342876997817385,17.742526510474953,12.2966140210565,12.86331380746564,131.0625,59.73826241617316,36.97275705110279,14.0,22.0,30.0,417.0,1122.0,48.33095238095238,1686.0,1693.0,148.0,710.0,260.0,39.336491119150374,19.94423632730479,2.401756205349234,1.9993039600074594,1.0
20.0,18.0,3.611111111111111,1.5833333333333333,46.0,2.770055610029662,2.5245638646895836,2.5666666666666664,4.654655746264211,5.390681974697982,3.7543135054150953,3.4732672819907515,30.75,14.99460169804673,8.650281539872886,6.0,10.0,6.0,32.0,58.0,9.0,98.0,73.0,14.0,32.0,20.0,12.397923494716462,6.155367074350508,1.9021130325903077,2.6272148478988635,1.0
44.0,46.0,3.7222222222222223,2.333333333333333,104.0,4.787693700234704,4.7888543819998315,4.6,9.651234396021962,10.391883981397134,7.289847411347834,7.34102736408522,70.75,32.06046892117748,18.601126159491542,8.0,12.0,14.0,126.0,287.0,22.083333333333332,482.0,456.0,46.0,189.0,84.0,23.241673814767665,12.066822110680892,2.175327747161075,2.1312821385375686,1.0
164.0,187.0,9.0,7.055555555555556,406.0,15.563683283512807,16.26076849092689,15.16666666666667,34.19399415361873,35.87651613833089,24.996026511712927,26.317314702110224,272.90625,118.3674111114854,70.52034942321907,26.0,32.0,56.0,3922.0,24084.0,119.77108660603244,16892.0,18154.0,558.0,5629.0,1130.0,79.5589327530777,41.52773445963108,2.377287848866242,1.05344959794357,0.0
112.0,126.0,8.979166666666664,4.708333333333333,304.0,10.25983881233692,10.49955630785495,9.633333333333335,21.75904832695482,24.460348322354488,16.94706089074816,17.510893822914536,163.40798611111111,82.81987785187624,52.42902508139744,26.0,52.0,42.0,1168.0,4542.0,73.2843795093795,4674.0,4641.0,286.0,1704.0,492.0,53.6432256050102,26.76605025054251,2.41914795671126,1.789037418030693,1.0
136.0,159.0,8.118055555555555,6.26388888888889,346.0,13.18180041877879,13.598828823207418,12.885714285714286,28.387977004324974,29.65395090379711,20.472996668292648,21.538989095158314,239.98025,98.09876270578926,58.430199489063625,20.0,28.0,47.0,1893.0,7661.0,101.88303085803085,7894.0,8208.0,482.0,2668.0,766.0,66.49365921337358,35.11665443699046,2.481517004649526,1.6243592088876302,1.0
82.0,88.0,6.583333333333332,4.694444444444445,188.0,9.274386907679233,9.246230401842864,9.066666666666666,18.630418869628194,19.39974523889684,13.503978527765705,13.689844946621356,150.765625,58.96620607778689,32.97275705110279,10.0,12.0,25.0,898.0,3638.0,54.36933621933622,3485.0,3365.0,199.0,1054.0,336.0,44.001192748092535,23.64177154769638,2.2373415792595504,2.025042205060294,0.0
122.0,144.0,8.249999999999998,4.972222222222222,320.0,10.952397498181153,11.407804598318814,10.466666666666669,24.087677784281446,26.020951405812145,18.022417955770177,19.034497185028805,193.828125,88.77648841624477,55.217592040847705,22.0,32.0,45.0,1137.0,3784.0,82.86944444444444,4702.0,4828.0,342.0,1649.0,547.0,57.55766799110721,29.257329431588758,2.5029976959378244,1.726623807071681,1.0
126.0,150.0,6.138888888888888,4.944444444444445,322.0,11.203509938206668,11.893983498854867,10.933333333333337,25.449193367154667,26.5980912429937,18.441795452253068,19.76719394258405,212.3125,90.74339867378691,55.10394155822037,18.0,22.0,45.0,1082.0,3453.0,85.69126984126984,4728.0,5148.0,314.0,1973.0,586.0,58.74903198806656,30.595207220434066,2.466518323565711,1.5375649306886063,1.0
88.0,101.0,6.506944444444444,3.638888888888889,240.0,7.982181813234284,8.219383413436574,7.552380952380953,17.134544105074852,19.038787866419042,13.171577943034304,13.692158126876604,135.0913611111111,64.79231918777481,40.74988120182057,18.0,38.0,33.0,522.0,1574.0,52.10357142857143,2116.0,2130.0,150.0,862.0,294.0,41.828711748772186,20.918454139661684,2.400746647285994,1.8978401191867442,1.0
196.0,239.0,14.368055555555552,7.791666666666664,540.0,16.97327009534065,17.62910566422857,16.08571428571429,37.3354981993987,40.92079434489283,28.113839378602172,29.81740148111494,314.8772407407408,143.19969542871561,91.14070201944999,34.0,62.0,76.0,4075.0,19160.0,156.63355810855808,17001.0,17678.0,947.0,5543.0,1417.0,91.01093321881487,45.27781677489416,2.6315278940079634,1.4410611710585137,1.0
78.0,94.0,7.756944444444444,3.7916666666666665,218.0,7.4844348858286285,7.432910225370588,7.023809523809525,15.160738181282667,16.934975212900294,11.566439027493542,11.915177135632684,126.972,57.44956605273881,36.57348493643239,20.0,30.0,30.0,398.0,1005.0,48.42738095238095,1468.0,1334.0,164.0,556.0,234.0,38.10023841393373,18.584289988016202,2.4928537348544024,2.902557340144697,1.0
146.0,180.0,9.33333333333333,5.527777777777777,394.0,12.379917853109724,13.054618859638213,11.83333333333334,27.99411139383934,30.134410491872085,20.758034307658143,22.274893532371017,238.15625,105.94086696108165,66.88759170957908,22.0,34.0,56.0,1484.0,5100.0,104.2965367965368,6298.0,6643.0,394.0,3098.0,782.0,66.52317382773462,33.465822016594636,2.5785233443199873,1.6051864186457285,1.0
126.0,140.0,6.555555555555555,5.944444444444444,296.0,12.809663088089316,13.274811436463361,12.633333333333336,27.62357616914369,28.402149252295136,19.867939558444625,20.718258329623726,222.765625,90.26951339930216,51.46023272796697,14.0,16.0,40.0,2160.0,11064.0,88.14396061454886,9206.0,9802.0,398.0,2963.0,738.0,63.40913310508567,34.234516904612576,2.28174508018609,1.2332978205522798,1.0
122.0,146.0,8.701388888888886,4.569444444444445,342.0,10.276675564742526,10.738122278710486,9.666666666666666,22.79945653272828,25.419106870035176,17.49240721385518,18.520580026955923,184.97048611111111,89.75091092467919,57.85638406300953,24.0,50.0,48.0,968.0,3074.0,79.96071428571429,4001.0,4095.0,275.0,1305.0,464.0,55.789840566806205,26.92386962309303,2.5248598204878165,1.7779876637208964,1.0
124.0,142.0,6.916666666666666,5.75,300.0,12.275188245478668,12.721444691080755,12.06666666666667,26.586589313612485,27.442188697915302,19.07995254821832,20.032684747867684,221.546875,88.90003010133796,51.638378312840274,14.0,16.0,41.0,1680.0,7214.0,88.20149850149849,7091.0,7469.0,379.0,2538.0,684.0,61.37354204710069,33.20526921155567,2.3829409227576663,1.4478148083944091,1.0
88.0,102.0,6.055555555555555,4.194444444444445,218.0,8.736382105218448,8.946411408544868,8.5,18.5738393347173,19.473164879336615,13.49204798394724,14.080280969786877,156.3125,63.357932296856966,37.39354332309537,10.0,14.0,30.0,613.0,1880.0,55.87142857142857,2472.0,2476.0,204.0,779.0,312.0,43.77630934606591,23.169028896957926,2.4012741674655667,1.9223921420541317,1.0
76.0,87.0,5.305555555555555,3.305555555555556,194.0,7.16470379794645,7.394205344927391,6.866666666666667,15.436443388259487,16.62906742441502,11.560997669168538,12.072407202906605,120.90625,55.30180593269419,33.78803875660998,14.0,20.0,27.0,369.0,1016.0,42.90714285714286,1501.0,1515.0,115.0,547.0,213.0,36.90702256541837,19.054178558644136,2.360410848391831,1.8686492970566289,0.0
134.0,158.0,6.6388888888888875,5.444444444444445,338.0,12.203509938206668,12.893983498854867,11.933333333333335,27.449193367154667,28.5980912429937,19.856009014626164,21.18140750495714,228.3125,96.4002529232793,57.93236868296657,18.0,22.0,47.0,1544.0,5998.0,92.16100288600289,6728.0,7310.0,408.0,2736.0,726.0,63.326328327786136,33.26205814620882,2.4851160440020044,1.3532805154141816,1.0
98.0,116.0,5.777777777777778,3.833333333333333,256.0,8.631030293135234,9.091308017391087,8.300000000000002,19.35562697671257,20.711550329053644,14.348984679394848,15.280183679613717,156.296875,71.13822459692324,44.14652422898223,18.0,24.0,36.0,608.0,1898.0,57.658730158730165,2599.0,2763.0,161.0,997.0,331.0,45.709509458059095,23.415142600733926,2.4427487056600747,1.5832735190222742,1.0
94.0,105.0,6.916666666666667,4.194444444444445,238.0,9.041713895658194,9.27481143646336,8.633333333333335,19.221652380497012,20.8662508674329,14.539254708175788,15.06140408013136,144.890625,68.64364800759923,41.90388354186295,20.0,28.0,33.0,773.0,2717.0,58.949747474747475,3093.0,3071.0,195.0,1062.0,349.0,46.2288955000853,23.229782939874237,2.3681185096445008,1.7843231453320978,0.0
128.0,155.0,6.749999999999998,4.916666666666667,334.0,11.131030293135236,11.816052888782677,10.800000000000002,25.355626976712568,26.711550329053644,18.470305022954484,19.850993765956535,214.46875,92.35142803251968,56.8744462903401,18.0,24.0,47.0,1195.0,4319.0,83.26475468975468,5264.0,5785.0,328.0,1982.0,594.0,59.09236340240036,30.26469491693558,2.4739268766750775,1.371899288733,1.0
102.0,115.0,10.229166666666664,4.666666666666666,282.0,9.662921025786908,9.652195568590024,8.952380952380953,19.6552252551235,22.58417037949628,15.580627571297601,15.86060164623544,148.6069861111111,75.87813073412445,48.57173561694727,26.0,52.0,39.0,1002.0,3662.0,68.16132756132757,3789.0,3555.0,263.0,1296.0,414.0,49.869331624287724,24.809959147634043,2.3654947855266615,2.5260700310812196,1.0
74.0,83.0,4.694444444444445,3.3611111111111107,182.0,7.254020195423491,7.485957054463528,7.033333333333335,15.57041798447505,16.474366886035767,11.49204798394724,11.963017403165427,122.140625,53.5537418348989,31.788038756609986,12.0,16.0,25.0,393.0,1170.0,41.94722222222222,1609.0,1635.0,115.0,550.0,213.0,36.68369205801412,19.165170255331365,2.344508156416663,1.7565591649167671,1.0
60.0,66.0,5.694444444444445,2.9722222222222223,152.0,6.109060905280622,6.105350962927559,5.7666666666666675,12.383285203590841,13.701285058155639,9.549067125350073,9.681127307127218,92.28125,44.04187849100661,26.843766846610826,12.0,20.0,21.0,256.0,660.0,33.41904761904762,965.0,899.0,93.0,358.0,150.0,30.527645149644417,15.265781535179675,2.302775637731995,2.3485902721968785,1.0
122.0,140.0,9.118055555555554,5.75,316.0,11.975199522495993,12.17469815563543,11.504761904761907,25.090178451124956,27.007095146457075,18.69911639617766,19.357303337914026,201.148,88.90682900531789,53.97397816774759,24.0,36.0,43.0,1364.0,4426.0,93.0968253968254,5408.0,5330.0,482.0,1760.0,638.0,60.31994826655088,31.294534222528036,2.473336623477335,2.2685782562299774,1.0
104.0,123.0,5.666666666666667,4.527777777777778,260.0,9.792024997884274,10.235265790544702,9.600000000000001,21.626997519385945,22.400947245595994,15.503978527765705,16.47156086556626,184.9375,74.61785973854452,44.33781523309452,12.0,14.0,36.0,772.0,2368.0,67.72738095238095,3240.0,3374.0,236.0,1462.0,438.0,49.989907932120474,26.456725085119757,2.4844894029232387,1.7081761664836057,1.0
124.0,143.0,7.8888888888888875,5.249999999999998,316.0,11.524877143252588,11.985735208391002,11.100000000000003,25.18124417472355,26.90749231975221,18.701015166255306,19.657804142842863,199.671875,89.99688618225818,54.86130087110111,22.0,30.0,44.0,1473.0,6017.0,83.88500111000111,6132.0,6354.0,318.0,1970.0,582.0,59.680966613962134,30.36393380228597,2.3906973227627852,1.4796613443052569,1.0
166.0,200.0,10.583333333333332,6.777777777777777,434.0,14.87991785310972,15.554618859638213,14.333333333333334,32.99411139383934,35.13441049187208,24.293568213590873,25.810427438303748,278.15625,120.08300258481258,73.95865952144456,22.0,34.0,61.0,2914.0,13792.0,123.27826479076481,12405.0,13173.0,589.0,4399.0,1065.0,78.47124932469598,40.12300085315871,2.574143304317439,1.3267854016837177,1.0
48.0,50.0,3.9722222222222223,2.5833333333333335,112.0,5.287693700234705,5.2888543819998315,5.1,10.651234396021962,11.391883981397136,7.996954192534382,8.048134145271767,78.75,34.888896045923666,20.015339721864635,8.0,12.0,15.0,174.0,446.0,25.10238095238095,669.0,637.0,57.0,246.0,104.0,25.521034395943794,13.674401080589623,2.16645452346175,2.046920975581053,1.0
134.0,153.0,8.479166666666666,5.6388888888888875,350.0,12.431671556017463,12.902664986436326,11.952380952380956,27.01331948775448,29.162512223376982,20.242645754899772,21.16816526707169,215.09136111111115,97.7393353395435,59.823143316311686,24.0,44.0,48.0,2061.0,10203.0,91.05725108225108,8670.0,9101.0,340.0,2950.0,711.0,64.37772353899028,33.12454301052334,2.379475959448816,1.311720340235115,1.0
132.0,161.0,6.999999999999998,5.333333333333335,342.0,11.707039898056804,12.365180618161844,11.433333333333335,26.468786046534355,27.564711048174093,18.958632204658674,20.433567299259114,231.71875,94.8816840933643,57.93236868296657,18.0,20.0,48.0,1286.0,4539.0,89.68979076479076,5564.0,5995.0,376.0,2380.0,670.0,61.32138739183396,32.595631483432186,2.494948130413991,1.4597148156867097,1.0
34.0,36.0,2.611111111111111,2.0,76.0,3.931851652578137,3.9189910556895,3.8666666666666667,7.882196732921877,8.122522350258794,5.6568542494923815,5.729567401660267,64.0,24.36643030287652,13.365058181991753,4.0,4.0,10.0,64.0,122.0,15.783333333333333,246.0,234.0,22.0,109.0,50.0,18.479022537159647,10.424292428609817,2.135779205069857,2.1250162554146717,1.0
80.0,90.0,5.555555555555555,3.5277777777777777,202.0,7.647867045540843,7.8803842454634445,7.333333333333335,16.39603518248603,17.670308876734335,12.308544564874966,12.805103960461842,125.515625,58.27026779650287,35.431747586863374,16.0,22.0,28.0,467.0,1435.0,46.33730158730158,1894.0,1906.0,134.0,657.0,244.0,39.17682082644544,19.8829876941458,2.358893444592848,1.7857689903519096,1.0
350.0,453.0,20.312499999999996,12.76388888888889,1010.0,28.220714523448365,29.901211198006568,27.076190476190465,64.68652175911757,69.56907341066687,47.23971454223619,51.50649829791186,592.8047407407408,254.60513455495865,164.51741509085915,68.0,104.0,141.0,11658.0,55265.0,371.1589937839938,50768.0,55090.0,2632.0,20687.0,4010.0,154.50746123880452,77.34387995082939,2.7959087006510104,1.2217610321489472,1.0
110.0,120.0,10.277777777777777,5.555555555555555,276.0,11.328606258093465,11.31319640061689,10.733333333333334,22.916716332534673,25.215691389811564,17.546021317884456,17.80197460456687,171.03125,80.66978784183729,48.91045625148243,24.0,36.0,38.0,1568.0,6784.0,79.50785880785881,5964.0,5638.0,332.0,1982.0,546.0,56.25242233640059,28.60142063174773,2.354497332951737,2.423850040166907,1.0
100.0,119.0,5.416666666666666,4.277777777777778,252.0,9.292024997884274,9.7352657905447,9.1,20.62699751938594,21.40094724559599,14.796871746579157,15.764454084379715,176.9375,71.78943261379835,42.92360167072144,12.0,14.0,35.0,650.0,1864.0,63.58095238095238,2741.0,2869.0,205.0,1290.0,396.0,47.710322602210034,25.123609165268764,2.4843250941886765,1.749968801213409,1.0
144.0,163.0,9.138888888888888,6.500000000000001,356.0,14.024877143252587,14.485735208391002,13.600000000000001,30.181244174723545,31.90749231975221,22.236549072188037,23.1933380487756,239.671875,104.13902180598913,61.932368682966555,22.0,30.0,49.0,2821.0,15011.0,104.63276649820769,11773.0,12259.0,501.0,3339.0,852.0,71.08197781299054,36.6303872184442,2.4096622926226896,1.3124264709869182,1.0
106.0,119.0,7.666666666666665,5.111111111111111,262.0,10.617723500579764,10.823939165842528,10.26666666666667,22.334811450318796,23.71941158655335,16.441795452253075,17.058191175807025,178.140625,76.83075831793624,45.79023305923562,20.0,24.0,36.0,1186.0,4669.0,72.08346375846375,4722.0,4668.0,268.0,1574.0,472.0,53.087312065297155,27.57976755166743,2.3706577342647757,1.7803864659900153,0.0
42.0,44.0,3.111111111111111,2.5,92.0,4.931851652578137,4.918991055689499,4.866666666666666,9.882196732921877,10.122522350258794,7.071067811865477,7.143780964033362,80.0,30.0232845523689,16.19348530673794,4.0,4.0,12.0,133.0,323.0,21.642857142857142,512.0,488.0,44.0,196.0,84.0,23.038420907695823,12.932143397034864,2.1543413091228816,2.017237221657055,1.0
106.0,127.0,6.277777777777777,4.472222222222222,272.0,9.702708600407234,10.143514081008565,9.433333333333335,21.493022923170383,22.555647783975243,15.572928212987001,16.58095066530744,183.703125,76.3659238363398,46.33781523309453,14.0,18.0,38.0,770.0,2383.0,68.22896825396826,3240.0,3390.0,236.0,1442.0,442.0,50.21187216635181,26.50990853401897,2.46003663832632,1.6953707932284123,1.0
354.0,458.0,20.562499999999996,13.097222222222225,1018.0,28.758719325909148,30.42577506269615,27.64285714285713,65.74310129402848,70.49565377022711,47.83743152368156,52.15133845515642,605.4297407407408,257.28447614775405,165.75348306835892,68.0,102.0,142.0,12104.0,57408.0,381.0376845376845,52580.0,56913.0,2730.0,21439.0,4139.0,156.7974118931654,78.75049119180593,2.7984220752928746,1.2334997643557735,1.0
152.0,181.0,8.25,6.527777777777779,382.0,14.185871848001627,14.854437852936208,13.900000000000002,31.45261471739692,32.59688923629455,22.563115795812703,24.00577785276513,270.484375,109.03287050998347,64.95208681182503,16.0,20.0,53.0,2154.0,8368.0,116.50268065268065,9238.0,9882.0,602.0,3518.0,966.0,72.69755643287549,38.70343545483021,2.495616807369665,1.4766683040953787,1.0
180.0,213.0,9.062499999999998,7.055555555555556,470.0,15.986333014323181,16.91112462794526,15.538095238095245,36.041429983271435,38.08784100373609,26.38607860616216,28.14260298767713,298.5449907407408,130.28906704238395,79.73145197414706,30.0,44.0,65.0,3736.0,20279.0,133.07617154087743,16504.0,18209.0,686.0,5342.0,1227.0,84.13725534974004,43.21890494982706,2.486805436289293,1.062318539995521,1.0
128.0,147.0,8.138888888888888,5.499999999999998,324.0,12.024877143252588,12.485735208391004,11.600000000000003,26.181244174723545,27.90749231975221,19.408121947441856,20.36491092402941,207.671875,92.82531330700438,56.2755144334742,22.0,30.0,45.0,1624.0,6667.0,89.26642246642245,6750.0,6986.0,366.0,2365.0,658.0,61.87578485706009,31.647525891574244,2.3816370331784773,1.504245722347477,1.0
118.0,148.0,5.118055555555555,4.694444444444444,312.0,10.36613861721537,11.01883693549105,10.238095238095239,23.70689324753412,24.305810088301435,16.685583176760332,18.11068942228591,217.2105,84.46293026075794,51.17184188147938,12.0,16.0,43.0,810.0,2364.0,76.68055555555556,3524.0,3800.0,260.0,1782.0,512.0,54.316799779734254,28.680186581759774,2.633520900234139,1.634695015563145,1.0
112.0,124.0,5.194444444444445,5.25,260.0,11.398979485566358,11.866563145999496,11.3,24.757550765359255,25.24744871391589,17.677669529663692,18.487548186322915,200.0,80.03616792726831,45.21759204084769,12.0,12.0,35.0,1517.0,7062.0,74.20460927960929,6532.0,7028.0,288.0,2058.0,558.0,56.4290859298505,30.40050883000383,2.2814635579203877,1.2433873717108797,1.0
148.0,181.0,9.423611111111109,5.388888888888888,412.0,12.26987551346899,12.957727538219586,11.652380952380954,27.78577850109681,30.43067184781617,20.92589144844939,22.396631070595433,234.1851111111111,108.16649660793709,69.25050229792377,26.0,50.0,58.0,1538.0,5510.0,103.19704184704185,6544.0,6922.0,394.0,2355.0,700.0,66.88886125423126,32.77610309103219,2.5411369791635314,1.5359734021000002,0.0
156.0,186.0,11.833333333333332,6.666666666666667,412.0,14.239289860616422,14.670934433863934,13.566666666666668,30.782741736319103,33.37039192819081,23.029184565478836,24.224557452247492,254.140625,113.5305503118407,70.70944612470578,26.0,40.0,58.0,2584.0,11470.0,117.65606338106339,10510.0,10633.0,556.0,3714.0,943.0,74.67002737480816,37.41000456574774,2.5744734588973612,1.6205606455966854,1.0
110.0,138.0,5.138888888888889,4.055555555555556,290.0,9.270856947829097,9.949267896710653,9.066666666666668,21.610826190248503,22.433125433716448,15.451607869427358,16.83640691236309,193.875,78.86955121855213,48.52910623720683,10.0,14.0,41.0,586.0,1501.0,66.92857142857143,2603.0,2871.0,199.0,1059.0,387.0,51.160776292800854,25.402767365594997,2.600533025719628,1.679420391003458,1.0
24.0,24.0,1.5,1.5,48.0,3.0,3.0,3.0,6.0,6.0,4.242640687119286,4.242640687119286,48.0,16.970562748477143,8.485281374238571,0.0,0.0,6.0,27.0,42.0,10.0,108.0,108.0,0.0,54.0,24.0,13.696713921428238,8.0,2.0,2.0,1.0
46.0,49.0,4.333333333333334,2.25,116.0,4.681540550352056,4.683281572999747,4.4,9.476851594032944,10.587825972095702,7.399237211089012,7.476007140195091,66.125,33.94856775803526,20.830621427371835,12.0,18.0,16.0,125.0,284.0,22.25,470.0,435.0,44.0,144.0,75.0,23.539879083363118,11.638727098764887,2.2497775113741008,2.1814810149393105,1.0
98.0,113.0,7.166666666666666,4.666666666666666,246.0,9.651397005390978,9.851581364770423,9.333333333333334,20.415627861865715,21.636928681914725,14.946701660840217,15.592797660696549,168.921875,70.89383459031883,42.50281539872884,16.0,20.0,34.0,862.0,2976.0,64.11587301587302,3442.0,3404.0,230.0,1136.0,384.0,48.55333759254906,25.035928568154773,2.452451050815792,1.8505713211678925,1.0
114.0,139.0,5.388888888888889,4.222222222222222,298.0,9.720346690612274,10.407804598318812,9.466666666666667,22.489601572928127,23.55684979067439,16.280034994173548,17.620283622655712,191.703125,82.11808256048583,50.63180560322081,16.0,20.0,42.0,689.0,1878.0,72.00952380952383,3048.0,3356.0,200.0,1288.0,424.0,52.009732566924015,26.773614359900538,2.5231697713731895,1.640099690756861,1.0
106.0,118.0,7.666666666666666,4.972222222222222,262.0,10.5585506480638,10.788632535927306,10.166666666666666,22.262060586270465,23.825009415113584,16.62013493721555,17.15713444732231,172.28125,76.98889464277529,45.91702896110195,18.0,26.0,36.0,1357.0,6215.0,68.99673382173383,5508.0,5573.0,250.0,1487.0,450.0,53.16217860222649,27.145061326217075,2.319812964467932,1.5116142848167062,0.0
150.0,179.0,10.972222222222221,6.5,392.0,13.84544301049907,14.276507242864017,13.266666666666667,29.957124538308125,32.17444993749225,22.21268798455111,23.382470894951073,250.765625,108.81402435023669,67.06573729445239,22.0,34.0,55.0,2349.0,10173.0,112.05684593184594,9584.0,9726.0,512.0,3394.0,882.0,72.17409280233345,36.41707601680841,2.574285680514295,1.617722006845547,1.0
138.0,157.0,5.916666666666666,6.027777777777778,330.0,13.365305980755144,14.063665818463193,13.233333333333334,29.676734353812336,30.329931618554514,21.17276332107654,22.402431444216564,243.390625,98.70101371624354,56.990291075593035,16.0,16.0,45.0,2385.0,12525.0,94.5971786383551,10532.0,11621.0,394.0,3294.0,794.0,67.51372088619259,36.02930910881331,2.3798861494854266,1.0578542942490903,1.0
126.0,156.0,6.590277777777778,4.652777777777777,344.0,10.593172145670252,11.26930635333735,10.23809523809524,24.272509560391953,25.82637372613893,17.770388180027123,19.17561235600287,210.33087037037035,91.31088387708418,57.29698188181777,20.0,32.0,48.0,856.0,2345.0,84.36309523809524,3729.0,4043.0,267.0,1731.0,535.0,56.96039671868512,29.19642850846154,2.5694523869880865,1.7241195493353236,1.0
90.0,100.0,5.694444444444445,4.388888888888888,214.0,9.270856947829097,9.499778153927476,9.066666666666668,19.610826190248506,20.433125433716448,14.280034994173551,14.765854551542926,157.53125,64.72741559482117,37.215397738222066,10.0,14.0,29.0,878.0,3531.0,56.21176046176047,3625.0,3735.0,195.0,1055.0,349.0,45.81184825500873,24.319941852281147,2.318745860302607,1.5129015743081098,1.0
88.0,100.0,6.055555555555555,4.194444444444445,218.0,8.723876650462412,8.929511974842612,8.466666666666669,18.50919425230782,19.52346959585479,13.503978527765705,14.09478427495097,150.765625,63.62895098209368,37.903883541862946,16.0,18.0,30.0,676.0,2362.0,54.292568542568546,2702.0,2674.0,150.0,933.0,304.0,43.75973698648356,23.02420923365167,2.4123713056155216,1.760697070083927,1.0
60.0,69.0,3.3333333333333335,2.777777777777778,146.0,5.898178147766922,6.116093728153196,5.800000000000001,12.801380321374962,13.205005254897426,9.15194804090524,9.644450659553927,107.390625,43.03127609185175,25.1377572167371,8.0,8.0,20.0,197.0,478.0,30.819047619047616,816.0,836.0,52.0,298.0,126.0,29.645741461204267,15.658971228146392,2.378349879976876,1.8521505119351795,0.0
66.0,75.0,6.555555555555555,3.2500000000000004,172.0,6.5577493102643665,6.538163118081005,6.166666666666667,13.305890142286176,14.782565956095118,10.215733792016739,10.435357264112959,103.671875,48.46928418159729,30.079834824110616,14.0,22.0,24.0,302.0,773.0,37.919047619047625,1120.0,1023.0,114.0,328.0,163.0,33.12831434903015,16.67586445266468,2.382154458581312,2.5304329567808495,1.0
92.0,105.0,6.305555555555555,4.472222222222221,226.0,9.24071340286802,9.443333074306558,9.000000000000002,19.549602458081278,20.482228143535472,14.170645194432373,14.776301079768823,162.15625,66.31734336777735,39.08860183635575,14.0,16.0,31.0,759.0,2570.0,58.98412698412699,3053.0,3041.0,205.0,989.0,345.0,46.049834599279755,24.036424476851305,2.420062683274263,1.8010270136599913,1.0
108.0,132.0,4.527777777777778,4.055555555555555,278.0,9.326499840494922,10.013377407318895,9.166666666666666,21.66398437491715,22.360907799975827,15.463538413245823,16.778197065359297,188.328125,77.40155659888183,46.988096772967424,12.0,14.0,39.0,599.0,1590.0,66.78095238095239,2683.0,2993.0,169.0,1131.0,381.0,49.513502740110845,25.791944540785757,2.508832646712368,1.6287908727015583,1.0
108.0,126.0,5.916666666666666,4.694444444444444,268.0,10.25402019542349,10.710701925855117,10.033333333333335,22.570417984475046,23.47436688603576,16.32047510869343,17.240934270694794,188.3125,77.59537239524151,45.93017438034093,12.0,16.0,37.0,882.0,2780.0,72.70873015873016,3706.0,3867.0,266.0,1385.0,452.0,52.24060178230148,27.545010834223554,2.447633478289316,1.7043469931371242,1.0
192.0,231.0,13.666666666666664,7.888888888888889,510.0,17.116299958328167,17.77628539679149,16.333333333333336,37.567950728556625,40.60757537120869,28.007441604486083,29.66304407225542,312.296875,139.60031444810363,87.3105722841973,32.0,48.0,72.0,4386.0,22802.0,152.66523819317936,18340.0,19120.0,816.0,6545.0,1420.0,90.53046067535506,45.456445015729756,2.5750972262793823,1.3472880690977553,1.0
116.0,128.0,5.444444444444445,5.5,268.0,11.898979485566358,12.366563145999496,11.8,25.757550765359255,26.24744871391589,18.38477631085024,19.19465496750946,208.0,82.8645950520145,46.63180560322078,12.0,12.0,36.0,1721.0,8314.0,78.66434260184259,7384.0,7916.0,332.0,2442.0,632.0,58.62681198105528,31.787732182882895,2.2813588514322802,1.235060093882983,1.0
120.0,149.0,5.729166666666667,4.486111111111111,324.0,10.1993252955529,10.874879162337434,9.93809523809524,23.446892362380975,24.630431735440364,16.9538915990994,18.333525798706454,206.95587037037035,86.59435791548017,53.65327305156438,16.0,26.0,45.0,751.0,1993.0,78.86666666666667,3304.0,3620.0,232.0,1536.0,488.0,54.46724266548105,28.039453823570156,2.5615581482798957,1.7203009535987968,1.0
96.0,108.0,6.555555555555555,4.583333333333333,234.0,9.681540550352057,9.908026444391338,9.4,20.47685159403294,21.5878259720957,15.056091460581396,15.582351132470654,164.296875,69.30390681736266,40.62961130059516,12.0,18.0,32.0,996.0,4063.0,61.05032467532468,4086.0,4182.0,220.0,1197.0,388.0,48.31503346579352,25.300777739476544,2.3192307874126046,1.5484504321808519,1.0
150.0,181.0,10.972222222222221,6.722222222222221,392.0,13.94262066547582,14.336377737468824,13.433333333333334,30.08645493726736,31.995432468492247,21.92495869984746,23.22126099949381,261.25,108.50680249344683,66.76079580771277,24.0,30.0,55.0,1944.0,6728.0,121.11154401154401,7830.0,7829.0,522.0,3017.0,843.0,71.60907440259217,36.86846878098781,2.5268306431593617,1.967244310730868,1.0
84.0,92.0,4.833333333333334,4.25,194.0,8.881341395361316,9.10227262868925,8.766666666666667,18.760972115601508,19.24624670721674,13.435028842544408,13.912681323041907,152.0,60.1418735793914,33.85253385885596,10.0,10.0,26.0,704.0,2530.0,52.938203463203465,2878.0,2927.0,174.0,1044.0,330.0,43.22412186638432,23.27970338101287,2.280708893824857,1.6521727779888322,1.0
40.0,44.0,3.4722222222222223,2.1944444444444446,96.0,4.342535255101096,4.3272393461533625,4.2,8.748222136706314,9.277222888638045,6.432910715900227,6.5460639825879925,70.765625,28.94292152541799,16.77927174436485,6.0,8.0,13.0,90.0,185.0,19.016666666666662,338.0,312.0,36.0,103.0,58.0,21.067094387836896,11.02278943035465,2.251907669155938,2.2238489986987253,1.0
128.0,141.0,12.340277777777775,6.124999999999999,342.0,12.567899224827366,12.548684037234118,11.766666666666671,25.470283608129925,28.777610656612705,19.88487781523553,20.214787699776753,190.78298611111114,94.83696689322596,59.48694747402393,32.0,60.0,47.0,2154.0,9998.0,95.08672716172717,8205.0,7773.0,433.0,2688.0,696.0,63.749862186271244,31.74435249694604,2.3609630528425387,2.498149780242471,1.0
24.0,22.0,4.3125,1.375,76.0,2.560660171779821,2.3272393461533625,2.1999999999999997,4.285618083164127,5.871320343559642,4.012289773726411,3.717636857841802,23.11111111111111,19.077520809352354,13.16227766016838,12.0,32.0,10.0,28.0,44.0,9.5,82.0,57.0,18.0,28.0,20.0,12.823409519949186,5.818625822352818,2.0743132930519423,3.168489872670569,1.0
140.0,172.0,8.47222222222222,5.333333333333332,374.0,11.96923425058676,12.64637056917435,11.500000000000002,27.1280859900549,28.97970995349283,19.981977841250295,21.45839695144329,231.390625,101.36437573854016,63.47337814720597,20.0,30.0,53.0,1375.0,4778.0,97.3922077922078,5881.0,6255.0,359.0,2130.0,647.0,64.17252022723929,32.18149581219225,2.5384840100908326,1.5411862681096158,1.0
148.0,179.0,10.812499999999996,6.2222222222222205,402.0,13.296566727541913,13.715939607954745,12.671428571428574,28.822229258693827,31.31649622321558,21.544122547806804,22.732679461366107,240.851125,107.95930638701256,67.87347310435929,28.0,44.0,56.0,2071.0,8527.0,108.16875346875347,8470.0,8615.0,478.0,3055.0,823.0,70.16244589236628,34.989138619953614,2.6459376473539233,1.674529208461864,1.0
104.0,124.0,5.666666666666666,4.555555555555555,260.0,9.80886175028988,10.249086890008648,9.633333333333333,21.667405725159398,22.35970579327667,15.463538413245823,16.445970889197568,188.328125,74.47782499948202,44.108319965214235,10.0,12.0,36.0,774.0,2384.0,67.64285714285714,3263.0,3415.0,253.0,1191.0,420.0,50.08626779977097,26.45222971339045,2.469426070225433,1.690337178820033,1.0
172.0,208.0,9.08333333333333,6.638888888888888,448.0,15.00804039084698,15.921403851710236,14.566666666666672,34.140835968950086,35.94873377207151,24.862775624334827,26.703693948337555,288.625,124.078046418275,76.30399957457779,24.0,32.0,63.0,3047.0,15411.0,124.32609416727064,13501.0,14936.0,563.0,5120.0,1121.0,79.50864219808209,40.9336169406111,2.4667402701727927,1.090233292669559,1.0
50.0,53.0,4.583333333333334,2.5,124.0,5.181540550352056,5.183281572999748,4.8999999999999995,10.476851594032944,11.587825972095702,8.10634399227556,8.183113921381638,74.125,36.77699488278145,22.24483498974493,12.0,18.0,17.0,166.0,408.0,25.652380952380952,629.0,589.0,53.0,250.0,104.0,25.734574673025893,13.221782261237905,2.2199362207088247,2.1712966618489173,1.0
60.0,66.0,5.694444444444445,2.9722222222222223,152.0,6.109060905280622,6.105350962927558,5.766666666666667,12.383285203590841,13.701285058155639,9.549067125350073,9.68112730712722,92.28125,44.041878491006614,26.843766846610826,12.0,20.0,21.0,246.0,601.0,33.78333333333333,921.0,851.0,93.0,348.0,150.0,30.527651348307,15.284972566451401,2.306767717527759,2.4617583645949614,0.0
52.0,61.0,2.8333333333333335,2.2222222222222223,130.0,4.877010097711745,5.105350962927558,4.7666666666666675,10.785208992237523,11.237183443017882,7.806684163753442,8.266913744754124,90.15625,37.383472635247664,22.257980408983922,6.0,8.0,18.0,105.0,198.0,24.25,445.0,468.0,37.0,185.0,85.0,25.08371763477965,13.098357873904222,2.3698375056289707,2.028565677264321,0.0
112.0,122.0,9.916666666666666,5.916666666666667,272.0,11.951596160381719,11.932590309080922,11.466666666666667,24.131507340297155,25.978507946793684,18.103298184809944,18.34851163327485,187.046875,81.47008139066317,47.865679278094944,18.0,28.0,37.0,1888.0,9043.0,81.59159949527597,7224.0,6876.0,380.0,1952.0,570.0,58.420380248370755,30.12091523961885,2.4052063906315815,2.272924181706281,0.0
70.0,86.0,5.416666666666666,2.8333333333333335,190.0,6.12589765768623,6.343916933783095,5.8,13.423693409364297,14.660043605836321,10.094413448457095,10.690813511168608,113.84375,50.97291156380958,32.271125828222914,10.0,18.0,27.0,211.0,444.0,36.833333333333336,852.0,849.0,72.0,352.0,154.0,32.60418692047152,16.64237804774791,2.4763465753798015,2.185263881314352,0.0
156.0,184.0,10.861111111111109,7.194444444444445,396.0,14.993932260492075,15.403565582315375,14.533333333333335,32.16384999857202,33.91415157055276,23.37961237674043,24.58835138606771,273.859375,112.56467817709472,67.76736851733226,22.0,28.0,55.0,2897.0,13598.0,122.49842102342103,11813.0,11976.0,609.0,3952.0,999.0,76.05867103261176,39.599296717178156,2.503582353119994,1.588063754372206,0.0
138.0,168.0,10.673611111111109,5.263888888888887,390.0,11.630734840239553,12.077121446683618,10.885714285714288,25.587276062692375,28.64357145625478,19.68092866270195,20.82184775574378,209.93974074074075,101.5288518419398,65.8761489008466,28.0,54.0,55.0,1551.0,6132.0,92.02956765456767,6401.0,6572.0,387.0,2172.0,655.0,63.50858220533345,30.669438204806987,2.6310501032270666,1.5886670763429522,0.0
132.0,161.0,9.812499999999998,5.0972222222222205,370.0,11.2368879901222,11.682694255683701,10.585714285714287,24.761658864681397,27.447629465556215,18.864432081774222,19.97976119844736,206.56474074074075,96.81232588033579,62.23244007059322,24.0,48.0,52.0,1365.0,5151.0,87.0609668109668,5657.0,5833.0,359.0,1899.0,604.0,61.01568123607484,29.906439077134685,2.6310254785324645,1.6070371609282186,0.0
134.0,171.0,7.993055555555555,4.409722222222222,404.0,10.278440544667594,10.948037812439809,9.673809523809528,23.72225376415589,26.512115050081857,18.062290574809982,19.54006834019767,208.07269444444444,98.76581107860136,65.51231183549967,30.0,62.0,56.0,907.0,2752.0,84.06626984126984,3927.0,4226.0,259.0,1880.0,545.0,58.000307289281835,28.083080739474543,2.636098062314545,1.6361086084007204,0.0
188.0,220.0,9.562499999999996,7.52777777777778,486.0,16.97047769627768,17.902443140363797,16.51904761904762,38.02606946664966,40.13153604195566,27.83055031917084,29.57005878793567,314.4976111111111,136.00935520538243,82.55325968029514,28.0,46.0,67.0,4336.0,23942.0,144.58539605819018,18933.0,20639.0,809.0,7048.0,1446.0,88.5172862690307,46.07133883245502,2.5017655997787425,1.0863775774334634,1.0
106.0,125.0,6.277777777777777,4.361111111111111,272.0,9.647867045540842,10.105129116855034,9.333333333333334,21.396035182486024,22.670308876734325,15.722758127248062,16.668807265618117,175.6875,76.65504410735313,46.74545608584812,16.0,22.0,38.0,727.0,2076.0,69.34880952380954,3072.0,3231.0,240.0,1227.0,417.0,50.173647553559704,26.251454698801837,2.446071129328873,1.789430824004306,1.0
132.0,155.0,6.027777777777778,5.527777777777778,326.0,12.309663088089316,12.99955630785495,12.133333333333335,27.62357616914369,28.402149252295136,19.746619214884984,21.046427728847267,232.9375,94.51215408642146,55.702873415086245,14.0,16.0,45.0,1744.0,7944.0,88.90949050949051,7683.0,8449.0,339.0,2697.0,701.0,63.202453076270885,33.5020735386687,2.4809619789729638,1.1881512855223968,1.0
144.0,191.0,7.2638888888888875,4.784722222222223,420.0,11.025840785378222,11.894671067057203,10.607142857142858,26.147870962166863,27.95805704078042,18.987817725570935,20.975815102001263,246.50845833333338,104.43330137195667,67.89323794219636,24.0,38.0,59.0,907.0,2432.0,94.3968253968254,4022.0,4423.0,296.0,2189.0,616.0,61.852002505430505,30.774396691689308,2.749380616703217,1.675373724698681,1.0
140.0,186.0,7.0138888888888875,4.451388888888888,412.0,10.487835982917435,11.37010720236762,10.040476190476191,25.09129142725597,27.03147668122019,18.39010074412557,20.3309749447567,233.88345833333335,101.75395977916126,66.65716996469655,24.0,40.0,58.0,788.0,2008.0,89.1202380952381,3529.0,3922.0,267.0,1958.0,566.0,59.56234735355771,29.30149854433526,2.748250333419863,1.700655977252386,1.0
120.0,143.0,5.277777777777777,4.777777777777778,302.0,10.809663088089316,11.499556307854949,10.633333333333335,24.62357616914369,25.402149252295136,17.625298871325345,18.925107385287628,208.9375,86.02687271218291,51.46023272796698,14.0,16.0,42.0,982.0,3117.0,79.32301587301589,4330.0,4759.0,314.0,1936.0,570.0,56.27448153154923,29.505450576944202,2.484136347178108,1.492594070236598,1.0
66.0,76.0,4.194444444444445,2.8888888888888893,166.0,6.270856947829097,6.499778153927474,6.066666666666667,13.610826190248504,14.43312543371645,10.037394307054264,10.523213864423639,109.53125,47.756852846344024,28.7301163639835,10.0,14.0,23.0,239.0,580.0,35.05952380952381,987.0,1013.0,87.0,357.0,157.0,32.13807975613615,16.73054910414385,2.376697989073282,1.910317827756064,1.0
116.0,141.0,7.840277777777777,4.458333333333332,322.0,9.914539350716172,10.361058062873488,9.404761904761907,22.004560367960828,24.135774802897437,16.61539433165627,17.6520089938886,181.69024537037035,84.90751713606309,54.22591406995231,24.0,40.0,45.0,870.0,2798.0,74.48896103896104,3605.0,3701.0,221.0,1750.0,480.0,53.16639333077329,26.58290467753695,2.573557276571378,1.7523518986176485,1.0
50.0,55.0,4.583333333333334,2.611111111111111,124.0,5.236382105218449,5.221666537153279,5.0,10.573839334717297,11.473164879336615,7.956514078014501,8.09525732107096,82.140625,36.48787461176816,21.83719413699133,10.0,14.0,17.0,156.0,353.0,26.116666666666667,585.0,541.0,53.0,240.0,104.0,25.75447544014123,13.613310387349005,2.25910808110941,2.3303139148505867,1.0
242.0,302.0,13.111111111111105,8.999999999999998,648.0,20.282427298526212,21.617123996336268,19.63333333333333,46.77125483857827,49.34847901096835,33.88147277786195,36.80723700628669,411.734375,174.55897112182336,109.27675662568055,34.0,44.0,92.0,5464.0,24949.0,209.85108086358088,24062.0,26410.0,1250.0,9870.0,2104.0,109.30364541858268,55.767367550120106,2.6068685552757693,1.1933733362013519,0.0
94.0,99.0,8.756944444444445,4.375,250.0,9.25983881233692,9.27481143646336,8.633333333333335,18.759048326954826,21.4603483223545,14.947060890748165,15.06140408013136,129.23611111111111,70.09195579051836,43.94374370715887,26.0,52.0,34.0,1046.0,4504.0,59.17492229992231,4018.0,3837.0,206.0,1125.0,355.0,47.18812135407029,22.898175356730558,2.2793745734847968,2.048554979885041,1.0
116.0,135.0,6.868055555555555,4.777777777777778,306.0,10.566298692132577,11.022058894900356,10.185714285714287,23.2053711804765,24.897291652996564,17.246211299218867,18.179168389846943,186.33499537037036,84.48907617093612,52.0187084321565,22.0,36.0,42.0,1000.0,3189.0,77.45873015873016,4222.0,4444.0,326.0,1307.0,488.0,55.136840134504965,27.86066670648256,2.4519615062489075,1.7081652265963627,1.0
30.0,30.0,5.173611111111111,1.5,96.0,2.9433756729740645,2.719605259509101,2.4857142857142853,5.121794126179664,7.069764047840349,4.87656659757667,4.583157824826062,27.68511111111111,23.693872197189744,16.605551275463988,14.0,36.0,13.0,42.0,69.0,12.5,126.0,90.0,26.0,42.0,30.0,15.326357664785323,6.602720495543137,2.1753277471610746,3.541196965079901,1.0
56.0,62.0,4.923611111111111,2.8333333333333335,150.0,5.684269172402757,5.657557026545037,5.4,11.425891912592467,12.63332266181727,8.70406097372093,8.860573949261301,86.75,41.36842689228362,25.542032867665693,14.0,26.0,20.0,193.0,442.0,30.18333333333333,724.0,670.0,84.0,274.0,126.0,28.26819477512106,14.445284745167353,2.3344142183389787,2.475990599149688,1.0
162.0,200.0,10.78472222222222,6.236111111111109,448.0,13.75805604017738,14.418181892300927,13.119047619047626,30.777830193818833,33.41545127743576,22.91680274011257,24.513894637216886,265.9709907407408,118.01647852304397,75.01171181495805,26.0,48.0,63.0,2173.0,8612.0,117.35010822510824,9174.0,9639.0,568.0,3326.0,932.0,74.39587051289027,36.623963833337235,2.63278104942186,1.4702775063611393,0.0
88.0,105.0,7.027777777777777,3.8055555555555554,234.0,8.040912557858759,8.249086890008648,7.633333333333335,17.265481936512717,18.82380740841443,12.963280687723168,13.61754376445138,142.453125,64.16566810676383,40.208825028602575,16.0,24.0,33.0,470.0,1238.0,53.8452380952381,1864.0,1828.0,146.0,860.0,292.0,41.850975810049135,20.960173869931197,2.469905258468506,2.145059798973702,0.0
208.0,240.0,14.14583333333333,8.652777777777779,548.0,19.01385900776041,19.71025823371006,18.166666666666668,41.329466311429854,44.934715208390244,31.146215655881928,32.630507750049674,327.72048611111114,151.92996887287916,94.11655877461905,38.0,68.0,76.0,5398.0,26175.0,178.94920357420358,22582.0,23573.0,1226.0,7517.0,1780.0,99.04068706486068,50.40900113021806,2.439974766095931,1.4611512423625457,0.0
180.0,210.0,8.611111111111109,7.5,448.0,16.674167731045028,17.58800783708025,16.366666666666674,37.34414007897173,38.689637411831185,26.85812714127033,28.620737997578928,309.546875,129.33821828215972,77.05698048046466,26.0,28.0,62.0,4090.0,22647.0,136.94105604148172,17868.0,19481.0,722.0,6085.0,1317.0,85.88013091800273,45.5638793155037,2.4743595095187993,1.066808135207008,0.0
110.0,130.0,6.527777777777778,4.694444444444445,280.0,10.185871848001627,10.629692981544618,9.900000000000002,22.452614717396923,23.596889236294558,16.32047510869343,17.31364742286268,188.3125,79.3343857001485,47.98152406334792,16.0,20.0,39.0,959.0,3348.0,70.83575036075037,4088.0,4342.0,272.0,1373.0,460.0,52.57130750451135,27.34189655919847,2.435873971237169,1.5337949942008169,0.0
192.0,247.0,15.541666666666664,6.861111111111108,570.0,15.183204860059114,15.827545309576063,14.061904761904767,33.92815421935141,38.43130314384038,26.1927287150695,28.04057810344542,298.05923611111115,141.39705463768962,94.15579447139267,38.0,76.0,81.0,2546.0,8926.0,155.35689033189033,10468.0,10688.0,674.0,5312.0,1224.0,84.57125831459891,40.19157913918216,2.681237922913563,1.8337890686479985,0.0
168.0,221.0,12.027777777777777,5.819444444444445,518.0,12.963233394208578,13.590765501322581,12.080952380952384,29.249151725568108,33.04854703078447,22.393977759725995,24.142213735171346,267.2420324074074,123.98503794541544,83.22461039434975,40.0,76.0,72.0,1670.0,5555.0,122.14336219336221,6968.0,7214.0,486.0,3180.0,868.0,72.88684851176106,35.27529318025626,2.723892353287573,1.7687957566101882,0.0
142.0,173.0,10.923611111111109,5.541666666666665,398.0,12.14757159264516,12.590942546147565,11.41904761904762,26.627684268465835,29.602330003935464,20.347595329368616,21.503364560561632,221.33036574074075,104.21724422762345,67.0608671953394,26.0,52.0,56.0,1651.0,6284.0,98.51810966810967,6783.0,6931.0,441.0,2251.0,708.0,65.79892007219345,31.682098183474263,2.6316921757537175,1.6685828044294024,0.0
78.0,89.0,7.756944444444445,3.611111111111111,218.0,7.386864559379061,7.3633411865901905,6.852380952380953,14.98125154406109,17.164249270736605,11.808136649208842,12.055108188082961,113.08499537037036,58.051380342975534,37.35308717041899,22.0,40.0,30.0,442.0,1257.0,46.577380952380956,1660.0,1542.0,148.0,600.0,234.0,38.04567872925827,18.99001362807398,2.3582944711822615,2.534609404584483,0.0
106.0,118.0,8.118055555555554,4.513888888888889,284.0,9.84915520981396,10.091308017391087,9.3,20.89302292317038,23.305647783975235,16.171004424340317,16.694397241986813,156.64236111111111,78.24338662933475,49.014811519024335,24.0,48.0,39.0,1044.0,4012.0,67.97435064935064,4202.0,4196.0,256.0,1518.0,448.0,51.1400181906291,25.643405539868688,2.3929451328216427,1.741227294303386,0.0
156.0,186.0,9.472222222222221,6.277777777777777,406.0,13.935560745775545,14.618728370246455,13.433333333333334,31.04726957850798,33.06219285813146,22.89128519503624,24.33800402892686,256.609375,112.95815371564991,69.58922293245895,24.0,34.0,57.0,2468.0,11400.0,111.12853812853812,10580.0,11314.0,484.0,3625.0,906.0,73.75066164968318,37.25513366666708,2.5722822037221986,1.3016988528273168,0.0
144.0,169.0,10.11111111111111,6.194444444444444,372.0,13.37991785310972,13.829873988246623,12.833333333333334,28.994111393839336,31.13441049187208,21.586461432404327,22.653830914334026,235.984375,104.5266533987085,64.05916458483287,22.0,34.0,52.0,2292.0,10602.0,103.93502053502056,9460.0,9724.0,468.0,3450.0,852.0,69.56863073146552,35.44641536436997,2.5714255252097504,1.4958112463997317,0.0
84.0,91.0,7.194444444444445,4.611111111111111,200.0,9.168233757796585,9.14065759284278,8.866666666666667,18.456036067639175,19.595687229595413,13.613368327506883,13.824824722731226,146.140625,60.85430491464467,35.20225231898308,14.0,18.0,27.0,846.0,3271.0,55.90696248196248,3215.0,3033.0,175.0,1116.0,336.0,44.214527095801614,23.16189731751198,2.2938618627240768,2.224596813297317,0.0
122.0,150.0,5.8888888888888875,4.916666666666666,314.0,10.813193047939452,11.47075342716193,10.633333333333335,24.64316884852338,25.36876905747553,17.435028842544405,18.88437396077614,220.34375,87.33673100701412,52.874446290340096,14.0,14.0,44.0,945.0,2902.0,80.93373015873016,4097.0,4402.0,265.0,1879.0,539.0,56.61893081189774,29.32779589320485,2.56253045467643,1.5750011683710927,1.0
120.0,143.0,5.277777777777777,4.777777777777778,302.0,10.809663088089316,11.49955630785495,10.633333333333336,24.62357616914369,25.40214925229514,17.625298871325345,18.925107385287628,208.9375,86.02687271218291,51.46023272796698,14.0,16.0,42.0,956.0,2965.0,80.34206349206349,4216.0,4635.0,284.0,1763.0,538.0,56.255893886766366,29.677280704964023,2.459664438990608,1.5334577252827453,1.0
142.0,167.0,7.1388888888888875,6.027777777777779,354.0,13.241514740667453,13.91854736354445,13.000000000000004,29.505772902065562,30.52467160255393,21.16083277725808,22.533354443388248,248.9375,101.90802164082089,60.58265022283945,18.0,20.0,49.0,2000.0,8675.0,101.2773976023976,8622.0,9260.0,468.0,3418.0,840.0,67.89555861844626,35.88223739790999,2.485136364908787,1.2979511955651175,1.0
90.0,106.0,6.145833333333333,4.166666666666666,236.0,8.68750582226129,8.885843773635598,8.404761904761905,18.438944055103,19.615211165059947,13.530589328389475,14.137596317388457,154.398,65.33164145837898,39.61549269537534,16.0,24.0,32.0,568.0,1590.0,57.56785714285714,2276.0,2263.0,220.0,871.0,330.0,43.93690621254185,22.980674312737836,2.468258644228422,2.09990216425365,1.0
94.0,112.0,4.034722222222222,4.083333333333333,238.0,8.917450212231627,9.361279908946013,8.838095238095239,19.784288308838786,20.224529190361963,14.018916510093666,14.90696972251699,171.648,67.3076025088094,39.45049252974103,10.0,14.0,32.0,549.0,1485.0,59.015476190476186,2364.0,2538.0,228.0,954.0,362.0,45.23639583132055,24.741114845565694,2.478171930204876,1.766159809475295,1.0
42.0,44.0,3.111111111111111,2.5,92.0,4.931851652578137,4.918991055689499,4.866666666666666,9.882196732921877,10.122522350258794,7.071067811865477,7.143780964033363,80.0,30.023284552368903,16.19348530673794,4.0,4.0,12.0,133.0,323.0,21.642857142857142,512.0,488.0,44.0,196.0,84.0,23.038420907695816,12.932143397034864,2.1543413091228816,2.0172372216570547,1.0
88.0,107.0,6.506944444444444,3.875,240.0,8.108226125916316,8.30277355168092,7.757142857142858,17.331699633029434,18.74023522890088,12.87126279012546,13.526637098057638,147.59699999999998,64.1420530647732,40.05219360105146,18.0,26.0,33.0,458.0,1172.0,54.40357142857143,1834.0,1822.0,190.0,756.0,294.0,41.89264495235205,21.134138714064793,2.5105329389856643,2.203678968188423,1.0
56.0,58.0,4.472222222222222,3.0833333333333335,128.0,6.287693700234704,6.2888543819998315,6.1,12.651234396021962,13.391883981397134,9.411167754907478,9.462347707644863,94.75,40.54575029541605,22.843766846610826,8.0,12.0,17.0,304.0,953.0,31.36388888888889,1179.0,1135.0,81.0,394.0,150.0,30.080201928686538,16.19422103776282,2.1601951141286313,1.9193098266227604,1.0
112.0,139.0,7.590277777777777,4.319444444444445,314.0,9.469380905582563,9.899443027027017,9.004761904761905,21.101548108645186,23.02111371013835,15.758457636208663,16.857045612391378,181.7058703703704,81.7899697403036,52.40405965482563,22.0,36.0,44.0,760.0,2359.0,69.39722222222223,3149.0,3227.0,219.0,1145.0,398.0,51.094777028395704,25.430043609369,2.6266526556448775,1.7467622755549348,1.0
56.0,63.0,5.444444444444445,2.805555555555556,144.0,5.647065707741407,5.629914827617142,5.333333333333333,11.439864738501736,12.627865417715865,8.732570544422346,8.911753901998686,88.90625,41.064365834309626,25.251407699364425,12.0,18.0,20.0,198.0,473.0,30.042857142857144,740.0,682.0,68.0,300.0,126.0,28.257439279004927,14.82436706452445,2.302478757188796,2.394563056167117,0.0
126.0,150.0,8.499999999999998,5.3888888888888875,328.0,11.528407103102724,11.95693232769798,11.100000000000001,25.200836854103237,26.874112124932605,18.51074513747437,19.617070718331384,211.078125,91.30674447708938,56.27551443347421,22.0,28.0,46.0,1419.0,5599.0,85.72163114663114,5916.0,6139.0,328.0,2061.0,590.0,59.85391242525209,30.886685106623393,2.438280402180094,1.5302713880797636,0.0
158.0,195.0,10.53472222222222,5.902777777777776,440.0,13.220051237716595,13.893618027611344,12.552380952380956,29.72125065890794,32.48887091787553,22.3190857586672,23.869054479972323,253.34599074074077,115.33713693024855,73.77564383745826,26.0,50.0,62.0,2026.0,8143.0,110.76181873681874,8613.0,9119.0,515.0,2749.0,843.0,72.19271856744851,35.3944988468597,2.6328011888985428,1.4262597721134915,0.0
102.0,123.0,6.027777777777778,4.222222222222222,264.0,9.202708600407233,9.643514081008565,8.933333333333334,20.493022923170383,21.555647783975243,14.865821431800454,15.873843884120895,175.703125,73.53749671159362,44.923601670721425,14.0,18.0,37.0,670.0,2023.0,63.40714285714286,2828.0,2966.0,192.0,909.0,340.0,48.09057724398818,24.760038933110028,2.479079806028204,1.686142064122493,1.0
130.0,156.0,9.201388888888888,5.124999999999998,358.0,11.309367635193636,11.760624865755892,10.719047619047622,24.855225255123504,27.33417037949628,18.83592251107281,19.895961375074876,204.40849074074075,95.20429652160301,60.4619353384735,24.0,46.0,50.0,1461.0,5967.0,84.86697746697747,6097.0,6337.0,347.0,1995.0,604.0,60.782233711426244,29.969213535894777,2.629760725470068,1.4967587308262522,0.0
94.0,106.0,9.277777777777777,4.611111111111111,244.0,9.362279762904677,9.340838599544785,8.8,18.997532744081596,21.133208485172936,14.636713964098501,14.922367527083297,145.8125,69.07600986472751,42.794611466229476,20.0,32.0,34.0,880.0,3124.0,62.98823953823953,3332.0,3130.0,240.0,1132.0,374.0,47.15304594563914,24.212498445092226,2.336045738284078,2.4868043108728073,0.0
94.0,111.0,7.819444444444445,3.430555555555556,282.0,7.716162047958508,7.9528097724096245,7.071428571428572,16.687300568154434,19.58919028312105,13.427805631411442,14.007085288214688,129.65610185185184,70.41983374430717,47.039001472833874,26.0,60.0,39.0,460.0,1189.0,54.71190476190476,1826.0,1792.0,154.0,838.0,292.0,42.501457308184214,19.655123841379293,2.4935350489607973,2.1765654202809763,0.0
80.0,88.0,7.395833333333332,3.875,214.0,7.953525587537065,7.941271796662381,7.485714285714287,16.08618759202342,18.064808748357937,12.495822568030805,12.678415145897022,121.31474074074073,59.22598665584014,36.84109105012348,20.0,38.0,29.0,566.0,1840.0,49.40559163059163,2151.0,2027.0,173.0,722.0,266.0,40.09230029994576,20.141727737394106,2.3586662412518105,2.3819206018191372,0.0
192.0,247.0,15.541666666666664,6.861111111111108,570.0,15.183204860059114,15.827545309576063,14.061904761904767,33.92815421935141,38.43130314384038,26.1927287150695,28.04057810344542,298.05923611111115,141.39705463768962,94.15579447139267,38.0,76.0,81.0,2546.0,8926.0,155.35689033189033,10468.0,10688.0,674.0,5312.0,1224.0,84.57125831459891,40.19157913918216,2.681237922913563,1.8337890686479985,0.0
124.0,151.0,8.791666666666664,4.541666666666667,360.0,10.232017366004007,10.686236131382673,9.59047619047619,22.7026610847762,25.54549524490146,17.518867824335484,18.564653136672053,187.87535648148148,91.56960326639754,59.773542952789825,28.0,58.0,50.0,952.0,2958.0,80.56825396825397,3945.0,4057.0,305.0,1519.0,508.0,55.98446562558465,27.13503311841688,2.564023996144944,1.803323494137071,0.0
76.0,84.0,7.145833333333332,3.6249999999999996,206.0,7.453525587537065,7.441271796662381,6.985714285714287,15.086187592023421,17.064808748357937,11.788715786844257,11.971308364710476,113.31474074074073,56.397559531093954,35.42687748775039,20.0,38.0,28.0,468.0,1426.0,45.51626984126984,1776.0,1670.0,148.0,612.0,234.0,37.812237460084546,19.01205413629728,2.3307374622175856,2.3913762142650117,0.0
68.0,75.0,6.645833333333333,3.041666666666667,190.0,6.41552078507628,6.416707931972796,5.919047619047619,13.029608057112524,15.138228388797712,10.48389202421234,10.619361426279367,92.68974074074075,50.88979081355236,32.77659594787751,20.0,40.0,26.0,315.0,862.0,37.69761904761905,1190.0,1112.0,106.0,435.0,176.0,33.24277320243812,16.366751631444995,2.3151386014347968,2.371755938094032,0.0
134.0,164.0,6.118055555555555,5.611111111111111,344.0,12.331370464613116,12.997814946500437,12.176190476190477,27.66336585513375,28.361118231983887,19.621501331170045,21.000488671571865,246.061625,95.8473082974462,56.938165919823746,14.0,16.0,47.0,1225.0,3580.0,99.74880952380951,5283.0,5679.0,493.0,1882.0,705.0,63.491489076241784,33.831740280045565,2.579150107664197,1.7362323444345718,0.0
146.0,185.0,9.263888888888888,5.277777777777777,422.0,11.808532855829327,12.458047454509254,11.209523809523812,26.80363968456209,29.373120550241516,20.036797832288546,21.62015082244565,235.72424074074075,106.81918972113104,69.42772140579486,30.0,52.0,59.0,1305.0,4338.0,100.33661616161616,5540.0,5839.0,358.0,2544.0,698.0,64.8361728570305,32.0262645603302,2.6388775550750796,1.6398234764341506,0.0
154.0,198.0,10.215277777777777,5.4375,460.0,12.170504622625403,12.811600845102525,11.45952380952381,27.566652829030886,30.663159995861687,20.84852900510211,22.486176226230086,245.6669490740741,113.22309358865739,74.76814465083655,34.0,64.0,64.0,1425.0,4757.0,107.40963203463204,6015.0,6302.0,397.0,2759.0,753.0,67.59837942270579,33.00688726441582,2.6706168875065512,1.6765695570219434,0.0
166.0,195.0,10.062499999999998,6.6944444444444455,440.0,14.846686456189992,15.532579814053468,14.28571428571429,32.855108014902896,35.32627602595509,24.404406212979293,25.837278481951085,269.87261111111115,120.83158681910946,74.83191032855683,30.0,50.0,61.0,2846.0,13004.0,124.54291819291821,12020.0,12644.0,642.0,4804.0,1092.0,77.88731357449011,39.56240857783826,2.508416421397255,1.3609824595114768,1.0
182.0,215.0,9.22222222222222,7.416666666666668,460.0,16.580520035918415,17.499334461782425,16.200000000000006,37.23440235939219,38.83527468601158,26.95558639719304,28.741214468524706,310.46875,130.95529843378077,78.77613552957737,24.0,30.0,64.0,3961.0,20947.0,138.85523169640817,17404.0,19093.0,750.0,5913.0,1335.0,86.11474280575402,44.97947629497604,2.481065606083699,1.083332545717054,1.0
146.0,171.0,7.3888888888888875,6.277777777777779,362.0,13.741514740667453,14.41854736354445,13.500000000000004,30.505772902065562,31.52467160255393,21.867939558444625,23.240461224574794,256.9375,104.73644876556708,61.99686378521254,18.0,20.0,50.0,2163.0,9374.0,107.51983294483294,9296.0,9957.0,504.0,3330.0,862.0,70.15678336499494,37.07999277129657,2.4587334181649294,1.3295199784710223,1.0
138.0,161.0,8.729166666666666,6.027777777777779,358.0,13.00967436510664,13.452809772409626,12.571428571428575,28.127165306656163,29.96705570083691,20.779996625217418,21.785259881266704,228.538625,100.17580723989374,60.866900394739744,24.0,36.0,49.0,2162.0,10289.0,98.19860001110001,9073.0,9503.0,431.0,3194.0,794.0,66.61457802950842,34.6971799794126,2.4620798654954617,1.3924013178138726,1.0
126.0,151.0,6.1388888888888875,4.972222222222222,322.0,11.220346690612276,11.907804598318814,10.966666666666669,25.48960157292813,26.55684979067439,18.401355337733186,19.74160396621535,215.703125,90.60336393472438,54.874446290340074,16.0,20.0,45.0,1078.0,3403.0,85.14603174603175,4727.0,5168.0,323.0,1739.0,573.0,60.130343867420564,30.623276027922405,2.4801421862969186,1.5477307612864624,1.0
136.0,172.0,8.152777777777779,4.75,394.0,10.859844450845582,11.525235299355806,10.309523809523812,24.88103474586676,27.29183965230204,18.66302438443533,20.158814084273363,216.33361574074075,99.56335690579414,64.77743986592196,28.0,50.0,55.0,1052.0,3379.0,88.55761183261183,4524.0,4833.0,288.0,2117.0,594.0,60.04233400985767,29.528118959638004,2.618252200712491,1.603046386308794,1.0
82.0,100.0,5.645833333333333,3.7083333333333335,220.0,7.714379275798964,7.908346360681003,7.457142857142857,16.506082435018453,17.544293238202314,12.054766209197734,12.684550540761215,144.22199999999998,59.42552710316922,36.40848477079807,14.0,20.0,30.0,385.0,938.0,49.676190476190484,1552.0,1553.0,170.0,637.0,260.0,39.39926297589432,20.408258605896332,2.4963227585929,2.193559722576164,1.0
76.0,83.0,6.694444444444444,4.111111111111111,184.0,8.168233757796585,8.14065759284278,7.866666666666668,16.456036067639175,17.59568722959541,12.199154765133787,12.410611160358135,130.140625,55.197450665152296,32.37382519423689,14.0,18.0,25.0,618.0,2197.0,47.59054834054834,2373.0,2263.0,159.0,774.0,266.0,39.65443914226384,21.12380470442878,2.261315587878945,2.1373193277274694,1.0
108.0,126.0,5.395833333333333,4.708333333333333,274.0,10.288641693029941,10.741886000481982,10.104761904761906,22.580866958596534,23.475731197061112,16.2991554762512,17.188859818555194,190.01837037037035,77.77522600581943,45.996418802072014,14.0,22.0,37.0,903.0,2888.0,71.62896825396825,3858.0,4114.0,308.0,1264.0,466.0,52.358378320412676,28.171031292960517,2.4406972838523067,1.6495640203262263,1.0
104.0,122.0,5.666666666666666,4.444444444444444,260.0,9.75402019542349,10.210701925855117,9.533333333333335,21.570417984475046,22.47436688603576,15.613368327506883,16.533827489508248,180.3125,74.76694527049531,44.51596081796784,12.0,16.0,36.0,789.0,2482.0,67.20634920634922,3324.0,3474.0,240.0,1448.0,438.0,49.97937693090418,26.150381023264224,2.4748505853413816,1.663426326378973,1.0
88.0,99.0,6.0555555555555545,4.055555555555555,218.0,8.664703797946448,8.894205344927391,8.366666666666667,18.436443388259484,19.629067424415016,13.68231801272818,14.193727546466246,144.90625,63.78708730693276,38.03067944372927,14.0,20.0,30.0,687.0,2409.0,53.82380952380953,2797.0,2820.0,177.0,887.0,309.0,43.74658572629679,22.8093107787979,2.3900329602888846,1.6856592041889447,1.0
420.0,510.0,30.590277777777768,16.097222222222207,1156.0,35.68259554434324,37.24739034232995,33.65238095238092,79.20249636975697,87.31333968559487,60.094374087985685,63.88812473990429,648.6741157407406,307.4182724473813,197.32009999478714,84.0,136.0,164.0,32285.0,263478.0,452.4568887773214,137486.0,146197.0,4260.0,54260.0,6752.0,192.09948809626434,94.77682219102716,2.573150232773421,0.9675134915940783,1.0
148.0,169.0,12.72222222222222,6.722222222222222,386.0,14.11629995832817,14.326795654008315,13.333333333333337,29.56795072855663,32.60757537120869,22.593228042112994,23.34985102431597,227.953125,108.48761607589552,67.51158241097399,32.0,48.0,54.0,2600.0,11488.0,116.00011100011099,10210.0,9961.0,602.0,3530.0,916.0,72.33791442599299,36.23309420416996,2.475157661414359,2.0256749510103105,0.0
126.0,152.0,6.138888888888889,5.0,322.0,11.237183443017884,11.92162569778276,11.000000000000002,25.530009778701586,26.51560833835508,18.360915223213308,19.71601398984666,219.09375,90.46332919566188,54.64495102245978,14.0,18.0,45.0,1134.0,3851.0,84.50717893217893,4986.0,5466.0,324.0,2194.0,622.0,58.787295893600856,31.06627451731378,2.4919796033797836,1.4594839885361386,1.0
104.0,121.0,8.027777777777777,4.916666666666667,266.0,10.083248657969117,10.270572420459922,9.700000000000001,21.297824594787592,22.759451032173516,15.653808442026765,16.372617594050983,176.921875,75.46127501997202,45.96837864410894,20.0,24.0,37.0,946.0,3232.0,70.18138528138527,3774.0,3742.0,262.0,1466.0,450.0,50.96762753023606,26.599235981764803,2.3947971390224567,1.9385813230107924,1.0
140.0,167.0,9.861111111111109,6.166666666666666,364.0,12.97709550808647,13.389744482851428,12.500000000000004,28.123441792798566,29.95539302287208,20.591625366514126,21.78551423769022,238.46875,101.39100441717247,62.34000953572017,24.0,30.0,51.0,1952.0,8230.0,101.8439837939838,8071.0,8309.0,443.0,3180.0,792.0,66.84003433572028,34.28590660900931,2.4551642286363626,1.551354311964529,0.0
32.0,34.0,4.8125,2.125,92.0,3.681980515339464,3.4040092744604245,3.3999999999999995,6.456854249492381,7.613961030678926,5.108666090903724,4.956137219593539,50.37037037037037,24.24771742311577,15.48683298050514,12.0,24.0,12.0,64.0,118.0,15.25,200.0,151.0,36.0,64.0,42.0,17.4221291492934,9.291502622129181,2.188901059316734,3.5832125652604643,0.0
174.0,217.0,10.666666666666664,6.250000000000001,476.0,14.256927950821465,15.159969822565772,13.600000000000001,32.779320386076854,35.37159393488996,24.322077784292286,26.29916659000585,280.3125,126.35377684785219,80.66029074432443,28.0,42.0,68.0,2266.0,8655.0,126.14391441891442,9892.0,10746.0,608.0,4001.0,1053.0,79.52185613877637,38.66582808027232,2.5932855155850016,1.376511282325579,1.0
12.0,9.0,3.111111111111111,1.0,30.0,1.7320508075688776,1.5,1.5,2.598076211353316,3.4641016151377553,2.449489742783178,2.121320343559643,10.125,9.486832980505138,6.0,6.0,12.0,4.0,9.0,12.0,4.5,24.0,15.0,6.0,9.0,6.0,7.829154880351855,3.4641016151377544,1.7320508075688772,2.3237900077244498,1.0
56.0,64.0,3.0833333333333335,2.444444444444444,138.0,5.360173345306138,5.591529863463611,5.233333333333334,11.744800786464067,12.2784248953372,8.55423105945987,8.999610502309364,94.765625,40.35193449905636,23.90168923923731,8.0,10.0,19.0,144.0,305.0,27.63333333333333,608.0,638.0,44.0,308.0,118.0,27.268191703185074,14.42692050443618,2.3332438278843957,1.9323192636083937,0.0
88.0,102.0,6.506944444444444,3.666666666666666,240.0,7.9980371312797836,8.228064901018035,7.571428571428573,17.149904621696624,18.995092828199454,13.141319792398708,13.678915888991154,135.13874074074073,64.72888527426875,40.75650062041866,20.0,36.0,33.0,516.0,1535.0,52.290079365079364,2094.0,2114.0,174.0,828.0,294.0,41.838790481236046,21.0193140690803,2.419870349137736,1.9275899862556671,0.0
166.0,208.0,11.486111111111109,6.0694444444444455,478.0,13.58509520714092,14.244840558864906,12.795238095238098,30.46543292558861,33.76750624522079,23.13178479943962,24.741971909099416,259.67324074074077,121.8089213200648,79.34313097609005,36.0,62.0,67.0,2045.0,7847.0,122.34624542124543,8550.0,8871.0,510.0,3690.0,930.0,74.3922551184855,36.38495647099532,2.655308143624101,1.5988109085900208,0.0
138.0,168.0,7.861111111111109,5.388888888888889,362.0,12.058550648063802,12.738122278710486,11.66666666666667,27.26206058627046,28.825009415113577,19.913028156028993,21.349007151702114,232.625,99.61631164074485,61.47337814720598,18.0,26.0,51.0,1424.0,5103.0,95.70569985569986,6208.0,6752.0,404.0,2668.0,728.0,63.79461502082377,32.60398022611028,2.4829293768496083,1.4601203634568616,0.0
106.0,123.0,7.145833333333333,5.250000000000001,268.0,10.725510624722073,10.91040763832518,10.471428571428572,22.49552359001389,23.54179152462017,16.249626653394486,16.903756818192658,191.023,76.49626442541293,45.0942013599944,16.0,22.0,36.0,1099.0,3946.0,74.21277056277057,4406.0,4387.0,336.0,1441.0,494.0,53.0643770240997,28.722358388942208,2.4584745036923117,1.9197870543665698,0.0
98.0,113.0,7.166666666666666,4.666666666666666,246.0,9.651397005390978,9.851581364770423,9.333333333333334,20.415627861865712,21.63692868191472,14.946701660840217,15.592797660696553,168.921875,70.89383459031885,42.50281539872884,16.0,20.0,34.0,814.0,2641.0,65.4488455988456,3276.0,3281.0,260.0,1198.0,408.0,48.46350639689459,25.598835981551293,2.3766039552382505,1.9576602934976859,0.0
314.0,390.0,18.548611111111107,11.15972222222222,884.0,25.59002995379477,27.166977533731323,24.359523809523797,58.52968464574968,63.80903776533091,43.8206944291781,47.207586384056064,495.4950740740741,229.38504838183212,147.6961349268093,64.0,104.0,124.0,14382.0,110467.0,276.04780172626215,63715.0,70459.0,1773.0,25203.0,3485.0,140.20364759030636,69.31593703711859,2.6761046623825737,0.821740696763358,0.0
320.0,399.0,19.409722222222214,11.368055555555554,904.0,26.010750257449796,27.583907311776645,24.711904761904748,59.42244022367611,64.93406182917184,44.57558145328718,48.01084072709834,504.69407407407414,233.85231423771873,150.9612629572316,66.0,106.0,127.0,14940.0,114811.0,285.1345346684669,65989.0,72760.0,1857.0,26173.0,3605.0,142.71844113633358,70.34555219246565,2.6963854161271117,0.8329247107918964,0.0
166.0,200.0,8.222222222222221,6.4444444444444455,428.0,14.597356788324023,15.513155561246373,14.233333333333338,33.274810565165645,34.79403323369227,24.08671915792698,25.887197367409826,281.859375,119.50155519573352,72.8897860122047,22.0,28.0,60.0,2853.0,14454.0,117.31491882300706,12714.0,14150.0,508.0,4322.0,1018.0,77.09938027440178,39.64792843988137,2.4913768174989035,1.061306436165033,0.0
106.0,126.0,6.277777777777777,4.3888888888888875,272.0,9.66470379794645,10.11895021631898,9.366666666666667,21.436443388259484,22.629067424415016,15.682318012728182,16.643217289249428,179.078125,76.51500936829063,46.51596081796784,14.0,20.0,38.0,744.0,2176.0,68.66904761904763,3126.0,3258.0,246.0,1403.0,438.0,50.202299966495914,26.046476914462904,2.481537642199093,1.759640521672823,1.0
126.0,150.0,8.499999999999998,5.333333333333332,328.0,11.507239053047545,11.946189562472345,11.066666666666668,25.184665524965794,26.906290313053056,18.579694822695668,19.653747365904675,209.84375,91.3157952699777,56.224164750467224,20.0,28.0,46.0,1250.0,4175.0,88.9873015873016,5134.0,5230.0,366.0,2233.0,626.0,59.76718934153986,30.92138087801736,2.499006825041378,1.7730630599252069,1.0
62.0,71.0,6.305555555555555,2.9444444444444446,164.0,6.03658126020919,6.027420352855368,5.633333333333334,12.289718813148736,13.814744144215576,9.577576696051489,9.764927130499705,94.4375,45.64990784973939,28.614271578730534,12.0,22.0,23.0,234.0,545.0,34.60000000000001,867.0,791.0,87.0,348.0,150.0,30.761329905949957,15.169973566907395,2.3582944711822638,2.5999038266221492,1.0
102.0,120.0,5.055555555555555,4.611111111111112,248.0,9.898178147766924,10.340838599544785,9.800000000000002,21.801380321374964,22.205005254897422,15.394588728024527,16.33658108945639,189.5625,72.72976090168675,42.108319965214235,8.0,8.0,34.0,759.0,2282.0,68.0484126984127,3204.0,3360.0,234.0,1230.0,409.0,49.757991365631234,26.815454606618015,2.4472615713621635,1.726953766713544,1.0
30.0,31.0,2.361111111111111,1.6666666666666665,68.0,3.393846850117352,3.3944271909999157,3.3,6.825617198010981,7.195941990698567,5.059137268047012,5.084727244415705,51.375,21.68708871008112,12.128990204491961,4.0,6.0,9.0,42.0,71.0,12.916666666666666,163.0,157.0,11.0,78.0,36.0,16.18960238097852,8.720566232730448,2.1010029896154583,2.1229179499593664,1.0
134.0,157.0,9.451388888888888,5.291666666666667,366.0,11.759838812336922,12.22430117924654,11.133333333333336,25.75904832695482,28.46034832235449,19.654167671934704,20.667490346884257,205.57986111111114,98.37622703798027,62.3285200180091,26.0,52.0,51.0,1335.0,4361.0,96.47539682539681,5485.0,5600.0,397.0,2112.0,653.0,62.44568113702918,30.95790679375886,2.484979764716477,1.856370557835723,1.0
250.0,306.0,14.999999999999996,10.416666666666664,654.0,22.328293358486697,23.385061774702926,21.699999999999996,49.82319017623284,52.250742439907825,35.79594406575769,38.48630123096471,439.4375,180.09336851799733,110.7936695540676,38.0,42.0,92.0,8298.0,49379.0,223.04691612137435,35671.0,38197.0,1325.0,14126.0,2410.0,116.61244584991512,60.710220334270275,2.5789577104792194,1.1063300942197272,1.0
242.0,299.0,14.499999999999996,9.944444444444441,638.0,21.345130110892306,22.398882874166876,20.73333333333333,47.8635983820063,50.20950098758851,34.34129038886472,37.04649769222292,426.828125,174.29647952944245,107.73574716144113,36.0,40.0,90.0,6905.0,37156.0,214.66370761161784,29697.0,31803.0,1209.0,12331.0,2216.0,112.06357858981235,58.21668404753683,2.5795418667577272,1.1770637643717323,1.0
82.0,98.0,8.006944444444443,4.041666666666666,226.0,7.9844348858286285,7.932910225370588,7.523809523809525,16.160738181282664,17.934975212900294,12.27354580868009,12.62228391681923,134.97199999999998,60.277993177484994,37.987698498805486,20.0,30.0,31.0,472.0,1233.0,52.82976190476191,1743.0,1587.0,191.0,644.0,266.0,40.3802887469305,20.017385491626825,2.49790573743033,2.940546541116201,1.0
162.0,194.0,7.4513888888888875,6.194444444444445,426.0,14.11772350057976,15.026976660710318,13.766666666666671,32.22042953348292,33.84073193011299,23.391542920558894,25.15450060985459,268.3125,117.11722386802377,71.99569288601316,26.0,38.0,59.0,2417.0,10915.0,114.11206293706294,10786.0,12018.0,530.0,4137.0,988.0,74.72646823857465,38.711903083012416,2.485819695922959,1.1451114558293214,1.0
142.0,172.0,8.11111111111111,5.638888888888888,370.0,12.558550648063802,13.238122278710486,12.16666666666667,28.26206058627046,29.82500941511358,20.620134937215543,22.05611393288866,240.625,102.44473876549104,62.88759170957907,18.0,26.0,52.0,1705.0,6917.0,99.25742868242868,7394.0,7999.0,408.0,3141.0,786.0,66.07306499059368,34.484107328997716,2.5059605835540353,1.3692626443922757,0.0
50.0,48.0,5.972222222222222,3.1666666666666665,114.0,6.12589765768623,5.894427190999917,5.800000000000001,11.423693409364299,12.660043605836323,8.922840573203286,8.620261150348444,77.5,36.83077594007864,20.957417329238154,10.0,18.0,15.0,344.0,1216.0,29.176587301587304,1220.0,1076.0,76.0,344.0,132.0,28.558048714444304,14.627503029350086,2.0,2.9163621870428393,0.0
274.0,327.0,24.937499999999993,11.236111111111109,786.0,23.908682043216313,24.31248530744545,22.109523809523804,50.587878982476774,57.95641208687094,39.74958732122494,41.38328798809148,400.9291018518519,203.33446008435624,133.20646494731938,70.0,132.0,110.0,9356.0,45108.0,280.5471417471417,37382.0,37245.0,1974.0,14329.0,2781.0,127.58600425552336,62.3489261250282,2.481399466005706,2.1698295534041625,0.0
484.0,548.0,40.66666666666668,22.75,1238.0,47.38690467744523,48.004950826714506,45.066666666666634,98.76043172058088,107.74930647318635,74.74136213846327,77.05835426087143,768.484375,353.5980339431978,216.4987372717798,96.0,142.0,172.0,68376.0,662851.0,636.8948731803346,277084.0,280526.0,7432.0,89025.0,10160.0,239.9160753539081,122.75748952307949,2.3758554845589024,1.6316682051903117,0.0
48.0,47.0,6.784722222222221,2.375,140.0,4.810349069553741,4.59152986346361,4.2333333333333325,8.880272944275193,11.33662396539655,7.875993078882685,7.5853969399362695,49.23611111111111,37.14493963874967,24.870481592667748,20.0,46.0,19.0,170.0,417.0,24.75,570.0,470.0,66.0,170.0,90.0,24.638350700446807,10.742863149726475,2.191332411069769,3.6071498918466056,0.0
62.0,68.0,5.784722222222221,2.9444444444444446,170.0,6.0496420362876435,6.038163118081005,5.666666666666667,12.233840219870444,13.898543232197689,9.5791750858422,9.728250482926411,91.50636574074073,46.13340468665247,29.10382706470161,16.0,34.0,23.0,248.0,617.0,33.87619047619047,935.0,871.0,95.0,344.0,150.0,30.749875388523336,15.610374458835716,2.3043149262883036,2.4179233256579757,0.0
256.0,326.0,15.374999999999995,8.902777777777777,728.0,20.36857082315699,21.699248067458047,19.376190476190484,47.07856748994835,51.17504813747496,35.01949938237629,38.03049717704652,412.1194953703704,186.55131899562718,120.87646461605074,46.0,76.0,103.0,5950.0,28699.0,218.7269536019536,26348.0,29092.0,1282.0,9710.0,2118.0,112.84857267156795,55.137527648945984,2.6841060874803415,1.1506034255908724,0.0
220.0,293.0,11.5625,6.777777777777777,674.0,16.016587629811113,17.32910962610559,15.18095238095239,38.21889033030077,42.07828810946514,28.46736767021963,31.432473116517073,357.65927777777785,161.23914859276888,107.733355806339,46.0,88.0,94.0,2624.0,8888.0,168.68809523809526,11724.0,12998.0,728.0,5957.0,1386.0,93.64996604471074,44.42024924749784,2.828182273855161,1.4175676408862823,1.0
50.0,55.0,4.583333333333334,2.611111111111111,124.0,5.236382105218448,5.221666537153278,5.0,10.573839334717297,11.473164879336615,7.956514078014501,8.09525732107096,82.140625,36.487874611768156,21.837194136991332,10.0,14.0,17.0,160.0,377.0,25.976190476190474,601.0,557.0,49.0,248.0,104.0,25.754924884201312,13.419574942391504,2.2683533164782292,2.2753778793703043,0.0
220.0,275.0,15.451388888888884,8.416666666666664,614.0,18.42777711723782,19.286662690773607,17.48571428571429,41.24673348057381,44.98805667915103,30.771417336932007,33.02112118088385,358.0537453703704,160.400814633813,103.01775632173722,38.0,64.0,87.0,4392.0,18705.0,189.16399988899988,18507.0,19417.0,1033.0,8622.0,1764.0,99.501714761932,49.782343903790114,2.6247262058487033,1.4853559533774503,0.0
184.0,237.0,14.590277777777775,6.777777777777776,532.0,14.866708279131387,15.507506852949366,13.890476190476194,33.25510119168772,37.02403628773662,25.279073258505992,27.11558622217873,295.2173703703704,134.6583676817988,88.37205090207675,30.0,58.0,76.0,2336.0,8006.0,148.4008658008658,9646.0,9891.0,642.0,4891.0,1154.0,81.84370718874875,39.57625423463668,2.67902178624524,1.8332381452828388,0.0
98.0,108.0,6.194444444444445,4.944444444444444,230.0,10.292024997884274,10.510520919153112,10.100000000000001,21.626997519385945,22.40094724559599,15.625298871325349,16.143391466342727,174.765625,70.37521905142523,40.09517454597524,12.0,14.0,31.0,1156.0,5007.0,64.99558219558219,4712.0,4786.0,236.0,1630.0,450.0,50.28556963341995,27.318946286425813,2.285889619272267,1.5732371172202104,0.0
122.0,139.0,7.277777777777777,5.305555555555555,304.0,11.614193540729628,12.07748691792714,11.26666666666667,25.315218770939108,26.752791781372956,18.63206548103401,19.54841434310169,200.90625,88.2488220844629,52.86130087110109,20.0,26.0,42.0,1406.0,5290.0,84.18506493506493,5924.0,6227.0,388.0,1944.0,607.0,59.36921554386123,30.759731227521833,2.363969671622282,1.5411947536980277,0.0
192.0,214.0,16.444444444444443,8.972222222222223,490.0,18.86598885610209,19.09108617131856,17.866666666666674,39.1626055896677,43.07287899304559,29.992465253202003,30.75314501234317,294.078125,140.6971705290238,86.29085415533879,40.0,62.0,68.0,6468.0,39362.0,165.6802735362333,25962.0,26017.0,1134.0,7233.0,1628.0,95.5454009166549,48.948545714732205,2.313732324353669,1.8374144635439889,0.0
54.0,60.0,4.833333333333334,2.8888888888888893,132.0,5.753218857624056,5.735487636617226,5.533333333333333,11.614247540490753,12.431923427017297,8.623180744681168,8.776774125888814,93.53125,39.17626699745185,23.021912431484132,8.0,12.0,18.0,202.0,489.0,29.65952380952381,766.0,718.0,78.0,283.0,126.0,28.043664896207584,15.289155413429047,2.263820977852396,2.3328316991465923,0.0
60.0,67.0,5.694444444444445,3.055555555555556,152.0,6.147065707741407,6.129914827617142,5.833333333333333,12.439864738501736,13.627865417715867,9.439677325608894,9.618860683185233,96.90625,43.89279295905582,26.665621261737524,12.0,18.0,21.0,256.0,667.0,33.5202380952381,961.0,891.0,85.0,372.0,150.0,30.537249303376377,15.803737753674374,2.305759562749655,2.3570481266887615,0.0
270.0,324.0,24.687499999999993,11.013888888888888,778.0,23.42551879562192,23.8263064069094,21.64285714285714,49.62828718825023,56.91517063455163,39.002040425518516,40.65059123053624,396.3197268518519,200.36599822054754,131.562756117066,68.0,130.0,109.0,8842.0,42047.0,274.0617965367965,35309.0,35155.0,1905.0,14528.0,2730.0,125.31649120897119,61.428715419622456,2.4869467033580426,2.1730119263557075,0.0
118.0,148.0,6.090277777777777,4.152777777777778,328.0,9.593172145670252,10.26930635333735,9.238095238095239,22.272509560391953,23.82637372613893,16.35617461765403,17.76139879362978,194.33087037037035,85.65402962759181,54.4685547570716,20.0,32.0,46.0,724.0,2154.0,71.70039682539682,3197.0,3512.0,197.0,1536.0,453.0,52.510087141661465,26.500693861621603,2.5767042469412296,1.5650034351283706,0.0
82.0,99.0,3.805555555555556,3.2777777777777777,208.0,7.360173345306137,7.8162747348552015,7.233333333333333,16.74480078646407,17.278424895337196,11.968444621832965,12.86331380746564,144.9375,58.7367108099066,35.215397738222066,8.0,10.0,29.0,326.0,791.0,45.769047619047626,1433.0,1569.0,93.0,750.0,248.0,38.36788785334156,20.26483098841392,2.4599541137450185,1.7601959850462248,1.0
112.0,134.0,7.1388888888888875,4.583333333333334,292.0,10.075387400469408,10.527198506782844,9.700000000000003,22.302468792043918,23.78376796279426,16.458374479136026,17.45971387017715,185.84375,81.09150059083211,49.93017438034093,16.0,24.0,41.0,814.0,2342.0,75.24285714285715,3412.0,3558.0,268.0,1365.0,460.0,52.68698253337555,27.36444121688106,2.475240275602023,1.840896028688338,1.0
122.0,146.0,8.249999999999998,5.138888888888889,320.0,11.028407103102724,11.456932327697983,10.600000000000001,24.200836854103233,25.8741121249326,17.80363835628782,18.909963937144838,203.078125,88.4783173523432,54.86130087110109,22.0,28.0,45.0,1164.0,4120.0,83.24660894660894,4789.0,4887.0,283.0,2236.0,578.0,57.488749043295435,29.520927675400554,2.4996831105709827,1.6877613756225687,1.0
124.0,148.0,8.340277777777777,4.986111111111112,338.0,10.919852082725848,11.363119340517667,10.419047619047621,24.0053711804765,26.147291652996564,17.99091635944366,19.04278814657386,198.87724074074077,90.61875450617322,57.09907145910739,24.0,42.0,47.0,1150.0,4032.0,83.85927128427129,4737.0,4839.0,289.0,2166.0,578.0,57.71428608310919,28.35836222729692,2.5506026433531144,1.7181140683858813,1.0
140.0,183.0,6.562499999999998,4.958333333333333,390.0,11.201873821042929,12.065681541153515,10.923809523809528,26.441437352608972,27.594597954720488,18.77380353420274,20.75462985546139,249.19075000000004,100.70873909722572,63.78888267465446,20.0,24.0,55.0,940.0,2613.0,92.66825396825396,4173.0,4593.0,291.0,2224.0,615.0,61.380441296649806,31.239060555045402,2.7101898574743815,1.617662086965979,1.0
142.0,167.0,7.1388888888888875,6.0277777777777795,354.0,13.241514740667453,13.91854736354445,13.000000000000002,29.505772902065562,30.524671602553926,21.160832777258076,22.533354443388248,248.9375,101.90802164082088,60.58265022283945,18.0,20.0,49.0,1920.0,7843.0,102.19594572094572,8262.0,8860.0,484.0,3322.0,840.0,67.89556183143021,35.885953662074904,2.488469993828672,1.360951148849415,1.0
134.0,160.0,6.6388888888888875,5.555555555555555,338.0,12.25835149307306,12.932368463008396,12.033333333333335,27.546181107839022,28.483430150234618,19.7061791003651,21.093550904646463,236.328125,96.11113265226598,57.52472783021298,16.0,18.0,47.0,1444.0,5138.0,94.0286075036075,6256.0,6754.0,420.0,2640.0,726.0,63.346454014718745,33.52978570137277,2.4900771316276864,1.4542830124810344,1.0
162.0,193.0,9.812499999999998,6.444444444444444,432.0,14.35821047658592,15.044339635873238,13.804761904761909,31.894705408160682,34.27351772353664,23.695550851858574,25.128016134083683,264.0762407407408,117.80874183468299,73.14347123389456,28.0,46.0,60.0,2491.0,10546.0,120.6987567987568,10572.0,11175.0,614.0,4208.0,1026.0,75.62786012909697,38.756009160615385,2.5101694333701996,1.4149289972666474,1.0
52.0,61.0,2.8333333333333335,2.2222222222222223,130.0,4.877010097711745,5.105350962927558,4.766666666666667,10.785208992237523,11.237183443017884,7.806684163753442,8.266913744754124,90.15625,37.38347263524767,22.257980408983922,6.0,8.0,18.0,119.0,258.0,23.049999999999997,504.0,530.0,46.0,182.0,90.0,26.478173189670294,13.36922066421387,2.4236217310713464,1.8064920969392404,1.0
138.0,162.0,6.8888888888888875,5.694444444444443,346.0,12.70350993820667,13.393983498854867,12.433333333333337,28.44919336715467,29.598091242993704,20.56311579581271,21.888514286143682,236.3125,99.22868004802547,59.34658224533967,18.0,22.0,48.0,2003.0,9626.0,93.06519869019868,8803.0,9662.0,355.0,2999.0,739.0,65.69481686070938,34.46780245017426,2.4366221548280684,1.141818813332113,1.0
62.0,60.0,7.625,3.0,182.0,6.207106781186548,5.999778153927475,5.566666666666667,11.68561808316413,14.621320343559642,10.145899891012467,9.816107083237089,70.22222222222221,47.825041287436086,31.395623132202235,22.0,62.0,24.0,393.0,1353.0,34.05,1390.0,1221.0,96.0,393.0,156.0,31.689504843675856,14.682734710071829,2.141296913875868,3.232833861096644,1.0
128.0,155.0,9.11111111111111,5.249999999999999,340.0,11.413591357920936,11.857516187174516,10.9,25.074927805386256,27.051927587233454,18.677154078618383,19.774223836850453,210.765625,92.93287542159872,57.94331979957991,18.0,30.0,48.0,1383.0,5281.0,86.24235209235209,5754.0,5960.0,362.0,2181.0,632.0,60.47040551141542,30.504131318901663,2.5682825406638456,1.5805855858836004,0.0
106.0,120.0,7.666666666666665,5.138888888888888,262.0,10.634560252985372,10.837760265306477,10.300000000000002,22.375219656092256,23.678170134234033,16.401355337733193,17.032601199438336,181.53125,76.69072357887373,45.560737791355336,18.0,22.0,36.0,1212.0,4904.0,71.85893273393273,4876.0,4869.0,284.0,1717.0,492.0,53.01332270433886,27.77482166119456,2.3976032707902646,1.7200210290676938,1.0
160.0,184.0,11.111111111111109,7.277777777777778,404.0,15.40541720081447,15.837538419233953,14.866666666666672,32.98604584634076,35.11129556795048,24.317429301227808,25.434494720302325,267.0625,115.96229505097925,70.04821346821954,28.0,36.0,56.0,3560.0,19542.0,122.85164833017001,14764.0,15284.0,620.0,5082.0,1104.0,78.20471972533093,41.04152220486512,2.3984154584767547,1.3874770820616205,1.0
104.0,126.0,6.638888888888888,4.138888888888888,276.0,9.096555450524585,9.537941272008482,8.733333333333334,20.318640121181364,21.75158977467381,14.975211231541634,16.008823660230764,171.078125,75.42559554845143,47.153096938601735,18.0,24.0,39.0,671.0,2029.0,63.4404761904762,2816.0,2933.0,202.0,989.0,359.0,48.32169299242227,24.26141482614951,2.49847614512644,1.6909766444588048,1.0
144.0,174.0,7.680555555555555,5.5694444444444455,394.0,12.511603792261987,13.186236131382673,12.090476190476192,28.08184555838243,30.053356502401165,20.70805491437102,22.100187042604784,236.97836574074074,104.8017701901595,65.39866135287232,26.0,46.0,54.0,1548.0,5426.0,101.42500000000001,6722.0,7283.0,510.0,2478.0,782.0,66.33787472511395,34.35989104399984,2.5057727093012048,1.5046228072780294,0.0
118.0,148.0,6.090277777777777,4.152777777777778,328.0,9.593172145670252,10.26930635333735,9.238095238095239,22.272509560391953,23.82637372613893,16.35617461765403,17.76139879362978,194.33087037037035,85.65402962759181,54.4685547570716,20.0,32.0,46.0,724.0,2154.0,71.70039682539682,3197.0,3512.0,197.0,1536.0,453.0,52.510087141661465,26.500693861621603,2.5767042469412296,1.5650034351283706,0.0
90.0,103.0,9.027777777777777,4.388888888888888,236.0,8.879116515310287,8.854659699008732,8.333333333333334,18.037940949855052,20.09196703285362,13.889167068392073,14.189670769528057,141.203125,66.10754800091881,41.150902635976095,18.0,30.0,33.0,744.0,2511.0,59.22269119769119,2791.0,2593.0,195.0,1012.0,336.0,44.885161892271434,23.01141467651588,2.399259859762329,2.5586388718494475,0.0
130.0,165.0,7.291666666666666,4.631944444444445,374.0,10.483112013795045,11.138742121038751,10.035714285714288,24.065372065629646,26.072670005857642,17.78679221421173,19.285506592544234,214.4652037037037,94.84650045456841,61.19413151156387,24.0,44.0,52.0,941.0,2981.0,82.69606782106783,4081.0,4398.0,255.0,1925.0,545.0,57.55145380826171,28.89582720114116,2.622029943915244,1.5785115369258649,0.0
108.0,120.0,8.277777777777777,4.861111111111111,274.0,10.435560745775547,10.669238627463276,9.933333333333335,22.047269578507986,24.06219285813146,16.769964851476608,17.317704199800872,164.265625,79.01702821869561,48.376019496862526,24.0,34.0,38.0,1240.0,5138.0,71.3501776001776,5052.0,5135.0,288.0,1685.0,494.0,53.19549764368969,27.234427811217223,2.3105729016389707,1.6547998264639423,0.0
88.0,104.0,7.027777777777777,3.777777777777778,234.0,8.024075805453151,8.235265790544702,7.6000000000000005,17.22507373073926,18.865048860733747,13.003720802243048,13.64313374082007,139.0625,64.30570284582633,40.43832029648287,18.0,26.0,33.0,505.0,1452.0,52.5468253968254,2017.0,1997.0,159.0,741.0,277.0,41.927084937645745,21.163012845028817,2.4301269515674297,1.9820949826086112,0.0
170.0,211.0,12.256944444444443,6.291666666666666,480.0,14.041418442762513,14.710114608539072,13.219047619047622,31.453301466476816,34.798271994634035,23.87119869148288,25.50204764182777,266.8772407407408,124.49011937533152,80.60407096220445,30.0,58.0,68.0,2402.0,9877.0,123.44298756798756,10111.0,10597.0,609.0,3243.0,965.0,77.19981164735448,37.013722620608796,2.633141930976598,1.4611482616039775,0.0
42.0,46.0,4.083333333333334,2.027777777777778,108.0,4.198377302757663,4.197102672463695,3.933333333333333,8.5172597998064,9.546584519776387,6.6516903153825835,6.74331038263985,61.515625,30.980105894226565,19.186912597118443,10.0,16.0,15.0,84.0,160.0,19.53333333333333,315.0,291.0,27.0,144.0,66.0,21.185691438717143,10.792280186226476,2.2458267799378637,2.34622717382778,0.0
108.0,124.0,8.729166666666666,4.499999999999999,296.0,9.786712265874597,10.022058894900356,9.185714285714289,20.826186706870278,23.38943039549686,16.17834455274297,16.764954827473844,161.2319861111111,79.74219062141263,50.636230719193236,24.0,48.0,41.0,939.0,3181.0,70.5186507936508,3767.0,3757.0,255.0,1294.0,429.0,51.46585630584255,25.138767695268402,2.4347826845601843,1.959419276617892,0.0
90.0,105.0,6.666666666666666,4.166666666666666,230.0,8.651397005390978,8.851581364770423,8.333333333333336,18.41562786186572,19.636928681914725,13.532488098467121,14.178584098323455,152.921875,65.23698034082646,39.67438827398266,16.0,20.0,32.0,632.0,2022.0,55.64047619047619,2527.0,2500.0,181.0,865.0,309.0,43.993711457919076,22.53111915145506,2.4506090541348264,1.8660883853866523,0.0
124.0,147.0,7.819444444444444,4.916666666666667,344.0,10.916468777871518,11.369739550454945,10.423809523809524,23.959240619687094,26.222075604461686,18.078986526742607,19.052980318376243,195.9581111111111,90.94769364870193,57.34346146571177,26.0,50.0,47.0,1132.0,3769.0,83.29920634920634,4747.0,4961.0,361.0,1426.0,534.0,57.89009326269303,29.23819072560865,2.4910171144851923,1.710696132887451,0.0
152.0,175.0,10.541666666666666,6.1944444444444455,416.0,13.671470407655116,14.136091345409374,12.971428571428575,29.55470629331383,32.69889607639772,22.611105078499723,23.604412771969418,231.2701064814815,111.89792272346322,70.51060922499315,34.0,66.0,57.0,2700.0,13909.0,108.18502175928647,11239.0,11673.0,477.0,4016.0,912.0,71.80246203908096,36.3269620526691,2.442371773583311,1.3729926698278196,1.0
128.0,150.0,8.590277777777777,5.111111111111111,346.0,11.359191910946029,11.824734376364136,10.819047619047623,24.919753097312377,27.27597130943692,18.856941763228097,19.83775152807108,201.24761111111115,93.6905104487839,58.76522092368522,24.0,46.0,48.0,1286.0,4447.0,88.25119047619049,5290.0,5398.0,362.0,2269.0,626.0,59.97113498715895,29.94607292379883,2.501482111458477,1.7247262050255046,1.0
152.0,179.0,8.701388888888888,5.944444444444445,404.0,13.414834803611855,14.113588758363969,12.919047619047623,29.97291128198102,32.20375367569629,22.283085869419654,23.643244986223557,245.87261111111115,110.60729213996387,68.53791995843056,26.0,46.0,56.0,2075.0,8473.0,109.06460761460762,8882.0,9473.0,528.0,3582.0,900.0,70.82494496615276,36.2012443860775,2.501748354236155,1.3946172280595186,1.0
112.0,130.0,5.645833333333333,4.958333333333333,282.0,10.788641693029941,11.241886000481983,10.604761904761906,23.580866958596534,24.475731197061112,17.006262257437747,17.895966599741744,198.01837037037035,80.60365313056563,47.41063236444511,14.0,22.0,38.0,1039.0,3474.0,76.3186507936508,4424.0,4702.0,352.0,1552.0,534.0,54.556104363080905,29.66995013803351,2.439934063657427,1.6331199986556915,1.0
98.0,115.0,7.166666666666666,4.777777777777779,246.0,9.706238560257368,9.889966328923954,9.433333333333334,20.51261560255007,21.522267589155632,14.796871746579157,15.504941060385871,176.9375,70.60471431930553,42.09517454597524,14.0,16.0,34.0,798.0,2531.0,66.01626984126985,3196.0,3181.0,244.0,1232.0,408.0,48.48434965001562,26.122936592084308,2.41189952113692,2.001205741103151,1.0
114.0,133.0,6.777777777777777,4.861111111111111,288.0,10.647867045540842,11.105129116855034,10.333333333333336,23.396035182486024,24.670308876734325,17.136971689621156,18.083020827991213,191.6875,82.31189835684549,49.57388321059432,16.0,22.0,40.0,979.0,3081.0,78.46111111111111,4090.0,4242.0,304.0,1514.0,497.0,54.73350281419285,28.347503920098795,2.453846965113654,1.7503235821412226,1.0
80.0,83.0,8.784722222222221,4.625,204.0,8.931669413113385,8.668299791770673,8.433333333333334,17.051509110603444,19.079264652515832,13.215010083179285,13.066537988807294,124.49537037037037,59.28569900099022,35.680318287243075,20.0,38.0,27.0,842.0,3150.0,54.62316017316018,3026.0,2702.0,220.0,842.0,306.0,42.91482850914922,22.00284588896265,2.2691061006140325,4.031312976484488,1.0
88.0,105.0,7.027777777777777,3.8055555555555554,234.0,8.040912557858759,8.249086890008648,7.6333333333333355,17.265481936512717,18.82380740841443,12.963280687723168,13.617543764451382,142.453125,64.16566810676383,40.208825028602575,16.0,24.0,33.0,496.0,1398.0,52.89563492063492,1979.0,1957.0,163.0,715.0,277.0,41.940528191176554,21.22562211654941,2.457803232439101,2.0253922622179723,1.0
38.0,39.0,5.222222222222222,2.611111111111111,90.0,4.718744015013407,4.45737601984303,4.466666666666667,8.577260684959546,9.471962872637462,6.542300515641405,6.348817582536136,66.140625,27.907288762875982,16.128990204491963,8.0,12.0,12.0,131.0,300.0,20.949999999999996,434.0,353.0,56.0,131.0,72.0,21.749228380746302,11.252719553356007,2.1357792050698574,3.4998573332807723,1.0
92.0,103.0,6.305555555555555,4.305555555555555,226.0,9.16470379794645,9.394205344927391,8.866666666666667,19.43644338825949,20.629067424415016,14.38942479391473,14.900834327652799,152.90625,66.61551443167895,39.444893006102355,14.0,20.0,31.0,718.0,2256.0,59.845238095238095,2898.0,2908.0,240.0,1042.0,368.0,45.940423210262416,24.221082779743817,2.3496280847918722,1.9155576903946374,1.0
180.0,214.0,9.583333333333332,7.083333333333336,464.0,15.974366886035767,16.89376165278234,15.500000000000005,36.06001955740317,38.031216676710144,26.357869415747672,28.169087463448033,297.84375,130.0149701458924,79.59141723508455,28.0,36.0,65.0,3032.0,12676.0,142.05345765345766,13121.0,14149.0,711.0,5706.0,1296.0,83.96023885732109,43.326930535752105,2.534136910424669,1.3417168449246224,0.0
150.0,181.0,10.97222222222222,6.722222222222221,392.0,13.942620665475822,14.336377737468824,13.433333333333335,30.08645493726736,31.995432468492243,21.924958699847462,23.22126099949381,261.25,108.50680249344684,66.76079580771278,24.0,30.0,55.0,1944.0,6728.0,121.11154401154401,7830.0,7829.0,522.0,3017.0,843.0,71.60907440259217,36.868468780987804,2.5268306431593635,1.9672443107308675,0.0
180.0,212.0,11.944444444444441,7.361111111111111,470.0,16.22325444601025,16.907582752246288,15.533333333333339,35.69850397452995,38.45407683952859,26.64559870045134,28.143497487079344,287.359375,130.87648701309647,81.119281280085,32.0,46.0,66.0,4105.0,22969.0,137.67990758811192,17406.0,18417.0,708.0,6503.0,1304.0,84.93938097433711,43.221032724370865,2.446950616059593,1.1960826285674413,0.0
32.0,35.0,2.9722222222222223,1.6111111111111112,80.0,3.304530452640311,3.302675481463779,3.1333333333333333,6.691642601795419,7.350642529077819,5.128086953268309,5.194117044156883,50.140625,23.4351528078764,14.128990204491961,6.0,10.0,11.0,40.0,64.0,13.166666666666666,150.0,138.0,16.0,49.0,30.0,16.4975828568195,8.42863948675507,2.2143197433775343,2.325296719877603,1.0
16.0,14.0,3.361111111111111,1.3333333333333333,38.0,2.2700556100296625,2.0245638646895836,2.0666666666666664,3.654655746264212,4.390681974697982,3.047206724228547,2.766160500804204,22.75,12.166174573300538,7.23606797749979,6.0,10.0,5.0,18.0,28.0,6.666666666666666,52.0,36.0,10.0,18.0,12.0,10.118119614388574,5.226251859505507,1.8477590650225741,2.5395388613593903,1.0
128.0,155.0,8.590277777777777,5.305555555555555,346.0,11.462580854309024,11.894303415144533,10.990476190476192,25.087870077013722,27.032678687919343,18.606155433175964,19.6978204756208,212.74862037037036,93.13448761169599,58.141323640247506,24.0,36.0,48.0,1371.0,5196.0,87.03950216450215,5718.0,5939.0,356.0,1953.0,601.0,60.11656993678941,30.506947776417068,2.548260885191099,1.5841985260502986,0.0
64.0,70.0,5.944444444444445,3.2222222222222223,160.0,6.609060905280623,6.605350962927559,6.2666666666666675,13.383285203590841,14.701285058155639,10.25617390653662,10.388234088313768,100.28125,46.8703056157528,28.257980408983922,12.0,20.0,22.0,331.0,948.0,36.752380952380946,1256.0,1180.0,108.0,444.0,176.0,32.80722735247514,16.70180211780899,2.30052202450327,2.256056271938587,0.0
60.0,62.0,4.722222222222222,3.3333333333333335,136.0,6.787693700234704,6.7888543819998315,6.6,13.651234396021962,14.391883981397134,10.118274536094026,10.169454488831411,102.75,43.37417742016224,24.257980408983922,8.0,12.0,18.0,352.0,1078.0,35.730555555555554,1364.0,1314.0,92.0,512.0,174.0,32.34057900697403,16.835784646866557,2.144626023596258,2.075053442969193,0.0
106.0,125.0,6.277777777777778,4.361111111111112,272.0,9.647867045540842,10.105129116855034,9.333333333333334,21.396035182486028,22.67030887673433,15.722758127248062,16.66880726561812,175.6875,76.65504410735309,46.74545608584812,16.0,22.0,38.0,854.0,2975.0,65.79725829725831,3666.0,3923.0,236.0,1243.0,417.0,50.28143461104787,26.285710563916297,2.434396071451684,1.4962821149369847,0.0
60.0,70.0,3.3333333333333335,2.805555555555556,146.0,5.91501490017253,6.129914827617142,5.833333333333334,12.841788527148418,13.16376380257811,9.11150792638536,9.618860683185233,110.78125,42.89124135278926,24.908261948856808,6.0,6.0,20.0,182.0,397.0,31.533333333333335,756.0,779.0,64.0,368.0,142.0,29.568142911985127,16.12942565392836,2.364870977884402,1.9866905078306745,0.0
94.0,111.0,7.819444444444445,3.430555555555556,282.0,7.716162047958508,7.9528097724096245,7.071428571428572,16.687300568154434,19.58919028312105,13.427805631411442,14.007085288214688,129.65610185185184,70.41983374430717,47.039001472833874,26.0,60.0,39.0,460.0,1189.0,54.71190476190476,1826.0,1792.0,154.0,838.0,292.0,42.501457308184214,19.655123841379293,2.4935350489607973,2.1765654202809763,0.0
154.0,198.0,10.215277777777777,5.4375,460.0,12.170504622625403,12.811600845102525,11.45952380952381,27.566652829030886,30.663159995861687,20.84852900510211,22.486176226230086,245.6669490740741,113.22309358865739,74.76814465083655,34.0,64.0,64.0,1425.0,4757.0,107.40963203463204,6015.0,6302.0,397.0,2759.0,753.0,67.59837942270579,33.00688726441582,2.6706168875065512,1.6765695570219434,0.0
112.0,132.0,9.881944444444445,3.930555555555556,348.0,8.927486913363694,9.172415031918726,8.057142857142859,19.211018482980787,23.194852715823643,15.854882486204936,16.468922769481104,147.21621296296297,84.62687296099175,57.64455274829786,34.0,84.0,48.0,703.0,1939.0,70.24761904761905,2756.0,2671.0,230.0,1225.0,406.0,50.00080484334304,22.70317089951013,2.527815156138875,2.2964684155927384,0.0
70.0,77.0,6.805555555555555,3.3888888888888893,180.0,7.002907755397975,6.9997781539274735,6.5666666666666655,14.208902401601822,15.897227048854207,11.072670487464345,11.230320645610187,103.65625,51.586831577356776,31.901689239237314,16.0,26.0,25.0,404.0,1240.0,40.9515873015873,1521.0,1417.0,101.0,572.0,204.0,35.29921714448019,17.720629837829314,2.2981284210400768,2.290892150463114,0.0
132.0,158.0,9.36111111111111,5.527777777777779,348.0,11.917922655570505,12.354437852936206,11.400000000000002,26.05069092875023,28.060990851432308,19.35575128910351,20.4702439468324,216.609375,95.89228649251915,59.63837831284029,22.0,32.0,49.0,1424.0,5036.0,94.1426046176046,5842.0,5956.0,394.0,2137.0,654.0,62.36473826324492,31.637703731855378,2.5441207077295585,1.7570289279785132,0.0
152.0,187.0,9.67361111111111,5.763888888888888,420.0,12.83053568524881,13.49611250237312,12.252380952380957,28.87139658426094,31.301992191375817,21.474079607038046,23.015881251471306,247.81474074074077,110.75159491481877,70.41277995809216,26.0,46.0,59.0,1727.0,6431.0,108.48603896103896,7317.0,7705.0,431.0,2606.0,755.0,69.18834808994572,34.553435399882225,2.5419793952272136,1.521073960473255,0.0
60.0,69.0,3.3333333333333335,2.777777777777778,146.0,5.898178147766923,6.116093728153195,5.8,12.801380321374962,13.205005254897426,9.15194804090524,9.644450659553927,107.390625,43.03127609185176,25.137757216737104,8.0,8.0,20.0,197.0,478.0,30.819047619047616,816.0,836.0,52.0,298.0,126.0,29.645741461204253,15.658971228146388,2.3783498799768754,1.8521505119351789,0.0
98.0,113.0,7.166666666666665,4.666666666666666,246.0,9.651397005390978,9.851581364770421,9.333333333333334,20.415627861865712,21.636928681914718,14.946701660840215,15.592797660696549,168.921875,70.89383459031886,42.50281539872884,16.0,20.0,34.0,862.0,2976.0,64.11587301587302,3442.0,3404.0,230.0,1136.0,384.0,48.55333759254907,25.035928568154773,2.4524510508157924,1.8505713211678927,1.0
172.0,208.0,9.083333333333332,6.6388888888888875,448.0,15.008040390846984,15.921403851710235,14.566666666666672,34.14083596895009,35.94873377207152,24.862775624334827,26.703693948337555,288.625,124.07804641827501,76.3039995745778,24.0,32.0,63.0,3047.0,15411.0,124.32609416727064,13501.0,14936.0,563.0,5120.0,1121.0,79.50864219808207,40.9336169406111,2.466740270172792,1.090233292669559,1.0
122.0,148.0,5.8888888888888875,4.75,314.0,10.737183443017884,11.42162569778276,10.500000000000002,24.530009778701586,25.515608338355072,17.653808442026765,19.008907208660116,211.09375,87.63490207091571,53.230737460086694,14.0,18.0,44.0,926.0,2770.0,81.46984126984127,4061.0,4437.0,291.0,1613.0,530.0,56.57839027040754,29.43464061160303,2.511361409766118,1.5910833286232327,1.0
46.0,48.0,5.722222222222222,3.1944444444444446,106.0,5.756748817474191,5.481939884532615,5.533333333333333,10.63384021987044,11.398543232197687,7.847124278273323,7.700764520967245,86.765625,33.41505748041757,18.779271744364845,8.0,10.0,14.0,226.0,605.0,27.520238095238096,772.0,651.0,80.0,226.0,110.0,26.318233921624326,14.384685197273985,2.1672506483443463,3.602410300439219,1.0
268.0,321.0,13.729166666666663,10.652777777777779,698.0,23.813632049713455,25.165351129836388,23.18571428571428,53.699774425021836,56.40794469186921,38.98374180576699,41.747799013645256,451.058375,193.51395707677125,118.41391785503717,42.0,56.0,97.0,12096.0,94912.0,227.51876104253006,53316.0,58696.0,1378.0,18445.0,2766.0,125.08433764001437,65.00084250523786,2.507911006372946,0.8062702606856007,0.0
174.0,211.0,14.416666666666663,7.3333333333333295,472.0,15.50934547064609,15.920243169945106,14.633333333333338,33.43739748258332,36.761073902888796,25.247964164961207,26.611780571088683,279.0625,127.11093844751436,80.77394122695175,32.0,50.0,67.0,3160.0,13923.0,139.2898878898879,12829.0,12973.0,733.0,4856.0,1172.0,81.63470053909738,41.16734299298209,2.471829559185875,1.7220644460470758,0.0
94.0,108.0,6.916666666666666,4.277777777777777,238.0,9.092224152875016,9.316274734855202,8.733333333333334,19.342876997817385,20.742526510474953,14.417934364616144,14.984634151025283,155.0625,68.22354379041172,41.215397738222066,14.0,22.0,33.0,724.0,2349.0,60.349999999999994,2924.0,2936.0,216.0,1092.0,368.0,46.173405596714225,24.433289160671045,2.360849721983241,1.8848804805448816,1.0
102.0,123.0,6.027777777777778,4.166666666666666,264.0,9.181540550352057,9.632771315782929,8.900000000000002,20.476851594032944,21.5878259720957,14.934771117021752,15.91052053169419,174.46875,73.5465475044819,44.872251987714435,12.0,18.0,37.0,693.0,2183.0,62.64603174603175,2935.0,3091.0,209.0,977.0,362.0,48.10797659339461,24.595653250850674,2.502834373487935,1.6334790267848887,0.0
56.0,62.0,5.444444444444445,2.722222222222222,144.0,5.609060905280623,5.605350962927559,5.266666666666667,11.383285203590841,12.701285058155639,8.841960344163525,8.97402052594067,84.28125,41.21345136626042,25.42955328423773,12.0,20.0,20.0,197.0,464.0,30.016666666666666,740.0,686.0,76.0,288.0,126.0,28.247373392605933,14.33777331439291,2.284600304269892,2.3967802713271515,0.0
44.0,48.0,3.7222222222222223,2.4444444444444446,104.0,4.842535255101096,4.8272393461533625,4.699999999999999,9.748222136706314,10.277222888638047,7.140017497086775,7.253170763774541,78.765625,31.771348650164185,18.19348530673794,6.0,8.0,14.0,121.0,263.0,22.383333333333333,460.0,432.0,48.0,184.0,84.0,23.261343660490375,12.857278973510141,2.214319743377536,2.239538805558814,0.0
70.0,77.0,6.805555555555555,3.388888888888889,180.0,7.002907755397975,6.999778153927474,6.566666666666667,14.208902401601822,15.897227048854205,11.072670487464345,11.230320645610185,103.65625,51.58683157735677,31.901689239237314,16.0,26.0,25.0,400.0,1200.0,40.94722222222222,1513.0,1417.0,121.0,544.0,204.0,35.2994511386736,18.07615613758759,2.3089688500284,2.3033090891864183,0.0
180.0,219.0,12.916666666666664,7.1388888888888875,486.0,15.616299958328172,16.276285396791494,14.83333333333334,34.56795072855663,37.607575371208696,25.886121260926448,27.541723728695775,288.296875,131.11503307386505,83.067931597078,32.0,48.0,69.0,2914.0,11532.0,143.79408369408367,12158.0,12630.0,776.0,5050.0,1234.0,83.13862715472618,41.74904856459937,2.5228431743941484,1.5876965048237515,0.0
194.0,229.0,10.423611111111109,7.791666666666666,506.0,17.415453901946535,18.324512530291607,16.885714285714293,38.89839410364688,41.2029394369718,28.538900546048318,30.360965392494705,317.495875,140.5831860483078,86.2050928264346,34.0,48.0,70.0,4692.0,26511.0,150.62574839161528,20342.0,22012.0,810.0,6879.0,1452.0,91.19942445576781,47.00087483379328,2.5079027220553542,1.0879479154445006,0.0
116.0,130.0,8.777777777777777,5.416666666666665,290.0,11.469234250586762,11.69688082639117,11.000000000000004,24.128085990054903,25.979709953492833,18.103298184809944,18.680737809436586,187.046875,84.393812990063,50.74545608584814,20.0,30.0,40.0,1607.0,7193.0,80.28688533688533,6538.0,6637.0,348.0,2114.0,588.0,57.77434775597005,30.22746375005933,2.3495008371570636,1.6481804504493662,0.0
66.0,73.0,6.555555555555555,3.1388888888888893,172.0,6.502907755397975,6.499778153927474,6.066666666666666,13.208902401601822,14.897227048854207,10.365563706277799,10.523213864423639,95.65625,48.758404452610584,30.487475676864218,16.0,26.0,24.0,321.0,893.0,37.30714285714286,1210.0,1128.0,102.0,451.0,176.0,33.01962561556152,16.601661418666875,2.292088911711498,2.3261299167316234,0.0
50.0,55.0,6.944444444444445,3.0,130.0,5.540111220059325,5.2738726007707575,5.133333333333334,10.309311492528423,11.781363949395963,8.094413448457095,7.981810744391588,79.671875,37.06027120795892,22.95741732923815,12.0,20.0,18.0,206.0,501.0,28.742857142857144,692.0,571.0,84.0,206.0,110.0,26.754022924666693,14.195669358089223,2.2469796037174667,3.9851644508585786,0.0
190.0,245.0,15.451388888888886,6.972222222222218,552.0,15.277391881654347,15.915755143413229,14.223809523809528,34.12112659547217,38.17873682611587,26.055129724913844,27.932082803106454,301.9829953703704,139.23485890434026,91.78626446444987,32.0,62.0,79.0,2534.0,8834.0,155.46681096681098,10420.0,10640.0,678.0,5288.0,1224.0,84.34739564508519,40.78831186200988,2.6821856497042096,1.8447243908949524,0.0
96.0,112.0,7.527777777777777,4.222222222222222,250.0,9.002907755397974,9.224523025319064,8.566666666666666,19.20890240160182,20.897227048854205,14.486884049837442,15.094023950766461,153.828125,69.97160788820702,43.21539773822207,16.0,26.0,35.0,682.0,2046.0,61.63809523809524,2734.0,2724.0,228.0,1046.0,368.0,46.398394139547406,23.937217665871124,2.3940270527683767,2.0040187053872933,0.0
90.0,104.0,6.666666666666666,4.027777777777779,230.0,8.592224152875016,8.8162747348552,8.233333333333334,18.34287699781738,19.742526510474953,13.710827583429596,14.277527369838735,147.0625,65.39511666566554,39.80118417584898,14.0,22.0,32.0,602.0,1799.0,56.35952380952381,2430.0,2439.0,198.0,930.0,330.0,43.89495295490221,22.631394707882,2.3642303043388706,1.933916352466387,0.0
74.0,80.0,6.083333333333334,4.194444444444445,172.0,8.274386907679233,8.246230401842864,8.066666666666666,16.630418869628194,17.39974523889684,12.08976496539261,12.27563138424826,134.765625,53.30935182829451,30.1443299263566,10.0,12.0,23.0,664.0,2534.0,46.15685425685426,2574.0,2480.0,146.0,693.0,250.0,39.52645942739764,21.154703436110808,2.257482804535919,1.9609812048634738,0.0
70.0,80.0,4.444444444444445,3.138888888888889,174.0,6.770856947829097,6.999778153927475,6.566666666666667,14.610826190248506,15.43312543371645,10.744501088240812,11.230320645610187,117.53125,50.58527997109021,30.144329926356598,10.0,14.0,24.0,301.0,778.0,38.719047619047615,1246.0,1284.0,106.0,437.0,184.0,34.411480776908164,17.88159353434672,2.335590455535926,1.861906107472987,1.0
92.0,111.0,4.916666666666666,3.7777777777777777,236.0,8.292024997884274,8.7352657905447,8.1,18.626997519385945,19.40094724559599,13.382658184206061,14.350240522006619,160.9375,66.13257836430597,40.09517454597524,12.0,14.0,33.0,502.0,1454.0,53.507936507936506,2146.0,2279.0,154.0,750.0,285.0,43.32203633633436,22.443327358379207,2.4750153265574757,1.647591070522005,0.0
84.0,89.0,7.194444444444445,4.5,200.0,9.113392202930193,9.10227262868925,8.766666666666667,18.35904832695482,19.7103483223545,13.763198241767943,13.912681323041907,138.125,61.14342518565797,35.60989317173668,16.0,22.0,27.0,906.0,3788.0,54.577811077811084,3475.0,3313.0,179.0,1158.0,336.0,44.1939519964558,23.554036156848085,2.242549904342864,2.0526818739133668,1.0
56.0,64.0,5.444444444444445,2.833333333333334,144.0,5.663902460147015,5.643735927081089,5.366666666666667,11.480272944275193,12.58662396539655,8.692130429902464,8.886163925629992,92.296875,40.924331095247126,25.021912431484132,10.0,16.0,20.0,193.0,442.0,30.183333333333334,712.0,645.0,78.0,215.0,115.0,28.35627368459395,14.259255741822003,2.369803310493937,2.5098822160639793,1.0
184.0,230.0,10.736111111111109,6.79861111111111,516.0,15.270805714029752,16.152341374430172,14.635714285714293,34.71660646165161,37.46455398725477,25.66242606318646,27.66181013703953,303.3870787037037,133.9780371876114,85.45211192054776,32.0,56.0,72.0,2590.0,9882.0,141.92409812409812,11093.0,11813.0,695.0,4848.0,1188.0,82.75510049205866,41.4525327962498,2.653386016350935,1.4591286411314854,0.0
188.0,239.0,14.840277777777775,6.972222222222218,540.0,15.333034774320174,15.979864654021473,14.323809523809526,34.17428478014081,38.10651919237525,26.067060268732305,27.87387295610266,296.43612037037036,137.76686428467002,90.24525500021043,34.0,62.0,77.0,2672.0,9896.0,151.9260101010101,11004.0,11256.0,654.0,5506.0,1224.0,84.10120990825963,40.13732451956773,2.6518747867539445,1.7465945270490755,1.0
86.0,95.0,5.444444444444445,4.111111111111111,206.0,8.75402019542349,8.985957054463528,8.533333333333335,18.57041798447505,19.474366886035767,13.613368327506883,14.084337746725069,146.140625,62.03902320913748,36.03067944372926,12.0,16.0,28.0,724.0,2694.0,52.77987012987013,3000.0,3103.0,180.0,1027.0,330.0,43.436747867586284,23.115197727153884,2.2640374806144035,1.5741456827286897,1.0
142.0,170.0,9.951388888888886,5.930555555555555,382.0,12.842059705644738,13.283127452801299,12.271428571428572,27.91099397751872,30.249233888957367,20.886544589476966,21.978449504380368,231.84649537037035,103.48610924327303,64.48170017631058,24.0,42.0,53.0,1850.0,7250.0,103.54274891774892,7637.0,7821.0,497.0,2838.0,788.0,67.07350476863954,34.1354013063334,2.4948413924134565,1.643161599583148,0.0
40.0,43.0,3.4722222222222223,2.1111111111111107,96.0,4.304530452640311,4.302675481463779,4.133333333333333,8.691642601795419,9.350642529077819,6.542300515641405,6.60833060652998,66.140625,29.09200705736879,16.95741732923815,6.0,10.0,13.0,88.0,176.0,19.15,335.0,315.0,35.0,142.0,66.0,20.971923394025087,11.18995723015805,2.1939932777126576,2.2283621149350434,1.0
60.0,65.0,5.694444444444445,2.944444444444444,152.0,6.092224152875016,6.091529863463611,5.733333333333334,12.342876997817383,13.742526510474955,9.589507239869953,9.706717283495912,88.890625,44.181913230069114,27.073262114491122,14.0,22.0,21.0,262.0,694.0,33.154761904761905,993.0,931.0,89.0,364.0,150.0,30.516658843149266,15.279552772134256,2.2488759703790064,2.270459299842701,1.0
86.0,100.0,6.416666666666666,3.833333333333333,222.0,8.113392202930193,8.327017500080839,7.7666666666666675,17.35904832695482,18.710348322354495,12.934771117021752,13.533743941078894,140.296875,62.55763874803105,38.43832029648287,16.0,22.0,31.0,498.0,1403.0,52.59563492063492,2002.0,1998.0,172.0,832.0,294.0,41.61632292717728,21.361156437744626,2.412643626782616,2.0075292468425223,1.0
132.0,161.0,6.999999999999998,5.333333333333335,342.0,11.707039898056804,12.365180618161844,11.433333333333335,26.468786046534355,27.564711048174093,18.958632204658674,20.433567299259114,231.71875,94.8816840933643,57.93236868296657,18.0,20.0,48.0,1286.0,4539.0,89.68979076479076,5564.0,5995.0,376.0,2380.0,670.0,61.32138739183396,32.595631483432186,2.494948130413991,1.4597148156867097,0.0
86.0,95.0,7.805555555555555,4.555555555555555,212.0,9.078917360319545,9.048905883306642,8.700000000000001,18.32206147142361,19.75038776797466,13.682318012728182,13.934214522472406,144.90625,62.602369012439965,37.202252318983085,16.0,22.0,29.0,804.0,2931.0,57.1033189033189,3041.0,2853.0,181.0,1074.0,336.0,44.43744370579031,23.04338333010048,2.3061401997911304,2.3398529593505195,0.0
132.0,155.0,8.319444444444443,5.416666666666668,360.0,11.916468777871518,12.369739550454947,11.423809523809524,25.959240619687094,28.222075604461686,19.4932000891157,20.467193880749335,211.9581111111111,96.6045478981943,60.171888590457954,26.0,50.0,49.0,1420.0,4949.0,93.89801587301588,5933.0,6181.0,463.0,2082.0,684.0,62.27972864572211,31.84313371414744,2.482273677227151,1.7250949455859361,0.0
100.0,111.0,6.805555555555555,4.861111111111111,242.0,10.185871848001627,10.404948110153027,9.9,21.452614717396926,22.596889236294558,15.734688671066527,16.278371242452597,170.140625,72.26331788828303,42.324669813855536,16.0,20.0,33.0,1004.0,3597.0,67.69177489177488,4048.0,4062.0,286.0,1406.0,450.0,50.49889459938256,27.03502902722872,2.3117166962509343,1.8230269869186655,0.0
132.0,161.0,4.638888888888889,4.888888888888888,336.0,11.38214273316075,12.30223178931873,11.26666666666667,26.717142559585795,27.2886901662352,18.88968251943738,20.583690523511773,232.953125,94.3183382900618,56.76079580771275,14.0,14.0,47.0,1086.0,3475.0,86.35396825396825,4987.0,5717.0,359.0,2270.0,660.0,60.32137203149665,32.009429063875004,2.4972120409568332,1.356888171469679,0.0
134.0,170.0,7.541666666666666,4.9652777777777795,382.0,11.021116816255832,11.663305985728334,10.602380952380953,25.12195160054054,26.99925036541787,18.384509195657095,19.930346749788797,227.0902037037037,97.52584204736381,62.430199489063654,24.0,42.0,53.0,1092.0,3682.0,87.41915584415585,4700.0,5025.0,274.0,2205.0,594.0,59.840877231852545,30.421184912209178,2.6223055899624415,1.5448081085726821,0.0
130.0,154.0,8.229166666666664,5.680555555555556,342.0,12.07662870325625,12.498395626089822,11.700000000000001,26.238641891487653,27.852346480395955,19.157990941776447,20.247407570411852,222.69849537037038,94.25340646759824,57.59515294571936,20.0,34.0,47.0,1504.0,5648.0,92.23546176046176,6233.0,6407.0,417.0,2398.0,678.0,62.066425858987934,32.58864533461288,2.4943705920077317,1.6331985482365,0.0
168.0,193.0,12.58333333333333,7.2222222222222205,436.0,15.633938048533212,16.091086171318562,14.86666666666667,33.56452937831438,36.60877737790784,25.421655166859185,26.510504325223888,259.953125,122.72505617428008,76.04821346821952,34.0,50.0,61.0,3832.0,21228.0,129.37921828773221,15767.0,16151.0,643.0,5654.0,1170.0,80.90112351560737,41.13008545635903,2.4173572613279566,1.4072085211932361,0.0
110.0,133.0,9.791666666666666,4.166666666666667,330.0,9.08557075659728,9.302551705608394,8.323809523809524,19.502661084776204,22.795495244901463,15.556466103373738,16.271676369429244,158.24572685185188,82.1429324155306,54.95441104312906,30.0,64.0,46.0,720.0,2072.0,69.8952380952381,2816.0,2723.0,224.0,1284.0,406.0,49.80855762974109,23.507731401296773,2.5399672558387145,2.249029508088111,0.0
74.0,83.0,7.506944444444444,3.2361111111111116,210.0,6.8262043875992395,6.82495622243666,6.252380952380952,13.895633460896963,16.292928927176963,11.259948490620186,11.435858007207091,99.45536574074075,55.46628203609383,36.1908095102506,22.0,44.0,29.0,374.0,1041.0,42.18333333333334,1405.0,1305.0,125.0,518.0,204.0,35.7459647253406,17.260559384330495,2.339982236585738,2.4627728730829967,0.0
138.0,156.0,8.277777777777777,6.388888888888889,336.0,13.652198343190413,14.102050782616725,13.333333333333337,29.37179830585,30.67937214093318,21.35110280603902,22.314574843905888,237.53125,99.4134450514969,58.34000953572016,20.0,24.0,46.0,2649.0,14386.0,98.75968402512521,11154.0,11728.0,442.0,3773.0,852.0,68.4157469331771,36.30460911536489,2.3304184295998356,1.253541481893728,0.0
140.0,172.0,8.472222222222221,5.333333333333333,374.0,11.969234250586762,12.64637056917435,11.500000000000002,27.128085990054903,28.979709953492833,19.98197784125029,21.45839695144329,231.390625,101.36437573854015,63.47337814720598,20.0,30.0,53.0,1375.0,4778.0,97.39220779220778,5881.0,6255.0,359.0,2130.0,647.0,64.17252022723929,32.18149581219225,2.5384840100908312,1.5411862681096153,1.0
148.0,167.0,9.840277777777777,6.277777777777778,386.0,13.808681653729208,14.283271077972294,13.219047619047624,29.798528479992,32.39969566639486,22.513796012720476,23.45005536310989,231.07573611111115,108.25275028970238,66.52477453919155,30.0,52.0,53.0,2977.0,16981.0,103.70885162309311,12466.0,13030.0,452.0,4016.0,882.0,71.41988459577408,36.25128047213184,2.355146813984462,1.2351549939956599,0.0
112.0,136.0,4.777777777777778,4.305555555555556,286.0,9.826499840494924,10.513377407318897,9.66666666666667,22.66398437491715,23.360907799975823,16.17064519443237,17.485303846545843,196.328125,80.22998372362801,48.4023103353405,12.0,14.0,40.0,687.0,1860.0,71.91785714285714,3057.0,3389.0,203.0,1416.0,443.0,51.70826565483083,27.101881050622794,2.4996670819223477,1.6374408832168612,1.0
128.0,156.0,6.749999999999998,4.944444444444445,334.0,11.147867045540842,11.829873988246623,10.833333333333336,25.39603518248602,26.670308876734325,18.429864908434606,19.825403789587842,217.859375,92.21139329345719,56.6449510224598,16.0,22.0,47.0,1035.0,3138.0,87.3079365079365,4500.0,4872.0,328.0,1786.0,579.0,59.081815989132096,30.304370154476768,2.517323562062715,1.6117298360428092,1.0
248.0,280.0,17.166666666666664,11.138888888888886,622.0,23.97727464143374,24.668794935318218,23.066666666666663,51.26892195900498,54.92844372556434,38.258967027958185,39.77834549102121,399.328125,180.18758816087606,108.66467934957564,44.0,62.0,86.0,10769.0,66714.0,234.82616654501328,44870.0,46699.0,1918.0,11931.0,2628.0,121.97929433255779,62.88792878571709,2.345555221272282,1.3866038630225346,0.0
256.0,295.0,16.72916666666666,10.569444444444441,670.0,23.35719560066094,24.28796699770972,22.36666666666666,51.033858892120456,55.254381556046745,38.32667326748857,40.24149466635462,403.0954861111111,186.7650838615057,115.4193161569904,48.0,80.0,93.0,9512.0,54001.0,238.42719755304893,40351.0,42739.0,1911.0,12982.0,2722.0,121.71954172735276,61.76054183166609,2.440294980975077,1.2769868435902247,0.0
56.0,60.0,7.736111111111111,2.583333333333333,178.0,5.192705340840036,4.963774383707786,4.538095238095238,9.70209157591691,12.602006840103169,8.60846721500208,8.39694224452359,65.8702222222222,43.408680131415935,29.86138409080086,22.0,58.0,24.0,188.0,412.0,29.95,620.0,499.0,92.0,188.0,110.0,27.395820372724163,12.129425653928362,2.364870977884402,4.451370337553119,1.0
98.0,114.0,10.499999999999998,4.444444444444445,268.0,9.162478917895418,9.146592415246875,8.433333333333334,18.713412222513032,21.4747877500519,14.843563019762392,15.177823774138947,142.109375,72.58118885320637,46.7432617832225,22.0,40.0,38.0,746.0,2163.0,66.9857142857143,2756.0,2514.0,244.0,1040.0,374.0,47.6042696405442,22.945570658755972,2.4800292172750025,3.005128824698491,0.0
86.0,92.0,8.256944444444445,3.9027777777777772,234.0,8.276675564742526,8.288632535927308,7.666666666666669,16.79945653272828,19.41910687003518,13.492407213855188,13.621600541389567,116.6267361111111,64.29506680196347,40.88582131453238,24.0,50.0,32.0,706.0,2571.0,52.800216450216446,2676.0,2516.0,160.0,946.0,300.0,42.55408592726579,20.771673296783653,2.3053675736179944,2.2587762797847506,1.0
82.0,96.0,6.166666666666666,3.583333333333334,214.0,7.613392202930193,7.827017500080838,7.2666666666666675,16.359048326954824,17.710348322354495,12.227664335835204,12.826637159892345,132.296875,59.72921162328486,37.02410673410978,16.0,22.0,30.0,433.0,1222.0,47.736111111111114,1742.0,1738.0,138.0,643.0,244.0,39.4208049499877,20.14722687509579,2.406956539057179,1.9364739696145046,1.0
210.0,255.0,18.090277777777775,8.930555555555552,582.0,18.707869428399555,19.09516317165306,17.571428571428577,39.928119400980016,44.3490621793107,30.383241056488696,31.910336138646333,333.0652453703704,154.0729875296084,98.79103026830145,44.0,72.0,82.0,4989.0,22746.0,187.36053113553115,19912.0,19779.0,1180.0,6709.0,1663.0,98.60209053546917,49.31413323393909,2.547090235576867,1.9210161772930892,0.0
86.0,97.0,5.895833333333333,3.7083333333333326,228.0,8.077316827624756,8.311135122972713,7.71904761904762,17.25714904377019,18.87006876435852,13.093539549476175,13.582768327135426,133.93974074074072,63.090046543128345,38.90558615236945,18.0,34.0,31.0,536.0,1649.0,51.285714285714285,2198.0,2246.0,176.0,818.0,294.0,41.60463119886501,21.13906916070555,2.370239226059238,1.8372408138595142,1.0
94.0,109.0,7.3680555555555545,3.8472222222222223,260.0,8.398684032670673,8.62763170390044,7.885714285714287,17.989199851339066,20.179469841117026,13.938545701105317,14.508654707804332,139.47099074074072,69.4146018634651,44.319799714742544,22.0,42.0,36.0,614.0,1911.0,56.490873015873014,2482.0,2496.0,194.0,824.0,312.0,44.41895450958766,22.155871224681903,2.410015980050523,1.9033154004154007,1.0
160.0,206.0,11.076388888888888,5.631944444444444,480.0,12.581188225148363,13.21984913556639,11.792857142857148,28.43267823281532,31.817860534240936,21.624585471509956,23.30267280715781,252.43257407407413,117.79958481119887,78.18235821320965,36.0,68.0,67.0,1553.0,5185.0,114.13979076479077,6514.0,6781.0,440.0,3006.0,810.0,70.10231816931812,33.886308023059556,2.6781821857798347,1.711556084534079,0.0
128.0,147.0,8.138888888888888,5.5,324.0,12.024877143252588,12.485735208391004,11.600000000000003,26.181244174723545,27.90749231975221,19.408121947441856,20.364910924029417,207.671875,92.8253133070044,56.275514433474186,22.0,30.0,45.0,1547.0,5856.0,89.95530303030303,6482.0,6774.0,426.0,2128.0,658.0,61.87263483209465,31.54595894342299,2.369630469204764,1.5729521034707818,0.0
118.0,148.0,6.090277777777777,4.152777777777778,328.0,9.593172145670252,10.26930635333735,9.238095238095239,22.272509560391953,23.82637372613893,16.35617461765403,17.76139879362978,194.33087037037035,85.65402962759181,54.4685547570716,20.0,32.0,46.0,724.0,2154.0,71.70039682539682,3197.0,3512.0,197.0,1536.0,453.0,52.510087141661465,26.500693861621603,2.5767042469412296,1.5650034351283706,0.0
162.0,198.0,10.33333333333333,6.6388888888888875,426.0,14.434759407976115,15.093003823791744,13.933333333333339,32.091099134523695,34.019749399112996,23.436631518143265,25.015464056806525,278.171875,116.9654551890531,72.13680510631785,20.0,30.0,60.0,2154.0,7717.0,127.58189033189035,9134.0,9649.0,670.0,3728.0,1028.0,75.6611046392319,38.470587059741526,2.5360546614919697,1.6355371853922658,0.0
34.0,36.0,2.611111111111111,2.0,76.0,3.931851652578137,3.9189910556894993,3.8666666666666667,7.8821967329218765,8.122522350258794,5.6568542494923815,5.729567401660267,64.0,24.366430302876523,13.365058181991753,4.0,4.0,10.0,64.0,122.0,15.783333333333333,246.0,234.0,22.0,109.0,50.0,18.47902253715965,10.424292428609817,2.1357792050698574,2.1250162554146717,0.0
130.0,165.0,7.291666666666666,4.631944444444445,374.0,10.483112013795045,11.138742121038751,10.035714285714288,24.065372065629646,26.072670005857642,17.78679221421173,19.285506592544234,214.4652037037037,94.84650045456841,61.19413151156387,24.0,44.0,52.0,941.0,2981.0,82.69606782106783,4081.0,4398.0,255.0,1925.0,545.0,57.55145380826171,28.89582720114116,2.622029943915244,1.5785115369258649,0.0
50.0,55.0,4.583333333333334,2.611111111111111,124.0,5.236382105218448,5.221666537153279,5.0,10.573839334717297,11.473164879336615,7.956514078014501,8.09525732107096,82.140625,36.487874611768156,21.837194136991332,10.0,14.0,17.0,156.0,353.0,26.116666666666664,587.0,545.0,59.0,236.0,104.0,25.754472395604694,13.57547925556509,2.257544509952856,2.3272800153143347,0.0
106.0,118.0,7.666666666666666,4.972222222222222,262.0,10.558550648063802,10.788632535927308,10.166666666666668,22.262060586270465,23.825009415113577,16.62013493721555,17.15713444732231,172.28125,76.9888946427753,45.917028961101934,18.0,26.0,36.0,1247.0,5196.0,70.96799866799867,5112.0,5231.0,298.0,1634.0,494.0,52.991327526144545,27.897197829533912,2.3038850158587416,1.6468963236072225,0.0
134.0,171.0,7.993055555555555,4.409722222222222,404.0,10.278440544667594,10.948037812439809,9.673809523809528,23.72225376415589,26.512115050081857,18.062290574809982,19.54006834019767,208.07269444444444,98.76581107860136,65.51231183549967,30.0,62.0,56.0,907.0,2752.0,84.06626984126984,3927.0,4226.0,259.0,1880.0,545.0,58.000307289281835,28.083080739474543,2.636098062314545,1.6361086084007204,0.0
112.0,129.0,6.166666666666666,4.916666666666666,276.0,10.737183443017882,11.196880826391169,10.5,23.530009778701586,24.515608338355076,17.068022004399857,17.973631028250033,192.921875,80.5638342590502,47.57388321059432,14.0,18.0,38.0,1063.0,3647.0,75.58174603174604,4454.0,4641.0,310.0,1504.0,511.0,54.61386433776162,28.980903056558553,2.4475714988764654,1.6228346843803405,0.0
112.0,136.0,4.777777777777778,4.305555555555556,286.0,9.826499840494924,10.513377407318897,9.66666666666667,22.66398437491715,23.360907799975823,16.17064519443237,17.485303846545843,196.328125,80.22998372362801,48.4023103353405,12.0,14.0,40.0,687.0,1860.0,71.91785714285714,3057.0,3389.0,203.0,1416.0,443.0,51.70826565483083,27.101881050622794,2.4996670819223477,1.6374408832168612,1.0
114.0,141.0,5.388888888888888,4.277777777777779,298.0,9.754020195423491,10.435446797246707,9.533333333333335,22.570417984475046,23.47436688603576,16.199154765133787,17.56910366991833,198.484375,81.83801308236083,50.17281506746022,12.0,16.0,42.0,676.0,1783.0,71.96428571428572,2993.0,3298.0,219.0,1188.0,425.0,53.3168481054101,26.92723764931251,2.535863840135104,1.6707283197831702,1.0
88.0,101.0,6.506944444444445,3.6388888888888893,240.0,7.982181813234285,8.219383413436576,7.552380952380954,17.134544105074855,19.038787866419042,13.171577943034306,13.692158126876603,135.09136111111113,64.79231918777481,40.749881201820585,18.0,38.0,33.0,522.0,1574.0,52.10357142857143,2116.0,2130.0,150.0,862.0,294.0,41.82871174877218,20.918454139661687,2.4007466472859944,1.897840119186744,1.0
108.0,132.0,4.527777777777778,4.055555555555555,278.0,9.326499840494922,10.013377407318897,9.166666666666668,21.66398437491715,22.360907799975827,15.463538413245825,16.778197065359294,188.328125,77.40155659888183,46.98809677296741,12.0,14.0,39.0,599.0,1590.0,66.78095238095239,2683.0,2993.0,169.0,1131.0,381.0,49.513502740110866,25.79194454078576,2.5088326467123676,1.628790872701558,1.0
120.0,149.0,5.729166666666667,4.486111111111111,324.0,10.1993252955529,10.874879162337434,9.938095238095238,23.44689236238097,24.630431735440364,16.953891599099396,18.333525798706454,206.95587037037035,86.59435791548022,53.6532730515644,16.0,26.0,45.0,751.0,1993.0,78.86666666666667,3304.0,3620.0,232.0,1536.0,488.0,54.46724266548103,28.039453823570156,2.561558148279892,1.7203009535987968,1.0
104.0,124.0,5.666666666666666,4.555555555555555,260.0,9.808861750289882,10.249086890008648,9.633333333333335,21.6674057251594,22.359705793276675,15.463538413245823,16.445970889197568,188.328125,74.47782499948201,44.10831996521422,10.0,12.0,36.0,774.0,2384.0,67.64285714285714,3263.0,3415.0,253.0,1191.0,420.0,50.086267799770994,26.45222971339046,2.4694260702254334,1.6903371788200334,1.0
126.0,156.0,6.590277777777778,4.652777777777777,344.0,10.593172145670252,11.26930635333735,10.238095238095239,24.27250956039195,25.82637372613893,17.770388180027123,19.175612356002873,210.33087037037035,91.31088387708422,57.296981881817786,20.0,32.0,48.0,856.0,2345.0,84.36309523809524,3729.0,4043.0,267.0,1731.0,535.0,56.96039671868514,29.19642850846155,2.569452386988088,1.7241195493353239,1.0
114.0,139.0,5.388888888888888,4.222222222222221,298.0,9.720346690612274,10.407804598318814,9.466666666666669,22.489601572928127,23.55684979067439,16.28003499417355,17.620283622655712,191.703125,82.11808256048583,50.6318056032208,16.0,20.0,42.0,689.0,1878.0,72.00952380952381,3048.0,3356.0,200.0,1288.0,424.0,52.00973256692403,26.773614359900538,2.5231697713731913,1.6400996907568608,1.0
94.0,100.0,8.305555555555555,4.916666666666665,228.0,10.007239053047545,9.996699819689166,9.566666666666668,20.1846655249658,21.906290313053063,15.286801603882218,15.46187466152487,149.5,68.68837827200814,40.66781556436317,20.0,28.0,31.0,1227.0,5567.0,62.51189921189922,4728.0,4532.0,228.0,1312.0,394.0,49.051369087052315,25.114621364426103,2.2782357224224428,2.0167086945944996,0.0
88.0,100.0,6.506944444444444,3.625,240.0,7.971163677742107,8.205562313972628,7.519047619047621,17.082766241781172,19.06601075505709,13.202929349217353,13.7177481032453,129.31474074074072,64.97814537998612,41.13508142024975,22.0,40.0,33.0,535.0,1646.0,51.45238095238095,2179.0,2209.0,167.0,731.0,277.0,41.90283707526606,20.712705411404297,2.3834977002630895,1.8478748274873458,1.0
138.0,158.0,8.277777777777777,6.444444444444445,336.0,13.685871848001627,14.129692981544618,13.400000000000002,29.452614717396916,30.59688923629455,21.27022257699926,22.263394891168506,244.3125,99.13337557337186,57.881018999959565,16.0,20.0,46.0,2141.0,9074.0,105.84224941724942,8836.0,9080.0,548.0,3104.0,852.0,68.43638833276802,36.50796424284685,2.4242668208369644,1.6019906121408818,1.0
138.0,169.0,10.673611111111109,5.291666666666665,390.0,11.64757159264516,12.090942546147565,10.91904761904762,25.627684268465835,28.602330003935464,19.64048854818207,20.796257779375086,213.33036574074075,101.38881710287727,65.64665363296632,26.0,52.0,55.0,1474.0,5439.0,93.33585858585857,6058.0,6189.0,388.0,1888.0,629.0,63.60124614432153,30.327431495997903,2.6317604843124096,1.6734684492943737,1.0
180.0,226.0,11.00694444444444,6.541666666666666,502.0,14.740237853411662,15.623966052346084,14.071428571428575,33.712374298893685,36.454239143854785,24.967424818516722,27.00132209485199,293.40899537037035,130.9610361490208,83.96260314355531,32.0,50.0,71.0,2485.0,9995.0,134.56461871461872,10694.0,11442.0,536.0,4655.0,1074.0,80.45117973418579,40.29115678443281,2.606704062310827,1.377056203385383,1.0
76.0,88.0,5.305555555555555,3.3888888888888884,194.0,7.2027086004072345,7.4187692096169755,6.933333333333335,15.493022923170384,16.555647783975246,11.45160786942736,12.01014057896462,125.53125,55.15272040074339,33.60989317173668,14.0,18.0,27.0,369.0,1026.0,43.03492063492064,1497.0,1507.0,117.0,548.0,213.0,36.91759775486352,18.934282680522927,2.3833127616580496,1.8810769946369759,1.0
74.0,84.0,5.145833333333333,2.930555555555556,204.0,6.561461509579256,6.802453635391253,6.2,14.24178852714842,15.91376380257811,11.002477356552127,11.474690221461238,109.89236111111111,54.66819908239584,34.6563260466521,16.0,36.0,28.0,293.0,744.0,39.411904761904765,1193.0,1200.0,103.0,428.0,181.0,34.84464868110842,17.195939964967174,2.41426492766376,1.9383512853331473,1.0
318.0,360.0,26.784722222222214,14.513888888888891,830.0,30.61549551441125,31.05417516749316,28.96666666666666,63.926572828460344,70.49492491713951,48.94985829797789,50.39238907308373,489.0422453703704,233.2818378029814,144.35594875343205,64.0,110.0,115.0,22044.0,161132.0,338.6868758042708,89243.0,90235.0,2161.0,43698.0,4370.0,156.2547432553727,78.45526140436664,2.465527528097432,1.7101234465678634,0.0
172.0,199.0,12.833333333333332,7.583333333333332,444.0,16.188779603399603,16.629471135472095,15.466666666666672,34.66151711899874,37.49411628514875,25.97893203378467,27.129754506099758,275.96875,125.26436302801298,77.05478617783902,32.0,46.0,62.0,4127.0,23110.0,135.53692169543564,16914.0,17260.0,690.0,6061.0,1240.0,83.20201777284491,42.43551165905525,2.463567834188637,1.4234914344106127,1.0
192.0,248.0,15.541666666666664,6.888888888888886,570.0,15.20004161246472,15.84136640904001,14.095238095238098,33.968562425124865,38.39006169152106,26.152288600549618,28.01498812707673,301.44986111111115,141.2570198986271,93.92629920351237,36.0,74.0,81.0,2494.0,8540.0,156.66237373737374,10252.0,10464.0,686.0,5208.0,1224.0,84.58230642100455,40.263065452182,2.697120862166282,1.875478961447879,0.0
128.0,152.0,8.138888888888888,5.8611111111111125,324.0,12.193733105501334,12.597811766613287,11.9,26.447970520140586,27.572572305673802,18.930122633957257,20.09025445189278,229.5625,92.08893644013871,55.33343682610068,20.0,20.0,45.0,1534.0,5931.0,91.5712592962593,6333.0,6503.0,379.0,2610.0,682.0,61.84276204378722,32.81858156703529,2.4448246752439924,1.6018835124777397,0.0
126.0,152.0,8.951388888888888,4.874999999999999,350.0,10.809367635193636,11.260624865755892,10.219047619047622,23.855225255123504,26.33417037949628,18.12881572988626,19.188854593888326,196.40849074074075,92.37586939685683,59.04772177610041,24.0,46.0,49.0,1247.0,4728.0,80.99469696969697,5197.0,5390.0,319.0,1748.0,555.0,58.50287625856129,28.404838746629338,2.629965296706661,1.5596000335303193,0.0
58.0,62.0,5.083333333333334,3.0833333333333335,140.0,6.219545352812841,6.207845437689332,5.966666666666667,12.53343112894384,13.51440633165593,9.411167754907478,9.535060859812749,94.75,42.28476360032304,24.895116529617816,12.0,16.0,19.0,280.0,815.0,32.468650793650795,1059.0,991.0,67.0,406.0,150.0,30.303804963689338,15.809801647036135,2.2417949731358338,2.1471259748697293,0.0
78.0,87.0,4.944444444444445,3.611111111111111,190.0,7.75402019542349,7.985957054463528,7.533333333333334,16.57041798447505,17.474366886035764,12.199154765133787,12.670124184351977,130.140625,56.3821689596451,33.202252318983085,12.0,16.0,26.0,485.0,1546.0,45.61309523809524,2008.0,2073.0,138.0,753.0,260.0,38.87826371848709,20.43598459616795,2.291364117549095,1.6811325153966705,0.0
86.0,96.0,5.444444444444445,4.138888888888889,206.0,8.770856947829097,8.999778153927474,8.566666666666666,18.610826190248506,19.433125433716448,13.572928212987003,14.058747770356376,149.53125,61.89898847007498,35.801184175848974,10.0,14.0,28.0,614.0,1843.0,55.258333333333326,2494.0,2519.0,218.0,884.0,330.0,43.44752224029747,23.158803861794567,2.3377473598309,1.9092831638919918,0.0
134.0,165.0,7.090277777777777,5.180555555555555,360.0,11.609027463715751,12.27798784091881,11.257142857142858,26.287870077013718,27.782678687919336,19.154343591764622,20.57658368049052,226.37824999999998,96.9043042130705,60.13202842516205,22.0,30.0,50.0,1164.0,3627.0,92.86468253968255,5009.0,5364.0,415.0,1947.0,649.0,61.64119918208651,31.681947787942697,2.6068179965706886,1.6399812661384074,0.0
98.0,108.0,6.194444444444445,4.944444444444445,230.0,10.292024997884274,10.510520919153112,10.100000000000001,21.62699751938594,22.40094724559599,15.625298871325349,16.143391466342727,174.765625,70.37521905142523,40.09517454597524,12.0,14.0,31.0,1046.0,3926.0,66.56522366522367,4290.0,4390.0,288.0,1370.0,450.0,50.285329441089644,27.304309516220556,2.2667594198487753,1.722074822852286,0.0
118.0,141.0,7.027777777777777,5.277777777777779,296.0,11.236382105218448,11.671156279936458,11.0,24.5738393347173,25.47316487933661,17.61336832750688,18.65109105612969,214.484375,84.57113573245337,50.1214653844532,10.0,14.0,41.0,1109.0,3588.0,83.37063492063493,4604.0,4752.0,358.0,1571.0,558.0,57.165311814937546,30.28876333214616,2.5298338352670577,1.7787054568764675,0.0
82.0,90.0,8.006944444444443,3.763888888888889,226.0,7.831517119608918,7.827017500080839,7.2666666666666675,15.896444273412634,18.304445777276094,12.63547051840758,12.826637159892346,116.64236111111111,61.177519406203984,39.063966899405685,22.0,46.0,31.0,560.0,1788.0,49.661904761904765,2115.0,1979.0,163.0,744.0,266.0,40.29462619872528,19.9339969060726,2.328311716816107,2.392571803360345,0.0
166.0,200.0,8.222222222222221,6.444444444444445,428.0,14.597356788324023,15.513155561246373,14.233333333333338,33.274810565165645,34.79403323369227,24.08671915792698,25.88719736740983,281.859375,119.50155519573352,72.88978601220471,22.0,28.0,60.0,2793.0,13856.0,118.32231698040522,12449.0,13857.0,525.0,4686.0,1054.0,77.00520059187815,39.79564544422906,2.4587712381071003,1.0845696628237353,1.0
140.0,171.0,7.9513888888888875,5.319444444444444,380.0,11.987018995787604,12.66373354433727,11.538095238095242,27.09812675840293,29.02231571683749,20.00109832332794,21.431912475672384,229.70587037037035,101.68426408818056,63.76911783681733,24.0,38.0,53.0,1548.0,6169.0,93.48965756465758,6731.0,7295.0,361.0,2321.0,674.0,64.21833748362901,32.292574848652045,2.6267299014732304,1.3512005350966274,1.0
140.0,158.0,8.888888888888888,6.222222222222222,348.0,13.50804039084698,13.971914108927056,13.06666666666667,29.140835968950086,30.94873377207152,21.569882405521376,22.511821243957744,228.28125,101.45062942030548,60.74765038847376,24.0,32.0,48.0,2666.0,14623.0,98.83139554374075,11224.0,11800.0,436.0,3832.0,852.0,68.61923073476538,35.71861729869397,2.330521913982042,1.246010405254503,0.0
136.0,173.0,8.152777777777777,4.826388888888889,394.0,10.893795616318004,11.546990411502613,10.36904761904762,24.931397469414087,27.2273705442369,18.56284868061957,20.102003173471964,221.23082870370374,99.42299167710989,64.60834507393696,26.0,48.0,55.0,1036.0,3258.0,88.95559163059164,4454.0,4757.0,294.0,2111.0,594.0,60.05538361133978,29.74807900225836,2.634086299723765,1.627071958683572,1.0
198.0,236.0,14.00694444444444,7.958333333333334,536.0,17.49090818554569,18.16865131014723,16.61904761904762,38.332076849156444,41.921996351591964,28.942266503348343,30.528565039239673,312.7053657407407,144.70921346574235,91.192051702457,36.0,64.0,75.0,4573.0,23038.0,159.79911836529485,19083.0,19839.0,925.0,6557.0,1497.0,93.0217456388021,46.085798094431055,2.576704372469254,1.3953952866085577,1.0
42.0,46.0,4.083333333333334,2.0277777777777777,108.0,4.198377302757663,4.197102672463695,3.933333333333333,8.5172597998064,9.546584519776387,6.6516903153825835,6.743310382639851,61.515625,30.98010589422657,19.186912597118447,10.0,16.0,15.0,84.0,160.0,19.53333333333333,315.0,291.0,27.0,144.0,66.0,21.185691438717157,10.792280186226478,2.2458267799378655,2.34622717382778,1.0
76.0,86.0,4.784722222222222,3.3333333333333335,200.0,7.2019072626078,7.421847543855284,6.933333333333333,15.422470562350213,16.63452466851642,11.532488098467121,12.02122725016922,118.75,55.605866990668176,34.07866392491124,16.0,28.0,27.0,391.0,1165.0,42.24722222222222,1595.0,1611.0,111.0,549.0,213.0,36.921218929371456,19.060070856788755,2.4205231021592137,1.7754995196745522,0.0
66.0,72.0,5.583333333333333,3.6944444444444438,156.0,7.274386907679233,7.246230401842863,7.066666666666667,14.630418869628194,15.39974523889684,10.675551403019513,10.861417821875165,118.765625,47.652497578802134,27.315902801610406,10.0,12.0,21.0,402.0,1191.0,40.387301587301586,1539.0,1461.0,131.0,510.0,204.0,34.88240226064168,18.770019639932542,2.241153882435524,2.273417379081851,1.0
28.0,26.0,4.5625,1.625,84.0,3.0606601717798214,2.827239346153363,2.6999999999999997,5.2856180831641275,6.871320343559642,4.719396554912959,4.42474363902835,31.111111111111107,21.905947934098542,14.576491222541476,12.0,32.0,11.0,46.0,84.0,12.083333333333334,142.0,106.0,24.0,46.0,30.0,15.103441111348037,6.720566232730448,2.1010029896154587,3.154490065368808,0.0
86.0,100.0,8.777777777777777,4.222222222222222,228.0,8.417121317771068,8.379223563698316,7.900000000000001,17.094520484765948,19.018547392413847,13.072670487464345,13.42029736439952,137.828125,63.13003534422182,39.55854348872969,18.0,28.0,32.0,609.0,1857.0,55.58809523809524,2276.0,2104.0,192.0,830.0,300.0,42.615873400030246,22.101133454129023,2.409390843306691,2.6480179078544253,0.0
266.0,332.0,13.222222222222216,9.861111111111107,706.0,22.354906943597648,23.919799477800044,21.766666666666662,51.86482122902037,54.23501992490841,37.26717676953362,40.587140488070474,459.75,191.3357180739408,118.81996039254558,34.0,42.0,100.0,7305.0,37603.0,236.42336070791953,32692.0,36502.0,1486.0,13098.0,2536.0,120.24968156987167,61.750028072538676,2.6070602389601927,1.055377914621769,1.0
68.0,88.0,2.8958333333333335,2.25,194.0,5.315515146567617,5.764388587527388,5.1571428571428575,12.64800533851199,13.404813270203482,9.166478107567077,10.078959792435578,115.84237037037036,49.24169465264016,31.475702378509993,12.0,18.0,27.0,139.0,277.0,27.999999999999996,626.0,700.0,72.0,139.0,108.0,33.638176195565585,15.203358263766306,2.601679131883154,1.820792880013236,1.0
550.0,662.0,39.340277777777786,21.624999999999993,1492.0,47.656161092579524,49.66593770587441,45.152380952380916,105.30634548317595,115.30211290328664,79.46205592090764,84.30015883973297,859.7366157407406,401.84256432023017,255.41746884338815,108.0,168.0,211.0,52810.0,368869.0,750.5466732935033,223634.0,236408.0,7482.0,128372.0,11864.0,254.0411094324493,126.95384511608363,2.5103667497993865,1.1188909669711782,0.0
136.0,159.0,12.354166666666664,5.041666666666666,412.0,11.232017366004005,11.475090513382506,10.190476190476193,23.90266108477621,28.545495244901463,19.56875587710014,20.24882625126489,181.35683796296303,102.40517151937576,68.94511582804364,40.0,94.0,57.0,1486.0,5633.0,93.26688311688312,5818.0,5648.0,350.0,2380.0,636.0,61.835675675972055,28.41055415042066,2.5416446743542136,2.0933832283279505,0.0
154.0,198.0,10.215277777777777,5.437499999999999,460.0,12.170504622625405,12.811600845102527,11.459523809523812,27.566652829030886,30.663159995861683,20.84852900510211,22.486176226230086,245.66694907407413,113.22309358865735,74.76814465083653,34.0,64.0,64.0,1425.0,4757.0,107.40963203463204,6015.0,6302.0,397.0,2759.0,753.0,67.59837942270579,33.006887264415816,2.67061688750655,1.6765695570219428,0.0
154.0,198.0,10.215277777777777,5.437499999999999,460.0,12.170504622625405,12.811600845102527,11.459523809523812,27.566652829030886,30.663159995861683,20.84852900510211,22.486176226230086,245.66694907407413,113.22309358865735,74.76814465083653,34.0,64.0,64.0,1425.0,4757.0,107.40963203463204,6015.0,6302.0,397.0,2759.0,753.0,67.59837942270579,33.006887264415816,2.67061688750655,1.6765695570219428,0.0
90.0,103.0,8.506944444444443,4.444444444444444,242.0,8.929087446058485,8.896586538861234,8.438095238095238,18.075930910634206,20.075171719439783,13.807986459065374,14.100919669815164,146.52936574074073,66.23255936545965,41.11279179016528,20.0,36.0,33.0,728.0,2377.0,59.550000000000004,2737.0,2549.0,219.0,962.0,336.0,44.90550914411969,22.78513335451732,2.4096289463850185,2.6086742382081716,0.0
136.0,172.0,8.152777777777779,4.75,394.0,10.859844450845582,11.525235299355806,10.309523809523812,24.88103474586676,27.29183965230204,18.66302438443533,20.158814084273363,216.33361574074075,99.56335690579414,64.77743986592196,28.0,50.0,55.0,1052.0,3379.0,88.55761183261183,4524.0,4833.0,288.0,2117.0,594.0,60.04233400985767,29.528118959638004,2.618252200712491,1.603046386308794,0.0
92.0,103.0,6.3055555555555545,4.305555555555555,226.0,9.164703797946448,9.394205344927391,8.866666666666667,19.436443388259484,20.629067424415016,14.389424793914728,14.900834327652795,152.90625,66.61551443167896,39.44489300610236,14.0,20.0,31.0,792.0,2849.0,58.37626262626263,3214.0,3234.0,208.0,1160.0,366.0,45.94135606070074,24.31653531211759,2.3730877821242005,1.7146377295273996,0.0
224.0,283.0,13.27083333333333,7.854166666666667,644.0,17.975836413065146,19.089490615804195,17.092857142857145,41.2144658748106,45.056245983957965,30.845483197636483,33.31602629044674,358.58882407407407,163.76364329533868,106.14854255469288,44.0,78.0,90.0,4759.0,24732.0,176.6319347104564,20823.0,22712.0,869.0,9044.0,1721.0,99.08584247080273,49.51423417034869,2.6746878758880843,1.138043216343118,0.0
180.0,216.0,11.944444444444441,7.583333333333333,470.0,16.332937555743037,16.98435268055335,15.733333333333338,35.89247945589866,38.22475465401042,26.345938871929217,27.967784286457984,303.390625,130.29824647106986,80.30399957457782,28.0,38.0,66.0,3745.0,18848.0,141.52494890730185,15767.0,16547.0,761.0,5053.0,1233.0,85.1575270546717,43.745053555998936,2.5294221463567874,1.3377753354011501,0.0
88.0,105.0,7.027777777777777,3.805555555555556,234.0,8.040912557858759,8.249086890008648,7.633333333333334,17.265481936512717,18.82380740841443,12.963280687723167,13.61754376445138,142.453125,64.16566810676385,40.208825028602575,16.0,24.0,33.0,515.0,1519.0,52.22579365079365,2048.0,2016.0,154.0,626.0,260.0,42.02465539164689,21.174967846278047,2.4570543966201455,1.9560405388479314,0.0
88.0,94.0,7.444444444444445,4.833333333333332,208.0,9.651397005390978,9.626836493378834,9.333333333333334,19.41562786186572,20.636928681914725,14.360915223213313,14.557521480286466,150.75,63.82276677845337,36.84596114923647,16.0,20.0,28.0,1076.0,4753.0,58.04799922299922,4142.0,3965.0,202.0,1155.0,355.0,46.56852791565012,24.401514936550004,2.2781432122298355,1.99189573982984,1.0
138.0,157.0,5.916666666666666,6.027777777777779,330.0,13.365305980755144,14.063665818463194,13.233333333333338,29.676734353812336,30.32993161855451,21.172763321076545,22.402431444216568,243.390625,98.70101371624361,56.990291075593035,16.0,16.0,45.0,2385.0,12525.0,94.59717863835512,10532.0,11621.0,394.0,3294.0,794.0,67.51372088619259,36.029309108813294,2.379886149485428,1.0578542942490903,1.0
132.0,161.0,6.999999999999998,5.277777777777778,342.0,11.685871848001627,12.354437852936208,11.400000000000002,26.452614717396916,27.59688923629455,19.027581889879976,20.470243946832404,230.484375,94.8907348862526,57.881018999959586,16.0,20.0,48.0,1170.0,3667.0,92.58531746031747,5046.0,5417.0,358.0,1987.0,629.0,61.37152397053204,31.732636735666617,2.522235464221316,1.6118493599736787,1.0
20.0,16.0,4.0625,1.0,68.0,2.0,1.7888543819998317,1.6,3.2,5.0,3.4641016151377544,3.0983866769659336,9.48148148148148,16.492422502470642,12.0,12.0,36.0,9.0,16.0,22.0,7.0,44.0,28.0,12.0,16.0,12.0,10.524391382167263,4.0,2.0,3.0237157840738176,1.0
24.0,22.0,4.3125,1.375,76.0,2.560660171779821,2.3272393461533625,2.1999999999999997,4.285618083164127,5.871320343559642,4.012289773726411,3.717636857841802,23.11111111111111,19.077520809352354,13.16227766016838,12.0,32.0,10.0,28.0,44.0,9.5,82.0,57.0,18.0,28.0,20.0,12.823409519949186,5.818625822352818,2.074313293051943,3.1684898726705697,1.0
16.0,14.0,3.361111111111111,1.3333333333333333,38.0,2.2700556100296625,2.0245638646895836,2.0666666666666664,3.654655746264212,4.390681974697982,3.047206724228547,2.766160500804204,22.75,12.166174573300538,7.23606797749979,6.0,10.0,5.0,18.0,28.0,6.666666666666666,52.0,36.0,10.0,18.0,12.0,10.118119614388574,5.226251859505507,1.8477590650225741,2.5395388613593903,1.0
24.0,22.0,4.3125,1.375,76.0,2.560660171779821,2.3272393461533625,2.1999999999999997,4.285618083164127,5.871320343559642,4.012289773726411,3.717636857841802,23.11111111111111,19.077520809352354,13.16227766016838,12.0,32.0,10.0,28.0,44.0,9.5,82.0,57.0,18.0,28.0,20.0,12.823409519949186,5.818625822352818,2.0743132930519423,3.168489872670569,1.0
104.0,128.0,6.638888888888888,4.194444444444445,276.0,9.1302289553358,9.565583470936375,8.8,20.399456532728276,21.669106870035183,14.89433100250187,15.957643707493375,177.859375,75.14552607032643,46.69410640284116,14.0,20.0,39.0,657.0,1939.0,63.94603174603175,2758.0,2873.0,206.0,955.0,359.0,48.34496741076083,24.631339275232346,2.5113951009783952,1.727575066776573,1.0
156.0,193.0,9.92361111111111,6.138888888888888,428.0,13.39119585702863,14.03449746652665,12.852380952380955,29.957014667425064,32.17331253493546,22.0222677656267,23.635131432347176,261.4443703703704,113.33669322170046,71.57505761826052,26.0,42.0,60.0,1920.0,7362.0,114.02503607503607,8104.0,8500.0,470.0,2861.0,812.0,71.48806280362372,36.25061442753816,2.5430306878383204,1.5145370980653905,0.0
148.0,181.0,9.42361111111111,5.388888888888888,412.0,12.269875513468987,12.957727538219588,11.652380952380955,27.785778501096814,30.43067184781617,20.92589144844939,22.396631070595436,234.18511111111115,108.16649660793703,69.25050229792377,26.0,50.0,58.0,1538.0,5510.0,103.19704184704185,6544.0,6922.0,394.0,2355.0,700.0,66.88886125423123,32.77610309103219,2.541136979163533,1.5359734021,0.0
102.0,117.0,5.055555555555555,4.472222222222221,248.0,9.826499840494922,10.288632535927308,9.666666666666668,21.66398437491715,22.360907799975827,15.584858756805467,16.450027666135764,178.15625,73.15891591176253,42.74545608584812,12.0,14.0,34.0,914.0,3456.0,64.00497835497836,3956.0,4275.0,212.0,1390.0,423.0,49.823841004574994,26.6362516426061,2.3460959368934566,1.39819031173144,1.0
314.0,380.0,24.72916666666666,12.888888888888888,858.0,27.73088402762653,28.592194660403166,26.185714285714273,60.171515360607074,66.22686299288418,45.586470785992944,48.04243197948241,498.0068703703704,229.63496082337957,145.93916368983304,56.0,98.0,121.0,13890.0,78198.0,331.3250775067726,57579.0,59507.0,1947.0,29430.0,3747.0,146.6967430954355,73.90718723457539,2.6393453834319813,1.4791991198622982,0.0
46.0,51.0,4.333333333333334,2.3055555555555554,116.0,4.715214055163271,4.710923771927642,4.466666666666667,9.55766800557986,10.505343067457071,7.3183569820492504,7.424827187457706,72.90625,33.66849827991026,20.371630891611247,8.0,14.0,16.0,114.0,231.0,22.9,428.0,396.0,48.0,180.0,84.0,23.475339554123405,11.945821561028195,2.2671838628845014,2.3960449098608665,0.0
124.0,153.0,6.5,4.777777777777778,326.0,10.685871848001627,11.354437852936206,10.4,24.452614717396923,25.596889236294558,17.61336832750688,19.056030384459305,214.484375,89.23388063676016,55.052591875213395,16.0,20.0,46.0,1081.0,3869.0,76.86237373737374,4798.0,5293.0,312.0,1572.0,536.0,58.348710871038705,29.211723252296746,2.629965583107516,1.3414796579873698,0.0
174.0,221.0,10.076388888888888,5.9375,510.0,13.683924628611804,14.567209874831315,12.973809523809528,31.52513164712641,34.68001991341789,23.689036863810227,25.660071765023456,272.8475787037037,127.61555050684562,83.60956619058177,38.0,68.0,71.0,1905.0,6609.0,125.97828282828284,8258.0,8901.0,528.0,3654.0,955.0,76.24164224234147,37.06360272698565,2.680376104733778,1.5031962883073875,0.0
150.0,193.0,7.604166666666666,4.770833333333333,446.0,11.350920189739027,12.25071329390359,10.807142857142862,26.815820154597994,29.398655964021916,20.033781004108565,21.90575825960836,240.08831944444444,109.88570378122645,72.22708847761854,30.0,60.0,62.0,1151.0,3687.0,96.3015873015873,5181.0,5808.0,315.0,2361.0,659.0,64.39144352354056,31.224357758799496,2.6444844020285325,1.4546533305783214,0.0
144.0,165.0,9.590277777777777,6.097222222222222,378.0,13.348173775453851,13.81091327690019,12.78571428571429,28.867975234018694,31.30319419807497,21.71672029415733,22.69176862918596,227.47099074074077,105.19004513997996,64.80727539160674,28.0,48.0,52.0,2428.0,12034.0,102.68973665223666,10148.0,10584.0,448.0,3628.0,852.0,69.07585410599035,35.289886274983765,2.380529705492212,1.3766367263332726,0.0
194.0,229.0,10.423611111111109,7.791666666666666,506.0,17.415453901946535,18.324512530291607,16.885714285714293,38.89839410364688,41.2029394369718,28.538900546048318,30.360965392494705,317.495875,140.5831860483078,86.2050928264346,34.0,48.0,70.0,4692.0,26511.0,150.62574839161528,20342.0,22012.0,810.0,6879.0,1452.0,91.19942445576781,47.00087483379328,2.5079027220553542,1.0879479154445006,0.0
130.0,162.0,7.291666666666666,4.513888888888888,374.0,10.422287394784949,11.094484421846536,9.923809523809526,23.947870962166867,26.208057040780417,17.948577474846136,19.38114971759978,203.74399074074074,95.23612578897006,61.74180710337997,28.0,50.0,52.0,928.0,2882.0,82.9504329004329,4038.0,4371.0,262.0,2094.0,570.0,57.42730543382739,28.359440353675797,2.591128598867015,1.596878011552549,0.0
126.0,160.0,7.041666666666666,4.305555555555555,366.0,9.949160848322624,10.616987008891943,9.476190476190478,23.01500934208232,25.137139113922785,17.179861136840945,18.635210722159087,201.56799074074075,92.15843855850649,59.94901274117579,26.0,46.0,51.0,802.0,2370.0,78.10992063492063,3504.0,3807.0,234.0,1683.0,498.0,55.25896020616459,27.395456184271872,2.609083444288162,1.6231329398900707,0.0
186.0,239.0,14.680555555555554,6.666666666666663,550.0,14.772521257536154,15.4192970191122,13.728571428571433,33.06212881556697,37.27660260546113,25.416672248661655,27.224081522517693,291.29361111111115,136.82056341514814,90.74158090901958,36.0,72.0,78.0,2350.0,8109.0,148.20761183261183,9702.0,9947.0,634.0,4919.0,1154.0,82.06732923811259,38.989563101943716,2.6761857399811992,1.819772496347247,0.0
24.0,23.0,3.861111111111111,1.9166666666666667,54.0,3.308060412490447,3.049127729379167,3.133333333333333,5.7112352811751075,6.317262334258209,4.352030486860464,4.118107439235313,43.375,17.67394329084213,9.886349517372675,6.0,8.0,7.0,50.0,99.0,11.616666666666667,158.0,122.0,22.0,50.0,30.0,14.687112840672746,7.878462024097665,1.969615506024416,2.8318199660707846,1.0
20.0,19.0,3.611111111111111,1.6666666666666667,46.0,2.808060412490447,2.5491277293791677,2.6333333333333333,4.7112352811751075,5.317262334258209,3.644923705673916,3.4110006580487657,35.375,14.845516166095939,8.47213595499958,6.0,8.0,6.0,31.0,54.0,9.083333333333332,94.0,69.0,16.0,31.0,20.0,12.407305943380177,6.898979485566356,1.9318516525781362,2.7541847860376616,1.0
134.0,164.0,7.611111111111109,5.138888888888889,354.0,11.558550648063802,12.238122278710486,11.16666666666667,26.262060586270458,27.825009415113577,19.20592137484245,20.641900370515568,224.625,96.78788451599868,60.05916458483288,18.0,26.0,50.0,1138.0,3449.0,93.67698412698411,4907.0,5267.0,363.0,1936.0,628.0,61.5851430361782,31.280607628526774,2.5364482586206996,1.654579316768861,1.0
88.0,106.0,7.027777777777777,3.7777777777777777,234.0,8.036581260209188,8.252165224246959,7.633333333333334,17.289718813148735,18.814744144215574,12.991790258424585,13.62863043565598,144.609375,64.03468416058963,39.92798007771528,12.0,22.0,33.0,478.0,1286.0,53.54047619047619,1909.0,1889.0,173.0,662.0,277.0,41.954562466458206,20.96207731204253,2.500353985013221,2.1111573316878984,1.0
86.0,91.0,7.8055555555555545,4.333333333333332,212.0,8.96923425058676,8.972135954999581,8.500000000000002,18.128085990054906,19.979709953492836,13.9819778412503,14.10992772309376,128.875,63.18060955446654,38.017534024490274,20.0,30.0,29.0,890.0,3650.0,55.104301254301255,3409.0,3245.0,181.0,1142.0,336.0,44.397204904227365,22.728326604703337,2.251777852841406,2.0858360613237292,0.0
24.0,24.0,1.5,1.5,48.0,3.0,3.0,3.0,6.0,6.0,4.242640687119286,4.242640687119286,48.0,16.970562748477143,8.485281374238571,0.0,0.0,6.0,27.0,42.0,10.0,108.0,108.0,0.0,54.0,24.0,13.696713921428238,8.0,2.0,2.0,1.0
148.0,181.0,9.423611111111107,5.402777777777778,412.0,12.27667556474253,12.962867150102076,11.66666666666667,27.79945653272827,30.419106870035176,20.906620776228277,22.384283332112197,235.14236111111111,108.13568723552946,69.1700925619943,24.0,50.0,58.0,1443.0,4761.0,105.2579365079365,6099.0,6393.0,415.0,2198.0,700.0,66.89011686161251,32.48389945309528,2.5813520816176063,1.6505074130425943,1.0
134.0,154.0,8.479166666666666,5.6944444444444455,350.0,12.46014554224993,12.916486085900273,11.985714285714288,27.03098837848748,29.09323364369513,20.184028223706232,21.142575290703,213.70999537037036,97.69088350677865,59.90505794952915,26.0,42.0,48.0,2035.0,9946.0,91.64441849000673,8580.0,9030.0,380.0,3058.0,738.0,64.30361473139693,33.29228497038045,2.4144486176301743,1.324454741194201,1.0
142.0,168.0,10.402777777777779,5.388888888888888,404.0,12.087353528756823,12.558160735337184,11.338095238095242,26.483879217912186,29.8403922898202,20.53647172231516,21.566892251782257,214.1983472222223,104.92908780165978,67.72706336889581,30.0,68.0,56.0,1491.0,4984.0,102.0436507936508,6108.0,6220.0,444.0,2536.0,736.0,65.19977056620516,32.106988863347404,2.5198076778403533,1.8601563787420359,1.0
146.0,180.0,9.33333333333333,5.527777777777777,394.0,12.379917853109724,13.054618859638213,11.83333333333334,27.99411139383934,30.134410491872085,20.758034307658143,22.274893532371017,238.15625,105.94086696108165,66.88759170957908,22.0,34.0,56.0,1484.0,5100.0,104.2965367965368,6298.0,6643.0,394.0,3098.0,782.0,66.52317382773462,33.465822016594636,2.5785233443199873,1.6051864186457285,1.0
148.0,176.0,7.999999999999998,6.194444444444445,374.0,13.647867045540842,14.329873988246623,13.333333333333336,30.39603518248602,31.670308876734325,21.965398814367337,23.360937695520576,257.859375,106.35352891718811,63.71601883432527,16.0,22.0,52.0,2025.0,8110.0,110.07935120435121,8737.0,9407.0,475.0,3009.0,841.0,70.47145042663612,37.001170777147706,2.464141631553393,1.420789020122219,1.0
150.0,191.0,9.513888888888888,5.652777777777778,430.0,12.369193027609146,12.996432418662783,11.80952380952381,27.889257767726217,30.244440893801166,20.5849859908772,22.239401003321518,249.35387037037037,109.40428802801276,70.58999906596324,30.0,48.0,60.0,1436.0,4804.0,106.4762987012987,6061.0,6350.0,399.0,2758.0,753.0,67.1364323298261,33.68532315762735,2.64713272342988,1.66610223466881,0.0
118.0,136.0,7.027777777777777,5.083333333333333,296.0,11.131030293135234,11.591308017391087,10.8,24.355626976712564,25.71155032905364,17.884518585327584,18.81571758554645,196.296875,85.28036022065419,51.21759204084769,18.0,24.0,41.0,1261.0,4750.0,79.6073593073593,5336.0,5632.0,332.0,1804.0,558.0,57.0999238941834,29.798965958608974,2.3655620420150623,1.5169742866900247,1.0
144.0,170.0,7.75,5.888888888888889,366.0,13.114193540729627,13.80223178931873,12.766666666666667,29.315218770939108,30.752791781372952,21.33917226222055,22.705010867071408,243.078125,103.80517127056692,62.76079580771274,20.0,26.0,51.0,1839.0,7124.0,103.6825036075036,7943.0,8555.0,489.0,2886.0,815.0,68.18931360440037,35.536341795053204,2.455911389625381,1.4121100446544155,1.0
130.0,149.0,8.229166666666664,5.388888888888889,342.0,11.931671556017463,12.402664986436326,11.452380952380954,26.01331948775448,28.16251222337698,19.535538973713223,20.46105848588514,207.0913611111111,94.9109082147973,58.40892975393858,24.0,44.0,47.0,1643.0,6852.0,89.16150238650239,6892.0,7206.0,382.0,2342.0,658.0,62.09533931270124,31.563300266291193,2.371501189563782,1.4785503870054721,1.0
140.0,166.0,7.5,5.638888888888889,358.0,12.614193540729627,13.30223178931873,12.266666666666667,28.315218770939108,29.752791781372952,20.632065481034005,21.99790408588486,235.078125,100.97674414582073,61.34658224533965,20.0,26.0,50.0,1668.0,6365.0,98.11536796536797,7233.0,7819.0,437.0,2432.0,729.0,65.99454443210158,34.073605825929384,2.466903107798215,1.3987680842870498,1.0
70.0,86.0,5.416666666666666,2.8333333333333335,190.0,6.12589765768623,6.343916933783095,5.8,13.423693409364297,14.660043605836321,10.094413448457095,10.690813511168608,113.84375,50.97291156380958,32.271125828222914,10.0,18.0,27.0,211.0,444.0,36.833333333333336,852.0,849.0,72.0,352.0,154.0,32.60418692047152,16.64237804774791,2.4763465753798015,2.185263881314352,0.0
58.0,68.0,3.6944444444444446,2.3888888888888884,150.0,5.270856947829097,5.499778153927474,5.066666666666668,11.610826190248506,12.43312543371645,8.623180744681168,9.109000302050543,93.53125,42.09999859685164,25.90168923923731,10.0,14.0,21.0,138.0,277.0,28.066666666666663,574.0,591.0,44.0,238.0,106.0,27.577091047326206,13.878162757652456,2.396777257254042,2.040436759827298,0.0
104.0,116.0,7.506944444444444,4.624999999999999,272.0,9.971163677742108,10.20556231397263,9.51904761904762,21.082766241781172,23.066010755057086,16.031356473963545,16.546175227991487,161.31474074074072,76.29185387897085,46.79193566974212,22.0,40.0,37.0,1014.0,3768.0,68.55609668109668,4141.0,4219.0,259.0,1323.0,427.0,50.91959413818411,25.71325442753277,2.363862196891932,1.777892729958491,0.0
84.0,92.0,7.645833333333332,4.125,222.0,8.453525587537065,8.441271796662381,7.9857142857142875,17.08618759202342,19.064808748357937,13.202929349217353,13.385521927083571,129.31474074074072,62.05441378058633,38.25530461249657,20.0,38.0,30.0,685.0,2397.0,53.13658008658008,2614.0,2476.0,194.0,853.0,300.0,42.371885629333846,21.18318977722078,2.3587803015204774,2.3307126609033597,0.0
168.0,221.0,12.027777777777775,5.819444444444443,518.0,12.96323339420858,13.590765501322583,12.080952380952384,29.249151725568105,33.04854703078446,22.393977759726,24.142213735171342,267.24203240740746,123.98503794541547,83.22461039434975,40.0,76.0,72.0,1670.0,5555.0,122.1433621933622,6968.0,7214.0,486.0,3180.0,868.0,72.88684851176106,35.27529318025627,2.723892353287572,1.7687957566101882,0.0
102.0,121.0,6.027777777777777,4.111111111111111,264.0,9.147867045540842,9.605129116855034,8.833333333333334,20.396035182486024,21.670308876734328,15.015651346061516,15.96170048443157,167.6875,73.82661698260694,45.33124252347503,16.0,22.0,37.0,670.0,2025.0,63.363095238095234,2853.0,3025.0,195.0,1292.0,400.0,47.91238598519506,24.37909692205593,2.456899812555786,1.676713941867793,0.0
110.0,130.0,9.791666666666666,4.041666666666667,330.0,9.02069250059882,9.255485253873404,8.204761904761906,19.378943169949853,22.939832812198873,15.72746545993356,16.372775207625377,147.79672685185184,82.54127805319881,55.51113742783345,32.0,70.0,46.0,738.0,2189.0,69.21785714285716,2892.0,2803.0,216.0,1308.0,406.0,49.777410436661086,22.842360850282315,2.5175830542164257,2.1933953787255596,0.0
378.0,432.0,39.666666666666664,17.33333333333333,1020.0,35.85051785439035,35.80634039174011,33.09999999999999,73.09393985560494,83.60001519434697,57.91494991909208,59.071272040433875,542.578125,279.98384782619746,179.06260107966492,90.0,156.0,144.0,31926.0,227961.0,460.74746870776283,124548.0,121350.0,3228.0,59286.0,5970.0,185.05212515436676,90.7910620680217,2.3658417044088815,3.822639451304981,0.0
160.0,187.0,12.951388888888888,7.888888888888891,416.0,15.842432787502405,15.98387738632141,15.238095238095239,32.87416459634839,35.21875965215506,24.16570061688909,25.118850467230693,276.55425,116.32213090793265,70.80459959511943,32.0,42.0,57.0,3698.0,19459.0,129.58475299210593,14754.0,14682.0,720.0,4706.0,1110.0,79.2559862582659,41.74235718622523,2.453834535564891,1.8351938399806944,0.0
120.0,142.0,7.6388888888888875,5.083333333333332,308.0,11.07538740046941,11.527198506782844,10.700000000000001,24.30246879204392,25.783767962794265,17.872588041509122,18.873927432550243,201.84375,86.74835484032447,52.75860150508712,16.0,24.0,43.0,1092.0,3477.0,84.08452380952382,4563.0,4745.0,363.0,1828.0,580.0,57.26465879769728,29.44722843166943,2.4820652167914665,1.7782147277040985,0.0
16.0,14.0,3.361111111111111,1.3333333333333333,38.0,2.270055610029662,2.0245638646895836,2.0666666666666664,3.6546557462642113,4.390681974697982,3.0472067242285474,2.766160500804204,22.75,12.16617457330054,7.23606797749979,6.0,10.0,5.0,18.0,28.0,6.666666666666666,52.0,36.0,10.0,18.0,12.0,10.118119614388581,5.226251859505506,1.8477590650225744,2.5395388613593908,1.0
12.0,12.0,0.75,0.75,24.0,1.5,1.5,1.5,3.0,3.0,2.121320343559643,2.121320343559643,24.0,8.485281374238571,4.242640687119286,0.0,0.0,3.0,3.0,3.0,3.0,12.0,12.0,0.0,3.0,0.0,8.124814981273532,4.0,1.9999999999999998,2.25,1.0
98.0,116.0,4.805555555555555,4.361111111111112,240.0,9.398178147766922,9.840838599544785,9.299999999999999,20.80138032137496,21.20500525489743,14.68748194683798,15.629474308269845,181.5625,69.90133377694056,40.69410640284113,8.0,8.0,33.0,638.0,1787.0,63.88809523809523,2708.0,2857.0,204.0,1077.0,368.0,47.47840603572237,25.484495736103522,2.4470463049464457,1.7706735238250753,1.0
6.0,4.0,2.25,1.0,10.0,1.414213562373095,1.1547005383792517,1.3333333333333333,1.885618083164127,2.1213203435596424,1.4142135623730951,1.1547005383792517,16.0,4.47213595499958,2.0,2.0,2.0,1.0,4.0,5.0,2.5,10.0,6.0,2.0,4.0,2.0,5.356367113217143,2.8284271247461907,1.4142135623730954,1.6329931618554523,1.0
14.0,12.0,2.75,1.5,26.0,2.414213562373095,2.1547005383792515,2.333333333333333,3.885618083164127,4.121320343559642,2.8284271247461903,2.568914100752347,32.0,10.12899020449196,4.82842712474619,2.0,2.0,3.0,20.0,35.0,6.416666666666666,60.0,44.0,8.0,20.0,12.0,9.915316149982342,5.464101615137754,1.7320508075688772,2.19060968716425,1.0
14.0,12.0,2.75,1.5,26.0,2.414213562373095,2.1547005383792515,2.333333333333333,3.885618083164127,4.121320343559642,2.8284271247461903,2.568914100752347,32.0,10.12899020449196,4.82842712474619,2.0,2.0,3.0,20.0,35.0,6.416666666666666,60.0,44.0,8.0,20.0,12.0,9.915316149982342,5.464101615137754,1.7320508075688772,2.19060968716425,1.0
44.0,46.0,6.534722222222221,2.208333333333333,132.0,4.359877892410453,4.127853549972964,3.819047619047619,7.976449872443876,10.210446022538331,7.057747918020779,6.813867968126884,48.06474074074074,33.97300912237241,23.00389691313216,18.0,40.0,18.0,120.0,254.0,21.966666666666665,390.0,309.0,58.0,120.0,72.0,22.388950545149555,9.972043492346657,2.261616134863907,3.8655589302387363,1.0
140.0,166.0,7.5,5.638888888888889,358.0,12.614193540729627,13.30223178931873,12.266666666666667,28.315218770939108,29.752791781372952,20.632065481034005,21.99790408588486,235.078125,100.97674414582073,61.34658224533965,20.0,26.0,50.0,1668.0,6365.0,98.11536796536797,7233.0,7819.0,437.0,2432.0,729.0,65.99454443210158,34.073605825929384,2.466903107798215,1.3987680842870498,0.0
132.0,152.0,8.840277777777779,5.333333333333332,354.0,11.83813707432178,12.30223178931873,11.26666666666667,25.841245059876698,28.33287067261329,19.61656939289646,20.58369052351177,201.03761574074076,96.81398913239624,60.71372023643826,28.0,50.0,49.0,1541.0,5903.0,90.95743145743145,6442.0,6714.0,402.0,2224.0,658.0,62.30959143369298,31.133478700433084,2.4175509302652505,1.5840629114692086,1.0
190.0,220.0,11.562499999999996,8.166666666666668,488.0,17.841373724180315,18.53051853640929,17.271428571428576,38.854297202387215,41.314759175855954,28.68573843468427,30.103353578758203,316.68561574074073,137.74776644696882,83.27246143838644,30.0,48.0,67.0,5490.0,34482.0,150.7249546463169,23250.0,24568.0,842.0,7878.0,1536.0,91.5706518251503,48.04277828294863,2.3888831701470488,1.135679541244058,0.0
134.0,152.0,8.027777777777777,6.083333333333334,328.0,13.131030293135234,13.591308017391087,12.8,28.355626976712564,29.711550329053637,20.712945710073768,21.64414471029264,228.296875,96.59406871963894,56.87444629034006,18.0,24.0,45.0,2068.0,9281.0,98.41653624153625,8561.0,8819.0,471.0,3070.0,794.0,66.13667106177559,35.11325719538487,2.411141034622977,1.492978745080837,0.0
134.0,164.0,7.611111111111111,5.1388888888888875,354.0,11.558550648063802,12.238122278710486,11.16666666666667,26.26206058627046,27.825009415113577,19.20592137484245,20.64190037051556,224.625,96.78788451599864,60.05916458483288,18.0,26.0,50.0,1234.0,4135.0,90.5869769119769,5330.0,5728.0,346.0,2237.0,652.0,62.88920953622017,31.590244106241876,2.5411847722876524,1.5315391421412612,0.0
60.0,69.0,5.694444444444445,3.166666666666667,152.0,6.2019072626078,6.168299791770672,5.933333333333334,12.53685247918609,13.513204324956778,9.289847411347834,9.531004082874555,104.921875,43.60367268804253,26.257980408983922,10.0,14.0,21.0,240.0,575.0,34.19285714285714,891.0,815.0,87.0,358.0,150.0,30.55830473647137,15.946626172920858,2.3564803671312524,2.546738523192831,0.0
68.0,77.0,6.194444444444444,3.6666666666666665,168.0,7.2019072626078,7.168299791770673,6.933333333333334,14.53685247918609,15.513204324956778,10.70406097372093,10.94521764524765,120.921875,49.26052693753491,29.086407533730114,10.0,14.0,23.0,388.0,1122.0,41.26111111111111,1457.0,1353.0,121.0,538.0,204.0,35.11747844100037,18.519738850032077,2.358158705099029,2.4093123441285513,0.0
150.0,187.0,7.22222222222222,5.583333333333334,396.0,12.669035095596021,13.56536162486385,12.36666666666667,29.41220651162346,30.638130688613863,21.06802200439985,22.94532366598427,261.265625,107.75869168667295,66.59579564207844,18.0,22.0,56.0,1517.0,5326.0,104.18023088023088,6745.0,7458.0,381.0,3019.0,778.0,67.92340581938367,35.09519547077906,2.5647599673957093,1.3741734413691828,0.0
96.0,113.0,7.527777777777777,4.361111111111111,250.0,9.062080607913938,9.259829655234284,8.666666666666668,19.281653265650153,20.791629220293974,14.308544564874968,14.99508067925118,159.6875,69.81347156336794,43.08860183635575,18.0,24.0,35.0,701.0,2197.0,61.236111111111114,2781.0,2735.0,205.0,989.0,349.0,46.4966033835788,23.747936978968372,2.438920050140194,1.9810785693113158,0.0
120.0,141.0,7.6388888888888875,5.0555555555555545,308.0,11.058550648063802,11.513377407318897,10.66666666666667,24.26206058627046,25.825009415113577,17.913028156029,18.899517408918936,198.453125,86.888389579387,52.988096772967424,18.0,26.0,43.0,1154.0,3920.0,82.45873015873016,4769.0,4889.0,329.0,2056.0,576.0,57.25484601013757,29.35038015534622,2.492047179128997,1.7027692236506056,1.0
152.0,179.0,8.249999999999998,6.472222222222224,382.0,14.152198343190413,14.826795654008315,13.833333333333336,31.371798305850003,32.67937214093318,22.643996024852463,24.056957805502524,263.703125,109.31293998810852,65.41107734758563,20.0,24.0,53.0,2410.0,10772.0,112.3226578976579,10276.0,10914.0,554.0,4062.0,962.0,72.67788627979155,38.208709592792644,2.4923777759732313,1.3249956700653605,1.0
64.0,70.0,6.395833333333334,2.75,182.0,5.892865415757243,5.902886832508849,5.385714285714286,12.000569508859293,14.193488404798295,9.826314065882507,9.937844621461508,83.6851111111111,48.155606974719866,31.436172702835822,20.0,42.0,25.0,257.0,677.0,33.707142857142856,956.0,876.0,80.0,294.0,138.0,31.038648379559042,14.562938903985513,2.3590036371733745,2.363798679421267,1.0
72.0,85.0,6.895833333333332,3.583333333333333,198.0,7.063714582173599,7.015980447325266,6.671428571428573,14.267982603356234,15.809951149059362,10.811552003384461,11.111922792590411,117.773,52.98230019685221,33.30835690601009,18.0,28.0,27.0,338.0,829.0,43.502380952380946,1247.0,1133.0,139.0,482.0,204.0,35.586711733044666,17.642405316103126,2.460649485303385,2.81566576663998,1.0
68.0,82.0,2.8958333333333335,2.1250000000000004,194.0,5.234894785954589,5.69688082639117,5.0,12.446590198765634,13.617567050776383,9.35130677802301,10.195456435198011,98.37037037037037,49.98947496979229,32.611444778003246,18.0,30.0,27.0,124.0,226.0,29.999999999999996,569.0,649.0,39.0,352.0,132.0,29.46613687451044,13.962565838810978,2.510532938985664,1.940003547175709,1.0
108.0,126.0,5.916666666666666,4.694444444444444,268.0,10.25402019542349,10.710701925855117,10.033333333333335,22.570417984475046,23.47436688603576,16.32047510869343,17.240934270694794,188.3125,77.59537239524151,45.93017438034093,12.0,16.0,37.0,882.0,2780.0,72.70873015873016,3706.0,3867.0,266.0,1385.0,452.0,52.24060178230146,27.54501083422356,2.447633478289314,1.7043469931371242,1.0
78.0,91.0,7.756944444444444,3.6666666666666665,218.0,7.419556629830167,7.385843773635598,6.904761904761906,15.037020266456318,17.079312780197704,11.737438384053366,12.016275973828813,116.523,57.847911690406974,37.130211321136784,22.0,36.0,30.0,418.0,1115.0,47.51190476190476,1552.0,1422.0,160.0,576.0,234.0,38.06887273094087,18.468320998882938,2.4590097921312672,2.7428479556618233,1.0
44.0,46.0,3.7222222222222223,2.333333333333333,104.0,4.787693700234704,4.7888543819998315,4.6,9.651234396021962,10.391883981397134,7.289847411347834,7.34102736408522,70.75,32.06046892117748,18.601126159491542,8.0,12.0,14.0,126.0,287.0,22.083333333333332,482.0,456.0,46.0,189.0,84.0,23.241673814767665,12.066822110680892,2.175327747161075,2.1312821385375686,1.0
6.0,4.0,2.25,1.0,10.0,1.414213562373095,1.1547005383792517,1.3333333333333333,1.885618083164127,2.1213203435596424,1.4142135623730951,1.1547005383792517,16.0,4.47213595499958,2.0,2.0,2.0,1.0,4.0,5.0,2.5,10.0,6.0,2.0,4.0,2.0,5.356367113217143,2.8284271247461907,1.4142135623730954,1.6329931618554523,1.0
34.0,36.0,2.611111111111111,2.0,76.0,3.931851652578137,3.9189910556894993,3.8666666666666667,7.8821967329218765,8.122522350258794,5.6568542494923815,5.729567401660267,64.0,24.366430302876523,13.365058181991753,4.0,4.0,10.0,64.0,122.0,15.783333333333333,246.0,234.0,22.0,109.0,50.0,18.47902253715965,10.424292428609817,2.1357792050698574,2.1250162554146717,1.0
118.0,143.0,7.999999999999998,4.861111111111112,312.0,10.524075805453153,10.960010661936291,10.1,23.225073730739258,24.86504886073374,17.12504114580269,18.21394382716289,197.234375,85.51890628142279,53.16624235784073,18.0,26.0,44.0,956.0,3000.0,80.11709956709957,3942.0,4030.0,266.0,1501.0,484.0,55.28914603388613,27.98333093333064,2.5198873478252826,1.8119836121112503,1.0
122.0,146.0,8.249999999999998,5.027777777777778,320.0,10.986071002992368,11.435446797246707,10.533333333333335,24.16849419582836,25.938468501173514,17.941537726730417,18.98331723229142,200.609375,88.49641893811979,54.75860150508713,18.0,28.0,45.0,1063.0,3292.0,85.36269841269842,4401.0,4530.0,335.0,1744.0,553.0,57.46970417037599,29.533058918628992,2.4767437475400578,1.8332479895442195,1.0
32.0,30.0,4.8125,1.875,92.0,3.5606601717798214,3.327239346153363,3.1999999999999997,6.2856180831641275,7.871320343559642,5.426503336099507,5.131850420214898,39.11111111111111,24.734375058844734,15.990704784914572,12.0,32.0,12.0,71.0,149.0,14.766666666666667,228.0,179.0,30.0,71.0,42.0,17.383032475181246,8.312845350263807,2.111990736253065,3.111766194388426,1.0
30.0,30.0,5.173611111111111,1.5,96.0,2.9433756729740645,2.719605259509101,2.4857142857142858,5.1217941261796645,7.069764047840348,4.876566597576671,4.583157824826062,27.685111111111105,23.693872197189737,16.605551275463988,14.0,36.0,13.0,42.0,69.0,12.5,126.0,90.0,26.0,42.0,30.0,15.326357664785334,6.602720495543137,2.1753277471610755,3.5411969650799016,1.0
22.0,20.0,3.25,2.0,42.0,3.414213562373095,3.1547005383792515,3.333333333333333,5.885618083164127,6.121320343559642,4.242640687119286,3.9831276631254418,48.0,15.785844453984339,7.65685424949238,2.0,2.0,5.0,56.0,126.0,11.15,182.0,146.0,18.0,56.0,30.0,14.47448672760572,8.054678984251696,1.8477590650225744,2.447472887876344,1.0
18.0,16.0,3.0,1.75,34.0,2.914213562373095,2.6547005383792515,2.833333333333333,4.885618083164127,5.121320343559642,3.5355339059327378,3.2760208819388943,40.0,12.95741732923815,6.242640687119285,2.0,2.0,4.0,35.0,70.0,8.7,110.0,85.0,12.0,35.0,20.0,12.194901425440477,6.987918414869869,1.8019377358048385,2.3390923149762908,1.0
48.0,55.0,4.944444444444445,2.25,128.0,4.62589765768623,4.619172062391505,4.300000000000001,9.423693409364297,10.660043605836323,7.387306667270548,7.534216987198883,71.671875,35.41656237770554,22.371630891611247,10.0,18.0,18.0,109.0,211.0,23.366666666666664,404.0,368.0,40.0,182.0,84.0,23.698958119126992,12.250296206660073,2.3180135147325047,2.515835979311492,1.0
52.0,60.0,5.194444444444445,2.5833333333333335,136.0,5.163902460147015,5.143735927081089,4.866666666666667,10.480272944275193,11.586623965396551,7.985023648715917,8.179057144443446,84.296875,38.095903970500935,23.607698869111037,10.0,16.0,19.0,146.0,308.0,26.849999999999998,541.0,493.0,53.0,234.0,104.0,25.98860941798779,13.404811377076062,2.3335268812518812,2.5164242706050897,1.0
60.0,68.0,5.694444444444445,3.083333333333334,152.0,6.163902460147015,6.143735927081089,5.866666666666665,12.480272944275194,13.586623965396551,9.399237211089012,9.593270706816542,100.296875,43.75275821999332,26.436125993857228,10.0,16.0,21.0,254.0,658.0,33.65357142857143,951.0,879.0,83.0,372.0,150.0,30.548010917352926,15.959108683438355,2.339581730847068,2.3906499844575735,1.0
64.0,72.0,5.944444444444445,3.333333333333334,160.0,6.663902460147015,6.643735927081089,6.366666666666666,13.480272944275194,14.586623965396551,10.10634399227556,10.300377488003088,108.296875,46.5811853447395,27.850339556230324,10.0,16.0,22.0,327.0,936.0,37.05992063492064,1232.0,1148.0,100.0,460.0,176.0,32.827596247087584,17.351077788361746,2.3400278051510117,2.3111834083070932,1.0
64.0,72.0,5.944444444444445,3.3333333333333335,160.0,6.663902460147015,6.643735927081089,6.366666666666666,13.480272944275194,14.586623965396551,10.10634399227556,10.30037748800309,108.296875,46.58118534473951,27.850339556230324,10.0,16.0,22.0,327.0,936.0,37.05992063492064,1232.0,1148.0,100.0,460.0,176.0,32.8275962470876,17.351077788361742,2.3400278051510117,2.3111834083070932,1.0
60.0,68.0,5.694444444444445,3.0833333333333335,152.0,6.163902460147015,6.143735927081089,5.866666666666666,12.480272944275194,13.586623965396551,9.399237211089012,9.593270706816542,100.296875,43.75275821999332,26.43612599385723,10.0,16.0,21.0,254.0,658.0,33.65357142857143,951.0,879.0,83.0,372.0,150.0,30.54801091735292,15.959108683438355,2.339581730847069,2.390649984457574,0.0
56.0,65.0,5.444444444444445,2.9166666666666665,144.0,5.701907262607799,5.668299791770673,5.4333333333333345,11.536852479186088,12.513204324956778,8.582740630161286,8.823897301688007,96.921875,40.77524556329634,24.843766846610826,10.0,14.0,20.0,186.0,409.0,30.616666666666667,688.0,626.0,72.0,288.0,126.0,28.2784915843246,14.876653100847463,2.3521881704574694,2.5800907004369216,1.0
158.0,190.0,10.083333333333332,6.222222222222224,418.0,13.846244348298505,14.52697666071032,13.26666666666667,30.913294982292417,33.21689339651071,22.960234880257534,24.44739382866804,255.375,114.70621781344522,71.58922293245895,26.0,38.0,59.0,2102.0,8010.0,118.5414973914974,8890.0,9362.0,558.0,3840.0,966.0,73.33869952975495,37.352014874748726,2.5262178989939903,1.5343477616109462,0.0
72.0,85.0,5.055555555555555,3.111111111111111,186.0,6.698377302757663,6.921847543855285,6.433333333333334,14.517259799806402,15.546584519776387,10.773010658942228,11.314120468982672,119.6875,52.193309329822995,31.914834658476302,10.0,16.0,26.0,284.0,692.0,39.709523809523816,1158.0,1172.0,110.0,414.0,184.0,34.654723353101815,17.688004980879768,2.4309439331946088,2.0048952245091867,1.0
116.0,145.0,6.0,4.222222222222221,310.0,9.66470379794645,10.34369508771057,9.366666666666667,22.436443388259484,23.629067424415016,16.268104450355086,17.678493469659507,197.25,83.58607718015611,52.172815067460235,14.0,20.0,44.0,680.0,1840.0,72.71904761904761,2994.0,3277.0,206.0,1669.0,472.0,52.18555708352893,26.92557440212272,2.5615990200638934,1.6644294364656587,1.0
50.0,55.0,4.583333333333334,2.611111111111111,124.0,5.236382105218448,5.221666537153279,5.0,10.573839334717297,11.473164879336615,7.956514078014501,8.09525732107096,82.140625,36.487874611768156,21.837194136991332,10.0,14.0,17.0,156.0,353.0,26.116666666666664,587.0,545.0,59.0,236.0,104.0,25.754472395604694,13.57547925556509,2.257544509952856,2.3272800153143347,1.0
120.0,136.0,6.666666666666666,5.388888888888889,292.0,11.720346690612276,12.183059726927224,11.46666666666667,25.48960157292813,26.55684979067439,18.52267568129283,19.413434566991818,205.53125,86.36072324760508,50.6318056032208,16.0,20.0,40.0,1669.0,7902.0,80.49816988566988,7122.0,7588.0,318.0,2503.0,632.0,59.073353435488215,31.51828557633234,2.314576058310542,1.2762619762545524,1.0
116.0,135.0,8.256944444444443,5.666666666666668,296.0,11.623575559058064,11.813516316906556,11.290476190476191,24.359240619687093,25.722075604461686,17.761149281546825,18.43970791879017,207.21737037037036,83.88620069195942,49.84733327012121,18.0,26.0,40.0,1364.0,5018.0,84.86720779220778,5452.0,5417.0,416.0,1742.0,588.0,57.846711109613565,31.15936929780119,2.472364124971367,1.9990211032257483,1.0
148.0,174.0,7.999999999999998,6.138888888888888,374.0,13.61419354072963,14.30223178931873,13.266666666666673,30.315218770939108,31.752791781372956,22.046279043407097,23.412117648257958,251.078125,106.63359839531314,64.17500937008586,20.0,26.0,52.0,2452.0,12374.0,103.6301341632224,10660.0,11562.0,438.0,3654.0,872.0,70.47767516885358,36.704745740545675,2.480972775751104,1.1557281701690312,1.0
54.0,59.0,4.833333333333334,2.861111111111111,132.0,5.736382105218448,5.721666537153279,5.5,11.573839334717297,12.473164879336615,8.663620859201048,8.802364102257508,90.140625,39.31630173651435,23.251407699364428,10.0,14.0,18.0,211.0,543.0,29.310714285714283,798.0,746.0,70.0,307.0,126.0,28.034054653234218,14.591850041640498,2.256020982416854,2.236981996737214,1.0
150.0,180.0,10.97222222222222,6.694444444444445,392.0,13.925783913070212,14.322556638004878,13.400000000000004,30.0460467314939,32.03667392081155,21.96539881436734,23.2468509758625,257.859375,108.64683723250936,66.99029107559306,26.0,32.0,55.0,2148.0,8390.0,116.50348540348541,8683.0,8709.0,505.0,3790.0,908.0,71.63293484655813,36.828132773948646,2.515307592462063,1.7771610045823447,1.0
124.0,147.0,5.527777777777778,5.027777777777778,310.0,11.309663088089316,11.99955630785495,11.133333333333335,25.623576169143693,26.40214925229514,18.33240565251189,19.632214166474174,216.9375,88.85529983692906,52.87444629034006,14.0,16.0,43.0,1161.0,3953.0,82.78849206349207,5123.0,5641.0,363.0,1805.0,595.0,58.64328635408737,31.228677639911425,2.445748818569391,1.418738641367914,1.0
126.0,151.0,5.618055555555555,4.986111111111111,328.0,11.254968188218726,11.938988672945678,11.038095238095242,25.500050547049618,26.558214101699736,18.380035705290958,19.689529514075755,217.40899537037035,90.78321754530229,54.94069071207116,18.0,26.0,45.0,1142.0,3830.0,83.45833333333334,5040.0,5548.0,386.0,1672.0,594.0,58.989767472597244,31.310080325726585,2.5323352411762925,1.4550952268919688,1.0
90.0,110.0,7.118055555555555,3.722222222222222,252.0,7.9750863090650626,8.186457977455198,7.523809523809524,17.152515159423203,18.982373971401174,13.058690983424766,13.698293521740801,144.12362037037036,65.99341124137047,42.07463423537587,18.0,32.0,35.0,458.0,1179.0,54.62976190476191,1834.0,1822.0,184.0,770.0,294.0,42.1057546697851,21.499909952032112,2.5175998260416796,2.197179495584951,1.0
236.0,272.0,14.50694444444444,9.70833333333333,614.0,21.55266514802063,22.485291516245947,20.733333333333334,47.34221629032504,50.90373902696893,35.31990665777991,37.16869796575738,376.9548611111111,171.81521242786786,105.53296663961773,42.0,70.0,85.0,7788.0,43374.0,208.9613454141318,33270.0,35486.0,1532.0,10287.0,2270.0,112.25530881233719,57.20113062868284,2.453848507808778,1.2241706312362575,1.0
44.0,45.0,6.534722222222222,2.1666666666666665,132.0,4.337222523091417,4.114032450509017,3.785714285714285,7.947411324190645,10.265706038538916,7.107276740877491,6.839457944495576,47.0601111111111,34.0672524082861,23.077687230463567,18.0,42.0,18.0,123.0,268.0,21.78333333333333,402.0,321.0,56.0,123.0,72.0,22.378663092243883,9.936237570137337,2.2360679774997902,3.7348237213155926,1.0
92.0,111.0,9.118055555555554,4.513888888888888,254.0,8.911955240757194,8.854979615298397,8.390476190476189,18.067171790840558,20.04843429896023,13.7162689417546,14.120297302564813,153.12824999999998,67.54287678571018,42.58663035567139,20.0,32.0,35.0,646.0,1830.0,62.37301587301587,2391.0,2185.0,243.0,864.0,336.0,45.173413193412024,23.044698259843862,2.5258705643541757,2.9981643712372756,1.0
34.0,36.0,5.423611111111111,1.8749999999999998,104.0,3.5040358447538855,3.257990223662632,3.0857142857142854,6.207412209343791,7.94108439139999,5.424754756165328,5.202408005701931,41.31474074074074,26.27897050407145,17.76782893563237,14.0,32.0,14.0,62.0,111.0,15.500000000000002,192.0,143.0,36.0,62.0,42.0,17.625837534699606,8.375130651205511,2.2215832939527687,3.708324167474306,1.0
26.0,27.0,2.111111111111111,1.4166666666666665,60.0,2.893846850117352,2.8944271909999157,2.8,5.825617198010981,6.195941990698567,4.352030486860464,4.377620463229157,43.375,18.85866158533493,10.714776642118865,4.0,6.0,8.0,26.0,39.0,10.166666666666666,100.0,95.0,8.0,33.0,19.0,13.991826457480949,7.465883060453303,2.114907541476756,2.184105569636068,1.0
104.0,123.0,5.666666666666666,4.527777777777778,260.0,9.792024997884274,10.235265790544702,9.6,21.62699751938594,22.400947245595994,15.503978527765707,16.471560865566264,184.9375,74.61785973854452,44.33781523309452,12.0,14.0,36.0,772.0,2368.0,67.72738095238094,3240.0,3374.0,236.0,1462.0,438.0,49.989907932120445,26.45672508511976,2.484489402923238,1.7081761664836057,1.0
100.0,119.0,5.416666666666666,4.277777777777778,252.0,9.292024997884274,9.735265790544702,9.1,20.62699751938594,21.400947245595994,14.796871746579159,15.764454084379716,176.9375,71.78943261379834,42.923601670721425,12.0,14.0,35.0,650.0,1864.0,63.58095238095238,2741.0,2869.0,205.0,1290.0,396.0,47.71032260221005,25.123609165268775,2.484325094188676,1.749968801213409,1.0
98.0,112.0,6.645833333333333,4.541666666666666,252.0,9.626845650481467,9.847458809482067,9.304761904761905,20.353325971938872,21.7438908215003,15.10372151336046,15.639666480072233,164.76837037037035,71.23182452573583,42.69585572232624,16.0,28.0,34.0,805.0,2548.0,65.45753968253969,3240.0,3241.0,282.0,1111.0,408.0,48.474774259087546,25.49180414798313,2.435247326921739,1.9957962538989467,1.0
132.0,152.0,8.38888888888889,5.777777777777778,332.0,12.541713895658196,12.99955630785495,12.133333333333336,27.221652380497005,28.866250867432896,20.07478861410852,21.04642772884727,219.0625,95.51370569268805,57.46023272796698,20.0,28.0,46.0,1692.0,6448.0,95.7914862914863,7090.0,7413.0,480.0,2192.0,711.0,64.16440171403657,33.74443133484205,2.3788657491804948,1.6097009129038036,0.0
122.0,147.0,8.249999999999998,5.111111111111111,320.0,11.024075805453151,11.460010661936291,10.600000000000001,24.225073730739258,25.865048860733744,17.832147926989236,18.921050608349432,205.234375,88.34733340616894,54.58045592021381,18.0,26.0,45.0,1116.0,3722.0,84.24729437229438,4629.0,4773.0,307.0,2048.0,580.0,57.49836280362946,29.629169667902104,2.504444451703037,1.7498309824920524,0.0
138.0,167.0,10.222222222222221,5.749999999999999,368.0,12.345443010499073,12.776507242864017,11.766666666666667,26.95712453830813,29.174449937492252,20.091367640991475,21.261150551391435,226.765625,100.32874297599814,62.82309660733311,22.0,34.0,52.0,1537.0,5427.0,101.38109668109668,6280.0,6376.0,420.0,2740.0,736.0,64.78553395330682,32.6749277246469,2.5394892263133055,1.8167888683747975,0.0
134.0,155.0,9.0,5.694444444444443,344.0,12.435560745775547,12.893983498854867,11.933333333333335,27.047269578507986,29.06219285813146,20.184178413849704,21.18140750495714,214.4375,97.40180452954584,59.68972799584727,24.0,34.0,48.0,1728.0,6804.0,95.6,7192.0,7461.0,436.0,2481.0,711.0,64.37538970120258,32.99096840879424,2.397857418312564,1.5848373195038044,1.0
140.0,166.0,7.5,5.638888888888889,358.0,12.614193540729627,13.30223178931873,12.266666666666667,28.315218770939108,29.752791781372952,20.632065481034005,21.99790408588486,235.078125,100.97674414582073,61.34658224533965,20.0,26.0,50.0,1668.0,6365.0,98.11536796536797,7233.0,7819.0,437.0,2432.0,729.0,65.99454443210158,34.073605825929384,2.466903107798215,1.3987680842870498,1.0
138.0,160.0,9.25,6.027777777777779,352.0,12.973565548236332,13.418547363544452,12.500000000000002,28.10384911341888,29.988773217691687,20.781895395295063,21.8262476622017,227.0625,100.08114612234124,60.925795973347064,24.0,32.0,49.0,1919.0,7736.0,100.74445554445555,7956.0,8220.0,472.0,2742.0,766.0,66.66480999665325,34.659259223997566,2.401056689747992,1.5937339354147877,1.0
100.0,117.0,5.416666666666666,4.166666666666666,252.0,9.237183443017884,9.69688082639117,9.000000000000002,20.53000977870159,21.51560833835508,14.946701660840215,15.85231068469039,168.921875,72.07855288481164,43.33124252347503,14.0,18.0,35.0,643.0,1821.0,63.846428571428575,2741.0,2910.0,211.0,1104.0,377.0,47.67085048758698,24.93898234583766,2.4284532504536767,1.7450793869237484,1.0
164.0,190.0,9.451388888888886,6.666666666666667,428.0,14.89799805120625,15.59976765890002,14.385714285714288,32.93250307620757,35.24499512801561,24.444846327499167,25.79015530615189,266.4819861111111,119.23260825326494,73.01005591343011,28.0,48.0,59.0,3008.0,14761.0,122.2894536019536,12816.0,13618.0,606.0,4802.0,1098.0,77.65056615156402,40.09254039884578,2.4154190087824805,1.2731167025678152,1.0
76.0,87.0,5.305555555555555,3.3055555555555554,194.0,7.164703797946449,7.394205344927391,6.866666666666667,15.43644338825949,16.629067424415016,11.560997669168538,12.072407202906607,120.90625,55.30180593269419,33.788038756609986,14.0,20.0,27.0,376.0,1063.0,42.707142857142856,1522.0,1523.0,116.0,539.0,210.0,36.91138639114807,18.797828354908763,2.416392234230262,1.8522745888603298,1.0
78.0,85.0,7.756944444444443,3.4305555555555554,218.0,7.293512317148133,7.302453635391254,6.700000000000001,14.839864738501738,17.377865417715864,12.03775353696221,12.181797002647784,104.0173611111111,58.498177813408596,37.8278989219059,22.0,48.0,30.0,454.0,1327.0,46.009523809523806,1718.0,1610.0,154.0,589.0,234.0,38.00520283152272,18.23831480424754,2.3200095048072034,2.4572187482871057,1.0
60.0,63.0,4.722222222222222,3.4166666666666665,136.0,6.825698502695489,6.813418246689416,6.666666666666667,13.707813930932858,14.31846434095736,10.008884736352847,10.107187864889424,107.375,43.225091888211445,24.079834824110616,8.0,10.0,18.0,367.0,1176.0,35.175,1420.0,1364.0,100.0,466.0,176.0,32.369619040855866,17.86347215453674,2.1765344378927813,2.0001790217551028,1.0
74.0,90.0,7.506944444444444,3.541666666666666,210.0,6.984434885828628,6.932910225370588,6.523809523809525,14.160738181282666,15.934975212900296,10.859332246306995,11.208070354446134,118.972,54.62113892799262,35.1592713740593,20.0,30.0,29.0,324.0,761.0,44.39285714285714,1189.0,1073.0,141.0,468.0,204.0,35.820425178170915,17.62030871093651,2.490863615361031,2.9386241301937956,1.0
76.0,94.0,6.277777777777777,3.0277777777777786,210.0,6.536581260209188,6.752165224246958,6.133333333333333,14.289718813148736,15.814744144215576,10.87046991486494,11.507310092096336,120.609375,55.54940278635105,35.68533939059601,12.0,22.0,30.0,258.0,565.0,41.35,1029.0,1012.0,93.0,423.0,181.0,35.11072133547725,17.668228976605825,2.504976898746481,2.226351040051458,1.0
114.0,132.0,9.138888888888888,5.222222222222221,294.0,10.934759407976111,11.143514081008565,10.433333333333334,23.09109913452369,25.019749399112996,17.31531117458363,17.995164227680537,185.828125,83.02432969209879,50.92360167072144,20.0,30.0,41.0,1216.0,4477.0,80.4653318903319,4806.0,4716.0,326.0,1842.0,540.0,55.741537653635035,27.84147365850732,2.454239774742824,2.003615586218177,1.0
54.0,58.0,7.194444444444445,3.2222222222222223,138.0,6.023274467653718,5.76005150130681,5.6000000000000005,11.268903286754968,12.82260540171528,8.841960344163525,8.714507501946828,84.28125,40.02873307176762,24.60112615949154,14.0,22.0,19.0,260.0,666.0,32.28571428571429,884.0,740.0,102.0,260.0,132.0,29.024222706061458,14.488894911821575,2.243744704691469,4.055561577759876,1.0
96.0,115.0,5.166666666666666,3.9722222222222214,244.0,8.770856947829095,9.224523025319066,8.566666666666668,19.610826190248506,20.433125433716448,14.158714650613907,15.094023950766463,167.703125,68.97005628194044,41.45803842534136,10.0,14.0,34.0,521.0,1332.0,60.411904761904765,2226.0,2366.0,176.0,928.0,329.0,45.4123775845299,23.668755653219442,2.4617906568975383,1.8486314304100566,1.0
128.0,152.0,5.777777777777777,5.361111111111112,318.0,11.8476678905501,12.524120172544533,11.700000000000001,26.680155704054584,27.328729611855366,18.930122633957257,20.277054323718737,229.5625,91.53464142972449,54.110514267839875,14.0,14.0,44.0,1300.0,4554.0,88.36551226551227,5672.0,6169.0,380.0,2416.0,672.0,60.84326877565077,32.692613878323755,2.4891750437616382,1.4435146789279716,1.0
134.0,153.0,8.479166666666666,5.638888888888889,350.0,12.431671556017465,12.902664986436324,11.952380952380956,27.01331948775448,29.162512223376986,20.242645754899776,21.16816526707169,215.09136111111115,97.73933533954352,59.823143316311686,24.0,44.0,48.0,2061.0,10203.0,91.05725108225108,8670.0,9101.0,340.0,2950.0,711.0,64.3777235389903,33.12454301052334,2.3794759594488175,1.311720340235115,1.0
70.0,85.0,5.416666666666666,2.8055555555555562,190.0,6.109060905280622,6.330095834319147,5.766666666666666,13.383285203590841,14.701285058155639,10.134853562976977,10.716403487537303,110.453125,51.11294630287208,32.50062109610321,12.0,20.0,27.0,215.0,464.0,36.61666666666667,868.0,865.0,76.0,356.0,154.0,32.59690545203751,16.307410923295983,2.4691074389884697,2.1461238031832375,1.0
14.0,12.0,2.75,1.5,26.0,2.414213562373095,2.1547005383792515,2.333333333333333,3.885618083164127,4.121320343559642,2.8284271247461903,2.568914100752347,32.0,10.12899020449196,4.82842712474619,2.0,2.0,3.0,20.0,35.0,6.416666666666666,60.0,44.0,8.0,20.0,12.0,9.915316149982342,5.464101615137754,1.7320508075688772,2.19060968716425,1.0
10.0,8.0,2.5,1.25,18.0,1.914213562373095,1.6547005383792515,1.833333333333333,2.885618083164127,3.121320343559642,2.121320343559643,1.8618073195657994,24.0,7.3005630797457695,3.414213562373095,2.0,2.0,2.0,10.0,15.0,4.333333333333333,28.0,19.0,4.0,10.0,6.0,7.635733837560585,4.47213595499958,1.6180339887498951,1.9747448713915894,1.0
12.0,9.0,3.111111111111111,1.0,30.0,1.7320508075688776,1.5,1.5,2.598076211353316,3.4641016151377553,2.449489742783178,2.121320343559643,10.125,9.486832980505138,6.0,6.0,12.0,4.0,9.0,12.0,4.5,24.0,15.0,6.0,9.0,6.0,7.829154880351855,3.4641016151377544,1.7320508075688772,2.3237900077244498,1.0
142.0,164.0,9.5,6.277777777777779,360.0,13.473565548236332,13.918547363544452,13.000000000000002,29.10384911341888,30.988773217691687,21.48900217648161,22.533354443388244,235.0625,102.90957324708742,62.34000953572016,24.0,32.0,50.0,2137.0,8886.0,105.66504051504052,8832.0,9095.0,508.0,3030.0,823.0,68.9446200210256,35.640673641125545,2.4019978529118307,1.592386464573218,1.0
146.0,168.0,9.75,6.527777777777779,368.0,13.973565548236332,14.41854736354445,13.500000000000004,30.103849113418878,31.988773217691687,22.196108957668162,23.240461224574794,243.0625,105.73800037183364,63.75422309809325,24.0,32.0,51.0,2383.0,10282.0,110.44240759240759,9824.0,10090.0,548.0,3346.0,882.0,71.22420836807068,37.17039941779593,2.402269331683186,1.5830768661327612,1.0
146.0,173.0,8.36111111111111,5.805555555555556,378.0,13.008040390846979,13.696658980318647,12.566666666666668,29.140835968950086,30.948733772071517,21.44856206196173,22.839990643181277,238.453125,105.69327010742474,64.99029107559303,24.0,32.0,53.0,1856.0,7277.0,103.49831557331558,7993.0,8580.0,475.0,2683.0,785.0,68.49047519953244,34.997076168600586,2.4693384390212443,1.4013086401498194,1.0
140.0,162.0,9.861111111111109,5.861111111111112,364.0,12.829407595892897,13.288410689854784,12.233333333333336,27.872886776518964,30.258134848830025,21.00067499477742,22.023494062253555,217.8125,102.11833049114985,63.333436826100666,28.0,40.0,51.0,1919.0,7742.0,100.9373126873127,7948.0,8204.0,474.0,2735.0,766.0,66.87132046842989,33.877883178467535,2.4024982411265934,1.5931037655615992,0.0
152.0,175.0,11.0625,6.166666666666667,410.0,13.630048858775126,14.09976765890002,12.88571428571429,29.53057928756088,32.70909674315337,22.65169538316307,23.668834962592253,228.60698611111115,111.74887848529293,70.52477453919155,34.0,60.0,57.0,2413.0,10674.0,111.05212842712842,9936.0,10194.0,538.0,3435.0,882.0,71.86673588694771,35.64159314654255,2.4038243983551175,1.5555073569133613,0.0
138.0,159.0,9.25,6.0,352.0,12.956728795830724,13.404726264080503,12.46666666666667,28.063440907645422,30.030014670011,20.822335509814945,21.85183763857039,223.671875,100.22118086140377,61.15529124122736,26.0,34.0,49.0,1961.0,8141.0,100.0334249084249,8126.0,8392.0,468.0,2795.0,766.0,66.65754924045655,34.29607303823197,2.3999981215572674,1.5627131292419327,0.0
140.0,161.0,9.86111111111111,5.833333333333334,364.0,12.812570843487292,13.274589590390836,12.200000000000003,27.832478570745504,30.299376301149337,21.041115109297305,22.049084038622254,214.421875,102.25836523021236,63.56293209398095,30.0,42.0,51.0,1901.0,7564.0,101.14852092352092,7872.0,8124.0,478.0,2699.0,766.0,66.86171327034127,33.255424844261164,2.402677530056832,1.6072948222989587,0.0
138.0,159.0,9.25,6.000000000000001,352.0,12.956728795830724,13.404726264080503,12.466666666666669,28.063440907645422,30.030014670011,20.822335509814945,21.851837638570398,223.671875,100.22118086140375,61.155291241227346,26.0,34.0,49.0,1923.0,7758.0,100.55397935397934,7966.0,8224.0,476.0,2719.0,766.0,66.65777700737263,34.26247832595049,2.4007158607584484,1.590732533148051,0.0
144.0,166.0,10.11111111111111,6.111111111111111,372.0,13.3294075958929,13.788410689854782,12.733333333333336,28.872886776518964,31.258134848830025,21.707781775963973,22.730600843440108,225.8125,104.94675761589603,64.74765038847376,28.0,40.0,52.0,2186.0,9406.0,105.29277666777668,9028.0,9291.0,502.0,3114.0,823.0,69.15045020901218,35.04818906398856,2.400871497156088,1.554932399021701,0.0
138.0,159.0,9.25,6.000000000000001,352.0,12.956728795830724,13.404726264080503,12.466666666666669,28.063440907645422,30.030014670011,20.822335509814945,21.851837638570398,223.671875,100.22118086140375,61.155291241227346,26.0,34.0,49.0,1961.0,8141.0,100.0334249084249,8126.0,8392.0,468.0,2795.0,766.0,66.65754924045658,34.29607303823196,2.3999981215572688,1.5627131292419325,0.0
156.0,184.0,8.499999999999998,6.805555555555558,390.0,14.690203145651196,15.3513595186979,14.400000000000002,32.428377840760895,33.6059525004934,23.241713006297832,24.701797962747083,276.328125,111.99228158090393,66.64714532508542,20.0,22.0,54.0,2645.0,12057.0,117.68556582306583,11228.0,11871.0,598.0,4414.0,1026.0,74.96730657542133,39.880433154275806,2.493646856938822,1.331893018392352,1.0
102.0,120.0,7.416666666666666,5.055555555555555,254.0,10.223075312662978,10.4037874283879,9.966666666666669,21.553023808323523,22.48102613683632,15.463538413245825,16.186457865203725,188.328125,73.29310670498923,43.27989284046804,12.0,14.0,35.0,925.0,3050.0,70.30714285714285,3642.0,3549.0,268.0,1278.0,426.0,50.86383269034619,26.625200363677706,2.48399812601301,2.0363278162330154,1.0
88.0,106.0,4.666666666666667,3.4444444444444446,228.0,7.7540201954234895,8.210701925855117,7.533333333333334,17.570417984475046,18.474366886035764,12.784941202760692,13.705400364762058,148.3125,63.45323677151057,38.85910656847546,12.0,16.0,32.0,400.0,1044.0,50.055952380952384,1736.0,1874.0,112.0,896.0,282.0,40.86054840721698,21.483770301271626,2.4575308168608214,1.7216558323892364,1.0
30.0,30.0,5.173611111111111,1.5,96.0,2.9433756729740645,2.719605259509101,2.4857142857142853,5.121794126179664,7.069764047840349,4.87656659757667,4.583157824826062,27.68511111111111,23.693872197189744,16.605551275463988,14.0,36.0,13.0,42.0,69.0,12.5,126.0,90.0,26.0,42.0,30.0,15.326357664785323,6.602720495543137,2.1753277471610746,3.541196965079901,1.0
110.0,130.0,6.527777777777777,4.694444444444444,280.0,10.185871848001627,10.629692981544618,9.900000000000002,22.452614717396923,23.596889236294555,16.320475108693433,17.31364742286268,188.3125,79.3343857001485,47.981524063347905,16.0,20.0,39.0,828.0,2425.0,74.52777777777779,3473.0,3624.0,269.0,1383.0,461.0,52.46376458842454,27.364957594757986,2.4603398441299653,1.81322760934986,1.0
110.0,129.0,6.527777777777777,4.611111111111111,280.0,10.147867045540842,10.605129116855034,9.833333333333336,22.396035182486024,23.670308876734325,16.42986490843461,17.375914046804667,183.6875,79.48347123209932,48.159669648221225,16.0,22.0,39.0,896.0,2875.0,72.37380952380951,3745.0,3883.0,269.0,1636.0,482.0,52.47251834879226,27.182425291900582,2.4847654856027646,1.686946150936141,1.0
110.0,129.0,6.527777777777777,4.611111111111111,280.0,10.147867045540842,10.605129116855034,9.833333333333336,22.396035182486024,23.670308876734325,16.42986490843461,17.375914046804667,183.6875,79.48347123209932,48.159669648221225,16.0,22.0,39.0,896.0,2875.0,72.37380952380951,3745.0,3883.0,269.0,1636.0,482.0,52.47251834879226,27.182425291900582,2.4847654856027646,1.686946150936141,1.0
58.0,67.0,3.6944444444444446,2.3611111111111107,150.0,5.25402019542349,5.485957054463528,5.033333333333334,11.570417984475048,12.474366886035765,8.663620859201048,9.134590278419235,90.140625,42.24003333591414,26.131184507117606,12.0,16.0,21.0,143.0,302.0,27.799999999999997,595.0,613.0,43.0,241.0,105.0,27.569593198114653,13.899856008705228,2.3862022299039904,1.9708993906097838,1.0
28.0,26.0,4.5625,1.625,84.0,3.0606601717798214,2.827239346153363,2.6999999999999997,5.2856180831641275,6.871320343559642,4.719396554912959,4.42474363902835,31.111111111111107,21.905947934098542,14.576491222541476,12.0,32.0,11.0,46.0,84.0,12.083333333333334,142.0,106.0,24.0,46.0,30.0,15.103441111348037,6.720566232730448,2.1010029896154587,3.154490065368808,1.0
112.0,134.0,7.1388888888888875,4.583333333333334,292.0,10.075387400469408,10.527198506782844,9.700000000000003,22.302468792043918,23.78376796279426,16.458374479136026,17.45971387017715,185.84375,81.09150059083211,49.93017438034093,16.0,24.0,41.0,807.0,2300.0,75.49047619047619,3381.0,3524.0,273.0,1358.0,461.0,52.68744775656847,26.833283177325868,2.4820998667543583,1.8588095611648652,1.0
122.0,146.0,8.701388888888888,4.569444444444444,342.0,10.276675564742527,10.738122278710486,9.666666666666668,22.79945653272828,25.41910687003518,17.492407213855188,18.520580026955923,184.9704861111111,89.7509109246792,57.856384063009536,24.0,50.0,48.0,968.0,3074.0,79.96071428571429,4001.0,4095.0,275.0,1305.0,464.0,55.789840566806184,26.92386962309303,2.524859820487816,1.777987663720897,1.0
92.0,105.0,6.305555555555555,4.472222222222221,226.0,9.24071340286802,9.443333074306558,9.000000000000002,19.549602458081278,20.482228143535472,14.170645194432373,14.776301079768825,162.15625,66.31734336777735,39.08860183635575,14.0,16.0,31.0,759.0,2570.0,58.98412698412699,3053.0,3041.0,205.0,989.0,345.0,46.049834599279784,24.036424476851312,2.420062683274265,1.8010270136599904,1.0
98.0,113.0,7.166666666666667,4.666666666666666,246.0,9.65139700539098,9.851581364770423,9.333333333333334,20.41562786186572,21.636928681914725,14.946701660840217,15.592797660696547,168.921875,70.89383459031883,42.50281539872884,16.0,20.0,34.0,862.0,2976.0,64.11587301587302,3442.0,3404.0,230.0,1136.0,384.0,48.55333759254908,25.035928568154773,2.452451050815793,1.8505713211678925,1.0
64.0,70.0,5.944444444444445,3.2222222222222223,160.0,6.609060905280622,6.605350962927558,6.2666666666666675,13.383285203590841,14.701285058155637,10.25617390653662,10.388234088313768,100.28125,46.8703056157528,28.257980408983926,12.0,20.0,22.0,325.0,911.0,36.95,1234.0,1160.0,110.0,431.0,176.0,32.80677483595433,16.882498304093065,2.2914413057942684,2.3006343154416373,1.0
148.0,176.0,8.451388888888888,5.722222222222222,396.0,12.931671556017463,13.627409857827915,12.452380952380956,29.013319487754476,31.16251222337698,21.535538973713226,22.91054822866832,241.26323611111115,107.63883027615519,66.89421112817718,24.0,44.0,55.0,1766.0,6521.0,105.71756854256853,7562.0,8064.0,498.0,3162.0,840.0,68.5556472017387,34.886066994387704,2.5036338853628894,1.4796408872460898,1.0
30.0,30.0,5.173611111111111,1.5,96.0,2.9433756729740645,2.719605259509101,2.4857142857142853,5.121794126179664,7.069764047840349,4.87656659757667,4.583157824826062,27.68511111111111,23.693872197189744,16.605551275463988,14.0,36.0,13.0,42.0,69.0,12.5,126.0,90.0,26.0,42.0,30.0,15.326357664785323,6.602720495543137,2.1753277471610746,3.541196965079901,1.0
70.0,85.0,5.416666666666666,2.805555555555556,190.0,6.109060905280622,6.330095834319148,5.7666666666666675,13.383285203590841,14.701285058155639,10.134853562976977,10.7164034875373,110.453125,51.11294630287208,32.50062109610321,12.0,20.0,27.0,214.0,459.0,36.66666666666667,862.0,857.0,76.0,355.0,154.0,32.59719369005438,16.2034710820108,2.475100599902323,2.1616069393166506,1.0
78.0,94.0,7.756944444444444,3.7916666666666665,218.0,7.4844348858286285,7.432910225370588,7.023809523809525,15.160738181282667,16.934975212900294,11.566439027493542,11.915177135632684,126.972,57.44956605273881,36.57348493643239,20.0,30.0,30.0,398.0,1005.0,48.42738095238095,1468.0,1334.0,164.0,556.0,234.0,38.10023841393373,18.584289988016202,2.4928537348544024,2.902557340144697,0.0
30.0,31.0,2.361111111111111,1.6666666666666665,68.0,3.393846850117352,3.3944271909999157,3.3,6.825617198010981,7.195941990698567,5.059137268047012,5.084727244415705,51.375,21.68708871008112,12.128990204491961,4.0,6.0,9.0,42.0,71.0,12.916666666666666,163.0,157.0,11.0,78.0,36.0,16.18960238097852,8.720566232730448,2.1010029896154583,2.1229179499593664,1.0
128.0,156.0,6.749999999999998,4.944444444444445,334.0,11.147867045540842,11.829873988246623,10.833333333333336,25.39603518248602,26.670308876734325,18.429864908434606,19.825403789587842,217.859375,92.21139329345719,56.6449510224598,16.0,22.0,47.0,1035.0,3138.0,87.3079365079365,4500.0,4872.0,328.0,1786.0,579.0,59.081815989132096,30.304370154476768,2.517323562062715,1.6117298360428092,1.0
144.0,166.0,10.11111111111111,6.111111111111111,372.0,13.3294075958929,13.788410689854782,12.733333333333336,28.872886776518964,31.258134848830025,21.707781775963973,22.730600843440108,225.8125,104.94675761589603,64.74765038847374,28.0,40.0,52.0,2129.0,8822.0,106.03934398934399,8788.0,9039.0,514.0,3000.0,823.0,69.15068107561012,35.02881358659657,2.4020076791080816,1.593589054320519,0.0
128.0,147.0,8.13888888888889,5.500000000000001,324.0,12.024877143252587,12.485735208391004,11.600000000000003,26.181244174723545,27.90749231975221,19.408121947441856,20.364910924029413,207.671875,92.8253133070044,56.275514433474186,22.0,30.0,45.0,1541.0,5840.0,90.23870851370852,6442.0,6714.0,408.0,2187.0,658.0,61.875228115719835,31.840267338100496,2.398428664466959,1.5922526926640237,0.0
144.0,166.0,10.11111111111111,6.111111111111111,372.0,13.3294075958929,13.788410689854782,12.733333333333336,28.872886776518964,31.258134848830025,21.707781775963973,22.730600843440108,225.8125,104.94675761589603,64.74765038847376,28.0,40.0,52.0,2186.0,9406.0,105.29277666777668,9028.0,9291.0,502.0,3114.0,823.0,69.15045020901218,35.04818906398856,2.400871497156088,1.554932399021701,0.0
152.0,175.0,11.0625,6.166666666666667,410.0,13.630048858775126,14.09976765890002,12.88571428571429,29.53057928756088,32.70909674315337,22.65169538316307,23.668834962592253,228.60698611111115,111.74887848529293,70.52477453919155,34.0,60.0,57.0,2413.0,10674.0,111.05212842712842,9936.0,10194.0,538.0,3435.0,882.0,71.86673588694771,35.64159314654255,2.4038243983551166,1.5555073569133613,0.0
114.0,130.0,9.138888888888888,5.11111111111111,294.0,10.87991785310972,11.105129116855034,10.333333333333336,22.99411139383934,25.13441049187208,17.46514108884469,18.08302082799121,177.8125,83.31344996311209,51.33124252347504,22.0,34.0,41.0,1271.0,4809.0,78.51608946608945,5137.0,5175.0,337.0,1568.0,517.0,55.799985089668915,28.442150527022683,2.344342947087139,1.8592563124687511,1.0
132.0,152.0,8.388888888888888,5.777777777777779,332.0,12.541713895658194,12.99955630785495,12.133333333333336,27.221652380497,28.866250867432893,20.074788614108524,21.04642772884727,219.0625,95.51370569268809,57.460232727966996,20.0,28.0,46.0,1722.0,6733.0,95.38329725829726,7222.0,7557.0,466.0,2274.0,711.0,64.16137493230077,33.642603246064155,2.372014857192485,1.5786237649897243,1.0
126.0,153.0,8.951388888888888,4.888888888888889,350.0,10.819404336325702,11.26930635333735,10.23809523809524,23.881955429265503,26.30449390495796,18.107646287587492,19.175612356002876,198.8418657407408,92.2666440302019,58.89863624414962,24.0,44.0,49.0,1115.0,3723.0,84.68654401154402,4658.0,4846.0,330.0,1779.0,556.0,58.0314684651795,28.79607616301594,2.548494887387499,1.7405383287638947,0.0
120.0,150.0,5.729166666666666,4.583333333333334,324.0,10.243148714927116,10.899443027027017,10.004761904761905,23.49210223977164,24.542993531319325,16.83541309102139,18.27125917476447,209.19487500000002,86.49106383667824,53.63083241723997,18.0,24.0,45.0,794.0,2282.0,77.55198412698412,3450.0,3720.0,234.0,1866.0,516.0,54.49846122905524,28.1550614615696,2.611587814538052,1.65915708288527,1.0
134.0,163.0,9.97222222222222,5.5,360.0,11.845443010499071,12.276507242864017,11.266666666666667,25.95712453830813,28.17444993749225,19.38426085980493,20.554043770204885,218.765625,97.50031585125193,61.40888304496,22.0,34.0,51.0,1362.0,4635.0,96.45887445887448,5583.0,5687.0,381.0,2468.0,682.0,62.5059485947633,31.23139066194626,2.538877813197686,1.826596320860834,0.0
180.0,215.0,10.902777777777777,7.486111111111112,482.0,16.348826315353406,17.01141419989186,15.776190476190479,35.82925688257307,38.319062540940074,26.472550383670388,27.96257865369406,298.5569953703704,130.86188147021355,80.71898927045515,32.0,52.0,66.0,3458.0,15775.0,145.5966061716062,14632.0,15449.0,852.0,5135.0,1308.0,85.01011897135935,44.17629667021175,2.515749072703977,1.4389025394039834,0.0
114.0,133.0,6.777777777777777,4.861111111111111,288.0,10.647867045540842,11.105129116855034,10.333333333333336,23.396035182486024,24.670308876734325,17.136971689621156,18.083020827991213,191.6875,82.31189835684552,49.57388321059432,16.0,22.0,40.0,995.0,3194.0,78.04285714285714,4150.0,4298.0,298.0,1562.0,497.0,54.733743095340955,28.333757575714287,2.4582340946914627,1.7289409333820092,1.0
116.0,137.0,7.3888888888888875,4.805555555555556,300.0,10.5585506480638,11.013377407318897,10.166666666666668,23.262060586270465,24.82500941511358,17.20592137484245,18.192410627732393,190.453125,84.05996245464078,51.57388321059432,18.0,26.0,42.0,959.0,2952.0,79.29007936507938,3997.0,4143.0,301.0,1578.0,506.0,54.956603866117206,28.120285715598037,2.453363476714169,1.7857684222859855,1.0
142.0,167.0,7.1388888888888875,6.027777777777779,354.0,13.241514740667453,13.91854736354445,13.000000000000004,29.505772902065562,30.52467160255393,21.16083277725808,22.533354443388248,248.9375,101.90802164082089,60.58265022283945,18.0,20.0,49.0,2000.0,8675.0,101.2773976023976,8622.0,9260.0,468.0,3418.0,840.0,67.89555861844626,35.88223739790999,2.485136364908787,1.2979511955651175,1.0
188.0,222.0,10.08333333333333,7.583333333333335,480.0,16.974366886035767,17.89376165278234,16.500000000000007,38.06001955740317,40.031216676710144,27.772082978120768,29.583301025821125,313.84375,135.6718243953848,82.41984435983076,28.0,36.0,67.0,4309.0,23403.0,144.6415045738575,18828.0,20540.0,788.0,6465.0,1410.0,88.60788226810453,45.805408801068886,2.4911687070993,1.0822610657660579,1.0
116.0,139.0,7.388888888888888,4.916666666666667,300.0,10.613392202930193,11.051762371472428,10.266666666666667,23.35904832695482,24.71034832235449,17.056091460581392,18.104554027421713,198.46875,83.77084218362747,51.166242357840716,16.0,22.0,42.0,1021.0,3391.0,77.55119047619047,4282.0,4469.0,312.0,1500.0,505.0,55.085666474766015,28.763369580235455,2.505757734923884,1.6710043047276442,1.0
136.0,178.0,6.312499999999998,4.625,382.0,10.663869018582144,11.54111767646393,10.35714285714286,25.384857817698077,26.668017595160258,18.176086552757376,20.10978969821683,236.56575000000004,98.02939750443032,62.55281469715467,20.0,26.0,54.0,824.0,2211.0,87.32063492063492,3694.0,4108.0,258.0,2007.0,565.0,59.09078290261786,29.861282750795908,2.708098402386268,1.6278840537464039,1.0
118.0,147.0,6.090277777777777,4.124999999999999,328.0,9.576335393264646,10.255485253873404,9.204761904761908,22.232101354618493,23.867615178458244,16.396614732173912,17.78698876999847,190.94024537037035,85.79406436665431,54.69805002495188,22.0,34.0,46.0,728.0,2158.0,70.91190476190476,3234.0,3578.0,194.0,1529.0,454.0,53.78088792595291,26.493135591612678,2.5779911087961134,1.564894026754861,1.0
168.0,201.0,8.312499999999998,6.305555555555557,446.0,14.48731444868329,15.416264239827747,14.052380952380956,33.06647767242312,35.09029458963635,24.25457629871823,26.00893490563425,277.8882361111111,121.72718484258898,75.25269660054938,26.0,44.0,62.0,2590.0,11540.0,119.73992673992674,11510.0,12763.0,600.0,4359.0,1055.0,78.50490180499797,39.58993354420353,2.5018602910683287,1.1857932065360668,1.0
20.0,18.0,3.611111111111111,1.5833333333333333,46.0,2.770055610029662,2.5245638646895836,2.5666666666666664,4.654655746264212,5.390681974697982,3.7543135054150945,3.4732672819907515,30.75,14.994601698046727,8.650281539872886,6.0,10.0,6.0,32.0,58.0,9.0,98.0,73.0,14.0,32.0,20.0,12.397923494716455,6.155367074350506,1.9021130325903068,2.6272148478988635,1.0
90.0,106.0,6.145833333333333,4.166666666666666,236.0,8.68750582226129,8.885843773635598,8.404761904761905,18.438944055103,19.615211165059947,13.530589328389475,14.137596317388457,154.398,65.33164145837898,39.61549269537534,16.0,24.0,32.0,568.0,1590.0,57.56785714285714,2276.0,2263.0,220.0,871.0,330.0,43.93690621254185,22.980674312737836,2.468258644228422,2.09990216425365,1.0
16.0,14.0,3.361111111111111,1.3333333333333333,38.0,2.270055610029662,2.0245638646895836,2.0666666666666664,3.6546557462642113,4.390681974697982,3.0472067242285474,2.766160500804204,22.75,12.16617457330054,7.23606797749979,6.0,10.0,5.0,18.0,28.0,6.666666666666666,52.0,36.0,10.0,18.0,12.0,10.118119614388581,5.226251859505506,1.8477590650225744,2.5395388613593908,1.0
12.0,9.0,3.111111111111111,1.0,30.0,1.7320508075688776,1.5,1.5,2.598076211353316,3.4641016151377553,2.449489742783178,2.121320343559643,10.125,9.486832980505138,6.0,6.0,12.0,4.0,9.0,12.0,4.5,24.0,15.0,6.0,9.0,6.0,7.829154880351855,3.4641016151377544,1.7320508075688772,2.3237900077244498,1.0
42.0,44.0,3.111111111111111,2.5,92.0,4.931851652578137,4.918991055689499,4.866666666666667,9.882196732921877,10.122522350258794,7.071067811865477,7.143780964033363,80.0,30.023284552368906,16.193485306737944,4.0,4.0,12.0,133.0,323.0,21.642857142857142,512.0,488.0,44.0,196.0,84.0,23.038420907695823,12.932143397034864,2.1543413091228816,2.017237221657055,1.0
48.0,50.0,3.9722222222222223,2.5833333333333335,112.0,5.287693700234705,5.2888543819998315,5.1000000000000005,10.651234396021964,11.391883981397136,7.996954192534382,8.048134145271767,78.75,34.88889604592367,20.01533972186464,8.0,12.0,15.0,174.0,446.0,25.10238095238095,669.0,637.0,57.0,246.0,104.0,25.5210343959438,13.674401080589623,2.16645452346175,2.046920975581053,1.0
34.0,36.0,2.611111111111111,2.0,76.0,3.931851652578137,3.9189910556894993,3.8666666666666667,7.882196732921877,8.122522350258794,5.6568542494923815,5.729567401660267,64.0,24.366430302876523,13.365058181991753,4.0,4.0,10.0,67.0,135.0,15.566666666666665,256.0,241.0,24.0,78.0,43.0,18.561106505263535,10.051765371679789,2.164842698536667,2.0584046167758574,1.0
68.0,77.0,3.8333333333333335,3.2777777777777777,162.0,6.898178147766924,7.116093728153195,6.8,14.80138032137496,15.205005254897424,10.566161603278335,11.058664221927023,123.390625,48.68813034134415,27.96618434148329,8.0,8.0,22.0,322.0,913.0,37.900396825396825,1326.0,1356.0,98.0,462.0,184.0,34.20085021362312,18.452766514989282,2.338358633973538,1.758809756480371,0.0
60.0,69.0,3.3333333333333335,2.7777777777777777,146.0,5.898178147766922,6.116093728153195,5.8,12.80138032137496,13.205005254897424,9.15194804090524,9.644450659553927,107.390625,43.031276091851765,25.137757216737104,8.0,8.0,20.0,197.0,478.0,30.819047619047623,816.0,836.0,52.0,298.0,126.0,29.645741461204267,15.658971228146392,2.3783498799768767,1.8521505119351793,0.0
36.0,38.0,3.2222222222222223,1.8333333333333333,88.0,3.787693700234704,3.7888543819998315,3.5999999999999996,7.6512343960219615,8.391883981397134,5.875633848974738,5.926813801712124,54.75,26.40361467168509,15.772699034745349,8.0,12.0,12.0,61.0,110.0,16.083333333333332,232.0,218.0,16.0,108.0,50.0,18.68272477800247,9.431147620289327,2.175327747161074,2.2306376583301173,1.0
144.0,172.0,7.749999999999998,6.000000000000001,366.0,13.16903509559602,13.840616753472261,12.866666666666669,29.412206511623456,30.638130688613863,21.189342347959492,22.617154266760735,251.09375,103.51605099955366,62.35315495495915,18.0,22.0,51.0,1772.0,6726.0,106.25149017649017,7554.0,8008.0,466.0,2986.0,802.0,68.1113646042298,35.680567227800275,2.492525060690208,1.4859291940727395,0.0
126.0,153.0,8.951388888888888,4.888888888888889,350.0,10.819404336325702,11.26930635333735,10.23809523809524,23.881955429265503,26.30449390495796,18.107646287587492,19.175612356002876,198.8418657407408,92.2666440302019,58.89863624414962,24.0,44.0,49.0,1115.0,3723.0,84.68654401154402,4658.0,4846.0,330.0,1779.0,556.0,58.0314684651795,28.79607616301594,2.548494887387499,1.7405383287638947,0.0
140.0,182.0,6.562499999999999,4.875,390.0,11.163869018582142,12.04111767646393,10.857142857142858,26.384857817698077,27.668017595160258,18.883193333943918,20.816896479403376,244.56575000000004,100.85782462917648,63.967028259527765,20.0,26.0,55.0,960.0,2758.0,92.12976190476189,4267.0,4701.0,277.0,2298.0,617.0,61.370595590175995,30.991641175594275,2.7084488372266033,1.5853138273084997,1.0
160.0,211.0,6.875,5.034722222222224,462.0,12.043478875583261,13.158961584367452,11.640476190476193,29.14444961192461,30.959259047479566,21.109138069130573,23.42936162172263,270.50845833333335,115.84231434559504,75.0156554370688,26.0,40.0,65.0,1189.0,3548.0,105.4234126984127,5487.0,6305.0,345.0,2761.0,749.0,69.50851498393897,33.83935654337655,2.7513102923401016,1.4612837792605755,1.0
122.0,147.0,8.249999999999998,5.111111111111111,320.0,11.024075805453151,11.460010661936291,10.600000000000001,24.225073730739258,25.865048860733744,17.832147926989236,18.921050608349432,205.234375,88.34733340616894,54.58045592021381,18.0,26.0,45.0,1116.0,3722.0,84.24729437229438,4629.0,4773.0,307.0,2048.0,580.0,57.49836280362946,29.629169667902104,2.504444451703037,1.7498309824920524,0.0
128.0,154.0,9.111111111111109,5.277777777777778,340.0,11.417922655570504,11.854437852936208,10.900000000000002,25.050690928750235,27.060990851432308,18.648644507916963,19.76313716564585,208.609375,93.06385936777295,58.224164750467196,22.0,32.0,48.0,1277.0,4486.0,89.26677489177489,5268.0,5402.0,332.0,2330.0,630.0,59.99126377360112,30.444705152403213,2.505641536279783,1.7291195324422957,0.0
124.0,150.0,8.340277777777777,4.972222222222222,338.0,10.92555748620835,11.374879162337434,10.43809523809524,24.056338231254518,26.10855191425939,17.998256487846312,19.040632579893007,203.4668657407408,90.37854519334412,56.66914097626934,20.0,38.0,47.0,1116.0,3726.0,84.51987734487734,4683.0,4897.0,345.0,1902.0,580.0,57.73326318761747,29.232338612175568,2.547920136134949,1.7356715530769884,0.0
136.0,158.0,6.277777777777777,5.750000000000001,334.0,12.79282633568371,13.485735208391004,12.600000000000003,28.583167963370233,29.44339070461445,20.49416611059141,21.779124486402505,237.546875,97.48061595023017,57.34658224533965,16.0,18.0,46.0,2076.0,10352.0,91.62988122988124,9155.0,10086.0,375.0,3081.0,757.0,65.46806858070926,34.94062593104979,2.4155574432665983,1.0974907345126885,1.0
232.0,287.0,13.388888888888886,9.444444444444443,610.0,20.413278458314167,21.479891818477377,19.866666666666667,45.981401649084425,48.08697863732972,32.92707682649163,35.55957097768195,410.828125,166.90061197504303,102.85597035368797,32.0,36.0,86.0,5996.0,30690.0,201.9336584983644,26015.0,28097.0,1121.0,10742.0,2030.0,107.28101569534884,55.785382492722334,2.5760965070701896,1.184547710856858,1.0
102.0,120.0,5.055555555555555,4.611111111111112,248.0,9.898178147766924,10.340838599544785,9.800000000000002,21.801380321374964,22.205005254897422,15.394588728024527,16.33658108945639,189.5625,72.72976090168675,42.108319965214235,8.0,8.0,34.0,759.0,2282.0,68.0484126984127,3204.0,3360.0,234.0,1230.0,409.0,49.757991365631234,26.815454606618015,2.4472615713621635,1.726953766713544,1.0
106.0,126.0,6.277777777777777,4.388888888888889,272.0,9.66470379794645,10.11895021631898,9.366666666666667,21.43644338825948,22.629067424415013,15.682318012728182,16.643217289249428,179.078125,76.51500936829062,46.51596081796784,14.0,20.0,38.0,726.0,2077.0,69.49047619047619,3067.0,3225.0,237.0,1237.0,418.0,50.18395079022642,26.034025147798776,2.456695848348654,1.7929942255770468,1.0
136.0,178.0,6.312499999999998,4.625,382.0,10.663869018582144,11.54111767646393,10.35714285714286,25.384857817698077,26.668017595160258,18.176086552757376,20.10978969821683,236.56575000000004,98.02939750443032,62.55281469715467,20.0,26.0,54.0,824.0,2211.0,87.32063492063492,3694.0,4108.0,258.0,2007.0,565.0,59.09078290261786,29.861282750795908,2.708098402386268,1.6278840537464039,1.0
132.0,173.0,6.062499999999999,4.291666666666666,374.0,10.125864216121359,11.016553811774347,9.790476190476191,24.328278282787178,25.741437235600024,17.578369571312006,19.464949540972267,223.94074999999998,95.35005591163493,61.31674671965487,20.0,28.0,53.0,712.0,1815.0,82.18690476190477,3227.0,3631.0,231.0,1790.0,517.0,56.801127750958855,28.42585050571912,2.706556669883,1.6519620624854536,1.0
90.0,100.0,5.694444444444445,4.388888888888889,214.0,9.270856947829097,9.499778153927476,9.066666666666666,19.610826190248506,20.433125433716448,14.280034994173551,14.765854551542926,157.53125,64.72741559482117,37.215397738222066,10.0,14.0,29.0,736.0,2371.0,59.10753968253968,2984.0,3008.0,244.0,1024.0,368.0,45.72710444312485,24.616633141228586,2.3360457382840787,1.863552467523932,1.0
102.0,124.0,5.506944444444445,4.208333333333333,270.0,9.232017366004007,9.672636877991252,8.99047619047619,20.502661084776204,21.54549524490146,14.883193333943925,15.845203841669136,176.22199999999998,73.66296720155377,44.94511582804361,16.0,22.0,37.0,617.0,1665.0,64.89880952380952,2612.0,2752.0,250.0,951.0,382.0,48.05551058341552,25.1113269433606,2.5497429824853777,1.849134754100721,1.0
154.0,179.0,7.8888888888888875,6.777777777777779,378.0,14.741514740667455,15.41854736354445,14.500000000000005,32.505772902065566,33.52467160255393,23.282153120817714,24.654674786947886,272.9375,110.39330301505944,64.82529090995874,18.0,20.0,52.0,2828.0,14160.0,115.34260404628051,12078.0,12839.0,570.0,4524.0,1026.0,74.73408351832494,39.67862924344034,2.4810219043651296,1.238811552718218,1.0
64.0,72.0,5.944444444444445,3.3888888888888893,160.0,6.685070510202191,6.654478692306727,6.4,13.496444273412632,14.554445777276092,10.037394307054264,10.263700840429795,109.53125,46.57213455185122,27.90168923923731,12.0,16.0,22.0,327.0,940.0,37.1015873015873,1228.0,1140.0,80.0,474.0,176.0,32.825986132637766,17.721189232508333,2.2970087413362537,2.3057911149384687,1.0
36.0,39.0,3.2222222222222223,1.8611111111111112,88.0,3.804530452640311,3.802675481463779,3.6333333333333333,7.691642601795419,8.350642529077819,5.835193734454857,5.901223825343431,58.140625,26.26357993262259,15.543203766865057,6.0,10.0,12.0,60.0,106.0,16.166666666666664,228.0,214.0,20.0,106.0,50.0,18.69255664280207,9.953959938490609,2.193527085331054,2.2794002709583667,1.0
36.0,38.0,3.2222222222222223,1.8333333333333333,88.0,3.787693700234704,3.7888543819998315,3.6,7.6512343960219615,8.391883981397134,5.875633848974738,5.926813801712124,54.75,26.403614671685094,15.77269903474535,8.0,12.0,12.0,62.0,115.0,16.03333333333333,236.0,222.0,12.0,110.0,50.0,18.68250312825291,9.92477721636806,2.170086486626033,2.1923771580194713,1.0
12.0,9.0,3.111111111111111,1.0,30.0,1.7320508075688776,1.5,1.5,2.598076211353316,3.4641016151377553,2.449489742783178,2.121320343559643,10.125,9.486832980505138,6.0,6.0,12.0,4.0,9.0,12.0,4.5,24.0,15.0,6.0,9.0,6.0,7.829154880351855,3.4641016151377544,1.7320508075688772,2.3237900077244498,1.0
110.0,138.0,5.138888888888888,4.055555555555555,290.0,9.270856947829095,9.949267896710655,9.066666666666668,21.610826190248506,22.433125433716448,15.451607869427358,16.83640691236309,193.875,78.86955121855209,48.52910623720683,10.0,14.0,41.0,586.0,1501.0,66.92857142857143,2603.0,2871.0,199.0,1059.0,387.0,51.16077629280085,25.402767365595004,2.600533025719627,1.679420391003458,1.0
152.0,181.0,8.25,6.527777777777778,382.0,14.185871848001627,14.854437852936208,13.900000000000002,31.452614717396923,32.59688923629456,22.563115795812703,24.00577785276513,270.484375,109.03287050998347,64.95208681182503,16.0,20.0,53.0,2154.0,8368.0,116.50268065268065,9238.0,9882.0,602.0,3518.0,966.0,72.69755643287549,38.70343545483023,2.4956168073696645,1.476668304095379,1.0
106.0,114.0,9.506944444444445,5.319444444444445,274.0,10.852685169664097,10.837760265306477,10.3,21.91261560255007,24.272267589155636,16.80916152030557,17.032601199438336,165.8767361111111,78.13903136179283,47.60059795665124,24.0,46.0,37.0,1492.0,6815.0,73.34752747252747,5709.0,5433.0,277.0,1882.0,500.0,53.97211617414325,27.070797909768928,2.2954078760731975,2.2055834770493603,1.0
172.0,200.0,10.923611111111109,6.76388888888889,460.0,15.19249180271449,15.893761652782343,14.500000000000007,33.59741550386099,36.62531413163174,25.35146203594696,26.75487390107494,266.18923611111114,125.80642367931912,78.80285027563431,34.0,60.0,64.0,3349.0,17316.0,127.7175848661143,14149.0,14896.0,587.0,5080.0,1109.0,80.4459077904265,40.26401343268701,2.4539947274015117,1.2547701174352661,0.0
180.0,206.0,10.451388888888886,7.666666666666668,460.0,16.89799805120625,17.59976765890002,16.385714285714293,36.93250307620756,39.2449951280156,27.27327345224536,28.618582430898073,298.4819861111111,130.5463167522497,78.66691016292246,28.0,48.0,63.0,4676.0,28023.0,139.3588593123423,19904.0,21146.0,748.0,6758.0,1382.0,86.7677367202055,45.489031597084704,2.3660004476875054,1.1396348336648765,0.0
140.0,167.0,7.499999999999998,5.666666666666668,358.0,12.631030293135234,13.316052888782677,12.300000000000002,28.355626976712564,29.71155032905364,20.591625366514126,21.972314109516176,238.46875,100.83670940675826,61.117086977459365,18.0,24.0,50.0,1540.0,5421.0,101.73621933621934,6650.0,7159.0,454.0,2515.0,746.0,65.82154089681981,34.396965969806615,2.4936691692189035,1.5229669582022223,1.0
148.0,176.0,7.999999999999999,6.25,374.0,13.669035095596021,14.340616753472261,13.36666666666667,30.41220651162346,31.638130688613863,21.896449129146042,23.324261047947285,259.09375,106.34447812429985,63.767368517332244,18.0,22.0,52.0,1977.0,7630.0,110.42318237318239,8418.0,8918.0,514.0,3303.0,870.0,70.49071422282381,37.15695800988479,2.5135909082957433,1.4793425830174605,1.0
140.0,172.0,8.472222222222221,5.333333333333333,374.0,11.969234250586762,12.64637056917435,11.500000000000002,27.1280859900549,28.979709953492833,19.981977841250295,21.45839695144329,231.390625,101.36437573854015,63.473378147206,20.0,30.0,53.0,1352.0,4624.0,98.02352092352092,5776.0,6134.0,358.0,2834.0,726.0,64.01971928095982,32.5405388146535,2.5648742900458843,1.5750479673719162,0.0
82.0,90.0,8.006944444444443,3.763888888888889,226.0,7.831517119608918,7.827017500080839,7.2666666666666675,15.896444273412634,18.304445777276094,12.63547051840758,12.826637159892346,116.64236111111111,61.177519406203984,39.063966899405685,22.0,46.0,31.0,560.0,1788.0,49.661904761904765,2115.0,1979.0,163.0,744.0,266.0,40.29462619872528,19.9339969060726,2.328311716816107,2.392571803360345,0.0
124.0,143.0,7.8888888888888875,5.25,316.0,11.524877143252587,11.985735208391004,11.100000000000003,25.18124417472355,26.90749231975221,18.701015166255306,19.657804142842867,199.671875,89.99688618225817,54.86130087110108,22.0,30.0,44.0,1400.0,5325.0,85.03239538239538,5886.0,6171.0,366.0,2013.0,607.0,59.59306209680186,30.543619899809492,2.382495315656838,1.5476925402933608,1.0
140.0,166.0,7.499999999999999,5.638888888888888,358.0,12.614193540729627,13.30223178931873,12.26666666666667,28.315218770939108,29.752791781372956,20.632065481034005,21.997904085884862,235.078125,100.97674414582073,61.34658224533966,20.0,26.0,50.0,1668.0,6365.0,98.11536796536797,7233.0,7819.0,437.0,2432.0,729.0,65.9945444321016,34.07360582592938,2.466903107798218,1.3987680842870498,1.0
158.0,188.0,9.5625,6.208333333333334,424.0,13.85981100928071,14.535658148291779,13.285714285714288,30.845235918978233,33.27515707071243,22.99143609629712,24.434151590782584,248.870875,115.18112298288929,72.18975310456999,32.0,48.0,59.0,2240.0,9084.0,115.11996059496059,9568.0,10190.0,548.0,3279.0,906.0,73.51056879946742,36.898119299147666,2.5174680206005635,1.423492508527926,0.0
146.0,173.0,8.36111111111111,5.805555555555555,378.0,13.008040390846979,13.696658980318647,12.56666666666667,29.140835968950086,30.94873377207152,21.44856206196173,22.839990643181277,238.453125,105.69327010742474,64.99029107559305,24.0,32.0,53.0,1856.0,7277.0,103.49831557331558,7993.0,8580.0,475.0,2683.0,785.0,68.49047519953244,34.99707616860058,2.469338439021245,1.4013086401498196,0.0
140.0,166.0,7.499999999999999,5.638888888888888,358.0,12.614193540729627,13.30223178931873,12.26666666666667,28.315218770939108,29.752791781372956,20.632065481034005,21.997904085884862,235.078125,100.97674414582073,61.34658224533966,20.0,26.0,50.0,1668.0,6365.0,98.11536796536797,7233.0,7819.0,437.0,2432.0,729.0,65.9945444321016,34.07360582592938,2.466903107798218,1.3987680842870498,1.0
138.0,159.0,9.25,6.0,352.0,12.956728795830724,13.404726264080505,12.466666666666669,28.063440907645422,30.030014670011,20.822335509814945,21.851837638570387,223.671875,100.22118086140375,61.155291241227346,26.0,34.0,49.0,1943.0,7937.0,100.20352147852148,8050.0,8312.0,472.0,2759.0,766.0,66.6582263392018,34.0848032449661,2.3946342562157192,1.5753584835662886,0.0
108.0,126.0,5.916666666666666,4.694444444444444,268.0,10.25402019542349,10.710701925855117,10.033333333333335,22.570417984475046,23.47436688603576,16.32047510869343,17.240934270694794,188.3125,77.59537239524151,45.93017438034093,12.0,16.0,37.0,882.0,2780.0,72.70873015873016,3706.0,3867.0,266.0,1385.0,452.0,52.24060178230146,27.54501083422356,2.447633478289314,1.7043469931371242,1.0
98.0,112.0,6.645833333333333,4.541666666666666,252.0,9.626845650481467,9.847458809482067,9.304761904761905,20.353325971938872,21.7438908215003,15.10372151336046,15.639666480072233,164.76837037037035,71.23182452573583,42.69585572232624,16.0,28.0,34.0,805.0,2548.0,65.45753968253969,3240.0,3241.0,282.0,1111.0,408.0,48.474774259087546,25.49180414798313,2.435247326921739,1.9957962538989467,1.0
148.0,174.0,7.999999999999998,6.138888888888888,374.0,13.61419354072963,14.30223178931873,13.266666666666673,30.315218770939108,31.752791781372956,22.046279043407097,23.412117648257958,251.078125,106.63359839531314,64.17500937008586,20.0,26.0,52.0,2452.0,12374.0,103.6301341632224,10660.0,11562.0,438.0,3654.0,872.0,70.47767516885358,36.704745740545675,2.480972775751104,1.1557281701690312,1.0
44.0,46.0,6.083333333333333,2.777777777777778,110.0,5.112590865130758,4.851803210842947,4.766666666666667,9.402877882970527,10.667904863336028,7.358797096569131,7.190904139832554,69.515625,32.623814724479956,19.77269903474535,12.0,18.0,15.0,168.0,402.0,24.616666666666667,562.0,462.0,68.0,168.0,90.0,24.241673814767672,12.066822110680892,2.1753277471610746,3.68489411534331,1.0
42.0,44.0,5.923611111111111,2.4583333333333335,120.0,4.537822562996031,4.273872600770757,4.133333333333333,8.225891912592466,9.883322661817267,6.7416592527591765,6.567597182018493,57.12037037037037,31.941756041416724,20.722900958004928,16.0,32.0,16.0,122.0,261.0,21.716666666666665,398.0,317.0,58.0,122.0,72.0,22.185242049452608,10.944271909999161,2.2360679774997902,3.8025777526193902,1.0
116.0,140.0,5.027777777777778,4.555555555555555,294.0,10.326499840494924,11.013377407318897,10.16666666666667,23.66398437491715,24.360907799975823,16.877751975618917,18.19241062773239,204.328125,83.05841084837421,49.816523897713594,12.0,14.0,41.0,822.0,2412.0,75.7968253968254,3643.0,4024.0,263.0,1448.0,484.0,54.07186290601466,28.30862423817238,2.490483884540865,1.5697417259125996,1.0
106.0,128.0,6.277777777777777,4.499999999999999,272.0,9.719545352812842,10.157335180472511,9.466666666666669,21.53343112894384,22.514406331655927,15.532488098467121,16.555360688938748,187.09375,76.22588909727733,46.10831996521424,12.0,16.0,38.0,739.0,2173.0,69.16150793650795,3122.0,3282.0,250.0,1373.0,442.0,50.22287470565762,26.156130553072277,2.482619857893593,1.7635159530712725,1.0
104.0,122.0,8.027777777777777,4.888888888888888,266.0,10.078917360319544,10.273650754698233,9.700000000000001,21.32206147142361,22.750387767974654,15.682318012728182,16.383704265255584,179.078125,75.33029107379782,45.68753369322165,16.0,22.0,37.0,907.0,2920.0,70.90833333333333,3566.0,3469.0,270.0,1260.0,426.0,51.066860904913824,26.21446893679022,2.4848924083973767,2.0725582396930946,1.0
36.0,38.0,5.0625,2.375,100.0,4.181980515339464,3.9040092744604245,3.8999999999999995,7.456854249492381,8.613961030678928,5.815772872090272,5.663244000780088,58.37037037037037,27.07614454786196,16.901046542878234,12.0,24.0,13.0,92.0,188.0,18.23333333333333,296.0,232.0,46.0,92.0,56.0,19.702166884905772,10.261125441030142,2.2059461150510966,3.617389308593609,1.0
56.0,62.0,4.923611111111111,2.833333333333333,150.0,5.684269172402757,5.657557026545037,5.4,11.425891912592466,12.633322661817266,8.70406097372093,8.860573949261301,86.75,41.36842689228362,25.542032867665693,14.0,26.0,20.0,193.0,442.0,30.183333333333334,724.0,670.0,84.0,274.0,126.0,28.26819477512103,14.445284745167351,2.334414218338978,2.475990599149688,1.0
42.0,44.0,3.111111111111111,2.5,92.0,4.931851652578137,4.918991055689499,4.866666666666666,9.882196732921877,10.122522350258794,7.071067811865477,7.143780964033363,80.0,30.023284552368903,16.19348530673794,4.0,4.0,12.0,133.0,323.0,21.642857142857142,512.0,488.0,44.0,196.0,84.0,23.038420907695816,12.93214339703486,2.154341309122882,2.0172372216570547,1.0
48.0,50.0,3.9722222222222223,2.5833333333333335,112.0,5.287693700234704,5.2888543819998315,5.1,10.65123439602196,11.391883981397136,7.996954192534382,8.048134145271767,78.75,34.888896045923666,20.015339721864635,8.0,12.0,15.0,174.0,446.0,25.102380952380955,669.0,637.0,57.0,246.0,104.0,25.521034395943786,13.67440108058962,2.1664545234617485,2.046920975581053,1.0
34.0,36.0,2.611111111111111,2.0,76.0,3.931851652578137,3.9189910556894993,3.8666666666666667,7.882196732921877,8.122522350258794,5.6568542494923815,5.729567401660267,64.0,24.366430302876523,13.365058181991753,4.0,4.0,10.0,67.0,135.0,15.566666666666665,256.0,241.0,24.0,78.0,43.0,18.561106505263535,10.051765371679789,2.164842698536667,2.0584046167758574,1.0
102.0,117.0,5.055555555555555,4.472222222222221,248.0,9.826499840494924,10.288632535927308,9.666666666666668,21.663984374917153,22.360907799975827,15.584858756805469,16.45002766613576,178.15625,73.15891591176252,42.74545608584812,12.0,14.0,34.0,914.0,3456.0,64.00497835497836,3956.0,4275.0,212.0,1390.0,423.0,49.82384100457502,26.636251642606112,2.346095936893456,1.39819031173144,1.0
118.0,143.0,5.638888888888889,4.472222222222221,306.0,10.220346690612276,10.907804598318814,9.966666666666669,23.489601572928127,24.55684979067439,16.987141775360094,18.32739040384226,199.703125,84.94650968523202,52.046019165593904,16.0,20.0,43.0,790.0,2220.0,77.1547619047619,3477.0,3810.0,227.0,1601.0,487.0,54.201406968986774,28.03588692719311,2.5066631986877805,1.6359638988953196,1.0
140.0,160.0,9.340277777777779,5.8055555555555545,370.0,12.825518406134815,13.297092177436241,12.252380952380955,27.83893668576546,30.35845421407555,21.059142335827502,22.01025182436811,218.46636111111115,102.45586130114746,63.46685214656508,28.0,50.0,51.0,2246.0,11174.0,96.82859362859362,9406.0,9828.0,382.0,3225.0,766.0,66.8710958481976,33.84100175342426,2.4025239814377994,1.3443683415749184,1.0
112.0,136.0,4.777777777777779,4.305555555555555,286.0,9.826499840494924,10.513377407318897,9.666666666666668,22.66398437491715,23.360907799975827,16.17064519443237,17.48530384654584,196.328125,80.22998372362801,48.402310335340516,12.0,14.0,40.0,689.0,1875.0,71.87619047619049,3066.0,3399.0,198.0,1413.0,442.0,51.708265542590944,27.262856309925347,2.4981187708055206,1.632019825386879,1.0
146.0,173.0,8.36111111111111,5.805555555555555,378.0,13.008040390846979,13.696658980318647,12.56666666666667,29.140835968950086,30.94873377207152,21.44856206196173,22.839990643181277,238.453125,105.69327010742474,64.99029107559305,24.0,32.0,53.0,1856.0,7277.0,103.49831557331558,7993.0,8580.0,475.0,2683.0,785.0,68.49047519953244,34.99707616860058,2.469338439021245,1.4013086401498196,0.0
152.0,181.0,8.25,6.527777777777779,382.0,14.185871848001627,14.854437852936208,13.900000000000002,31.45261471739692,32.59688923629455,22.563115795812703,24.00577785276513,270.484375,109.03287050998348,64.95208681182504,16.0,20.0,53.0,2154.0,8368.0,116.50268065268065,9238.0,9882.0,602.0,3518.0,966.0,72.69755643287549,38.70343545483022,2.4956168073696663,1.476668304095379,1.0
178.0,208.0,10.361111111111109,7.9444444444444455,442.0,17.07971869811898,17.748865043936124,16.700000000000003,37.27823191540791,38.792831226993115,26.915146282673163,28.38339831599428,313.859375,127.89153209531845,75.66686345394389,20.0,26.0,61.0,3582.0,15302.0,150.97748362748365,15008.0,15668.0,928.0,5378.0,1380.0,86.58863388754826,46.098685787193375,2.5077051050339114,1.531046705454955,1.0
170.0,200.0,9.861111111111109,7.4444444444444455,426.0,16.07971869811898,16.748865043936128,15.700000000000005,35.27823191540791,36.792831226993115,25.50093272030007,26.96918475362119,297.859375,122.23467784582608,72.8384363291977,20.0,26.0,59.0,2968.0,11872.0,140.72667055167054,12506.0,13134.0,820.0,4620.0,1234.0,82.02946641083633,43.57283563307815,2.5083720408487364,1.5566708726044276,0.0
178.0,208.0,10.361111111111109,7.9444444444444455,442.0,17.07971869811898,17.748865043936124,16.700000000000003,37.27823191540791,38.792831226993115,26.91514628267316,28.38339831599428,313.859375,127.89153209531845,75.66686345394389,20.0,26.0,61.0,3582.0,15302.0,150.97748362748365,15008.0,15668.0,928.0,5378.0,1380.0,86.58863388754827,46.098685787193375,2.5077051050339114,1.5310467054549552,0.0
226.0,265.0,12.944444444444443,9.916666666666664,564.0,21.456728795830728,22.354216006863677,20.966666666666665,47.06344090764542,49.03001467001099,34.014723665240055,35.94320527956185,396.015625,162.4465776058199,96.51063030055467,26.0,34.0,78.0,7217.0,39322.0,204.72709879989293,30714.0,32624.0,1514.0,10135.0,2224.0,109.28736122192733,57.889839348169346,2.507745453723756,1.2519017947101356,0.0
210.0,245.0,10.97222222222222,9.277777777777779,516.0,20.135361590784804,21.03771942593595,19.8,44.33139010007655,45.72061359325249,31.75550395123781,33.60310533651986,374.484375,150.46516803599079,88.26798961343539,22.0,26.0,71.0,5892.0,30288.0,185.48333357818652,25295.0,27113.0,1311.0,8462.0,1948.0,102.00138366011065,54.67417222707331,2.507735866965132,1.2613521642910297,0.0
202.0,238.0,10.472222222222221,8.805555555555557,500.0,19.152198343190413,20.0515405253999,18.833333333333336,42.37179830585,43.679372140933175,30.30085027434484,32.16330179777807,361.875,144.6682790474359,85.21006722080892,20.0,24.0,69.0,4973.0,23708.0,174.915120990121,21414.0,23020.0,1156.0,7130.0,1732.0,97.53418851541777,52.233732535945464,2.5077785937010026,1.2985147363604013,0.0
180.0,214.0,8.611111111111109,7.611111111111113,448.0,16.741514740667455,17.64329223493604,16.500000000000007,37.505772902065566,38.52467160255392,26.696366683190803,28.518378092104154,323.109375,128.7780793259097,76.13899940894346,18.0,20.0,62.0,3168.0,12690.0,148.698532023532,13768.0,14929.0,872.0,4955.0,1337.0,85.91330217983418,45.905415215441415,2.5147406036981708,1.3858436343373324,0.0
158.0,196.0,11.055555555555552,5.916666666666666,434.0,13.20128505815564,13.871115440565937,12.500000000000002,29.726162201408215,32.443811568630586,22.310147240473828,23.90788669422647,251.6875,115.0938494061646,73.71601883432527,26.0,42.0,62.0,1781.0,6183.0,116.19188311688313,7502.0,7856.0,504.0,3170.0,876.0,72.90416983251868,35.06094909661533,2.5924369543537233,1.6444971446739973,0.0
50.0,58.0,5.034722222222222,2.25,146.0,4.582334106738749,4.560665705126411,4.219047619047618,9.28960894226567,10.813606741658786,7.38715647712708,7.568097925112624,70.94437037037036,37.444654659845334,24.638310528300117,16.0,30.0,20.0,108.0,208.0,23.53333333333333,394.0,351.0,48.0,127.0,75.0,24.023578754568693,11.576737174882895,2.4067748546945373,2.6094321151636795,1.0
120.0,141.0,7.638888888888888,5.111111111111112,308.0,11.07971869811898,11.524120172544533,10.700000000000001,24.278231915407897,25.792831226993123,17.844078470807702,18.862840761345645,199.6875,86.87933878649872,53.039446455974414,20.0,26.0,43.0,1130.0,3740.0,83.01984126984128,4671.0,4789.0,339.0,2004.0,576.0,57.254842884119,29.362707678678994,2.4923497075441454,1.7351876459651856,1.0
160.0,188.0,9.201388888888888,6.527777777777779,420.0,14.45283960607264,15.138152623053552,13.985714285714291,32.029490816891915,34.130334035256524,23.58790963205157,24.995191924654666,266.49761111111115,116.11506085750547,71.18820149830344,26.0,44.0,58.0,2618.0,11825.0,118.59528804528807,11112.0,11747.0,600.0,4387.0,1026.0,75.39417525681291,38.805134869161705,2.501762400405457,1.3442743400064738,1.0
160.0,188.0,9.201388888888888,6.527777777777779,420.0,14.45283960607264,15.138152623053552,13.985714285714291,32.029490816891915,34.130334035256524,23.58790963205157,24.995191924654666,266.49761111111115,116.11506085750547,71.18820149830344,26.0,44.0,58.0,2618.0,11825.0,118.59528804528807,11112.0,11747.0,600.0,4387.0,1026.0,75.39417525681291,38.805134869161705,2.501762400405457,1.3442743400064738,1.0
138.0,163.0,9.249999999999998,6.166666666666667,352.0,13.04524385550833,13.47075342716193,12.633333333333336,28.24124505987669,29.832870672613282,20.591625366514126,21.712801085522333,238.46875,99.65199111226546,60.28865985271318,20.0,26.0,49.0,1747.0,6417.0,105.12806637806639,7155.0,7282.0,463.0,2632.0,761.0,66.59787175363603,34.701148214294406,2.478044848652959,1.7733269631181643,1.0
128.0,161.0,7.2013888888888875,4.708333333333333,356.0,10.554479218840966,11.207258120373286,10.152380952380954,24.19742287319852,25.882071082616147,17.7015886849493,19.21038779331883,212.29275,92.92484452366988,59.19413151156387,22.0,34.0,50.0,886.0,2548.0,83.59325396825398,3814.0,4074.0,284.0,1724.0,537.0,57.30748549556284,28.990389776931462,2.6355636812330205,1.693033158891475,1.0
82.0,98.0,5.645833333333333,3.6666666666666665,220.0,7.687505822261288,7.885843773635598,7.404761904761905,16.438944055103,17.615211165059947,12.116375766016379,12.723382755015361,138.398,59.674787208886606,36.78706557062915,16.0,24.0,30.0,401.0,1030.0,49.00357142857143,1620.0,1625.0,162.0,669.0,260.0,39.37796027511126,20.353828051456457,2.468661744459047,2.101357936158396,1.0
134.0,154.0,8.479166666666666,5.6944444444444455,350.0,12.46014554224993,12.916486085900273,11.985714285714288,27.03098837848748,29.09323364369513,20.184028223706232,21.142575290703,213.70999537037036,97.69088350677865,59.90505794952915,26.0,42.0,48.0,2035.0,9946.0,91.64441849000673,8580.0,9030.0,380.0,3058.0,738.0,64.30361473139693,33.29228497038045,2.4144486176301743,1.324454741194201,1.0
84.0,102.0,4.416666666666667,3.194444444444444,220.0,7.25402019542349,7.710701925855117,7.033333333333334,16.57041798447505,17.474366886035767,12.077834421574144,12.99829358357551,140.3125,60.624809646764376,37.44489300610236,12.0,16.0,31.0,329.0,812.0,45.79523809523809,1428.0,1539.0,94.0,603.0,224.0,38.67240602767328,19.691319735033215,2.501495274637709,1.7645870423244603,1.0
78.0,95.0,3.555555555555556,3.027777777777778,200.0,6.860173345306138,7.3162747348552015,6.733333333333334,15.744800786464067,16.2784248953372,11.26133784064642,12.156207026279091,136.9375,55.9082836851604,33.80118417584898,8.0,10.0,28.0,267.0,617.0,41.46666666666667,1177.0,1290.0,83.0,499.0,194.0,36.179266565565236,18.912578161456395,2.4918556592645507,1.7857035701437307,1.0
90.0,100.0,5.694444444444445,4.388888888888888,214.0,9.270856947829097,9.499778153927474,9.066666666666666,19.610826190248503,20.43312543371645,14.28003499417355,14.765854551542926,157.53125,64.72741559482117,37.21539773822207,10.0,14.0,29.0,878.0,3531.0,56.21176046176046,3625.0,3735.0,195.0,1055.0,349.0,45.81184825500874,24.31994185228115,2.3187458603026094,1.5129015743081102,1.0
136.0,157.0,11.902777777777779,5.486111111111111,390.0,11.92715801890314,12.155052056755808,11.01904761904762,25.206868742072064,29.11019126143517,20.051136566236075,20.738047932371288,189.74298148148148,101.41492171927493,66.30120928457168,36.0,76.0,54.0,1766.0,7254.0,95.39089521589521,7058.0,7028.0,440.0,2143.0,664.0,63.74990301354554,30.566179893444918,2.4346088909345918,1.9193251996090126,1.0
108.0,128.0,11.993055555555555,4.0,346.0,8.703247926875857,8.70873871842808,7.642857142857145,17.916641280023008,22.54679495178445,15.373895432903398,15.697393797671715,134.55583796296295,82.41070259773223,57.379622431094106,36.0,90.0,48.0,701.0,1920.0,69.59761904761905,2584.0,2349.0,272.0,761.0,355.0,48.81314295835572,21.41548700797732,2.5478539007542316,3.187575649838492,1.0
130.0,151.0,13.854166666666666,5.166666666666666,398.0,11.097094776993208,11.103165909427995,9.942857142857145,22.74225847803399,27.742736942483013,19.018819138577307,19.36790747971432,169.93083796296293,98.44093705832101,66.68018551083988,40.0,96.0,55.0,1446.0,5198.0,92.82063492063492,5483.0,5163.0,437.0,1696.0,594.0,60.33219229916059,27.41245092889664,2.499496399687034,2.936757609191894,1.0
68.0,77.0,6.194444444444445,3.6666666666666665,168.0,7.201907262607799,7.168299791770674,6.9333333333333345,14.53685247918609,15.513204324956778,10.70406097372093,10.94521764524765,120.921875,49.260526937534905,29.08640753373011,10.0,14.0,23.0,372.0,1010.0,41.67261904761905,1389.0,1281.0,129.0,520.0,204.0,35.11770936309286,18.504150476474507,2.363208404924167,2.528893977310719,1.0
120.0,146.0,8.090277777777777,4.722222222222222,330.0,10.42555748620835,10.874879162337434,9.93809523809524,23.056338231254518,25.10855191425939,17.291149706659766,18.333525798706457,195.4668657407408,87.55011806859794,55.25492741389625,20.0,38.0,46.0,988.0,3209.0,79.26269841269843,4157.0,4357.0,311.0,1513.0,508.0,55.53859891067836,27.730103099632366,2.5583283531955767,1.7256058072644849,0.0
184.0,216.0,11.152777777777775,7.611111111111112,490.0,16.780860207396294,17.469950901500017,16.176190476190484,36.742141237813385,39.48484258894183,27.32824363342708,28.746455363986687,303.5431064814815,133.9730384527008,82.35457378482248,32.0,58.0,67.0,4424.0,25125.0,143.61982478306007,18764.0,19858.0,772.0,6506.0,1382.0,87.2573835147418,45.35231360666683,2.4963241649859396,1.2108499866256688,0.0
124.0,145.0,7.8888888888888875,5.3055555555555545,316.0,11.558550648063802,12.013377407318897,11.16666666666667,25.26206058627046,26.825009415113573,18.62013493721555,19.606624190105485,206.453125,89.7168167041332,54.4023103353405,18.0,26.0,44.0,1389.0,5280.0,85.65541125541125,5848.0,6139.0,372.0,1956.0,607.0,59.61325747842301,31.110868786542202,2.404695504637184,1.554488427393898,1.0
160.0,203.0,8.78472222222222,5.625,446.0,12.913557916356064,13.80540819377418,12.390476190476194,29.979512678809137,32.13332121699715,22.039789857913643,23.977549780311286,262.69075,116.09681633382768,74.26101862965402,28.0,40.0,63.0,1548.0,5071.0,114.00952380952381,6689.0,7157.0,427.0,3268.0,835.0,70.90575655792215,35.02722856624075,2.7119254516245377,1.5400236144353787,1.0
60.0,66.0,5.173611111111111,3.083333333333333,158.0,6.184269172402757,6.157557026545037,5.9,12.425891912592466,13.633322661817266,9.411167754907478,9.567680730447849,94.75,44.19685401702981,26.95624643003879,14.0,26.0,21.0,244.0,590.0,33.86666666666667,915.0,847.0,103.0,334.0,150.0,30.548235748808597,15.371644569459477,2.343259186552149,2.500136126627295,1.0
164.0,192.0,9.451388888888888,6.777777777777779,428.0,14.95283960607264,15.638152623053552,14.485714285714291,33.029490816891915,35.130334035256524,24.295016413238116,25.702298705841216,274.49761111111115,118.94348798225167,72.60241506067653,26.0,44.0,59.0,2893.0,13523.0,123.97914169164169,12257.0,12937.0,593.0,4736.0,1057.0,77.6568925472677,39.84743709878664,2.5002207148991946,1.3303654051574938,1.0
136.0,178.0,6.312499999999998,4.625,382.0,10.663869018582144,11.54111767646393,10.35714285714286,25.384857817698077,26.668017595160258,18.176086552757376,20.10978969821683,236.56575000000004,98.02939750443032,62.55281469715467,20.0,26.0,54.0,824.0,2211.0,87.32063492063492,3694.0,4108.0,258.0,2007.0,565.0,59.09078290261786,29.861282750795908,2.708098402386268,1.6278840537464039,1.0
70.0,78.0,6.284722222222221,3.4999999999999996,186.0,7.082334106738749,7.060665705126412,6.719047619047619,14.28960894226567,15.813606741658786,10.92269038305982,11.103631831045362,110.94437037037036,51.58679028357629,31.7093783401656,16.0,30.0,25.0,374.0,1027.0,41.74761904761905,1415.0,1325.0,141.0,482.0,204.0,35.32965831909635,18.50359021269605,2.3572091131995947,2.4855047685463934,1.0
128.0,146.0,7.166666666666666,6.000000000000001,308.0,12.775188245478667,13.221444691080755,12.566666666666668,27.586589313612482,28.4421886979153,19.787059329404865,20.739791529054234,229.546875,91.72845722608419,53.05259187521338,14.0,16.0,42.0,1831.0,7856.0,93.68734321234322,7594.0,7838.0,442.0,2761.0,738.0,63.65406067285392,34.38005123636801,2.411115370727308,1.5172568855861008,1.0
108.0,126.0,5.916666666666666,4.694444444444444,268.0,10.25402019542349,10.710701925855117,10.033333333333335,22.570417984475046,23.47436688603576,16.32047510869343,17.240934270694794,188.3125,77.59537239524151,45.93017438034093,12.0,16.0,37.0,882.0,2780.0,72.70873015873016,3706.0,3867.0,266.0,1385.0,452.0,52.24060178230146,27.54501083422356,2.447633478289314,1.7043469931371242,1.0
82.0,99.0,5.645833333333333,3.6944444444444446,220.0,7.704342574666895,7.899664873099544,7.438095238095238,16.479352260876457,17.57396971274063,12.075935651496499,12.69779277864667,141.788625,59.534752469824106,36.55757030274887,14.0,22.0,30.0,388.0,952.0,49.49285714285714,1564.0,1565.0,168.0,640.0,260.0,39.38848200519334,20.57592733294011,2.4777387558884794,2.171298256711049,1.0
72.0,84.0,5.055555555555555,3.083333333333333,186.0,6.6815405503520555,6.9080264443913375,6.4,14.476851594032944,15.587825972095702,10.813450773462108,11.339710445351365,116.296875,52.333344068885495,32.1443299263566,12.0,18.0,26.0,283.0,690.0,39.819047619047616,1152.0,1161.0,86.0,542.0,196.0,34.55419473617836,17.683996835988737,2.4021865221231997,2.002389306756594,1.0
98.0,106.0,6.194444444444445,4.833333333333332,230.0,10.237183443017884,10.472135954999581,10.000000000000002,21.53000977870159,22.51560833835508,15.775128785586409,16.231248066653404,166.75,70.66433932243856,40.50281539872884,14.0,18.0,31.0,1158.0,4971.0,64.66740759240759,4714.0,4774.0,238.0,1594.0,450.0,50.265902859978105,26.569834753519046,2.2810418592150583,1.5669043789688935,1.0
126.0,140.0,6.555555555555555,5.944444444444444,296.0,12.809663088089318,13.274811436463361,12.633333333333336,27.623576169143693,28.40214925229514,19.867939558444625,20.71825832962373,222.765625,90.2695133993022,51.46023272796698,14.0,16.0,40.0,2160.0,11064.0,88.14396061454885,9206.0,9802.0,398.0,2963.0,738.0,63.40913310508569,34.234516904612576,2.28174508018609,1.2332978205522793,1.0
84.0,92.0,4.833333333333334,4.25,194.0,8.881341395361316,9.10227262868925,8.766666666666667,18.760972115601508,19.24624670721674,13.435028842544408,13.912681323041904,152.0,60.1418735793914,33.85253385885596,10.0,10.0,26.0,704.0,2530.0,52.938203463203465,2878.0,2927.0,174.0,1044.0,330.0,43.2241218663843,23.279703381012865,2.2807088938248556,1.6521727779888322,1.0
116.0,128.0,5.444444444444445,5.5,268.0,11.898979485566358,12.366563145999498,11.800000000000002,25.757550765359255,26.247448713915887,18.38477631085024,19.194654967509457,208.0,82.86459505201452,46.63180560322078,12.0,12.0,36.0,1721.0,8314.0,78.66434260184259,7384.0,7916.0,332.0,2442.0,632.0,58.62681198105527,31.78773218288289,2.281358851432282,1.2350600938829828,1.0
112.0,124.0,5.194444444444445,5.25,260.0,11.398979485566358,11.866563145999498,11.300000000000002,24.757550765359255,25.247448713915887,17.677669529663692,18.48754818632291,200.0,80.03616792726834,45.21759204084769,12.0,12.0,35.0,1517.0,7062.0,74.20460927960929,6532.0,7028.0,288.0,2058.0,558.0,56.42908592985054,30.400508830003844,2.281463557920389,1.2433873717108797,1.0
138.0,157.0,5.916666666666666,6.027777777777779,330.0,13.365305980755144,14.063665818463194,13.233333333333338,29.676734353812336,30.32993161855451,21.172763321076545,22.402431444216568,243.390625,98.70101371624361,56.990291075593035,16.0,16.0,45.0,2385.0,12525.0,94.59717863835512,10532.0,11621.0,394.0,3294.0,794.0,67.51372088619257,36.029309108813315,2.3798861494854266,1.0578542942490903,1.0
164.0,187.0,8.999999999999998,7.055555555555557,406.0,15.563683283512807,16.26076849092689,15.166666666666671,34.19399415361873,35.87651613833089,24.996026511712927,26.317314702110224,272.90625,118.36741111148542,70.5203494232191,26.0,32.0,56.0,3922.0,24084.0,119.77108660603244,16892.0,18154.0,558.0,5629.0,1130.0,79.55893275307776,41.527734459631084,2.3772878488662443,1.05344959794357,0.0
138.0,153.0,8.277777777777777,6.250000000000001,336.0,13.580520035918415,14.049844718999246,13.200000000000003,29.23440235939219,30.83527468601158,21.54137283481996,22.42802142058526,226.125,99.84260006157268,58.97714565635404,24.0,30.0,46.0,2834.0,16604.0,96.3075778968194,11920.0,12515.0,400.0,3810.0,823.0,68.4698153922241,35.8341194797088,2.289012233939744,1.1717105893148847,0.0
76.0,87.0,5.305555555555555,3.3055555555555562,194.0,7.16470379794645,7.394205344927391,6.866666666666667,15.43644338825949,16.62906742441502,11.560997669168538,12.072407202906607,120.90625,55.30180593269418,33.788038756609986,14.0,20.0,27.0,369.0,1016.0,42.90714285714286,1501.0,1515.0,115.0,547.0,213.0,36.907022565418416,19.054178558644143,2.3604108483918327,1.8686492970566289,0.0
70.0,86.0,5.416666666666667,2.833333333333334,190.0,6.125897657686229,6.343916933783095,5.8,13.423693409364299,14.660043605836323,10.094413448457097,10.69081351116861,113.84375,50.972911563809575,32.271125828222914,10.0,18.0,27.0,211.0,444.0,36.83333333333334,852.0,849.0,72.0,352.0,154.0,32.604186920471506,16.64237804774791,2.4763465753797997,2.1852638813143517,1.0
136.0,155.0,8.638888888888888,6.0,340.0,13.024877143252588,13.485735208391004,12.600000000000005,28.181244174723545,29.90749231975221,20.822335509814945,21.77912448640251,223.671875,98.48216755649676,59.10394155822037,22.0,30.0,47.0,2326.0,12007.0,95.27157230024878,9797.0,10303.0,405.0,3418.0,794.0,66.34857564118363,34.714732043993095,2.3422742427633816,1.2895871292760095,1.0
112.0,141.0,5.229166666666666,3.999999999999999,308.0,9.20514391246633,9.874879162337436,8.93809523809524,21.435522704860748,22.616413171759092,15.530589328389473,16.91931223633336,188.569875,80.98329511913666,50.980550877367094,18.0,26.0,43.0,578.0,1484.0,68.11309523809524,2560.0,2818.0,194.0,1436.0,426.0,49.92899339073391,25.572187745180734,2.6077261090732407,1.7109170540392504,1.0
78.0,87.0,7.3055555555555545,4.055555555555555,196.0,8.078917360319544,8.048905883306642,7.7,16.322061471423613,17.750387767974658,12.268104450355086,12.520000960099308,128.90625,56.945514762947575,34.37382519423689,16.0,22.0,27.0,556.0,1742.0,49.39603174603174,2111.0,1987.0,173.0,702.0,266.0,39.87873486240838,20.811755906669617,2.3210539348634485,2.3990794720543507,1.0
112.0,133.0,7.1388888888888875,4.555555555555555,292.0,10.058550648063802,10.513377407318897,9.666666666666668,22.26206058627046,23.825009415113577,16.498814593655908,17.485303846545847,182.453125,81.23153532989461,50.15966964822121,18.0,26.0,41.0,819.0,2365.0,74.96071428571429,3432.0,3578.0,274.0,1367.0,460.0,52.67707330020537,27.050643375045617,2.4594338179662945,1.8267166049095904,1.0
132.0,152.0,8.388888888888888,5.777777777777778,332.0,12.541713895658194,12.99955630785495,12.133333333333336,27.221652380497005,28.866250867432893,20.07478861410852,21.046427728847267,219.0625,95.51370569268805,57.46023272796697,20.0,28.0,46.0,1692.0,6480.0,96.08401875901875,7042.0,7306.0,482.0,2523.0,738.0,64.07998977383153,33.4598183116105,2.404335796689435,1.6280896336102761,1.0
76.0,80.0,6.694444444444444,3.916666666666666,184.0,8.075387400469408,8.077708763999665,7.700000000000001,16.30246879204393,17.78376796279427,12.458374479136026,12.560734384610798,117.5,55.63565646811637,32.959611631863794,16.0,24.0,25.0,654.0,2480.0,46.61518759018759,2527.0,2427.0,151.0,810.0,266.0,39.62471564395031,20.417270157425655,2.2190197562001104,2.009726396229524,1.0
102.0,123.0,6.027777777777778,4.166666666666667,264.0,9.181540550352056,9.632771315782927,8.899999999999999,20.47685159403294,21.5878259720957,14.93477111702175,15.910520531694187,174.46875,73.54654750448194,44.87225198771445,12.0,18.0,37.0,640.0,1825.0,64.33134920634922,2725.0,2889.0,219.0,1220.0,400.0,47.93322038753381,24.793951941209446,2.479029057966137,1.7568446256780519,1.0
100.0,118.0,5.416666666666666,4.1944444444444455,252.0,9.25402019542349,9.710701925855119,9.033333333333335,20.570417984475043,21.47436688603576,14.906261546320335,15.826720708321702,172.3125,71.93851814574914,43.101747255594745,12.0,16.0,35.0,638.0,1794.0,64.08690476190476,2719.0,2886.0,213.0,1094.0,377.0,47.6811505685164,25.034445304025848,2.4393220958157182,1.7590515953643913,1.0
64.0,66.0,7.784722222222221,3.541666666666667,172.0,6.8936646106526,6.643735927081089,6.366666666666667,12.994929575692554,15.152684292955609,10.495972758174272,10.30037748800309,87.87037037037037,48.12107603395625,30.201609622624005,20.0,40.0,23.0,406.0,1193.0,39.40952380952381,1414.0,1218.0,140.0,406.0,182.0,33.78665850692899,16.753257028566807,2.2638209778523977,4.052598387268363,1.0
132.0,156.0,6.027777777777777,5.611111111111112,326.0,12.3476678905501,13.024120172544535,12.200000000000003,27.680155704054588,28.328729611855366,19.637229415143803,20.984161104905287,237.5625,94.36306855447069,55.52472783021297,14.0,14.0,45.0,1537.0,5880.0,91.73434343434343,6718.0,7327.0,406.0,2378.0,702.0,63.20646425896216,33.9123324689779,2.42943325505131,1.3455713394135467,1.0
72.0,85.0,5.055555555555555,3.1666666666666665,186.0,6.71954535281284,6.932590309080922,6.466666666666668,14.53343112894384,15.514406331655929,10.70406097372093,11.27744382140938,120.921875,52.184258536934706,31.96618434148329,12.0,16.0,26.0,291.0,738.0,39.50357142857143,1173.0,1168.0,91.0,453.0,181.0,34.65238994686307,17.875352102013714,2.4378052029473825,1.9740248801207296,1.0
118.0,143.0,5.638888888888889,4.527777777777778,306.0,10.241514740667453,10.91854736354445,10.0,23.505772902065566,24.52467160255393,16.9181920901388,18.290713756268968,200.9375,84.93745889234373,52.09736884860088,18.0,20.0,43.0,910.0,3023.0,72.82189754689756,4012.0,4403.0,244.0,1322.0,458.0,55.761580806918786,27.9284649574584,2.505902172751003,1.4325894010533837,1.0
110.0,120.0,10.277777777777777,5.5555555555555545,276.0,11.328606258093465,11.313196400616892,10.733333333333334,22.916716332534676,25.215691389811564,17.546021317884453,17.801974604566873,171.03125,80.66978784183729,48.91045625148245,24.0,36.0,38.0,1568.0,6784.0,79.50785880785881,5964.0,5638.0,332.0,1982.0,546.0,56.2524223364006,28.601420631747725,2.354497332951737,2.4238500401669074,1.0
80.0,93.0,5.555555555555555,3.6666666666666665,202.0,7.71954535281284,7.932590309080922,7.466666666666668,16.53343112894384,17.514406331655927,12.118274536094026,12.691657383782477,136.921875,57.84111278642708,34.79461146622948,12.0,16.0,28.0,453.0,1352.0,46.951190476190476,1819.0,1806.0,133.0,648.0,241.0,39.212082815763466,20.038433239514443,2.4488773532412913,1.8692192233646856,1.0
88.0,100.0,6.055555555555555,4.194444444444445,218.0,8.723876650462412,8.929511974842612,8.466666666666669,18.50919425230782,19.523469595854785,13.503978527765705,14.094784274950968,150.765625,63.62895098209367,37.90388354186295,16.0,18.0,30.0,676.0,2362.0,54.292568542568546,2702.0,2674.0,150.0,933.0,304.0,43.759736986483574,23.024209233651668,2.412371305615521,1.7606970700839266,1.0
48.0,46.0,5.8125,2.875,124.0,5.560660171779821,5.327239346153363,5.200000000000001,10.28561808316413,11.871320343559642,8.254930460845697,7.960277544961088,71.1111111111111,36.04808355782949,21.647559034406953,12.0,32.0,16.0,261.0,834.0,26.44761904761905,912.0,791.0,66.0,261.0,110.0,26.50137373914447,13.366979274246681,2.120795930297873,3.009208079324262,0.0
68.0,78.0,6.194444444444445,3.8055555555555554,168.0,7.261080115123761,7.203606421685895,7.033333333333335,14.609603343234422,15.407606496396546,10.525721488758455,10.84627437373237,126.78125,49.10239061269583,28.959611631863794,12.0,12.0,23.0,362.0,955.0,42.11309523809524,1343.0,1229.0,115.0,528.0,204.0,35.12754751138456,18.711844752894976,2.3709544555924595,2.6026508696020043,1.0
140.0,167.0,7.499999999999998,5.666666666666666,358.0,12.631030293135236,13.316052888782677,12.300000000000002,28.35562697671256,29.711550329053637,20.59162536651413,21.972314109516173,238.46875,100.83670940675829,61.11708697745938,18.0,24.0,50.0,1604.0,5828.0,99.62308802308803,6906.0,7407.0,458.0,2900.0,782.0,65.83935822471733,34.289658463606216,2.494519898930911,1.4640724969141896,1.0
48.0,51.0,3.9722222222222223,2.666666666666667,112.0,5.325698502695489,5.313418246689416,5.166666666666666,10.707813930932858,11.318464340957362,7.8875643927932035,7.985867521329782,83.375,34.73981051397288,19.837194136991332,8.0,10.0,15.0,168.0,413.0,25.376190476190473,643.0,609.0,59.0,240.0,104.0,25.530866287621322,13.796486381433128,2.1866992140052552,2.1324849608098977,1.0
102.0,123.0,6.027777777777778,4.166666666666667,264.0,9.181540550352057,9.632771315782927,8.900000000000002,20.476851594032944,21.5878259720957,14.934771117021752,15.910520531694187,174.46875,73.54654750448194,44.87225198771444,12.0,18.0,37.0,640.0,1825.0,64.33134920634922,2725.0,2889.0,219.0,1220.0,400.0,47.93322038753378,24.79395194120944,2.4790290579661365,1.756844625678052,1.0
76.0,82.0,6.694444444444445,4.027777777777778,184.0,8.1302289553358,8.116093728153196,7.800000000000001,16.39945653272828,17.669106870035183,12.308544564874966,12.47287778430012,125.515625,55.346536197103084,32.55197077911019,14.0,20.0,25.0,606.0,2095.0,47.76865079365079,2321.0,2207.0,163.0,750.0,266.0,39.645068845213316,21.049470953297035,2.2680417624758564,2.186277179338648,1.0
114.0,134.0,6.777777777777777,4.944444444444445,288.0,10.685871848001627,11.129692981544617,10.4,23.45261471739692,24.596889236294558,17.027581889879976,18.020754204049226,196.3125,82.16281282489471,49.395737625721026,16.0,20.0,40.0,1024.0,3396.0,77.16626984126984,4254.0,4384.0,298.0,1845.0,528.0,54.76194180013897,28.592501854740913,2.487448198309136,1.6896095901788435,1.0
120.0,141.0,7.638888888888888,5.111111111111112,308.0,11.07971869811898,11.524120172544533,10.700000000000001,24.278231915407897,25.792831226993123,17.844078470807702,18.862840761345645,199.6875,86.87933878649872,53.039446455974414,20.0,26.0,43.0,1130.0,3740.0,83.01984126984128,4671.0,4789.0,339.0,2004.0,576.0,57.254842884119,29.362707678678994,2.4923497075441454,1.7351876459651856,1.0
28.0,28.0,4.5625,1.75,84.0,3.1213203435596424,2.8656243103068935,2.8,5.371236166328254,6.742640687119284,4.5604779323150675,4.336887038717671,36.74074074074074,21.662619116234062,14.32455532033676,12.0,28.0,11.0,44.0,76.0,12.25,134.0,98.0,26.0,44.0,30.0,15.122655423942513,7.595865303863629,2.1357792050698583,3.3604351426960575,1.0
82.0,94.0,5.194444444444445,4.0,198.0,8.32569850269549,8.538163118081005,8.166666666666668,17.707813930932858,18.318464340957362,12.715991517539395,13.26378438885915,149.546875,58.781441074315495,33.97932976072228,8.0,10.0,27.0,498.0,1371.0,51.94880952380952,2026.0,2050.0,194.0,750.0,294.0,41.188299772838455,22.290780113477993,2.367530018294111,1.9970356930850524,1.0
64.0,78.0,6.395833333333332,3.1111111111111116,182.0,6.080551334579206,6.029801546789212,5.704761904761904,12.308390809129689,13.768709696740046,9.356898326491486,9.67211925384862,105.163625,47.185411208297324,30.250434513383606,16.0,26.0,25.0,216.0,459.0,35.75,791.0,711.0,99.0,328.0,150.0,31.036695780964003,15.82250349852804,2.458901103483945,2.8601629484661677,1.0
206.0,247.0,17.388888888888882,9.027777777777775,552.0,18.851880725747183,19.247482516098472,17.833333333333336,40.185619619289646,44.03829679152684,30.26666131848833,31.743630991303576,333.828125,150.39700572343997,94.72478584657038,38.0,58.0,78.0,5207.0,24607.0,182.84370074370077,20892.0,20876.0,1172.0,7596.0,1704.0,98.03810238489044,49.62894926074778,2.482489379187654,1.842391643552881,1.0
52.0,58.0,5.194444444444445,2.472222222222222,136.0,5.109060905280623,5.105350962927558,4.7666666666666675,10.383285203590841,11.701285058155639,8.134853562976977,8.266913744754124,76.28125,38.38502424151423,24.015339721864635,12.0,20.0,19.0,150.0,327.0,26.599999999999998,559.0,513.0,55.0,236.0,104.0,25.968474572021066,12.675204166065736,2.302775637731995,2.437159260034696,0.0
88.0,105.0,7.027777777777777,3.805555555555556,234.0,8.040912557858759,8.249086890008648,7.633333333333334,17.265481936512717,18.82380740841443,12.963280687723167,13.61754376445138,142.453125,64.16566810676385,40.208825028602575,16.0,24.0,33.0,496.0,1398.0,52.89563492063492,1979.0,1957.0,163.0,715.0,277.0,41.94052819117657,21.22562211654941,2.4578032324391015,2.0253922622179727,1.0
60.0,66.0,5.694444444444445,2.9722222222222223,152.0,6.109060905280622,6.105350962927558,5.766666666666667,12.383285203590841,13.701285058155639,9.549067125350073,9.68112730712722,92.28125,44.041878491006614,26.843766846610826,12.0,20.0,21.0,262.0,693.0,33.121428571428574,982.0,908.0,92.0,283.0,138.0,30.612186331158497,15.38614868430923,2.321205418974077,2.309138474806626,1.0
216.0,270.0,15.201388888888884,8.08333333333333,606.0,17.889772314777037,18.762098826084024,16.919047619047625,40.190153945662914,44.0614763195908,30.17370035548664,32.376281023639294,345.4287453703704,157.7214730410176,101.78168834423744,38.0,66.0,86.0,4100.0,17274.0,182.47903207903207,17328.0,18236.0,976.0,8110.0,1680.0,97.21206038671517,48.12158284296724,2.623946859161768,1.4771286335225455,0.0
184.0,236.0,14.590277777777775,6.7499999999999964,532.0,14.849871526725781,15.493685753485417,13.857142857142861,33.214692985914276,37.06527774005594,25.319513373025877,27.14117619854742,291.8267453703704,134.7984024208613,88.60154616995707,32.0,60.0,76.0,2388.0,8392.0,147.0953823953824,9862.0,10115.0,626.0,4995.0,1154.0,81.83265914164576,39.50506835498692,2.6614941874622735,1.789711068879922,0.0
106.0,125.0,6.277777777777777,4.361111111111112,272.0,9.647867045540842,10.105129116855034,9.333333333333334,21.396035182486028,22.670308876734328,15.72275812724806,16.66880726561812,175.6875,76.65504410735309,46.74545608584812,16.0,22.0,38.0,719.0,2029.0,69.64642857142857,3037.0,3193.0,245.0,1217.0,418.0,50.17434367094423,25.74325657486596,2.4566728475991173,1.8114902098173697,1.0
98.0,116.0,4.805555555555555,4.361111111111112,240.0,9.398178147766924,9.840838599544785,9.300000000000002,20.801380321374964,21.205005254897422,14.687481946837979,15.629474308269842,181.5625,69.90133377694056,40.69410640284114,8.0,8.0,33.0,674.0,2020.0,62.671031746031744,2853.0,2997.0,209.0,1286.0,396.0,47.496766514232405,25.434667874433423,2.4745458818697292,1.6880660120216984,1.0
96.0,108.0,7.527777777777777,4.111111111111111,250.0,8.935560745775547,9.169238627463276,8.433333333333335,19.04726957850799,21.062192858131464,14.648644507916966,15.19638385624123,140.265625,70.53174684445702,44.133378809743235,24.0,34.0,35.0,736.0,2427.0,60.08571428571429,2978.0,3000.0,216.0,1116.0,368.0,46.357886991216205,22.599808438094517,2.3399827737142274,1.8390766942151902,0.0
128.0,156.0,6.749999999999998,4.944444444444445,334.0,11.147867045540842,11.829873988246623,10.833333333333336,25.39603518248602,26.670308876734325,18.429864908434606,19.825403789587842,217.859375,92.21139329345719,56.6449510224598,16.0,22.0,47.0,1035.0,3138.0,87.3079365079365,4500.0,4872.0,328.0,1786.0,579.0,59.081815989132096,30.304370154476768,2.517323562062715,1.6117298360428092,1.0
134.0,154.0,8.479166666666666,5.694444444444445,350.0,12.46014554224993,12.916486085900273,11.98571428571429,27.03098837848748,29.09323364369513,20.18402822370623,21.142575290702993,213.70999537037036,97.69088350677866,59.90505794952915,26.0,42.0,48.0,2035.0,9946.0,91.64441849000673,8580.0,9030.0,380.0,3058.0,738.0,64.30361473139696,33.29228497038046,2.414448617630174,1.3244547411942005,1.0
132.0,173.0,6.062499999999998,4.291666666666666,374.0,10.125864216121359,11.016553811774347,9.790476190476191,24.328278282787178,25.741437235600024,17.578369571312003,19.464949540972263,223.94074999999998,95.35005591163493,61.31674671965487,20.0,28.0,53.0,712.0,1815.0,82.18690476190477,3227.0,3631.0,231.0,1790.0,517.0,56.80112775095884,28.42585050571912,2.706556669882999,1.651962062485454,1.0
64.0,72.0,3.5833333333333335,2.9444444444444446,154.0,6.360173345306138,6.591529863463611,6.233333333333333,13.744800786464067,14.2784248953372,9.968444621832965,10.41382406468246,110.765625,46.008788748548746,26.7301163639835,8.0,10.0,21.0,252.0,655.0,34.436904761904756,1054.0,1098.0,84.0,450.0,170.0,31.826207837186956,17.139199972884963,2.2996185795193815,1.78948209011566,1.0
148.0,195.0,7.513888888888889,5.034722222222223,428.0,11.52584078537822,12.394671067057203,11.107142857142858,27.147870962166863,28.95805704078042,19.69492450675748,21.68292188318781,254.50845833333332,107.26172849670284,69.30745150456944,24.0,38.0,60.0,1047.0,2987.0,99.4297619047619,4609.0,5028.0,319.0,2485.0,670.0,64.13181846343213,31.867121098482755,2.7500893525575054,1.638472890059535,1.0
60.0,69.0,3.3333333333333335,2.7222222222222223,146.0,5.877010097711745,6.105350962927558,5.766666666666667,12.785208992237523,13.237183443017882,9.220897726126537,9.68112730712722,106.15625,43.04032688474005,25.086407533730114,6.0,8.0,20.0,191.0,441.0,31.016666666666666,800.0,834.0,72.0,291.0,132.0,29.641857618396514,15.888779152800653,2.3429230827771694,1.8857276720060387,1.0
110.0,129.0,6.527777777777777,4.611111111111112,280.0,10.147867045540842,10.605129116855034,9.833333333333334,22.396035182486028,23.670308876734328,16.42986490843461,17.375914046804667,183.6875,79.48347123209929,48.15966964822121,16.0,22.0,39.0,857.0,2612.0,73.59484126984127,3599.0,3760.0,267.0,1424.0,461.0,52.45317814760183,27.23870382950112,2.440230769574422,1.7487645585807106,1.0
100.0,117.0,5.416666666666666,4.166666666666666,252.0,9.237183443017884,9.69688082639117,9.000000000000002,20.53000977870159,21.51560833835508,14.946701660840215,15.85231068469039,168.921875,72.07855288481164,43.33124252347503,14.0,18.0,35.0,643.0,1821.0,63.846428571428575,2741.0,2910.0,211.0,1104.0,377.0,47.67085048758698,24.93898234583766,2.4284532504536767,1.7450793869237484,1.0
102.0,120.0,5.055555555555555,4.611111111111112,248.0,9.898178147766924,10.340838599544785,9.800000000000002,21.801380321374964,22.205005254897422,15.394588728024527,16.33658108945639,189.5625,72.72976090168675,42.108319965214235,8.0,8.0,34.0,759.0,2282.0,68.0484126984127,3204.0,3360.0,234.0,1230.0,409.0,49.757991365631234,26.815454606618015,2.4472615713621635,1.726953766713544,1.0
96.0,108.0,6.555555555555555,4.583333333333334,234.0,9.681540550352057,9.908026444391338,9.4,20.47685159403294,21.5878259720957,15.056091460581396,15.582351132470654,164.296875,69.30390681736264,40.62961130059516,12.0,18.0,32.0,825.0,2662.0,64.49325396825398,3322.0,3325.0,276.0,1144.0,408.0,48.23053012795663,25.4288196759885,2.3693518573596117,1.9366369047022742,1.0
116.0,146.0,5.479166666666666,4.333333333333334,316.0,9.743148714927116,10.399443027027017,9.504761904761905,22.49210223977164,23.542993531319325,16.128306309834844,17.564152393577924,201.19487500000002,83.66263671193205,52.21661885486688,18.0,24.0,44.0,682.0,1863.0,72.77896825396826,2990.0,3255.0,218.0,1635.0,470.0,52.218416870732256,27.211475488348512,2.60887878776667,1.677613576483647,1.0
258.0,326.0,12.652777777777775,8.874999999999998,718.0,20.676307590208435,22.254676090484825,19.957142857142863,48.51828894664192,51.682423926816185,35.440625458793356,38.69263634911472,428.4002407407408,186.97363380794252,118.98568998270562,40.0,66.0,101.0,6191.0,31219.0,215.64130436556908,28259.0,32205.0,1299.0,10230.0,2211.0,113.89890499891814,56.94037674892167,2.669552999583885,1.017999279148407,0.0
66.0,72.0,7.944444444444444,4.138888888888889,162.0,7.599284072575287,7.309179230685979,7.233333333333334,14.382062356576759,15.675766120835734,10.744501088240812,10.711294597622498,117.53125,48.21584338210461,28.487475676864214,14.0,18.0,22.0,502.0,1611.0,43.05873015873016,1768.0,1543.0,148.0,502.0,210.0,35.88194357286601,18.87784094917178,2.2105086495394857,3.934472326013647,1.0
118.0,143.0,7.930555555555554,4.340277777777778,340.0,9.816298692132577,10.270039476493546,9.235714285714288,21.805371180476506,24.39729165299656,16.762207417737347,17.765960007368154,178.03869907407406,87.07843317267903,56.60449486978338,28.0,54.0,47.0,807.0,2292.0,75.33809523809524,3374.0,3506.0,298.0,1295.0,466.0,54.759987304165016,26.161349107859703,2.5655080174041403,1.8802808583150534,0.0
130.0,148.0,10.138888888888888,6.2222222222222205,326.0,12.934759407976115,13.143514081008565,12.433333333333337,27.09109913452369,29.019749399113,20.14373829932982,20.82359135242672,217.828125,94.33803819108356,56.58045592021383,20.0,30.0,45.0,1982.0,8193.0,97.95990675990676,7959.0,7967.0,501.0,2247.0,717.0,64.94141899659445,33.828617395451474,2.3879198041935576,1.9093911599968036,0.0
54.0,56.0,6.222222222222222,3.7499999999999996,122.0,6.777916867529369,6.492682649758253,6.566666666666668,12.65001154900788,13.36636504407723,9.192388155425121,9.078301435767047,104.0,39.06286093702167,21.659048552118026,10.0,10.0,16.0,383.0,1260.0,33.72063492063493,1350.0,1181.0,100.0,383.0,156.0,30.87649359912701,17.000791258489457,2.0911835605776807,3.3484664662044645,0.0
324.0,399.0,22.09027777777777,12.44444444444444,890.0,27.469491012896,28.786218998628552,26.119047619047606,61.468385861070814,66.85430754658391,45.896458482734666,49.11780144142528,521.1162453703704,236.11553045327778,150.57849411309255,58.0,92.0,126.0,14870.0,98233.0,318.58868231124256,63880.0,68502.0,2424.0,26432.0,3978.0,147.60751508272978,73.50374105323823,2.623490527983083,1.0687622793328087,0.0
126.0,150.0,11.312499999999998,5.152777777777777,356.0,11.05825519516812,11.274445965219838,10.252380952380955,23.493709672250272,26.75703054231472,18.416545014589914,19.163264617519637,185.92411574074075,93.23738626406092,60.575585821100844,28.0,56.0,50.0,1499.0,6292.0,83.32082362082362,5907.0,5768.0,337.0,1844.0,561.0,59.482760013468145,28.26792830212132,2.6297160898079417,1.8269069770701822,0.0
60.0,67.0,5.694444444444445,3.055555555555556,152.0,6.147065707741407,6.129914827617142,5.833333333333333,12.439864738501736,13.627865417715867,9.439677325608894,9.618860683185233,96.90625,43.89279295905582,26.665621261737524,12.0,18.0,21.0,256.0,667.0,33.5202380952381,961.0,891.0,85.0,372.0,150.0,30.537249303376377,15.803737753674374,2.305759562749655,2.3570481266887615,0.0
170.0,215.0,12.256944444444441,6.527777777777776,480.0,14.156920169408727,14.786884536846133,13.419047619047621,31.635907290325296,34.55493124543459,23.56245015462394,25.326334441206416,280.5224953703704,123.95767028645373,79.94449420724614,28.0,50.0,68.0,2120.0,7700.0,130.87998945498947,8832.0,9141.0,524.0,4435.0,1020.0,76.58895345747182,38.29698095812195,2.619667539665327,1.6807648419962038,0.0
110.0,132.0,9.340277777777777,4.625,308.0,9.791729544988591,9.996334348445643,9.185714285714285,20.858646605365752,23.33296837279713,16.007495386326614,16.73530807416696,172.40849074074075,80.96685642321846,51.92530428122796,22.0,44.0,43.0,985.0,3596.0,69.73470418470419,3864.0,3747.0,248.0,1258.0,426.0,52.218296403735735,25.083367040099223,2.6297043628336896,1.9159484086710208,0.0
168.0,212.0,10.187499999999998,5.291666666666664,506.0,12.535859694275816,13.429719868048172,11.70476190476191,29.2614146174532,32.99973583357636,22.468765482784793,24.428351217161456,244.6028611111111,124.2291848044152,83.44222071808186,42.0,82.0,71.0,1745.0,6579.0,109.51973304473304,7695.0,8438.0,481.0,3030.0,861.0,72.25976865769539,33.39166486485118,2.6443507264966604,1.3216730808288932,0.0
160.0,189.0,12.013888888888886,6.375000000000001,448.0,14.020692500598818,14.480230125264994,13.204761904761906,30.37894316994985,33.939832812198865,23.384319709425927,24.479119199900925,245.96860185185187,117.89661711252616,75.31012730105678,32.0,70.0,62.0,2772.0,13436.0,115.45340492840494,11365.0,11588.0,537.0,3516.0,907.0,75.10242914688695,36.30877455995969,2.631198214960189,1.5117361208218718,0.0
178.0,227.0,13.729166666666664,6.527777777777775,512.0,14.422351171797214,15.071616363557608,13.490476190476194,32.308259376356375,35.95181865399601,24.583897021137915,26.35026959398839,281.6704953703704,130.36194593738236,85.41682787546426,32.0,58.0,73.0,2250.0,8018.0,139.0093795093795,9340.0,9630.0,590.0,4704.0,1086.0,79.31817336123756,38.21860922024621,2.6491423542039403,1.7351535919061574,0.0
200.0,249.0,13.229166666666663,7.361111111111108,558.0,16.530400307270337,17.42103838046671,15.685714285714292,37.401523603183136,40.82549488327207,28.02387044122558,30.098447704539286,319.2724953703704,145.88914900313927,93.71719324199147,34.0,60.0,79.0,3288.0,13203.0,161.8761627261627,14063.0,14981.0,809.0,6624.0,1440.0,89.91529511300953,44.809605222456234,2.6167669296126745,1.460078553727284,0.0
206.0,252.0,13.118055555555552,7.874999999999998,562.0,17.59706133542834,18.498968990538902,16.819047619047623,39.50645965114547,42.72605436089341,29.41866314123408,31.42886144353989,335.5022407407407,149.89218244075,94.61941068406907,32.0,58.0,79.0,4375.0,20889.0,164.19505217005218,18851.0,20268.0,1019.0,6304.0,1565.0,94.80402282834908,47.38170767741065,2.6315347981102337,1.2595936330826312,0.0
252.0,316.0,18.874999999999996,9.63888888888889,716.0,21.081383007826034,21.943639037729252,19.861904761904768,46.72953454072637,51.636308398737796,35.344676755974724,37.68502876299933,405.44986111111115,184.42833072954141,119.29355168812972,46.0,84.0,101.0,6758.0,33935.0,230.7355061390278,28301.0,29531.0,1429.0,12148.0,2310.0,114.10755819379682,55.78980054471291,2.677438544285466,1.4461631151369359,0.0
200.0,244.0,15.138888888888886,8.11111111111111,542.0,17.475671965834874,18.117345842408803,16.56666666666667,38.35658107103641,41.84355680752742,28.74305795637405,30.52666382898234,322.453125,145.77578423648959,92.54664026169705,36.0,54.0,77.0,4450.0,22241.0,164.47234375102022,18510.0,19190.0,854.0,7564.0,1534.0,92.71378422359494,46.68598130893754,2.5017499960360716,1.4330226927134098,0.0
194.0,230.0,15.66666666666666,8.61111111111111,512.0,18.013676768295657,18.4171648357068,17.133333333333336,38.413160605947304,41.77013716708765,28.75498850019252,30.136227805816816,316.90625,141.3840580174195,88.12585398970448,36.0,52.0,72.0,4560.0,20968.0,168.83040848040847,18364.0,18418.0,1060.0,6620.0,1542.0,93.02116010602012,47.37352397540496,2.474882700457133,1.8147110822658183,0.0
180.0,215.0,14.756944444444441,7.374999999999998,498.0,15.867116945458,16.2987879838369,14.885714285714291,34.161115397409674,38.11673633559139,26.22322917834335,27.502891514441632,276.0803657407408,132.35987220421558,84.88491591309173,38.0,68.0,70.0,3542.0,16196.0,141.73058053058054,14335.0,14431.0,825.0,4487.0,1204.0,84.68423911959022,41.47612475577048,2.6315127469926716,1.6855375354335171,0.0
142.0,170.0,12.83333333333333,6.361111111111108,382.0,13.132335372934342,13.314892207017548,12.366666666666669,27.652188490345797,30.52389045987092,20.9768139071405,21.880400732267304,228.90625,103.86960143599761,65.58702862983333,26.0,42.0,54.0,1935.0,7263.0,110.15068542568542,7578.0,7373.0,528.0,2826.0,800.0,68.05293586902178,34.56900353291124,2.4976355001007557,2.2191425389503845,0.0
148.0,174.0,13.624999999999998,5.874999999999999,430.0,12.752743308167698,12.980230125264994,11.70476190476191,26.977019381303165,31.403934427336623,21.591168765089833,22.35779885634129,208.09360185185187,110.41288734455419,72.8248459268182,38.0,82.0,60.0,2092.0,8449.0,106.11439393939395,8232.0,8052.0,544.0,2459.0,774.0,69.23491656537436,32.37010177826501,2.5295012325266826,2.039530636642772,0.0
156.0,184.0,11.312499999999998,6.625000000000001,418.0,14.241219287771768,14.679615921445391,13.585714285714285,30.737421988045377,33.45669272975507,23.078563198192075,24.211315214362035,252.40849074074077,113.91387257498711,70.99856639571905,28.0,50.0,58.0,2740.0,13110.0,115.49487261104909,11225.0,11436.0,541.0,3484.0,907.0,74.66642804885146,36.64574727448701,2.632091525549279,1.5341291042723924,0.0
174.0,211.0,14.416666666666663,7.3333333333333295,472.0,15.50934547064609,15.920243169945106,14.633333333333338,33.43739748258332,36.761073902888796,25.247964164961207,26.611780571088683,279.0625,127.11093844751436,80.77394122695175,32.0,50.0,67.0,3160.0,13923.0,139.2898878898879,12829.0,12973.0,733.0,4856.0,1172.0,81.63470053909738,41.16734299298209,2.471829559185875,1.7220644460470758,0.0
84.0,95.0,8.166666666666664,4.194444444444445,216.0,8.468432912787325,8.446411408544868,8.0,17.171915546070615,18.93726649447437,13.113110601984227,13.373174188600329,134.4375,61.531056778377334,37.736689073602996,16.0,26.0,30.0,693.0,2445.0,53.04924242424242,2640.0,2496.0,180.0,886.0,300.0,42.38147696899425,22.20371617619659,2.34208797259349,2.270034983164883,0.0
132.0,148.0,7.416666666666666,6.138888888888889,316.0,13.220346690612274,13.683059726927224,12.966666666666669,28.48960157292813,29.55684979067439,20.64399602485247,21.534754910551456,229.53125,94.84600462184365,54.87444629034006,16.0,20.0,43.0,1895.0,7339.0,99.33001443001443,7894.0,8196.0,526.0,2376.0,766.0,65.99402288960289,35.12840837933863,2.350273943631254,1.6085850775007469,0.0
262.0,313.0,23.736111111111104,10.902777777777775,740.0,23.092185462288583,23.49244685081876,21.438095238095233,48.91482595481311,55.54914523076719,38.128825083474894,39.751189325638244,390.08723611111117,193.76734600371915,126.0085078156304,62.0,114.0,104.0,8452.0,39996.0,264.7391441891442,33788.0,33678.0,1824.0,13870.0,2626.0,122.57913713663534,60.725549673591246,2.4807107168305143,2.145818804853248,0.0
200.0,239.0,16.52777777777777,8.833333333333332,532.0,18.441197123224224,18.839234225634605,17.500000000000004,39.319594215505205,42.883596253147594,29.490604852080487,30.92713441037585,327.0625,145.8205145008985,91.31057228419729,36.0,54.0,75.0,4932.0,23326.0,175.20351315351314,19821.0,19839.0,1101.0,7222.0,1622.0,95.53536949354529,48.69808348393942,2.4792572966754554,1.8076136702251906,0.0
92.0,100.0,9.118055555555554,4.097222222222222,254.0,8.687359167265486,8.69688082639117,8.0,17.66548193651272,20.57380740841443,14.268463680263032,14.438097122317298,123.39236111111111,68.87155802450495,44.30003487690547,26.0,54.0,35.0,766.0,2629.0,58.33888888888889,2891.0,2705.0,207.0,1002.0,336.0,45.057283732945024,21.95723319300976,2.3400817724239906,2.451151327278156,0.0
174.0,210.0,11.53472222222222,6.874999999999998,472.0,15.203214485310987,15.879796928147398,14.51904761904762,33.68084245313448,36.53011237019484,25.187952997933262,26.723071581087197,281.9553657407407,126.79088016829579,79.6619933548309,28.0,52.0,66.0,2932.0,12648.0,132.32457264957264,12395.0,13066.0,739.0,3991.0,1129.0,81.21191339002834,40.264506235448366,2.6318668096284235,1.4337860584401074,0.0
196.0,239.0,12.006944444444441,7.402777777777776,534.0,16.66954098049977,17.576899600611092,15.952380952380956,37.60002604158757,40.61259527483346,27.97594000815957,29.930848057794307,317.3459907407407,142.62729883252484,90.02047882720315,32.0,56.0,75.0,3780.0,17509.0,151.18200965700967,16411.0,17777.0,883.0,5210.0,1370.0,90.09568470226296,44.5584567109862,2.6318823057798166,1.2485724316789122,0.0
212.0,265.0,14.951388888888884,7.749999999999996,598.0,17.351767512316258,18.237534961394438,16.35238095238096,39.13357441075202,43.13489596003058,29.575983374041275,31.731440866394735,332.8037453703704,155.0421314482222,100.54562036673765,38.0,68.0,85.0,3804.0,15714.0,175.92629315129318,16139.0,17051.0,921.0,7578.0,1598.0,94.92240282696902,46.456592266054535,2.6226199730963646,1.4747699360601807,0.0
152.0,175.0,13.423611111111109,6.5,416.0,13.912609923560826,14.141230957291862,12.98571428571429,29.249880116234564,33.04947400133318,22.858544438826968,23.592065033486172,224.90386111111115,112.33032587437201,71.59364804843139,34.0,66.0,58.0,2555.0,10823.0,115.49802419802421,10028.0,9786.0,618.0,3004.0,890.0,73.3389220325215,35.417716661948106,2.545091315901845,2.056333486137897,0.0
128.0,155.0,9.11111111111111,5.250000000000002,340.0,11.413591357920934,11.857516187174516,10.9,25.074927805386256,27.051927587233457,18.677154078618376,19.774223836850453,210.765625,92.93287542159872,57.943319799579925,18.0,30.0,48.0,1383.0,5281.0,86.24235209235209,5754.0,5960.0,362.0,2181.0,632.0,60.470405511415436,30.504131318901656,2.568282540663847,1.5805855858836009,0.0
134.0,162.0,9.972222222222221,5.416666666666666,360.0,11.807438208038288,12.251943378174433,11.200000000000001,25.900545003397234,28.24786957793202,19.493650659546105,20.616310394146872,214.140625,97.64940138320273,61.5870286298333,22.0,36.0,51.0,1570.0,6275.0,91.20454267954268,6503.0,6705.0,391.0,2470.0,684.0,62.96330648067401,31.267157236701962,2.5683503621636974,1.5646150940548436,0.0
128.0,155.0,9.11111111111111,5.249999999999999,340.0,11.413591357920936,11.857516187174516,10.9,25.074927805386256,27.051927587233454,18.677154078618383,19.774223836850453,210.765625,92.93287542159872,57.94331979957991,18.0,30.0,48.0,1383.0,5281.0,86.24235209235209,5754.0,5960.0,362.0,2181.0,632.0,60.47040551141542,30.504131318901663,2.5682825406638456,1.5805855858836004,0.0
140.0,165.0,9.86111111111111,5.944444444444444,364.0,12.87991785310972,13.329873988246623,12.333333333333334,27.994111393839336,30.13441049187208,20.87935465121778,21.946724133147477,227.984375,101.69822627396232,62.64495102245978,22.0,34.0,51.0,2008.0,8741.0,99.8489232989233,8279.0,8495.0,435.0,3098.0,794.0,67.2892732786003,33.88334054568516,2.571785785188247,1.542381678923447,0.0
172.0,206.0,11.444444444444443,6.916666666666666,454.0,15.256927950821465,15.935224951174181,14.600000000000001,33.779320386076854,36.371593934889965,25.150504909038478,26.67810397196886,278.140625,124.93956328547908,77.83186361957824,28.0,42.0,64.0,3239.0,16025.0,128.26910850587322,13732.0,14520.0,618.0,4910.0,1132.0,80.95409309017084,40.84678821198524,2.574062157586072,1.3077075475094289,0.0
166.0,199.0,10.583333333333332,6.750000000000003,434.0,14.863081100704113,15.540797760174266,14.300000000000002,32.95370318806587,35.175651944191394,24.334008328110745,25.83601741467244,274.765625,120.22303732387506,74.18815478932483,24.0,36.0,61.0,2945.0,14134.0,122.8369583031348,12543.0,13325.0,581.0,4490.0,1065.0,78.45816235565525,39.85448638424441,2.573970328043676,1.3131568622412464,0.0
154.0,181.0,11.67361111111111,6.180555555555555,422.0,13.581206017382836,14.040797760174266,12.8,29.491099134523694,32.769749399112996,22.620494167123486,23.714697071112802,235.11111111111114,113.18606373255561,71.9853742675015,30.0,60.0,59.0,2470.0,11398.0,110.42595460095461,10108.0,10286.0,494.0,3551.0,882.0,72.58241646656492,35.568964081927575,2.572078435767361,1.5431284042049156,0.0
178.0,213.0,12.305555555555554,7.083333333333331,474.0,15.650774800938818,16.329652142174098,14.900000000000002,34.604937584087835,37.56753592558853,25.967001489966208,27.520190529265278,281.515625,129.6560892470831,81.47557244983162,32.0,48.0,67.0,3579.0,18366.0,133.43091140885258,15121.0,15931.0,653.0,5433.0,1201.0,83.44791126793591,41.495884370548175,2.5724199202951334,1.2880087758421224,0.0
166.0,199.0,10.583333333333332,6.749999999999999,434.0,14.863081100704113,15.540797760174264,14.3,32.95370318806587,35.1756519441914,24.33400832811075,25.83601741467244,274.765625,120.22303732387508,74.18815478932486,24.0,36.0,61.0,2939.0,14057.0,122.8706200662083,12511.0,13285.0,585.0,4449.0,1065.0,78.46119212091224,40.08381315122999,2.574001965384678,1.3168413777334351,0.0
234.0,278.0,15.388888888888884,9.555555555555555,612.0,21.027784898650562,21.935003105101647,20.166666666666668,46.39014657632536,49.8047193686064,34.48079243490617,36.49421105520594,379.671875,169.86798900707691,105.14776642118859,38.0,56.0,86.0,7305.0,40167.0,203.2448367808662,30894.0,32592.0,1346.0,10198.0,2132.0,110.7924162028919,56.298522007497894,2.5785811253043036,1.2476850715849934,0.0
156.0,186.0,11.833333333333332,6.666666666666667,412.0,14.239289860616422,14.670934433863934,13.566666666666668,30.782741736319103,33.37039192819081,23.029184565478836,24.224557452247492,254.140625,113.5305503118407,70.70944612470578,26.0,40.0,58.0,2584.0,11470.0,117.65606338106339,10510.0,10633.0,556.0,3714.0,943.0,74.67002737480816,37.41000456574774,2.5744734588973612,1.6205606455966854,0.0
142.0,172.0,10.472222222222221,6.083333333333333,376.0,12.883447812959856,13.301071107553602,12.333333333333336,28.013704073219024,30.101030297052475,20.689084622436845,21.905990708635994,239.390625,103.00808456879354,64.0591645848329,22.0,32.0,53.0,1903.0,7769.0,102.11179376179376,7796.0,7944.0,446.0,2793.0,766.0,67.62800933717907,33.73645405965853,2.57384082368345,1.620224100602748,0.0
138.0,168.0,10.22222222222222,5.833333333333331,368.0,12.383447812959858,12.8010711075536,11.833333333333336,27.013704073219028,29.10103029705248,19.9819778412503,21.19888392744945,231.390625,100.17965744404735,62.644951022459814,22.0,32.0,52.0,1701.0,6710.0,97.13287545787547,6990.0,7145.0,416.0,2502.0,711.0,65.3481961562059,32.73072874324344,2.5729689593910163,1.6221919732028487,0.0
176.0,212.0,11.694444444444443,7.277777777777779,462.0,15.811769505687856,16.47360991532771,15.200000000000003,34.87630812676121,37.25693284213087,25.707781775963962,27.29735415284473,294.15625,127.47887013921196,78.83843632919773,26.0,38.0,65.0,3413.0,16487.0,135.08973387723387,14390.0,15126.0,660.0,4886.0,1166.0,83.33919844343976,42.149576802194105,2.5750297758120237,1.353068238741341,0.0
140.0,170.0,10.833333333333332,5.61111111111111,380.0,12.218121810561248,12.660191668638296,11.533333333333335,26.76657040718167,29.40257011631127,20.269707125953953,21.432806975074598,220.90625,102.22589260574422,65.0012421922064,24.0,40.0,54.0,1742.0,7103.0,96.79588467088467,7186.0,7378.0,426.0,2727.0,738.0,65.46650115927515,32.47151933190354,2.5685008377356615,1.5747603543190896,0.0
138.0,167.0,10.222222222222221,5.750000000000001,368.0,12.34544301049907,12.776507242864017,11.766666666666666,26.95712453830813,29.174449937492245,20.091367640991468,21.261150551391435,226.765625,100.32874297599814,62.8230966073331,22.0,34.0,52.0,1693.0,6596.0,97.00833333333333,6960.0,7117.0,426.0,2447.0,711.0,65.33835463015919,32.530394960786474,2.5692643639739274,1.626859505381373,0.0
150.0,179.0,8.61111111111111,6.111111111111111,386.0,13.541713895658194,14.22430117924654,13.133333333333336,30.221652380497005,31.86625086743289,22.074788614108517,23.49591747163044,253.234375,108.2416277540459,65.94551410220554,20.0,28.0,54.0,2223.0,9938.0,105.88219558219558,9582.0,10305.0,448.0,3282.0,846.0,71.25473091516758,36.262620964260044,2.572186835704332,1.3082527213765172,0.0
148.0,175.0,10.36111111111111,6.555555555555555,380.0,13.934759407976111,14.368258952400154,13.433333333333332,30.09109913452369,32.019749399112996,22.14373829932981,23.273081095209893,252.0,107.0659602524414,65.06573729445239,20.0,30.0,53.0,2546.0,12197.0,108.75401665328137,10430.0,10626.0,488.0,3627.0,882.0,71.95344979491439,36.76799914127617,2.5719115137892814,1.503990402223147,0.0
156.0,186.0,11.83333333333333,6.666666666666665,412.0,14.239289860616429,14.670934433863932,13.566666666666672,30.782741736319114,33.37039192819081,23.029184565478847,24.224557452247495,254.140625,113.5305503118407,70.7094461247058,26.0,40.0,58.0,2560.0,11088.0,117.53793151293152,10420.0,10549.0,590.0,3549.0,943.0,74.6697964505957,37.42504175042783,2.5731381896677465,1.6284748810232084,0.0
176.0,212.0,11.694444444444443,7.277777777777779,462.0,15.811769505687856,16.47360991532771,15.200000000000003,34.87630812676121,37.25693284213087,25.707781775963962,27.29735415284473,294.15625,127.47887013921196,78.83843632919773,26.0,38.0,65.0,3413.0,16487.0,135.08973387723387,14390.0,15126.0,660.0,4886.0,1166.0,83.33919844343976,42.149576802194105,2.5750297758120237,1.353068238741341,0.0
156.0,189.0,11.312499999999996,6.833333333333332,418.0,14.351408282408306,14.754324572108278,13.771428571428574,30.919216999378182,33.201835130456494,22.80850619591883,24.05903642342852,264.86675,113.32704036549163,70.29425937635187,26.0,40.0,58.0,2591.0,11630.0,117.8265748140748,10550.0,10681.0,548.0,3748.0,943.0,74.74476257145012,37.7347207571745,2.6457147185242174,1.6352267745897229,0.0
172.0,207.0,13.284722222222218,7.36111111111111,466.0,15.617933932587833,16.03243618888247,14.838095238095242,33.55428006626271,36.625897299974085,25.21755582418213,26.4869929667812,278.382375,125.59757020633407,78.94454091622474,32.0,52.0,65.0,3492.0,17401.0,133.39894794747735,14190.0,14342.0,670.0,4877.0,1138.0,82.00922618118334,40.91924768452299,2.645732453962031,1.5899492445494137,0.0
196.0,234.0,13.916666666666664,8.111111111111112,518.0,17.59946320592256,18.262464297327544,16.800000000000004,38.527542522783165,41.648816823528,28.754988500192507,30.39574082981066,316.90625,142.56877631191233,88.95428111445068,34.0,50.0,73.0,4854.0,26504.0,156.90524267184486,20220.0,20994.0,834.0,6846.0,1458.0,92.88754925600675,46.36039597441063,2.575081796739611,1.3200731471167089,0.0
188.0,223.0,12.895833333333332,7.486111111111113,508.0,16.56436926497723,17.25172153210191,15.766666666666671,36.450690928750234,39.81099085143231,27.489361406389545,29.018203915010858,297.89236111111114,137.3677290319607,86.35700515911272,32.0,62.0,71.0,4144.0,21691.0,145.58283391445156,17397.0,18209.0,779.0,5997.0,1345.0,88.22937063334787,43.992765336412695,2.574288257267298,1.3170661264470802,0.0
184.0,219.0,12.194444444444441,7.749999999999998,478.0,16.794932753282254,17.459788815863764,16.16666666666667,36.835899920987764,39.298174294450185,27.162435452856943,28.737157691586514,306.765625,133.27575912776686,81.89635872182421,28.0,40.0,67.0,4203.0,22314.0,144.34740724961313,17637.0,18453.0,765.0,6118.0,1345.0,87.80364345373758,44.38391403679004,2.572695637823065,1.2991683312415017,0.0
196.0,241.0,14.368055555555552,7.86111111111111,540.0,17.011780782705188,17.651608251273974,16.138095238095243,37.37989726427369,40.82183929067265,28.03405240510986,29.778569266860792,315.92925,143.0420182292959,91.0735311207167,36.0,58.0,76.0,4350.0,22523.0,153.5987422708011,18098.0,18754.0,836.0,6449.0,1422.0,91.46948951365054,44.2617091363558,2.6495657732333098,1.3710693659416802,0.0
180.0,213.0,11.944444444444441,7.388888888888888,470.0,16.240091198415858,16.921403851710238,15.56666666666667,35.73891218030341,38.41283538720928,26.605158585931452,28.117907510710644,290.75,130.73645227403398,80.88978601220472,30.0,44.0,66.0,3941.0,20897.0,137.54394400319322,16576.0,17379.0,700.0,5501.0,1236.0,85.58836618272204,42.87062313866527,2.572597677509155,1.2802511956187494,0.0
178.0,216.0,12.305555555555554,7.166666666666666,474.0,15.70128505815564,16.371115440565937,15.000000000000002,34.72616220140822,37.443811568630586,25.845681146406562,27.443420600159197,291.6875,129.23598502989555,80.78708664619074,26.0,42.0,67.0,3297.0,15382.0,137.61417471417474,13799.0,14379.0,719.0,4889.0,1201.0,83.48254196023363,41.683853117670566,2.5779704657806706,1.401825843914036,0.0
226.0,271.0,14.888888888888886,9.083333333333336,596.0,20.044621651056172,20.948824204565597,19.200000000000003,44.43055478209883,47.76347791628709,33.02613875801321,35.05440751646415,367.0625,164.071100018522,102.08984402856214,36.0,54.0,84.0,6507.0,35840.0,191.50778985806073,27716.0,29463.0,1246.0,9521.0,1995.0,106.15647784444042,53.33048504991921,2.575217069428896,1.2200241600443573,0.0
146.0,176.0,10.722222222222221,6.333333333333334,384.0,13.383447812959856,13.801071107553602,12.833333333333334,29.013704073219024,31.101030297052475,21.39619140362339,22.613097489822543,247.390625,105.83651169353972,65.47337814720599,22.0,32.0,54.0,2096.0,8681.0,107.40390442890444,8560.0,8695.0,490.0,3038.0,823.0,69.90782548330088,35.16315839899894,2.5739628411067446,1.6328601611494349,0.0
142.0,171.0,10.472222222222221,6.0,376.0,12.845443010499071,13.276507242864017,12.266666666666667,27.95712453830813,30.17444993749225,20.79847442217802,21.968257332577977,234.765625,103.15717010074432,64.23731016970619,22.0,34.0,53.0,1954.0,8272.0,101.40371017871018,8033.0,8219.0,453.0,3050.0,794.0,67.53277733381569,33.89975344639573,2.573117651208052,1.5761135767588246,0.0
156.0,187.0,9.472222222222221,6.3055555555555545,406.0,13.952397498181154,14.632549469710405,13.46666666666667,31.087677784281443,33.02095140581214,22.85084508051636,24.312414052558168,260.0,112.81811897658739,69.35972766457863,22.0,32.0,57.0,2584.0,12680.0,110.42668858918859,11118.0,11936.0,514.0,4162.0,968.0,73.59420610255971,37.40631121139975,2.566433323448048,1.219537773723423,0.0
132.0,160.0,9.36111111111111,5.583333333333333,348.0,11.951596160381719,12.3820800518641,11.466666666666669,26.13150734029715,27.978507946793684,19.27487106006375,20.41906399409501,223.390625,95.61221701439413,59.17938777707971,18.0,28.0,49.0,1548.0,6072.0,91.40783938283938,6411.0,6609.0,391.0,2436.0,684.0,62.76006318358395,32.128698669341794,2.5721719175334905,1.5914352360108677,0.0
156.0,185.0,12.284722222222221,6.125,434.0,13.491889619905798,13.94904605063813,12.633333333333336,29.35712453830813,32.92444993749224,22.689443852344787,23.824086870853982,233.87673611111114,114.93412783035087,73.98537426750147,32.0,64.0,61.0,2412.0,10836.0,112.07560495060495,9877.0,10065.0,541.0,3630.0,912.0,72.7213668694301,35.129558997907864,2.5684626457479305,1.5543398956675456,0.0
172.0,207.0,11.444444444444443,7.000000000000002,454.0,15.294932753282248,15.959788815863767,14.66666666666667,33.83589992098775,36.298174294450185,25.041115109297294,26.615837348026876,282.765625,124.7904777535283,77.65371803470492,28.0,40.0,64.0,3081.0,14301.0,130.30090603840605,12994.0,13657.0,620.0,4484.0,1098.0,81.04979072221343,40.635537727995185,2.577155735602749,1.3744613364125928,0.0
150.0,179.0,8.61111111111111,6.111111111111111,386.0,13.541713895658194,14.22430117924654,13.133333333333336,30.221652380497005,31.86625086743289,22.074788614108517,23.49591747163044,253.234375,108.2416277540459,65.94551410220554,20.0,28.0,54.0,2223.0,9938.0,105.88219558219558,9582.0,10305.0,448.0,3282.0,846.0,71.25473091516758,36.262620964260044,2.572186835704332,1.3082527213765172,0.0
142.0,169.0,10.47222222222222,5.8888888888888875,376.0,12.790601455632682,13.238122278710485,12.16666666666667,27.86013679762378,30.289111030251338,20.948304336439087,22.05611393288866,226.75,103.44629037175763,64.6449510224598,24.0,38.0,53.0,1897.0,7570.0,101.34130591630591,7790.0,7956.0,480.0,2631.0,766.0,67.59686789518626,33.5662334865476,2.5529705266695935,1.6177689197585952,0.0
180.0,216.0,11.944444444444443,7.527777777777779,470.0,16.311769505687856,16.97360991532771,15.700000000000003,35.87630812676121,38.25693284213087,26.41488855715051,28.004460934031275,302.15625,130.30729726395813,80.25264989157083,26.0,38.0,66.0,3753.0,18776.0,140.17892189509837,15820.0,16631.0,700.0,5322.0,1236.0,85.61558205890597,43.5409326848571,2.574809454597668,1.338766259901932,0.0
204.0,245.0,14.416666666666664,8.749999999999998,534.0,18.67114151319456,19.314670360945016,17.933333333333334,40.66493846924099,43.492914278449604,29.978932033784663,31.696507815504383,344.3125,147.79647555132888,91.14557211856298,30.0,44.0,75.0,5623.0,31795.0,168.87955455277438,23405.0,24293.0,969.0,8157.0,1657.0,97.38980715429038,49.590922454576045,2.574449435799808,1.316623700146558,0.0
162.0,194.0,12.694444444444443,6.861111111111111,432.0,14.649973463139382,15.079182724327797,13.9,31.648767140103537,34.52509246657006,23.80524103188668,25.041054033175214,260.90625,118.10704153438219,74.12365968707886,28.0,44.0,61.0,2753.0,12110.0,124.66915861915862,11158.0,11248.0,608.0,3961.0,1006.0,77.17443757126127,38.215378638497334,2.5977835651676,1.6753597420732664,0.0
132.0,159.0,9.361111111111109,5.555555555555556,348.0,11.934759407976111,12.368258952400154,11.433333333333334,26.091099134523688,28.019749399112996,19.315311174583627,20.444653970463712,220.0,95.75225175345666,59.40888304496001,20.0,30.0,49.0,1531.0,5849.0,91.1705266955267,6324.0,6498.0,396.0,2191.0,658.0,62.8346659498966,31.709329572905304,2.5528645702180466,1.606002627616986,0.0
150.0,179.0,10.972222222222221,6.5,392.0,13.84544301049907,14.276507242864017,13.266666666666667,29.957124538308125,32.17444993749225,22.21268798455111,23.382470894951073,250.765625,108.81402435023669,67.06573729445239,22.0,34.0,55.0,2349.0,10173.0,112.05684593184594,9584.0,9726.0,512.0,3394.0,882.0,72.17409280233345,36.41707601680841,2.574285680514295,1.617722006845547,0.0
178.0,209.0,13.694444444444443,7.833333333333334,464.0,16.633136710733773,17.06536162486385,15.866666666666669,35.608358934330084,38.56633391888938,26.674108271152747,27.895071134290095,289.515625,129.56078477242946,80.01000920445153,30.0,46.0,65.0,3907.0,18640.0,145.77643467643466,15774.0,15844.0,800.0,5402.0,1278.0,86.27800844067296,43.108920123029584,2.5784667021379577,1.6794535411229066,0.0
194.0,226.0,14.69444444444444,8.916666666666666,496.0,18.671141513194563,19.089925489553433,17.933333333333337,39.66493846924099,42.492914278449604,29.393145596157765,30.661231635094303,326.140625,140.7254077394634,85.48871786907058,30.0,44.0,69.0,5487.0,29569.0,166.74198058563383,22118.0,22192.0,1028.0,7282.0,1582.0,95.40618148672755,48.388957701219056,2.578490870280948,1.6375998237945937,0.0
170.0,204.0,10.833333333333332,7.083333333333335,442.0,15.401085903164896,16.06536162486385,14.866666666666669,34.010282722976775,36.10223230375162,24.931725309556114,26.480857571917003,287.390625,122.90237891667047,75.42422276682463,24.0,34.0,62.0,3133.0,14807.0,129.16739926739928,13266.0,14005.0,618.0,4510.0,1098.0,80.83321050514046,41.11810007480709,2.5748012725631533,1.3508759748134038,0.0
116.0,137.0,9.75,5.194444444444444,306.0,10.862279762904679,11.065583470936375,10.299999999999999,22.99753274408159,25.133208485172936,17.343820745285047,18.07896405105302,187.984375,84.63235905083157,52.69410640284114,20.0,32.0,43.0,1242.0,4647.0,79.41279276279276,4854.0,4696.0,304.0,1880.0,540.0,56.445519774737946,27.966187195120405,2.5712678948326384,1.9871606277227851,0.0
146.0,174.0,10.722222222222221,6.166666666666667,384.0,13.307438208038286,13.751943378174433,12.700000000000001,28.900545003397234,31.247869577932022,21.614971003105744,22.73763073770651,238.140625,106.1346827574413,65.82966931695259,22.0,36.0,54.0,2172.0,9450.0,106.25888000888,8916.0,9108.0,480.0,3330.0,852.0,69.80207825606432,35.383379270135165,2.573575664276208,1.580676179480707,0.0
140.0,163.0,12.222222222222221,6.2222222222222205,370.0,13.128805413084207,13.34369508771057,12.366666666666667,27.63259581096611,30.557270654690527,21.167083935921443,21.921134156778788,217.5,102.55974314116641,64.17281506746022,26.0,44.0,52.0,2338.0,11047.0,102.35152902652902,9182.0,8953.0,454.0,3271.0,800.0,68.2691570335074,33.74592449441586,2.5713405692398466,1.8524956226399953,0.0
136.0,161.0,9.61111111111111,5.694444444444444,356.0,12.37991785310972,12.829873988246623,11.833333333333334,26.994111393839336,29.13441049187208,20.172247870031235,21.23961735196093,219.984375,98.86979914921613,61.23073746008669,22.0,34.0,50.0,1790.0,7505.0,94.92589632589633,7390.0,7589.0,382.0,2652.0,711.0,65.09154778483519,32.55491762706224,2.571841780180592,1.5566276279094975,0.0
174.0,224.0,13.479166666666663,6.305555555555552,504.0,13.93918792420282,14.585437463021556,13.023809523809526,31.348667582129824,34.91057720167668,23.836350125431483,25.61757283643315,277.06112037037036,127.39348407357367,83.77311904521088,30.0,56.0,72.0,2046.0,7127.0,133.2208152958153,8514.0,8801.0,546.0,4340.0,1020.0,77.0489133332064,37.63035283645789,2.6520168107112063,1.7375074384784623,0.0
274.0,330.0,24.937499999999993,11.388888888888888,786.0,23.986178967401738,24.364691371062932,22.24285714285714,50.71390527141437,57.786490978111274,39.550228584107174,41.26984141141211,409.9493564814815,202.95109652742926,132.7250337772344,68.0,126.0,110.0,9201.0,43636.0,283.1301587301587,36694.0,36484.0,1994.0,15073.0,2836.0,127.61621476557585,63.17515873150214,2.493586882717156,2.211918012209636,0.0
136.0,161.0,11.97222222222222,6.1388888888888875,362.0,12.704815018005778,12.892822817089739,12.000000000000002,26.745754880787903,29.410431373810983,20.241197555252537,21.08949412770827,218.75,99.43314495251863,62.40231033534052,26.0,40.0,51.0,1843.0,7178.0,102.29222999223,7269.0,7131.0,487.0,2341.0,717.0,65.62700729022613,33.01062957302485,2.4512986242814288,2.081118275187117,0.0
158.0,184.0,14.28472222222222,6.847222222222221,436.0,14.389266429873288,14.589925489553435,13.433333333333337,30.2023344156988,34.087011733371206,23.436990748051215,24.29727060441538,238.48611111111114,116.71787139966679,74.80065597300869,36.0,68.0,61.0,2709.0,11685.0,124.93199300699301,10641.0,10399.0,641.0,3475.0,949.0,75.38531767869083,36.877010373062355,2.470148151003757,2.1308567838552106,0.0
148.0,181.0,11.78472222222222,5.791666666666668,418.0,12.579423245223294,13.009933601837066,11.785714285714286,27.509881001387704,30.724852354194255,21.05470211055516,22.28318449391606,229.33036574074072,108.78468465727669,70.52643044071948,30.0,56.0,59.0,1877.0,7562.0,103.41658064158065,7687.0,7830.0,467.0,2606.0,763.0,68.30164980691092,32.98829001746948,2.6313677561346487,1.6335458582139715,0.0
200.0,256.0,16.041666666666664,7.444444444444442,586.0,16.221209662519897,16.852109174265646,15.128571428571433,35.98473375426231,40.35788350340061,27.49755247770141,29.392525041876528,318.68423611111115,146.90482335523123,96.80607601126555,38.0,74.0,83.0,3052.0,11398.0,167.51336996336994,12502.0,12718.0,782.0,6166.0,1370.0,89.14049500438179,42.85726174448871,2.681922167096859,1.8142537638784162,0.0
130.0,160.0,9.652777777777777,4.791666666666666,380.0,10.672156389119543,11.11344513319297,9.971428571428572,23.61140306844533,26.633370789499136,18.226124795665505,19.343212002747848,196.6028611111111,96.02104183061769,63.033556461902,28.0,60.0,53.0,1167.0,4104.0,83.31356421356422,4825.0,4958.0,329.0,1668.0,555.0,58.97046734350365,28.149742461016885,2.632975939318356,1.671158248272562,0.0
412.0,477.0,43.25,19.166666666666657,1112.0,39.20908852409758,39.12167629090272,36.333333333333314,79.92639975410044,90.79355317164728,62.73144650001979,64.14788573097319,614.296875,304.30875471171765,193.9173190428891,90.0,158.0,157.0,37337.0,260224.0,539.7277008148744,145118.0,140836.0,4442.0,63427.0,7022.0,201.73162872375715,100.13473285422863,2.44493494148708,4.270876470865955,0.0
480.0,581.0,39.16666666666667,19.47222222222221,1308.0,42.10163029441586,43.41624364923409,39.566666666666656,91.45545543847821,101.17715503152861,69.74854097794808,73.46563107427812,747.921875,351.2472226400212,224.2037845929767,86.0,146.0,186.0,45378.0,360405.0,600.9912503752984,188970.0,196526.0,6050.0,76832.0,8856.0,223.7628899921158,110.4667697585503,2.560893521822258,1.2048063423067368,0.0
178.0,228.0,13.729166666666664,6.555555555555552,512.0,14.439187924202821,15.085437463021554,13.523809523809527,32.34866758212983,35.91057720167669,24.543456906618033,26.324679617619694,285.0611203703704,130.22191119831984,85.18733260758398,30.0,56.0,73.0,2196.0,7585.0,140.1961038961039,9110.0,9386.0,592.0,4608.0,1086.0,79.3289707141393,38.29115985236546,2.6579487681465723,1.7781187099776723,0.0
260.0,319.0,18.923611111111104,10.611111111111105,710.0,22.770312372338914,23.613902036926966,21.685714285714283,49.99495561728011,54.26527956778907,37.20432805283223,39.56718516347185,428.8193703703704,189.3437361592311,119.79702806610202,44.0,72.0,100.0,8253.0,42974.0,245.6849896835191,34250.0,35378.0,1622.0,14463.0,2610.0,120.46426503743055,60.74091983797714,2.6250354059316825,1.4306754761815783,0.0
162.0,194.0,12.694444444444441,6.916666666666664,432.0,14.671141513194563,15.089925489553433,13.933333333333337,31.664938469240987,34.492914278449604,23.736291346665393,25.004377385601927,262.140625,118.0979907414939,74.17500937008587,30.0,44.0,61.0,2686.0,11452.0,126.42294927294928,10965.0,11151.0,645.0,4130.0,1038.0,76.61775826022702,38.9126932168847,2.4623229169824437,1.6928149899810836,0.0
170.0,211.0,12.256944444444443,6.291666666666666,480.0,14.041418442762513,14.710114608539072,13.219047619047622,31.453301466476816,34.798271994634035,23.87119869148288,25.50204764182777,266.8772407407408,124.49011937533152,80.60407096220445,30.0,58.0,68.0,2402.0,9877.0,123.44298756798756,10111.0,10597.0,609.0,3243.0,965.0,77.19981164735448,37.013722620608796,2.633141930976598,1.4611482616039775,0.0
210.0,255.0,18.090277777777775,8.930555555555552,582.0,18.707869428399555,19.09516317165306,17.571428571428577,39.928119400980016,44.3490621793107,30.383241056488696,31.910336138646333,333.0652453703704,154.0729875296084,98.79103026830145,44.0,72.0,82.0,4989.0,22746.0,187.36053113553115,19912.0,19779.0,1180.0,6709.0,1663.0,98.60209053546917,49.31413323393909,2.547090235576867,1.9210161772930892,0.0
234.0,283.0,16.361111111111107,9.277777777777777,628.0,20.387156906157266,21.276063550718966,19.400000000000002,45.17877691880515,49.04070080492514,33.80219522442107,35.943617249559765,373.828125,170.3866045459705,107.5554072739422,42.0,62.0,89.0,7098.0,41254.0,199.09058032610662,30099.0,31843.0,1253.0,11620.0,2130.0,108.33000790690252,54.82273127772601,2.4844808896407002,1.1904802097661,0.0
124.0,139.0,12.541666666666666,5.388888888888888,356.0,11.357409138786485,11.35797972863518,10.404761904761909,23.138534964176397,27.231074264518185,18.755251321797523,19.055135885057094,170.77647222222225,93.05363181461775,60.820995722664655,36.0,78.0,49.0,1522.0,5631.0,89.20685425685426,5721.0,5335.0,413.0,1944.0,594.0,59.63767650714623,28.53058009918099,2.392913727278528,2.8353742526979313,0.0
292.0,349.0,24.256944444444436,12.430555555555555,796.0,26.279038744650315,26.88893531946285,24.75238095238094,56.19248836136172,62.14848805296201,42.73237592602698,44.81248216036611,455.91775,214.1063015046478,136.29807306978424,62.0,98.0,112.0,11942.0,63925.0,306.03911960072946,48392.0,48894.0,2296.0,19150.0,3334.0,139.26635433301533,69.6833404861223,2.544538609202628,1.7585620605244745,0.0
182.0,215.0,10.611111111111109,8.444444444444445,450.0,17.693733105501334,18.322556638004876,17.400000000000006,38.44797052014059,39.572572305673795,27.294083664636176,28.903705225354877,335.734375,130.27270262421231,76.54664026169709,20.0,20.0,62.0,3652.0,14864.0,160.7475912975913,15072.0,15473.0,916.0,6054.0,1456.0,88.8991072819894,47.39041423730113,2.5272177055250347,1.6424985176449116,0.0
306.0,366.0,25.548611111111104,12.68055555555555,860.0,27.01916649074853,27.639724653598808,25.3095238095238,57.73802490782977,64.76953336037123,44.440115075528524,46.51513840830637,469.5697268518519,225.6189757540153,145.39995025405733,70.0,128.0,120.0,12725.0,67737.0,328.1836444128627,51528.0,52041.0,2438.0,22160.0,3624.0,143.02195150295188,70.84659424291083,2.5117684604204675,1.8292270365799828,0.0
326.0,403.0,23.951388888888882,12.145833333333332,948.0,26.99041484385485,28.092445174187105,25.28333333333332,59.63642778826048,66.94211848703922,45.864093296449305,48.64731297404298,500.5891805555556,240.3583447647112,157.0914640801109,72.0,142.0,132.0,12587.0,67580.0,337.78771522595054,52644.0,54885.0,2682.0,20244.0,3860.0,147.47241683176287,71.3808418498715,2.7272731436645965,1.415073762588179,0.0
416.0,500.0,33.9861111111111,18.37499999999999,1124.0,38.30085933460503,39.08497538037853,36.376190476190445,81.48432325588942,89.01085786414701,61.125998632575765,64.0390399067771,688.2352361111111,303.656284861508,190.38157861266666,74.0,124.0,157.0,45508.0,472346.0,460.2046078384311,187688.0,193404.0,4812.0,56577.0,7026.0,198.49062266123624,99.91051153226488,2.576938663233999,1.138784077829963,0.0
190.0,232.0,10.694444444444441,7.972222222222224,492.0,17.091911253268258,17.93865036615807,16.700000000000006,38.24935084151555,39.77757756057122,27.253643550116294,29.355767729483684,339.125,136.53442609436362,83.29962116758392,28.0,28.0,69.0,3690.0,16864.0,153.65439421689422,15815.0,16887.0,819.0,6874.0,1446.0,88.80409708526355,46.72733758245525,2.5116797675093787,1.2888557651912795,0.0
132.0,161.0,9.812499999999998,5.0972222222222205,370.0,11.2368879901222,11.682694255683701,10.585714285714287,24.761658864681397,27.447629465556215,18.864432081774222,19.97976119844736,206.56474074074075,96.81232588033579,62.23244007059322,24.0,48.0,52.0,1365.0,5151.0,87.0609668109668,5657.0,5833.0,359.0,1899.0,604.0,61.01568123607484,29.906439077134685,2.6310254785324645,1.6070371609282186,0.0
340.0,413.0,22.569444444444436,13.472222222222221,928.0,29.49742567265985,30.800503639553153,28.157142857142844,65.40282009526258,70.89195801044616,48.706407810520254,51.908657419195976,546.8892453703703,247.925902701226,156.96763795363248,68.0,102.0,130.0,17028.0,108593.0,350.02555106572134,72740.0,77569.0,2596.0,32624.0,4425.0,156.79360124664413,79.4686491619997,2.5931329184576173,1.1156119712724468,0.0
214.0,266.0,14.590277777777773,8.194444444444443,594.0,18.000256762309256,18.864593300845797,17.119047619047624,40.34029987101591,43.874597593091096,30.035800985044038,32.23021457632482,347.8974953703704,155.96435815033405,99.83303802724443,38.0,62.0,84.0,4071.0,16938.0,182.3993561993562,17206.0,18108.0,974.0,8047.0,1680.0,96.988675791701,48.28461139447469,2.6245682947952136,1.489548893011389,0.0
414.0,526.0,31.083333333333325,15.083333333333332,1202.0,33.494532257855454,35.02187561122414,31.357142857142833,75.00303301381355,83.67692956788017,57.19730552800218,61.21706340404393,654.587222222222,303.75971585731895,199.1422103701572,78.0,150.0,170.0,29222.0,248683.0,430.4943351294193,126300.0,136375.0,3792.0,47400.0,6090.0,184.29980651873365,89.28400116330971,2.677044293835096,0.887868442541384,0.0
58.0,63.0,5.083333333333334,3.111111111111111,140.0,6.236382105218448,6.221666537153279,6.0,12.573839334717297,13.473164879336613,9.370727640387596,9.509470883444056,98.140625,42.14472886126054,24.66562126173752,10.0,14.0,19.0,268.0,731.0,32.82142857142857,1017.0,955.0,89.0,370.0,150.0,30.313870767017917,16.086865860924785,2.264352866593773,2.2380648652655273,0.0
126.0,151.0,10.861111111111109,5.749999999999999,334.0,11.82780492029403,12.01221672555377,11.233333333333333,24.96054588855038,27.1732479307931,18.677154078618376,19.51471081285661,210.765625,91.74815712710594,57.11489267483374,20.0,32.0,47.0,1300.0,4047.0,95.91071428571428,5064.0,4890.0,450.0,1930.0,638.0,60.77887532073291,30.659403334118903,2.516735207565794,2.3992769349896816,0.0
164.0,198.0,10.423611111111109,6.430555555555554,444.0,14.292530882788027,14.971548637683535,13.685714285714289,31.814817049350044,34.37541183181559,23.704789750338875,25.199468218972928,267.1897407407407,119.38596182100811,74.83356623008471,26.0,48.0,62.0,2460.0,10197.0,120.62278554778555,10447.0,11060.0,635.0,3435.0,997.0,76.42913329806647,38.38248247008778,2.631486014904258,1.4228121243483327,0.0
78.0,88.0,4.944444444444445,3.6388888888888884,190.0,7.770856947829097,7.999778153927475,7.566666666666668,16.61082619024851,17.433125433716448,12.158714650613907,12.644534207983282,133.53125,56.2421342205826,32.97275705110279,10.0,14.0,26.0,466.0,1402.0,46.01428571428572,1920.0,1970.0,142.0,631.0,244.0,38.970191932210774,20.58215233219429,2.3116997633935683,1.7622712652958814,0.0
194.0,230.0,12.263888888888886,8.11111111111111,518.0,17.724235880370358,18.400701779009285,17.061904761904767,38.66393536399305,41.55460663678218,28.740708615865994,30.231226511846817,321.74673611111115,141.17448814741988,86.96012506028646,34.0,58.0,71.0,5214.0,31140.0,155.06068791889226,22006.0,23168.0,866.0,7602.0,1536.0,92.06029861968669,47.90605524951676,2.4963290306158714,1.2007337476995983,0.0
202.0,242.0,14.70833333333333,7.8055555555555545,566.0,17.314204817746955,17.993829378656415,16.30476190476191,38.018807908451585,42.31769822991473,29.129544506504192,30.73410240083658,308.5044814814815,148.58866392447936,95.48117197347025,42.0,82.0,79.0,4479.0,21935.0,161.39401929769576,18752.0,19581.0,1014.0,5838.0,1494.0,93.48254146615261,45.991899230441135,2.631554526903087,1.4160067444153903,0.0
174.0,208.0,13.374999999999996,7.291666666666666,484.0,15.535859694275816,15.951427244571974,14.704761904761908,33.37579653428908,36.878415490016714,25.297192607530967,26.559706118949084,276.6028611111111,127.78333968789362,81.27839145164693,36.0,68.0,67.0,3398.0,16383.0,134.79330653007125,13744.0,13826.0,678.0,4797.0,1138.0,82.22282920919403,40.58480565482424,2.6458801693493106,1.6347216155937543,0.0
278.0,334.0,25.638888888888882,11.11111111111111,816.0,23.748815427823182,24.151484475418584,21.828571428571422,50.31501824754537,58.31087251287439,39.89642520986091,41.5632353733197,400.11884259259267,207.07387580403076,137.2660899504524,74.0,148.0,114.0,9194.0,43641.0,283.9409090909091,36668.0,36460.0,1988.0,15108.0,2836.0,128.0435516317365,62.0568777524153,2.502578373266716,2.212717613132849,0.0
106.0,132.0,7.25,4.083333333333334,288.0,9.019744507803583,9.463088996174601,8.600000000000001,20.24931060737528,21.855985596534886,15.032230372944467,16.10371015480785,175.390625,76.90264096100996,48.64275671983415,14.0,24.0,41.0,645.0,1838.0,63.88095238095238,2679.0,2755.0,199.0,873.0,355.0,49.03705827402185,23.659335788888242,2.620590695154369,1.7902403769199113,0.0
170.0,205.0,11.28472222222222,6.5972222222222205,464.0,14.68637773290538,15.365975828683451,13.98571428571429,32.64043424736102,35.571353822514155,24.5212863312666,26.041554776269347,270.5647407407407,124.10248778261213,78.4772750603381,30.0,54.0,65.0,2746.0,11843.0,125.25594683094684,11631.0,12282.0,655.0,3640.0,1029.0,79.00365631786336,39.042307546328175,2.6314102942899504,1.4003512021398343,0.0
156.0,187.0,12.28472222222222,6.180555555555553,434.0,13.524581690356905,13.971548637683535,12.685714285714292,29.41289326070336,32.83951344695335,22.61874558718932,23.78525465659984,237.31474074074077,114.73065917778233,73.76249841821928,32.0,60.0,61.0,2308.0,9684.0,112.95040515040516,9466.0,9665.0,548.0,2826.0,849.0,72.92191461049389,35.10507002403811,2.631007850122031,1.626299369716402,0.0
208.0,260.0,16.02083333333333,7.798611111111111,608.0,17.16908108037381,17.81445733326831,16.026190476190482,37.79979210726872,42.55132378051702,29.121281938521676,30.89915641829867,319.47944907407407,153.3652327208552,100.73213468969418,46.0,88.0,85.0,3804.0,15874.0,175.63052503052504,15540.0,15759.0,930.0,6292.0,1486.0,93.77431604046485,44.769832240433296,2.7143428780534093,1.7215553835038253,0.0
174.0,208.0,13.89583333333333,7.2638888888888875,478.0,15.494438145395826,15.91510355806262,14.619047619047626,33.351669528536135,36.888616156772365,25.33778291219432,26.62412830957193,273.9397407407408,127.6342954497233,81.29255676584535,36.0,62.0,67.0,3234.0,14648.0,137.95483405483404,13143.0,13305.0,727.0,4920.0,1172.0,81.62416370335201,40.572794825842195,2.472654700207544,1.6847405069420804,0.0
160.0,182.0,13.923611111111109,7.041666666666667,432.0,14.923741272483934,15.143292234936041,14.000000000000004,31.239321271230004,35.04697228775104,24.22497775827752,24.98284418617143,239.70486111111114,118.08735469763099,74.62251038813535,36.0,68.0,60.0,3600.0,19801.0,120.57662745750982,14304.0,14152.0,620.0,4197.0,1014.0,77.88445760854611,38.231725270480695,2.4810310765042773,1.7403575300988359,0.0
408.0,470.0,31.611111111111104,18.44444444444444,1048.0,39.02029361689101,39.89193543279963,37.266666666666644,82.78713585313525,89.6070347238145,62.13315774506616,64.59656314777587,659.0,297.118962193654,181.90856222890156,72.0,108.0,146.0,33766.0,228300.0,512.6201652461297,138624.0,142164.0,4160.0,60644.0,7080.0,199.33642101667192,101.79881415160189,2.4275094397424986,1.5498225151503011,0.0
146.0,180.0,9.333333333333332,5.527777777777777,394.0,12.37991785310972,13.054618859638213,11.833333333333336,27.994111393839336,30.13441049187209,20.75803430765814,22.274893532371017,238.15625,105.94086696108164,66.8875917095791,22.0,34.0,56.0,1499.0,5136.0,102.9096681096681,6388.0,6770.0,418.0,2693.0,760.0,67.89633340402858,33.42118810187225,2.565081229763851,1.581982568278984,0.0
252.0,314.0,18.874999999999996,9.527777777777777,716.0,21.026541452959645,21.90525407357572,19.761904761904763,46.632546800042014,51.75096949149688,35.494506670235786,37.77288536331001,397.43423611111115,184.7174510005547,119.70119254088333,48.0,88.0,101.0,7286.0,40392.0,225.53145940316992,30553.0,31923.0,1377.0,12946.0,2310.0,114.08697057959296,55.684518658105326,2.677040983695831,1.3446801790764904,0.0
158.0,198.0,10.986111111111109,5.5277777777777795,462.0,12.560184622323463,13.232617195584476,11.771428571428572,28.448389923976535,31.843331343878972,21.758816866116597,23.34189508401398,244.5357314814815,116.24812552517689,76.42105527821818,30.0,66.0,65.0,1697.0,6164.0,108.95183982683983,7169.0,7530.0,479.0,2471.0,785.0,70.37925717325923,33.53958023826898,2.6769734596307284,1.5622494872118167,0.0
48.0,51.0,3.9722222222222223,2.6666666666666665,112.0,5.32569850269549,5.313418246689416,5.166666666666667,10.707813930932858,11.31846434095736,7.8875643927932035,7.985867521329782,83.375,34.739810513972884,19.837194136991332,8.0,10.0,15.0,168.0,413.0,25.376190476190473,643.0,609.0,59.0,240.0,104.0,25.530866287621315,13.796486381433127,2.1866992140052544,2.1324849608098977,0.0
60.0,67.0,5.694444444444445,3.055555555555556,152.0,6.147065707741408,6.129914827617142,5.833333333333334,12.439864738501736,13.627865417715865,9.439677325608894,9.618860683185234,96.90625,43.89279295905582,26.66562126173752,12.0,18.0,21.0,256.0,667.0,33.5202380952381,965.0,899.0,89.0,364.0,150.0,30.536565865466166,16.051961930649306,2.288245611270737,2.34828587539016,0.0
68.0,79.0,4.805555555555555,2.805555555555556,178.0,6.16470379794645,6.39420534492739,5.866666666666667,13.436443388259487,14.629067424415018,10.146784106795442,10.658193640533511,104.90625,49.6449516832018,30.959611631863794,14.0,20.0,25.0,226.0,517.0,35.9,924.0,936.0,72.0,458.0,168.0,32.26499913518549,15.941845391320616,2.3992199456793664,2.019656502852952,0.0
206.0,257.0,14.090277777777773,7.555555555555552,578.0,16.941083909793296,17.829286670930575,16.019047619047626,38.26754900696758,41.98019542165133,28.799926907633427,30.91494428546701,326.0381203703704,150.46564022568072,97.13140680436456,36.0,64.0,82.0,3545.0,14450.0,168.70994005994007,15106.0,16030.0,866.0,7083.0,1518.0,92.41872688533024,45.683718456707986,2.6170039013691535,1.4640494213526798,0.0
102.0,123.0,8.38888888888889,4.555555555555556,270.0,9.485269665192932,9.684977379400404,9.033333333333333,20.21232375184407,21.896025042155056,15.072670487464347,15.797073955014817,172.0,74.11894410067266,45.99247517996126,14.0,24.0,38.0,843.0,2871.0,64.84094516594516,3303.0,3196.0,223.0,1052.0,381.0,49.498713465893275,24.28055661290392,2.6073426988916646,1.9550169310336014,0.0
204.0,245.0,17.229166666666664,8.680555555555554,562.0,18.264493755425487,18.66441229414379,17.18571428571429,39.00632527480034,43.27929813147034,29.67788285523632,31.132671771972756,322.8616157407407,149.69996495963557,95.59969255521058,42.0,72.0,79.0,4854.0,22608.0,177.07395937395938,19495.0,19499.0,1103.0,7166.0,1622.0,95.98237335618806,47.878092796080374,2.487593660296598,1.833711773550283,0.0
144.0,174.0,11.013888888888888,5.416666666666664,416.0,12.04334786991786,12.49405122472894,11.23809523809524,26.407981718203082,29.884572796198285,20.506363761823042,21.625102098786048,214.9732314814815,106.48866532762774,69.57948273423298,32.0,68.0,58.0,1715.0,6876.0,97.56618381618381,7087.0,7291.0,433.0,2315.0,708.0,66.01154624241629,31.490361929742285,2.6323834386234046,1.603851265497492,0.0
290.0,334.0,25.034722222222218,12.902777777777779,774.0,27.178886451145853,27.598163284989827,25.585714285714275,57.0374235241709,63.37366917772226,43.809690610747666,45.33045609537718,443.7209907407408,213.16969478511535,134.02486743245444,64.0,106.0,108.0,14434.0,90149.0,310.12141427674646,57726.0,57600.0,2394.0,22807.0,3512.0,140.3205809848173,68.78189929111448,2.4886146583320774,1.9476433774159827,0.0
176.0,213.0,12.145833333333332,6.791666666666666,484.0,15.097061335428338,15.774224119147314,14.319047619047621,33.506459651145455,36.7260543608934,25.29734279767444,26.85805135719707,277.3303657407408,128.6789790051536,81.89148862271122,32.0,58.0,68.0,3184.0,15450.0,129.5250614581497,13483.0,14239.0,645.0,4211.0,1095.0,81.51251300875191,40.40691019929146,2.634526847820561,1.3311283680114978,0.0
144.0,176.0,11.08333333333333,5.97222222222222,388.0,12.772963365427639,13.198576632791827,12.133333333333335,27.863558147866026,30.28790902355219,20.826983992879438,22.052057155950465,236.921875,104.76519945947713,66.00781490182592,22.0,36.0,55.0,1904.0,7819.0,102.39232434232434,7730.0,7789.0,444.0,2362.0,724.0,67.95090419489925,33.459313874607446,2.641955841536412,1.6381528005375483,0.0
258.0,317.0,19.284722222222214,10.194444444444443,714.0,22.12615441999548,22.983765363237303,20.919047619047618,48.76399328038021,53.53464119892741,36.71600087112803,39.05732478233715,411.5693703703704,188.5524934032934,120.79045535648255,48.0,80.0,101.0,7774.0,40221.0,240.05215527936116,32285.0,33373.0,1579.0,13804.0,2508.0,118.38795456418826,58.91911377995983,2.624815194898051,1.4229133727606347,0.0
278.0,333.0,25.187499999999993,11.59722222222222,794.0,24.463523598082702,24.850870271598982,22.709523809523805,51.68486672316113,58.841750994111855,40.30686418815043,42.00253816896735,416.9447268518519,205.87376693808915,134.21303765693887,68.0,128.0,111.0,9738.0,46991.0,289.9628593628594,38819.0,38581.0,2067.0,15922.0,2944.0,129.8861803017684,63.96286899306731,2.4890999226770325,2.209342392622963,0.0
136.0,161.0,11.97222222222222,6.1388888888888875,362.0,12.704815018005778,12.892822817089739,12.000000000000002,26.745754880787903,29.410431373810983,20.241197555252537,21.08949412770827,218.75,99.43314495251863,62.40231033534052,26.0,40.0,51.0,1843.0,7178.0,102.29222999223,7269.0,7131.0,487.0,2341.0,717.0,65.62700729022613,33.01062957302485,2.4512986242814288,2.081118275187117,0.0
128.0,155.0,9.11111111111111,5.250000000000002,340.0,11.413591357920934,11.857516187174516,10.9,25.074927805386256,27.051927587233457,18.677154078618376,19.774223836850453,210.765625,92.93287542159872,57.943319799579925,18.0,30.0,48.0,1383.0,5281.0,86.24235209235209,5754.0,5960.0,362.0,2181.0,632.0,60.470405511415436,30.504131318901656,2.568282540663847,1.5805855858836009,0.0
156.0,185.0,8.499999999999998,6.833333333333333,390.0,14.707039898056806,15.365180618161846,14.433333333333339,32.468786046534355,33.56471104817409,23.201272891777954,24.676207986378387,279.71875,111.85224684184142,66.41765005720514,18.0,20.0,54.0,2665.0,12270.0,117.47249972249972,11370.0,12087.0,532.0,3815.0,968.0,75.14906495998434,39.67996076979035,2.4431710421480073,1.3069489173663111,0.0
192.0,247.0,15.541666666666664,6.861111111111108,570.0,15.183204860059114,15.827545309576063,14.061904761904767,33.92815421935141,38.43130314384038,26.1927287150695,28.04057810344542,298.05923611111115,141.39705463768962,94.15579447139267,38.0,76.0,81.0,2546.0,8926.0,155.35689033189033,10468.0,10688.0,674.0,5312.0,1224.0,84.57125831459891,40.19157913918216,2.681237922913563,1.8337890686479985,0.0
120.0,145.0,8.090277777777777,4.708333333333333,330.0,10.415520785076282,10.866197674755975,9.919047619047621,23.029608057112522,25.138228388797714,17.31231914895853,18.34676803659191,193.03349074074075,87.65934343525286,55.40401294584702,20.0,40.0,46.0,1095.0,4005.0,76.2001443001443,4579.0,4764.0,263.0,1503.0,483.0,55.9935092127335,27.27405671931108,2.6279593495359186,1.5639799697271446,0.0
110.0,126.0,8.368055555555554,4.874999999999999,292.0,10.41453935071617,10.636313191481898,9.904761904761907,22.004560367960828,24.13577480289743,16.73671467521591,17.32383959466507,171.51837037037035,80.66487644894382,49.98327338283302,24.0,40.0,40.0,1023.0,3352.0,76.09404761904761,4080.0,4043.0,346.0,1410.0,494.0,53.460810503073375,26.977941718067974,2.452840075223499,2.0776349822477416,0.0
210.0,262.0,14.340277777777773,7.888888888888886,586.0,17.47908871225408,18.353850535620158,16.585714285714293,39.32412854187847,42.90677578121156,29.397643889078793,31.55978444271157,338.6631203703704,153.14498181847614,98.36747478186435,36.0,62.0,83.0,3812.0,15712.0,175.23465145965145,16189.0,17119.0,919.0,7548.0,1598.0,94.70838126054711,47.344480049244645,2.61790285557501,1.4723813762610083,0.0
142.0,175.0,11.444444444444443,5.583333333333333,392.0,12.145642165489813,12.582261058566107,11.400000000000002,26.67300401673957,29.516029202371207,20.298216696655373,21.516606798447082,223.0625,103.833921964477,66.77174692432611,24.0,42.0,56.0,1652.0,6312.0,98.53838383838382,6708.0,6758.0,414.0,2078.0,671.0,65.88440738674798,31.712235731996635,2.6419948106159197,1.6911396444164253,0.0
136.0,166.0,10.062499999999998,5.430555555555554,378.0,11.774892792582985,12.207258120373286,11.152380952380954,25.818238399592293,28.37420982511644,19.462149063219595,20.624601355691922,219.18974074074075,99.49166747313119,63.46850804809301,24.0,46.0,53.0,1507.0,5716.0,92.53953823953825,6217.0,6380.0,399.0,2074.0,655.0,63.305554130247344,30.971010552131865,2.631279259788533,1.6347802176651658,0.0
184.0,237.0,14.590277777777775,6.777777777777774,532.0,14.86670827913139,15.507506852949366,13.890476190476194,33.25510119168773,37.02403628773663,25.279073258505996,27.115586222178727,295.2173703703704,134.65836768179878,88.37205090207678,30.0,58.0,76.0,2336.0,8006.0,148.4008658008658,9646.0,9891.0,642.0,4891.0,1154.0,81.84370718874877,39.57625423463667,2.6790217862452423,1.8332381452828381,0.0
64.0,72.0,5.944444444444445,3.388888888888889,160.0,6.685070510202193,6.654478692306727,6.400000000000001,13.496444273412632,14.554445777276092,10.037394307054264,10.263700840429793,109.53125,46.572134551851214,27.90168923923731,12.0,16.0,22.0,323.0,912.0,37.20039682539683,1216.0,1132.0,100.0,458.0,176.0,32.82598613263775,17.721189232508333,2.2970087413362528,2.3321420311652754,0.0
142.0,175.0,10.923611111111109,5.708333333333331,398.0,12.223581197566729,12.640070275526734,11.552380952380954,26.74084333828763,29.455490723055924,20.12881572988626,21.378831312677658,230.58036574074077,103.91907316372188,66.7045760255928,26.0,48.0,56.0,1630.0,6116.0,99.10061327561328,6657.0,6755.0,435.0,2302.0,708.0,65.81975388576637,32.349304601531955,2.632124227129184,1.6943748463612234,0.0
200.0,243.0,15.069444444444441,7.5138888888888875,570.0,16.735906555762092,17.415898768584224,15.671428571428576,36.93661117552971,41.44517587965594,28.460036004355896,30.110795443022525,305.0467268518519,147.32247470531712,95.68175819266801,40.0,84.0,80.0,4071.0,19118.0,156.9868548118548,16955.0,17595.0,931.0,5172.0,1379.0,91.52553275441724,44.14110478757912,2.631550663097475,1.4433216355701801,0.0
188.0,221.0,11.923611111111109,7.98611111111111,492.0,17.308499414264457,17.968470303445226,16.68571428571429,37.76784085767357,40.356437968651896,27.900743450083073,29.431022234887607,308.2615,136.57909142195712,83.91110245630831,34.0,50.0,68.0,4374.0,22468.0,152.54519173636822,18562.0,19652.0,892.0,5878.0,1386.0,89.61830665585444,45.7523700819636,2.5300067586861266,1.3346959762457804,0.0
284.0,329.0,24.173611111111104,12.902777777777775,754.0,26.861049205950067,27.25286382336908,25.41904761904761,56.3249653959817,62.03088790614415,42.77441443033757,44.363836290196794,449.5959907407408,208.15499775960987,130.02486743245444,60.0,96.0,105.0,13446.0,80227.0,304.5619523278579,53793.0,53691.0,2345.0,21384.0,3394.0,137.84712840488632,68.84486579520922,2.488398934670448,1.984777355788194,0.0
330.0,392.0,22.916666666666657,13.888888888888882,862.0,30.085534208914925,31.197911094574234,28.833333333333318,65.69603671861154,70.58728532470153,48.817846570482544,51.500378405661706,541.515625,239.55047662427066,147.9555233066571,52.0,78.0,121.0,16120.0,91228.0,364.9321342958727,67917.0,71460.0,2705.0,27418.0,4376.0,156.61097036376907,80.57402658380798,2.466509222165689,1.3623737254030193,0.0
138.0,161.0,11.611111111111109,6.444444444444443,358.0,13.294131415482818,13.484574526625876,12.66666666666667,27.879729477003465,30.25573083543173,20.87935465121779,21.687211109153637,227.984375,100.51350797946954,61.816523897713616,24.0,36.0,50.0,2179.0,9479.0,105.11350871350872,8614.0,8474.0,512.0,2731.0,772.0,67.67966701847064,34.66921688970235,2.4458932466404604,1.9641510627253993,0.0
142.0,185.0,9.534722222222218,5.124999999999998,408.0,11.340276933485196,11.977008165855688,10.757142857142858,25.929775844382743,28.204336844038632,19.199432189348993,20.875106326407163,236.23762499999998,103.32737085511339,67.2653970366479,24.0,38.0,58.0,1115.0,3317.0,94.78293650793651,4692.0,4877.0,370.0,1631.0,602.0,64.18810055785488,30.893227867615444,2.7507621495183447,1.7370313660354133,0.0
194.0,237.0,13.756944444444441,7.916666666666664,528.0,17.10109718018223,17.743359960810114,16.30476190476191,37.51387186048925,40.66713875229339,27.965102719888566,29.66917946711962,317.163625,141.2939541315006,89.07353112071668,34.0,54.0,74.0,4114.0,19933.0,156.73392563319032,17202.0,17932.0,868.0,6111.0,1420.0,90.8182905096302,45.430281775840164,2.648849324920107,1.443965290308554,0.0
114.0,137.0,10.111111111111109,4.888888888888888,310.0,10.272963365427639,10.473831761400238,9.633333333333335,21.86355814786603,24.287909023552192,16.705663649319796,17.48124706960765,178.75,83.55199602388066,53.27989284046806,22.0,36.0,44.0,1012.0,3330.0,77.39801587301588,4004.0,3935.0,304.0,1575.0,494.0,53.918549920104425,27.153375191681636,2.445018236108499,2.077391970602866,0.0
172.0,205.0,13.28472222222222,7.402777777777776,466.0,15.621759345333652,16.03141913228834,14.852380952380958,33.54222365966259,36.660495977953346,25.159443427231846,26.452471885888762,279.7991157407408,125.73714581997723,79.11441118097203,34.0,56.0,65.0,3140.0,13595.0,138.62851592851592,12751.0,12897.0,755.0,4776.0,1172.0,81.41130996530393,40.7745528336024,2.4777585670470077,1.741288893041735,0.0
176.0,205.0,13.08333333333333,7.888888888888889,452.0,16.722453108210814,17.157113334399988,16.03333333333334,35.74233353054565,38.411633380510125,26.605158585931445,27.78568133454891,290.75,127.81272067463414,78.0100092044515,28.0,42.0,63.0,3884.0,18656.0,147.4509657009657,15907.0,16251.0,889.0,5288.0,1314.0,85.50223535595902,43.74258418054733,2.505621252629536,1.6683750351041782,0.0
126.0,151.0,10.861111111111109,5.749999999999999,334.0,11.82780492029403,12.012216725553769,11.233333333333333,24.960545888550378,27.1732479307931,18.677154078618376,19.514710812856613,210.765625,91.74815712710594,57.11489267483374,20.0,32.0,47.0,1280.0,3902.0,96.40595238095239,4978.0,4798.0,454.0,1898.0,638.0,60.77865987105619,30.9015783219854,2.517507902589039,2.4342563268315733,0.0
130.0,154.0,11.111111111111109,5.972222222222221,342.0,12.310968167888422,12.498395626089822,11.700000000000001,25.92013768277692,28.21448938311241,19.424700974324807,20.24740757041185,215.375,94.71661899091464,58.758601505087114,22.0,34.0,48.0,1491.0,4924.0,100.28730158730158,5808.0,5611.0,482.0,2202.0,690.0,63.04770148994264,31.856560185568476,2.505201400671861,2.344343473752555,0.0
188.0,239.0,14.840277777777775,6.972222222222219,540.0,15.333034774320172,15.97986465402147,14.323809523809528,34.174284780140816,38.10651919237526,26.067060268732305,27.87387295610266,296.4361203703704,137.76686428467,90.24525500021045,34.0,62.0,77.0,2672.0,9896.0,151.92601010101012,11004.0,11256.0,654.0,5506.0,1224.0,84.10120990825968,40.137324519567734,2.651874786753946,1.7465945270490761,0.0
234.0,279.0,18.201388888888886,9.513888888888888,640.0,20.637973893287096,21.298566137764364,19.452380952380953,44.771941587658176,49.54986176930783,34.13930314183796,35.90478503530562,361.6116157407408,171.63144367632106,109.37239158995591,48.0,82.0,90.0,7671.0,46787.0,204.92182603258453,31568.0,32385.0,1218.0,12299.0,2136.0,109.31157532251429,54.112011090589206,2.5143773498061788,1.3670854914259396,0.0
256.0,309.0,21.034722222222214,10.430555555555554,708.0,22.41533543949404,23.05095320808385,21.01904761904762,48.428094895517965,53.90344335244443,37.07552167653462,39.01020160653796,391.91775,188.00085789686426,120.88166520478552,54.0,90.0,100.0,7690.0,36075.0,248.0514513264513,31472.0,32118.0,1664.0,12682.0,2470.0,120.58288673910798,59.7490216428736,2.5408586975697895,1.7376176711260707,0.0
164.0,205.0,11.84722222222222,5.694444444444446,482.0,12.954031472440816,13.627044386584393,12.071428571428573,29.274007121987513,33.03927333457754,22.575313447044323,24.1839816413104,247.9107314814815,120.9646514867809,80.06476410847156,34.0,72.0,68.0,1906.0,7245.0,114.31329781329782,8013.0,8375.0,513.0,2793.0,843.0,72.87215814333226,34.31548522358018,2.6771046335007194,1.5426150808959163,0.0
120.0,140.0,9.999999999999998,5.416666666666668,314.0,11.345443010499071,11.551762371472428,10.766666666666667,23.95712453830813,26.174449937492245,18.091367640991475,18.81166080860826,192.59375,87.60082091464027,54.33781523309452,22.0,34.0,44.0,1462.0,5846.0,82.55817515817515,5800.0,5720.0,360.0,1779.0,566.0,58.79567039651139,29.374632706076163,2.480450065377199,1.86539549087153,0.0
346.0,429.0,23.361111111111104,13.215277777777775,976.0,29.272289927176125,30.5924451741871,27.783333333333317,65.09903184180266,71.34802103211763,48.99182101980965,52.18284687997572,556.2436944444443,253.05217260552305,162.12267172668055,66.0,118.0,136.0,14767.0,80544.0,374.1908836046994,62800.0,66656.0,3148.0,24136.0,4504.0,157.91061394111347,78.42733716986145,2.7299721230785794,1.3087747649378922,0.0
238.0,299.0,17.513888888888886,8.86111111111111,680.0,19.632694602842292,20.510826882575806,18.461904761904766,43.80692960203103,48.55502750079832,33.26379652693496,35.5165852436405,378.05923611111115,174.34407078945833,113.22905658588375,44.0,82.0,96.0,5635.0,27288.0,209.07261431379078,23758.0,24964.0,1218.0,10383.0,2028.0,107.03512987225946,52.33867791746965,2.677043922886816,1.4274196552949345,0.0
148.0,175.0,10.812499999999996,6.041666666666667,402.0,13.203214485310983,13.655052056755808,12.51904761904762,28.680842453134474,31.530112370194836,21.773739435560163,22.859368275930926,231.78349074074077,108.40610385744557,68.34828485584617,28.0,52.0,56.0,2252.0,10233.0,104.94769674769674,9251.0,9453.0,479.0,2993.0,820.0,70.11390089331424,34.36234881857863,2.6330984972101046,1.5341084403717056,0.0
126.0,152.0,8.951388888888888,4.874999999999999,350.0,10.809367635193636,11.260624865755892,10.219047619047622,23.855225255123504,26.33417037949628,18.12881572988626,19.188854593888326,196.40849074074075,92.37586939685683,59.04772177610041,24.0,46.0,49.0,1247.0,4728.0,80.99469696969697,5197.0,5390.0,319.0,1748.0,555.0,58.50287625856129,28.404838746629338,2.629965296706661,1.5596000335303193,0.0
328.0,414.0,23.24305555555555,11.930555555555552,942.0,26.671205290206817,27.99641846579581,25.114285714285703,60.05132866690603,66.45607244657813,45.47653829332659,48.75303605944801,523.1083518518519,240.17629077556754,156.27458405935857,58.0,114.0,133.0,14001.0,89288.0,313.46523141031656,60355.0,64960.0,2425.0,22268.0,3787.0,146.86579690923406,71.18929850962994,2.6770005769951877,1.0692467895974418,0.0
136.0,164.0,10.062499999999998,5.319444444444443,378.0,11.720051237716593,12.168873156219755,11.052380952380956,25.721250658907945,28.488870917875534,19.61197897748065,20.7124579560026,211.17411574074077,99.78078774414449,63.876148900846616,26.0,50.0,53.0,1587.0,6420.0,90.96658064158065,6589.0,6812.0,389.0,2154.0,655.0,63.28496668554423,30.84948160754631,2.6306675080406885,1.5482105360491143,0.0
236.0,296.0,16.902777777777775,9.0,668.0,19.760015802780117,20.627142456801526,18.6952380952381,43.99748373315749,48.32690732197929,33.08545704197248,35.34492881995733,383.91861111111115,172.44692115971228,111.05091100101045,42.0,76.0,94.0,5773.0,29003.0,207.46335051687217,24344.0,25584.0,1204.0,10620.0,2028.0,106.82180808905007,52.57903277078074,2.6770399373519,1.3991929866976935,0.0
252.0,312.0,16.062499999999993,9.75,688.0,21.483420009903643,22.57551707277344,20.585714285714285,48.299891665242455,51.91583904541041,35.611775005496646,38.24082820140942,418.6787453703704,182.97445057448533,115.61888248122874,40.0,64.0,97.0,6930.0,35295.0,227.225613357231,29814.0,31998.0,1438.0,13062.0,2402.0,114.91517000755026,58.25960892289977,2.624797932628946,1.2508640078422257,0.0
194.0,236.0,13.756944444444441,7.874999999999998,528.0,17.079423245223296,17.734678473228655,16.285714285714292,37.50988100138772,40.724852354194255,28.00444957886099,29.682421705005062,319.5022407407407,141.3115965918578,88.91120675156968,30.0,56.0,74.0,3522.0,13775.0,164.17741702741705,14539.0,14934.0,1027.0,4749.0,1417.0,90.79887009423024,45.29943820559693,2.659287175052753,1.6979219505279874,0.0
270.0,326.0,19.513888888888886,10.847222222222221,744.0,23.598628426558253,24.47348613947232,22.390476190476186,51.675956952221775,56.68776699427324,38.95549934247873,41.20334060286328,431.8753564814815,197.54614969899976,125.47641636787607,52.0,92.0,104.0,11131.0,74574.0,241.9621836265244,46583.0,48621.0,1737.0,15873.0,2776.0,125.77820658742992,62.35797695843018,2.6315505649626356,1.1679749638408885,0.0
252.0,300.0,17.90277777777777,9.625000000000002,700.0,21.545569643851405,22.46596533365599,20.304761904761907,47.560187344673395,52.84732513195107,36.428480626188836,38.48006909325141,381.6404768518519,185.26608629681485,118.85771967317307,54.0,100.0,98.0,9015.0,58016.0,213.0644057310079,38141.0,40277.0,1495.0,12572.0,2368.0,116.37469288731225,56.86165396280644,2.631490174723542,1.1347524283378678,0.0
172.0,205.0,13.736111111111107,6.763888888888888,488.0,14.842059705644738,15.29672670619272,13.871428571428574,32.110993977518724,36.24923388895737,24.936432642241623,26.112112361756378,259.4998518518519,127.04959955760914,82.13855442580297,36.0,78.0,68.0,3260.0,16224.0,127.53017244193714,13291.0,13481.0,651.0,4202.0,1068.0,80.12460117022822,38.941887297720044,2.634160757931117,1.5483043427516145,0.0
86.0,95.0,8.256944444444445,4.027777777777778,234.0,8.341553820740987,8.335698987662298,7.785714285714287,16.92317444755463,19.274769302737774,13.321407857295364,13.520501703193439,127.0757361111111,63.89672116429531,40.32909492982799,22.0,44.0,32.0,654.0,2151.0,54.00436507936508,2466.0,2304.0,182.0,859.0,300.0,42.584261859391205,21.00415200352163,2.3231151408755233,2.437151500781851,0.0
170.0,211.0,12.256944444444443,6.291666666666666,480.0,14.041418442762513,14.710114608539072,13.219047619047622,31.453301466476816,34.798271994634035,23.87119869148288,25.50204764182777,266.8772407407408,124.49011937533152,80.60407096220445,30.0,58.0,68.0,2402.0,9877.0,123.44298756798756,10111.0,10597.0,609.0,3243.0,965.0,77.19981164735448,37.013722620608796,2.633141930976598,1.4611482616039775,0.0
326.0,387.0,22.666666666666657,13.55555555555555,854.0,29.547529406454142,30.67334722988465,28.26666666666665,64.63945718370064,69.66070496514129,48.22012958903718,50.85553824841714,528.890625,236.87113503147526,146.71945532915734,52.0,80.0,120.0,15571.0,88190.0,355.75861614735453,65715.0,69263.0,2611.0,26539.0,4244.0,154.32132221387207,79.0053306725688,2.465021033055998,1.3472616444292214,0.0
116.0,128.0,7.8055555555555545,5.88888888888889,274.0,12.202708600407233,12.418769209616976,11.933333333333334,25.49302292317038,26.55564778397524,18.52267568129283,19.081208390830092,205.53125,83.4369916482053,47.75202879546761,14.0,18.0,37.0,1786.0,8059.0,84.2109792984793,7212.0,7254.0,398.0,2272.0,638.0,59.62752326321432,32.254860076918355,2.3262666778849024,1.7003650039057672,0.0
140.0,169.0,10.312499999999998,5.652777777777775,386.0,12.258056040177378,12.69343702090934,11.619047619047622,26.777830193818836,29.41545127743576,20.209695958926023,21.35729811324716,223.79911574074077,102.46012933693989,65.1122168783464,26.0,48.0,54.0,1738.0,7024.0,96.50467587967589,7185.0,7395.0,431.0,2338.0,708.0,65.57461167545453,32.430323105917374,2.6308790810557108,1.5812970703508384,0.0
196.0,236.0,16.277777777777775,8.666666666666664,524.0,17.97920192568501,18.36379809032419,17.066666666666674,38.37617375041611,41.81017661270782,28.674108271152765,30.157761005247316,323.6875,142.8430018442015,89.71821313695091,36.0,52.0,74.0,4498.0,20481.0,170.6692612942613,18082.0,18102.0,1042.0,6689.0,1542.0,93.26562239553607,47.76058906437147,2.4817041893279654,1.8338112559895992,0.0
164.0,202.0,11.39583333333333,6.069444444444441,460.0,13.613898087833947,14.288045218611261,12.852380952380955,30.54686785691892,33.684812908574095,23.13558233959493,24.711141037268742,256.7209907407407,120.05366289185254,77.41935266771165,30.0,56.0,65.0,2211.0,8989.0,117.02228049728049,9366.0,9879.0,548.0,3476.0,932.0,74.59842730298044,36.36061860371072,2.632172685816472,1.440000459693046,0.0
334.0,408.0,25.04166666666666,13.13888888888889,930.0,28.645097589999622,29.725187822258615,27.01904761904761,62.94275152693533,69.46950368000347,47.70779112955258,50.601311522006775,522.0068703703704,244.69507751863168,157.17406076813344,64.0,114.0,131.0,15031.0,85980.0,352.05002534874825,62837.0,65429.0,2127.0,31887.0,4031.0,153.54281976399432,76.4965936926002,2.6705053344044063,1.3374008381082418,0.0
312.0,377.0,26.479166666666657,13.416666666666664,852.0,28.161934342405228,28.76071629824636,26.552380952380936,60.09754164954467,66.30694188412453,45.546030671473076,47.75732897911988,501.3974953703704,228.31020778982426,144.8812412972065,56.0,98.0,120.0,14723.0,85061.0,336.19501897741065,59623.0,60185.0,2007.0,30054.0,3753.0,147.4834243839663,74.27974561914314,2.639142195779201,1.716113122500216,0.0
306.0,375.0,24.22916666666666,12.583333333333327,842.0,26.823730384953702,27.655143489246278,25.352380952380937,58.32508263620232,64.03878225968535,43.913037509617624,46.478095192856664,494.6474953703704,223.5399007709232,142.5249501274599,54.0,92.0,119.0,12319.0,65689.0,320.0582042140866,50876.0,52334.0,1714.0,26281.0,3427.0,142.25703876874766,71.39799376634814,2.6588642848830846,1.5082317369025404,0.0
302.0,364.0,25.368055555555546,12.94444444444444,824.0,27.23441398747666,27.838646908318555,25.685714285714273,58.19110803998676,64.1934827980646,44.10330753839857,46.25931559337431,483.2412453703704,221.04532418159917,140.2823094403406,56.0,96.0,116.0,13328.0,74278.0,320.83475310808905,54063.0,54659.0,1853.0,27597.0,3509.0,142.68985353347034,71.86611356844514,2.6304418610829,1.7114775613779816,0.0
314.0,380.0,24.729166666666657,12.888888888888882,858.0,27.730884027626534,28.59219466040316,26.18571428571427,60.17151536060707,66.22686299288418,45.58647078599296,48.042431979482416,498.0068703703704,229.63496082337963,145.93916368983298,56.0,98.0,121.0,13890.0,78198.0,331.3250775067726,57579.0,59507.0,1947.0,29430.0,3747.0,146.69674309543552,73.90718723457537,2.6393453834319827,1.4791991198622976,0.0
266.0,323.0,22.145833333333325,10.916666666666664,736.0,23.353873929914787,23.986843697475607,21.91904761904761,50.386306368369546,55.98967954986632,38.48689340342607,40.48262501591485,415.8506203703704,195.07991531287814,125.09539684322218,50.0,90.0,104.0,8863.0,44426.0,261.60451492951495,36435.0,37319.0,1143.0,19684.0,2613.0,123.99726836638868,61.8607777153403,2.6263814768052125,1.6447120785890286,0.0
338.0,410.0,24.840277777777768,13.749999999999991,916.0,29.803363672697966,30.894870141866935,28.3190476190476,65.26508175104915,71.11340390682423,48.97217477766463,51.8223354612662,546.0224953703704,246.4117077754971,155.48236745669809,56.0,96.0,129.0,17129.0,105324.0,360.42908865991546,72241.0,75979.0,2333.0,35254.0,4319.0,157.64277275876776,79.79541030849524,2.639356912802813,1.2834518633214091,0.0
314.0,387.0,23.340277777777768,12.27777777777777,868.0,26.82020042510357,27.908691241330885,25.352380952380933,59.305489956822626,65.07216245450493,44.68909397602547,47.55410479777823,501.4131203703704,229.30111028795747,146.7675908145792,54.0,94.0,123.0,12175.0,64221.0,323.6702770268947,51316.0,53843.0,1720.0,26758.0,3508.0,143.98824589818676,71.91590862323524,2.671775371031674,1.3447550107996475,0.0
100.0,121.0,8.75,4.138888888888889,274.0,8.8411117128495,9.054840705710737,8.266666666666666,18.981361414944153,21.165386673293394,14.584343305760155,15.287213573880127,154.75,73.32770134473509,46.98590247034177,18.0,32.0,39.0,690.0,2114.0,61.463492063492055,2691.0,2587.0,201.0,885.0,343.0,47.422156354639085,22.48185746747741,2.6076473159770313,2.0583448788927234,0.0
384.0,477.0,25.006944444444432,14.083333333333325,1062.0,31.702343158264313,33.48617815925803,30.119047619047596,72.02263251640841,78.36085262074015,53.800601902410804,57.910130985454785,612.1943703703704,279.77882814445337,179.48675606194936,68.0,108.0,151.0,20858.0,141022.0,399.167481514537,91127.0,99407.0,3409.0,39120.0,5478.0,172.49324596192574,85.58160228562525,2.642286629045332,0.9662509776023684,0.0
212.0,254.0,13.006944444444441,8.375,566.0,18.65270422809416,19.56307850114715,17.91904761904762,41.559617835814116,44.65383672715277,30.844807247425635,32.784865158909184,345.9553657407407,154.0810420705721,95.90682834457581,34.0,58.0,79.0,5527.0,30412.0,170.60544704263742,23833.0,25660.0,1101.0,7690.0,1731.0,99.11757630696347,50.158374151958114,2.631456777492261,1.1560662519336036,0.0
298.0,353.0,26.437499999999993,12.84722222222222,834.0,26.963523598082702,27.350870271598982,25.209523809523805,56.68486672316113,63.841750994111855,43.84239809408316,45.53807207490008,456.9447268518519,220.01590256182007,141.28410546880434,68.0,128.0,116.0,12923.0,69536.0,323.3337790004973,51444.0,51066.0,2492.0,20352.0,3514.0,141.28410994052933,70.18772999960355,2.489259282244009,2.1841069239773194,0.0
112.0,142.0,8.111111111111109,4.388888888888889,308.0,9.485269665192932,9.909722250791994,9.033333333333331,21.212323751844067,22.896025042155056,15.658456925091249,16.832350135424896,190.171875,81.19001191253818,51.649329429453665,14.0,24.0,44.0,701.0,1930.0,70.5452380952381,2860.0,2880.0,222.0,1120.0,411.0,51.48448712413267,25.047066925457493,2.6652390293702437,1.9205874251584265,0.0
176.0,218.0,12.59722222222222,6.527777777777779,506.0,14.4920362749016,15.151608251273979,13.638095238095241,32.33058665689841,35.96585369413776,24.587243990862785,26.243035360928058,276.5357314814815,129.3008473290687,84.12925921071754,34.0,70.0,71.0,2609.0,11028.0,130.16347957597958,10867.0,11250.0,629.0,3721.0,1029.0,79.72098703220458,38.505998309746815,2.678869559961136,1.510347510085216,0.0
170.0,211.0,11.736111111111109,6.361111111111112,486.0,14.098189424784248,14.757181060274062,13.33809523809524,31.504969458887434,34.7699117034392,23.77074740993506,25.40094880363164,273.1607314814815,124.58432136746468,80.48555038046415,30.0,64.0,68.0,2355.0,9586.0,124.60142635142637,9849.0,10237.0,591.0,3333.0,965.0,77.22808606213155,37.730088363724704,2.6787433957106437,1.5236393334869747,0.0
180.0,208.0,16.14583333333333,7.916666666666665,488.0,16.748851012292135,16.961269413918558,15.657142857142864,34.972243751273524,39.31272645397183,27.21900830963754,28.052590820685598,267.1392453703704,132.8101837304901,84.32166352774645,44.0,72.0,68.0,3691.0,15250.0,159.22416472416472,14540.0,14268.0,682.0,6559.0,1262.0,86.89966190937129,43.39152762959328,2.5300675842059235,2.377259706229621,0.0
164.0,196.0,12.78472222222222,6.8194444444444455,450.0,14.583754542872867,15.006855267598757,13.78571428571429,31.485644124751683,34.733915618393105,23.854619664599927,25.100524947457654,259.1741157407407,120.22937710243568,76.46412964109915,34.0,58.0,63.0,2700.0,11617.0,126.54467754467757,11025.0,11215.0,641.0,4158.0,1038.0,76.84183922797439,38.14214217228783,2.471815026996601,1.6833616895935588,0.0
302.0,353.0,24.39583333333333,13.041666666666663,808.0,27.76820284862289,28.414659865917553,26.252380952380932,59.17139812038645,65.21896863934299,45.03363414433982,46.96344925723263,471.1272407407408,221.32112562393178,139.0959352443199,62.0,102.0,113.0,14822.0,89934.0,319.49884768224547,60576.0,61804.0,2556.0,24248.0,3748.0,144.3557446783061,71.31285042833954,2.4821585704618796,1.6356930346886192,0.0
150.0,182.0,11.874999999999998,5.5972222222222205,436.0,12.44821285552739,12.902299515192803,11.571428571428573,27.28537677950775,31.05329189825881,21.29150893656772,22.441598679713778,224.12485185185187,111.01936509702037,72.8379913460572,32.0,72.0,61.0,1797.0,6855.0,104.9966810966811,7355.0,7486.0,487.0,2430.0,763.0,68.5156834032754,32.25738635894114,2.6324805372856375,1.7077314004743511,0.0
116.0,142.0,8.36111111111111,4.472222222222222,316.0,9.896754605515326,10.34369508771057,9.366666666666667,22.034519599612796,24.093169039552766,16.59627384957862,17.678493469659507,183.375,84.58762878642267,53.930174380340915,20.0,32.0,45.0,901.0,2922.0,72.39999999999999,3729.0,3829.0,251.0,1176.0,435.0,53.80192030597172,25.76797475152605,2.6107235652941982,1.690538608692814,0.0
132.0,161.0,9.812499999999998,5.0972222222222205,370.0,11.2368879901222,11.682694255683701,10.585714285714287,24.761658864681397,27.447629465556215,18.864432081774222,19.97976119844736,206.56474074074075,96.81232588033579,62.23244007059322,24.0,48.0,52.0,1365.0,5151.0,87.0609668109668,5657.0,5833.0,359.0,1899.0,604.0,61.01568123607484,29.906439077134685,2.6310254785324645,1.6070371609282186,0.0
154.0,184.0,12.124999999999998,5.805555555555554,444.0,12.921339401989712,13.379796928147398,12.01904761904762,28.21823839959229,32.12420982511644,22.060225274572907,23.187537675154463,226.3008518518519,114.09705232748395,74.63078570826136,34.0,76.0,62.0,2014.0,7921.0,109.46237373737374,8227.0,8357.0,529.0,2680.0,820.0,70.77398198630603,33.7572022179896,2.6315731570912577,1.690848437485998,0.0
292.0,346.0,23.284722222222214,12.84722222222222,780.0,26.983057673878214,27.591862991342207,25.638095238095232,57.51470871459251,62.791250877226,43.2205529175877,45.25089045661154,472.4402453703704,213.27453282111148,133.45884583266465,58.0,88.0,109.0,12629.0,68684.0,311.8740554337304,51646.0,52711.0,2044.0,23036.0,3430.0,139.62239955809525,71.34547580913228,2.5162718407793654,1.7097921724271756,0.0
192.0,236.0,11.756944444444441,7.1805555555555545,526.0,16.18637773290538,17.09072070007504,15.485714285714291,36.64043424736102,39.57135382251415,27.22839311245314,29.198151300239072,312.7366157407407,139.6588369687162,88.37676999694978,30.0,54.0,74.0,3635.0,17736.0,144.4578980659863,15796.0,17124.0,766.0,5142.0,1296.0,87.83247625244779,43.93598571915511,2.637101512810105,1.2083083154718415,0.0
116.0,147.0,8.291666666666666,4.131944444444445,344.0,9.287529253004426,9.728432552930709,8.688095238095238,20.819351375723308,23.398591359879557,15.981560535913692,17.078230858931253,181.4095740740741,85.46874056188574,56.35270997181864,24.0,50.0,48.0,698.0,1921.0,70.99523809523811,2896.0,2980.0,256.0,888.0,393.0,52.0098521230838,24.471027172456775,2.6924138729683498,1.9126669342049407,0.0
716.0,862.0,47.11111111111114,28.63888888888889,1898.0,63.006230853623784,65.90304292799075,60.33333333333329,140.00758405886833,150.55360497777656,103.84982425738309,110.56439237884858,1163.046875,519.9949251180711,325.076056977206,124.0,174.0,268.0,105124.0,843010.0,1107.9730825827498,450028.0,481097.0,13428.0,265306.0,20700.0,332.7713007739593,169.0808861593274,2.5242955643550853,0.9387493506811855,0.0
150.0,187.0,11.874999999999998,5.819444444444442,436.0,12.564220467077352,12.977008165855688,11.757142857142862,27.45580213332033,30.784415735278966,21.012363225957642,22.289319888780263,234.19711574074074,110.47832434067367,72.28938927723888,32.0,62.0,61.0,1720.0,6237.0,106.69538239538238,7000.0,7079.0,486.0,2186.0,735.0,68.67226456382437,32.75973891471658,2.692822723933902,1.8012373728176576,0.0
142.0,170.0,10.47222222222222,5.916666666666665,376.0,12.807438208038288,13.251943378174435,12.200000000000003,27.90054500339723,30.247869577932015,20.907864221919205,22.030523956519968,230.140625,103.30625563269513,64.41545575457951,22.0,36.0,53.0,2119.0,9852.0,99.49218559218559,8829.0,9172.0,439.0,2908.0,763.0,67.1409383802188,34.50235535261201,2.5142160760552104,1.417415561850488,0.0
130.0,156.0,9.201388888888888,5.124999999999998,358.0,11.309367635193636,11.760624865755892,10.719047619047622,24.855225255123504,27.33417037949628,18.83592251107281,19.895961375074876,204.40849074074075,95.20429652160301,60.4619353384735,24.0,46.0,50.0,1461.0,5967.0,84.86697746697747,6097.0,6337.0,347.0,1995.0,604.0,60.782233711426244,29.969213535894777,2.629760725470068,1.4967587308262522,0.0
146.0,169.0,13.013888888888888,5.902777777777778,418.0,12.825222953239132,13.058160735337184,11.838095238095242,27.070585771745268,31.290475341276686,21.562659194388413,22.273999032968806,205.93735185185187,108.8048579858214,71.05434119469851,38.0,80.0,58.0,2141.0,8920.0,104.9941502941503,8426.0,8244.0,528.0,2545.0,774.0,69.02375926559927,32.8580409638513,2.5688728067197415,2.003394227840537,0.0
192.0,227.0,13.14583333333333,7.736111111111112,516.0,17.063387830617124,17.74658192021942,16.25238095238096,37.42564323959855,40.80853726553204,28.20665015146038,29.737658434680643,302.5491157407408,140.27275698226336,88.00733340796418,36.0,62.0,72.0,4636.0,25781.0,149.43012742331626,19419.0,20270.0,853.0,6380.0,1417.0,90.52228760493739,45.09558295600496,2.6344655069889895,1.2814768490792654,0.0
168.0,202.0,13.555555555555552,7.111111111111109,452.0,15.081825115717523,15.498173780017297,14.266666666666671,32.53096387302542,35.647614816828856,24.512347813073237,25.82087396652965,268.90625,122.67448196403538,77.58922293245895,32.0,48.0,64.0,2932.0,12792.0,132.552997002997,11936.0,12104.0,684.0,4512.0,1104.0,79.12118704386286,39.71014049611307,2.464955775580232,1.6991706468763768,0.0
102.0,119.0,8.388888888888888,4.388888888888888,270.0,9.396754605515328,9.61895021631898,8.866666666666667,20.0345195996128,22.093169039552773,15.303380630765167,15.936110508062878,157.203125,74.68813384981101,46.85910656847546,20.0,32.0,38.0,809.0,2632.0,66.17738095238096,3236.0,3217.0,242.0,1263.0,408.0,48.89085543710896,24.756726066792798,2.4116334911126076,1.9688336329766714,0.0
298.0,354.0,25.118055555555546,12.430555555555555,816.0,26.596875989846097,27.2342347810836,24.91904761904761,56.904946489550916,63.49126932454013,43.76765210643707,45.779101965546495,450.04275,219.12099853015334,140.29807306978424,66.0,108.0,115.0,12271.0,64543.0,316.05136970872263,49631.0,50049.0,2415.0,19567.0,3451.0,141.7405184736802,69.58926340342356,2.544785406805211,1.7998360456971216,0.0
140.0,173.0,10.312499999999996,5.875,386.0,12.366757715550053,12.765067337333914,11.804761904761907,26.94675798603585,29.183675506017305,19.92021809428818,21.193932651109048,236.48712037037035,101.95848962046976,64.53304985931757,26.0,40.0,54.0,1536.0,5480.0,102.08989898989898,6228.0,6264.0,368.0,2932.0,732.0,65.05179625065762,32.768041266658265,2.5796422718251018,1.8274499755813096,0.0
84.0,95.0,5.805555555555555,3.805555555555555,210.0,8.164703797946448,8.394205344927393,7.866666666666668,17.43644338825949,18.62906742441502,12.975211231541634,13.486620765279701,136.90625,60.95866018218657,36.61646588135616,14.0,20.0,29.0,543.0,1662.0,50.61666666666667,2219.0,2257.0,165.0,742.0,277.0,41.463330105992924,21.322771840409953,2.3391063847964366,1.8120530059028679,0.0
332.0,433.0,18.701388888888886,11.763888888888891,966.0,26.28886287087023,27.98222014231707,25.2095238095238,60.8043250261957,65.44655106040808,44.41128741749001,48.60535802099779,560.8047407407408,241.55241275106687,156.80921115835977,64.0,100.0,135.0,9633.0,43469.0,336.270004995005,42416.0,46554.0,2290.0,17319.0,3518.0,145.16475989864355,72.40902253543098,2.7906176986896547,1.2136052440061673,0.0
190.0,217.0,14.444444444444441,8.416666666666668,488.0,18.04462165105617,18.49933446178242,17.200000000000003,38.43055478209882,41.76347791628709,29.02613875801321,30.1554280308978,298.71875,138.6152558958063,85.11928128008498,36.0,54.0,68.0,4665.0,21701.0,165.46839826839826,19165.0,19637.0,607.0,8504.0,1408.0,92.670717695232,47.0378060796888,2.4307814141689845,1.6818747577410986,0.0
106.0,119.0,7.666666666666666,5.111111111111111,262.0,10.617723500579764,10.823939165842528,10.266666666666667,22.3348114503188,23.71941158655335,16.441795452253075,17.05819117580703,178.140625,76.83075831793623,45.79023305923562,20.0,24.0,36.0,1151.0,4340.0,72.65765900765902,4662.0,4707.0,312.0,1583.0,494.0,53.001611824404414,28.10900366927901,2.3091041203625173,1.8066593807603448,0.0
262.0,323.0,17.173611111111107,10.111111111111107,716.0,22.35609880996582,23.459201498547714,21.35238095238095,50.109337534115994,54.14395922422943,37.20432805283222,39.82669818746568,428.8193703703704,190.52845445372378,120.62545519084823,42.0,70.0,101.0,7728.0,39389.0,240.683611078464,33088.0,35340.0,1572.0,14114.0,2604.0,119.68696010655283,60.6758989473703,2.6250391096597068,1.272651480450248,0.0
38.0,40.0,6.125,1.5625,134.0,3.25,3.036834963593021,2.65,5.8,8.5,5.808524858402425,5.513605419233339,33.185185185185176,30.39548800319835,22.242640687119284,18.0,54.0,18.0,58.0,97.0,16.0,176.0,127.0,36.0,58.0,42.0,18.05315842203871,7.211102550927979,2.3027756377319943,4.020391543176799,1.0
96.0,117.0,4.645833333333334,4.041666666666667,250.0,8.838170515886654,9.278209686991335,8.69047619047619,19.677043886765222,20.349553254202895,14.066696753016199,15.00311728437272,172.84699999999998,68.9464412399498,41.30140699779024,12.0,16.0,34.0,528.0,1366.0,59.99523809523809,2258.0,2405.0,222.0,840.0,343.0,45.55322473848686,24.101022167211433,2.5212111141615736,1.8465453292630079,1.0
130.0,154.0,8.749999999999998,5.527777777777776,336.0,11.986071002992372,12.435446797246707,11.533333333333337,26.168494195828362,27.938468501173524,19.355751289103516,20.397530794664515,216.609375,94.15327318761216,57.587028629833306,18.0,28.0,47.0,1685.0,7306.0,89.2010656010656,7081.0,7422.0,381.0,2312.0,655.0,62.13477701423979,32.109181016894006,2.514347685841394,1.436682190866784,1.0
102.0,114.0,7.416666666666667,4.722222222222221,254.0,10.058550648063802,10.288632535927308,9.666666666666668,21.262060586270465,22.825009415113584,15.913028156029004,16.450027666135764,164.28125,74.16046751802912,44.50281539872884,18.0,26.0,35.0,1108.0,4619.0,66.63817571317571,4464.0,4470.0,220.0,1642.0,450.0,50.71337118924048,26.53972031895143,2.3676317306664427,1.6538864339636508,1.0
184.0,227.0,13.097222222222221,6.999999999999999,522.0,15.485742108531813,16.144407361747312,14.609523809523811,34.304728155231054,37.95188325813835,26.05033105170587,27.69303107147223,288.0054907407407,134.97991928349973,87.1490707575332,38.0,68.0,73.0,3162.0,14572.0,142.9222238545768,13068.0,13411.0,638.0,5548.0,1194.0,83.72359512004611,40.661523659158426,2.6425698848384873,1.4971313432617348,1.0
66.0,72.0,8.395833333333334,3.583333333333334,184.0,6.852389716768412,6.585229569815995,6.285714285714286,12.944264688529882,15.20428871635677,10.434363201355628,10.334258425916829,93.69437037037036,49.610829233145864,31.874378505799907,22.0,40.0,25.0,394.0,1140.0,40.29285714285715,1366.0,1170.0,136.0,394.0,182.0,34.029694656788664,16.75179149692828,2.3130038435442604,4.155592988324028,1.0
158.0,177.0,12.86111111111111,7.527777777777778,398.0,15.70561635580521,15.918547363544452,15.000000000000002,32.70192532477219,35.452874832829444,24.645598700451337,25.361781568134436,253.1875,115.22483335233878,69.75422309809323,30.0,44.0,55.0,3503.0,16691.0,128.86413863913864,13977.0,13901.0,779.0,3936.0,1077.0,79.0318954527803,40.54814747345672,2.353074705230752,1.958649606477121,1.0
54.0,55.0,7.194444444444445,3.0277777777777777,138.0,5.930428110326541,5.697102672463695,5.433333333333334,11.115336011159718,13.010686134914144,9.101180058165761,8.864630726199493,71.640625,40.4669388747317,25.186912597118447,16.0,28.0,19.0,274.0,740.0,31.58809523809524,940.0,796.0,100.0,274.0,132.0,28.99427456860969,14.189305818359392,2.184676133663876,3.8074612901646523,1.0
146.0,167.0,9.229166666666666,6.486111111111111,374.0,13.982800911568967,14.430307185364219,13.51904761904762,30.060026926740704,32.03797362769454,22.25581974440916,23.23830565789394,238.714625,106.08192159510355,64.07390831931703,26.0,40.0,51.0,2638.0,13037.0,107.68130341880342,10987.0,11417.0,505.0,3802.0,912.0,71.15292046108178,37.19053759768373,2.4385155771087246,1.4094997114361922,1.0
98.0,110.0,7.166666666666666,4.472222222222222,246.0,9.558550648063802,9.788632535927308,9.166666666666668,20.262060586270465,21.825009415113584,15.205921374842456,15.742920884949216,156.28125,71.33204039328291,43.08860183635575,18.0,26.0,34.0,920.0,3488.0,63.06533189033189,3726.0,3757.0,222.0,1359.0,408.0,48.43330211910004,24.953112904888123,2.3252416253969947,1.7137847050763728,1.0
64.0,70.0,6.395833333333334,2.75,182.0,5.892865415757243,5.902886832508849,5.385714285714286,12.000569508859293,14.193488404798295,9.826314065882507,9.937844621461508,83.6851111111111,48.155606974719866,31.436172702835822,20.0,42.0,25.0,257.0,677.0,33.70714285714286,956.0,876.0,80.0,294.0,138.0,31.038648379559035,14.562938903985508,2.359003637173373,2.363798679421267,1.0
116.0,128.0,11.13888888888889,5.749999999999999,296.0,11.739289860616424,11.721444691080755,11.066666666666666,23.782741736319114,26.37039192819082,18.322077784292297,18.618471185494595,177.796875,85.24627906437877,52.324669813855536,26.0,40.0,41.0,1610.0,6359.0,86.59428626928627,6149.0,5839.0,423.0,1878.0,594.0,58.755136375683165,29.436142394811352,2.3404470011858822,2.644394086013447,1.0
126.0,137.0,8.916666666666666,6.194444444444444,302.0,13.041713895658194,13.274811436463361,12.633333333333335,27.22165238049701,28.8662508674329,20.196108957668166,20.71825832962373,208.890625,91.27106500556873,53.21759204084769,20.0,28.0,41.0,2202.0,10254.0,93.62918470418471,8962.0,9104.0,492.0,2634.0,744.0,64.37872943606676,34.458361411732625,2.2679544561911897,1.7016310169330346,1.0
204.0,269.0,11.5,6.923611111111112,610.0,15.665451759042456,16.725086817666018,14.930952380952384,36.476967426807256,39.71776807746399,26.889912185025967,29.501524779015675,338.3352037037037,149.03463416833165,98.18085682438851,42.0,72.0,85.0,2479.0,8516.0,159.39375901875903,10688.0,11407.0,660.0,5490.0,1272.0,87.80541212431099,42.7304420782865,2.8243924342541358,1.5218353779838398,1.0
128.0,150.0,9.979166666666666,5.98611111111111,336.0,12.41275657855663,12.6054490331447,11.890476190476193,26.023342234824845,28.0908777579787,19.41356330576686,20.134967704587606,213.73762499999998,93.234060122142,57.009610930289604,24.0,36.0,46.0,1436.0,4488.0,101.08452380952382,5638.0,5495.0,534.0,1850.0,690.0,62.84448704280439,32.67062727631226,2.5223612461710334,2.432233736145499,1.0
180.0,211.0,14.236111111111109,7.250000000000001,504.0,15.825842051573813,16.26908450726483,14.804761904761909,33.996068593411124,38.28966110255219,26.404260308643984,27.577505876866855,261.5606157407408,133.12389764467298,85.89308693795637,46.0,82.0,70.0,3546.0,16312.0,141.48349983349982,14150.0,14008.0,760.0,4364.0,1160.0,85.68573852857045,40.00600312913594,2.6695115516217314,1.727665478237033,1.0
188.0,248.0,11.888888888888888,6.527777777777778,568.0,14.579536458654227,15.418004847475945,13.780952380952384,33.38792799340088,36.84764974060349,24.954096462133112,27.152743811826593,309.4966620370371,137.83006369398475,91.33115996451727,42.0,72.0,79.0,2213.0,7886.0,142.1835248085248,9458.0,10044.0,614.0,4241.0,1100.0,81.57620896101614,39.84857882291418,2.751030785668074,1.567886551740557,1.0
80.0,93.0,5.555555555555555,3.6666666666666665,202.0,7.719545352812842,7.932590309080922,7.466666666666668,16.53343112894384,17.51440633165593,12.118274536094026,12.691657383782475,136.921875,57.84111278642708,34.79461146622948,12.0,16.0,28.0,453.0,1352.0,46.951190476190476,1819.0,1806.0,133.0,648.0,241.0,39.21208281576347,20.03843323951445,2.4488773532412917,1.8692192233646858,1.0
136.0,158.0,6.729166666666666,5.333333333333336,356.0,12.100886748174156,12.788410689854784,11.733333333333336,27.18002132770946,28.881973382432303,20.017769472705687,21.316387281067016,214.75,98.8724822962361,60.9114796549087,28.0,40.0,49.0,1842.0,8829.0,87.34710289710291,8160.0,9002.0,380.0,2826.0,726.0,63.55229810544881,32.440068205667814,2.5286352038329563,1.1060224088171429,1.0
152.0,182.0,6.340277777777778,5.736111111111113,398.0,13.200239846783266,14.113588758363969,12.919047619047625,30.340726098067016,31.697596369514734,21.92765034518562,23.64324498622356,252.589625,109.74311489314377,67.24767549719647,26.0,34.0,55.0,2150.0,10282.0,100.98064990564991,9781.0,11107.0,451.0,3656.0,894.0,69.87833477929576,36.10297962666223,2.5515992221864754,1.0458547269016034,1.0
82.0,89.0,8.006944444444445,3.694444444444445,226.0,7.7993309340615635,7.802453635391253,7.200000000000001,15.828495080981511,18.363846854034595,12.735771609811927,12.888903783834332,109.63136574074073,61.37239639130359,39.39781743482788,24.0,48.0,31.0,562.0,1805.0,49.58373015873016,2139.0,2019.0,171.0,718.0,266.0,40.284557239514825,19.681946831293388,2.312501632094179,2.3754206262822897,1.0
202.0,255.0,15.15972222222222,7.798611111111112,588.0,16.850262400817915,17.464018259765076,15.845238095238098,37.06228628992784,41.206088923038635,28.096187721995875,29.944884351601512,322.0112037037037,148.42713652090612,96.96824937617254,46.0,78.0,82.0,3486.0,14127.0,169.90785880785882,14284.0,14526.0,896.0,5820.0,1412.0,91.30432427382469,45.093577866950156,2.710742507282338,1.7372456436161758,1.0
110.0,131.0,6.527777777777779,4.777777777777777,280.0,10.223876650462412,10.654256846234201,9.966666666666667,22.50919425230782,23.523469595854785,16.211085308952253,17.251380798920692,192.9375,79.18530016819771,47.80337847847461,16.0,18.0,39.0,876.0,2757.0,73.17142857142858,3649.0,3763.0,237.0,1712.0,482.0,52.49334018363599,26.984621846498467,2.4988050479053014,1.719147472727145,1.0
146.0,185.0,9.26388888888889,5.277777777777778,422.0,11.808532855829327,12.458047454509252,11.20952380952381,26.803639684562086,29.373120550241513,20.036797832288546,21.620150822445645,235.72424074074075,106.81918972113105,69.42772140579486,30.0,52.0,59.0,1305.0,4338.0,100.33661616161616,5540.0,5839.0,358.0,2544.0,698.0,64.83617285703052,32.026264560330205,2.63887755507508,1.6398234764341508,1.0
142.0,180.0,9.013888888888888,4.944444444444445,414.0,11.27052805336854,11.93348358981967,10.642857142857144,25.747060149651197,28.44654019068129,19.439080850843176,20.975310665201086,223.09924074074075,104.13984812833563,68.19165342829506,30.0,54.0,58.0,1149.0,3655.0,95.15046897546898,4903.0,5196.0,325.0,2293.0,645.0,62.54674565029681,30.34241413870356,2.6377491729817737,1.6573870657294048,1.0
174.0,225.0,10.527777777777779,5.5763888888888875,532.0,13.034094714350745,13.914890530385907,12.211904761904766,30.279001086337,34.004803864883,23.107598528960878,25.119670131179657,266.47069444444446,128.4173137351191,86.10589209939089,42.0,82.0,74.0,1738.0,6086.0,121.2974025974026,7556.0,8167.0,474.0,3448.0,907.0,74.44195734244694,35.48437401818939,2.7250637175784234,1.4945212587809906,1.0
58.0,78.0,6.4375,2.0625,206.0,4.310660171779821,4.282326708933099,3.7499999999999996,8.885618083164127,11.371320343559642,7.581457888382671,7.864906407678085,84.74074074074072,44.294294809064816,31.890199721526233,18.0,50.0,28.0,103.0,188.0,23.999999999999996,358.0,297.0,56.0,103.0,77.0,26.85652140742882,11.14149036408823,2.746871611044372,2.8951598539568413,1.0
198.0,263.0,10.638888888888888,6.840277777777778,590.0,15.30960971138589,16.355223491355684,14.697619047619051,35.70792976370717,38.448406446325635,25.96402580435706,28.597171597777272,339.5852037037037,144.16902267477695,94.35900240926183,38.0,64.0,82.0,2242.0,7387.0,153.33376623376623,9717.0,10424.0,629.0,5185.0,1205.0,85.322570510194,41.99676078611396,2.8246718870504135,1.5435473956954067,1.0
52.0,60.0,5.194444444444445,2.5833333333333335,136.0,5.163902460147014,5.14373592708109,4.866666666666666,10.480272944275193,11.58662396539655,7.985023648715917,8.179057144443446,84.296875,38.09590397050093,23.607698869111033,10.0,16.0,19.0,150.0,326.0,26.583333333333332,552.0,498.0,60.0,172.0,94.0,26.07971827396466,13.228044879219773,2.3768626399514217,2.4889605143889133,1.0
122.0,140.0,7.277777777777777,5.388888888888888,304.0,11.652198343190413,12.102050782616724,11.333333333333334,25.371798305850007,26.679372140933186,18.522675681292835,19.486147719159703,205.53125,88.0997365525121,52.68315528622777,20.0,24.0,42.0,1588.0,7135.0,82.03386890886893,6682.0,7011.0,288.0,2334.0,607.0,59.38573517982239,30.96507064405319,2.4012036190380317,1.3636729435340256,1.0
168.0,199.0,9.70138888888889,7.222222222222222,436.0,15.548773815358464,16.195498298553517,15.133333333333335,34.146455822420506,35.92081082135333,24.76531636841211,26.28361117186515,287.703125,121.44932508396083,73.76619761813286,26.0,38.0,60.0,3328.0,16765.0,127.10651015651015,14290.0,15318.0,656.0,4852.0,1130.0,80.06896443477868,41.56984654659617,2.4633683206628447,1.2354304786189754,1.0
100.0,123.0,5.868055555555555,3.888888888888889,274.0,8.632664267394897,9.072203680873656,8.304761904761907,19.341956314418642,20.729872257819032,14.266205680277439,15.260729098109222,164.55425,72.69182954125776,45.67998779762131,18.0,28.0,38.0,526.0,1383.0,60.74761904761905,2226.0,2340.0,194.0,1073.0,360.0,45.89955347896642,23.362111945155096,2.54397114766751,1.8551978271958696,1.0
70.0,79.0,6.805555555555555,3.5000000000000004,180.0,7.057749310264367,7.038163118081005,6.666666666666667,14.305890142286176,15.782565956095118,10.922840573203286,11.142464045299509,111.671875,51.29771130634348,31.494048386483712,14.0,22.0,25.0,399.0,1192.0,40.975793650793655,1496.0,1386.0,122.0,439.0,190.0,35.411207827000254,18.064740741884684,2.3936694614564944,2.33861995413303,1.0
138.0,160.0,11.61111111111111,6.361111111111111,358.0,13.256126613022033,13.460010661936291,12.600000000000003,27.82314994209257,30.329150475871504,20.988744450958958,21.749477733095627,223.359375,100.6625935114203,61.9946694825869,24.0,38.0,50.0,2088.0,8540.0,106.34986402486402,8274.0,8153.0,546.0,2721.0,800.0,67.58389593292989,34.46112820491298,2.4320550791076636,2.044256033131245,1.0
100.0,118.0,7.256944444444445,4.666666666666666,264.0,9.619357474839425,9.804834829325099,9.271428571428572,20.321140788024874,21.73773351531874,14.94480289076257,15.62452303192944,170.398,72.72750901277836,44.495269503128526,20.0,28.0,36.0,736.0,2104.0,67.88928571428572,2918.0,2869.0,282.0,1101.0,408.0,48.72018281555356,25.729560248337055,2.4947203153328905,2.207212568267125,1.0
114.0,135.0,8.618055555555555,5.319444444444444,300.0,11.018909728439278,11.211021842144783,10.590476190476192,23.197725036813864,24.89493576728013,17.182853162466042,17.878667584918098,194.36262499999998,82.86067991104566,50.53747497529003,20.0,30.0,41.0,1044.0,3102.0,84.19880952380953,4128.0,4052.0,406.0,1404.0,540.0,55.79193756011531,29.394235935030547,2.5095556431816175,2.3327897693617583,1.0
130.0,152.0,10.590277777777777,5.986111111111112,348.0,12.334065645098947,12.517819878896919,11.752380952380955,25.890989263640623,28.268611996556206,19.40512992181675,20.197488684953104,214.87724074074072,95.09089046117282,59.09907145910739,26.0,44.0,48.0,1739.0,6944.0,95.0832362082362,6898.0,6808.0,434.0,2212.0,664.0,63.13026862520687,32.214029044050584,2.447330376358585,1.966986983779827,1.0
104.0,127.0,6.638888888888889,4.111111111111112,276.0,9.092224152875016,9.54101960624679,8.733333333333334,20.34287699781738,21.742526510474953,15.003720802243048,16.019910331435366,173.234375,75.29461160227719,46.87225198771445,14.0,22.0,39.0,616.0,1685.0,65.42619047619048,2583.0,2681.0,179.0,1302.0,396.0,48.158775689708726,24.686949248761856,2.5358546825170127,1.844627234294918,1.0
200.0,264.0,13.090277777777777,7.027777777777778,614.0,15.476111930822281,16.286707492021147,14.580952380952388,35.16258550997138,39.08908842102361,26.368310024506204,28.672290397002673,325.496662037037,147.13802166509086,98.27206667269141,48.0,86.0,85.0,2617.0,9658.0,155.90698468198468,11090.0,11674.0,710.0,4963.0,1240.0,86.60610159954501,42.25590393257042,2.762153897502769,1.5801731263088474,1.0
220.0,288.0,12.951388888888888,7.444444444444444,664.0,16.959963302785177,18.03511563222327,16.066666666666674,39.14068445648046,43.148052157305486,29.294046215031642,31.88196808396712,357.6910324074074,161.36953047562253,106.6820528323106,48.0,88.0,92.0,3397.0,13642.0,175.9292873792874,14820.0,16104.0,884.0,6517.0,1538.0,95.17168327233487,46.6758807757143,2.764453620361986,1.3882291004715115,1.0
220.0,286.0,12.951388888888888,7.361111111111111,664.0,16.917740416105747,18.00187027995223,15.980952380952386,39.04600508990733,43.2371297086023,29.415516748734746,31.957476945794554,348.246662037037,161.67363282737696,107.16498889968358,50.0,92.0,92.0,3393.0,13470.0,175.1630425130425,14741.0,15931.0,877.0,6124.0,1495.0,95.23655653699953,46.157173660256504,2.7656685971068766,1.3956002335441766,1.0
190.0,246.0,13.888888888888888,7.111111111111112,570.0,15.417740416105753,16.02357765647603,14.480952380952388,34.160387006743214,38.11580936504267,25.879982842802015,27.724870816903273,308.246662037037,139.7719435881397,92.27323757189077,44.0,78.0,79.0,2649.0,9808.0,153.1415084915085,10897.0,11121.0,725.0,4659.0,1193.0,84.51972343388358,41.22466718807532,2.7328666039166665,1.7823149844075539,1.0
90.0,103.0,6.666666666666666,3.9999999999999996,230.0,8.575387400469408,8.802453635391254,8.200000000000001,18.302468792043925,19.78376796279427,13.751267697949478,14.303117346207427,143.671875,65.53515140472804,40.03067944372927,16.0,24.0,32.0,631.0,2012.0,55.612698412698414,2568.0,2603.0,194.0,956.0,330.0,43.884428351203326,22.57118156693006,2.3460668835860408,1.8358590164243496,1.0
164.0,201.0,8.583333333333332,6.166666666666668,432.0,14.024877143252588,14.935224951174183,13.600000000000003,32.181244174723545,33.90749231975221,23.408121947441845,25.263890409595763,276.015625,118.2811574297201,73.2460771819513,22.0,30.0,61.0,2177.0,8857.0,119.1513542013542,9575.0,10492.0,501.0,4004.0,975.0,74.96503906671373,38.25603923775,2.589190678428069,1.3000744994448976,1.0
90.0,100.0,5.694444444444445,4.444444444444445,214.0,9.292024997884274,9.51052091915311,9.100000000000001,19.626997519385945,20.400947245595994,14.211085308952253,14.729177903969633,158.765625,64.71836480193288,37.26674742122905,12.0,14.0,29.0,778.0,2710.0,58.29209956709957,3202.0,3288.0,226.0,1066.0,368.0,45.72639595611546,24.705507445863336,2.2810649283823325,1.7265207122138597,1.0
124.0,142.0,6.916666666666666,5.6944444444444455,300.0,12.25402019542349,12.710701925855119,12.033333333333335,26.570417984475043,27.47436688603576,19.148902233439614,20.069361395440982,220.3125,88.90908089422629,51.587028629833284,12.0,16.0,41.0,1662.0,7079.0,88.86501554001555,6930.0,7175.0,386.0,2293.0,644.0,61.35894296389801,32.62835267718806,2.4473420638740917,1.4820074557006817,1.0
126.0,148.0,10.340277777777775,5.736111111111111,340.0,11.834065645098946,12.017819878896919,11.252380952380951,24.890989263640627,27.268611996556206,18.698023140630205,19.490381903766558,206.87724074074072,92.26246333642663,57.6848578967343,26.0,44.0,47.0,1539.0,5892.0,90.38517316017317,6117.0,6049.0,399.0,1986.0,613.0,60.85045494845191,31.06567988457219,2.447255150841792,1.9811093274603433,1.0
116.0,134.0,6.868055555555555,4.736111111111111,306.0,10.544624757173647,11.013377407318897,10.16666666666667,23.201380321374966,24.95500525489743,17.285558158191296,18.19241062773239,188.67361111111114,84.5067186312933,51.85638406300951,18.0,38.0,42.0,1007.0,3281.0,77.86904761904762,4214.0,4378.0,300.0,1542.0,497.0,54.94612252636276,28.126245299287085,2.4484290206132977,1.6980413849105984,1.0
90.0,99.0,5.694444444444445,4.361111111111111,214.0,9.25402019542349,9.485957054463528,9.033333333333333,19.570417984475043,20.474366886035767,14.320475108693431,14.791444527911619,154.140625,64.86745033388367,37.44489300610236,12.0,16.0,29.0,761.0,2529.0,58.18928571428572,3097.0,3135.0,231.0,938.0,349.0,45.79843021959506,24.287526389701178,2.3021393459251223,1.7932633856677676,1.0
144.0,164.0,9.138888888888888,6.583333333333333,356.0,14.062881945713373,14.510299073080589,13.66666666666667,30.237823709634437,31.834072679312435,22.127159272446864,23.131071424833618,244.296875,103.98993627403834,61.75422309809325,22.0,28.0,49.0,2596.0,12456.0,107.42133144633145,10759.0,11117.0,551.0,3700.0,912.0,70.9182678884326,37.26737533367641,2.361056249359226,1.4351991863007258,1.0
70.0,80.0,4.444444444444445,3.1388888888888893,174.0,6.770856947829097,6.999778153927474,6.566666666666667,14.610826190248506,15.43312543371645,10.744501088240812,11.230320645610188,117.53125,50.585279971090216,30.1443299263566,10.0,14.0,24.0,294.0,743.0,39.102380952380955,1212.0,1243.0,108.0,513.0,198.0,34.3298581880142,17.86736854870261,2.3449275656773563,1.910961076999984,1.0
40.0,43.0,3.4722222222222223,2.1111111111111107,96.0,4.304530452640311,4.302675481463779,4.133333333333333,8.691642601795419,9.350642529077819,6.542300515641405,6.60833060652998,66.140625,29.09200705736879,16.95741732923815,6.0,10.0,13.0,88.0,176.0,19.15,335.0,315.0,35.0,142.0,66.0,20.971923394025087,11.18995723015805,2.1939932777126576,2.2283621149350434,1.0
24.0,22.0,4.3125,1.375,76.0,2.560660171779821,2.3272393461533625,2.1999999999999997,4.285618083164127,5.871320343559642,4.012289773726411,3.717636857841802,23.11111111111111,19.077520809352354,13.16227766016838,12.0,32.0,10.0,28.0,44.0,9.500000000000002,82.0,57.0,18.0,28.0,20.0,12.823409519949188,5.818625822352818,2.074313293051943,3.168489872670569,1.0
132.0,154.0,7.868055555555555,5.916666666666667,338.0,12.636995565044469,13.069125346635344,12.304761904761905,27.317719437782618,28.73893552201789,19.894550359068397,20.90649667639699,226.398,95.45023048540149,57.274541247493346,22.0,30.0,46.0,1822.0,7801.0,94.72328782328782,7614.0,7934.0,414.0,2797.0,738.0,64.1221484868175,33.88573087557078,2.473085022505089,1.5057662396055487,1.0
80.0,93.0,5.555555555555555,3.6666666666666665,202.0,7.719545352812842,7.932590309080921,7.466666666666668,16.533431128943842,17.514406331655934,12.118274536094026,12.691657383782475,136.921875,57.84111278642709,34.79461146622948,12.0,16.0,28.0,453.0,1350.0,46.925,1844.0,1866.0,136.0,645.0,244.0,39.20650009207088,20.75622248782175,2.3705245709244243,1.8346146258843923,1.0
172.0,204.0,10.47222222222222,7.444444444444446,438.0,16.011570350697117,16.667856099625624,15.566666666666672,35.16042864832978,36.91535357725191,25.50093272030007,27.04189790578908,297.859375,123.97369115073306,74.88978601220468,24.0,30.0,61.0,3842.0,21381.0,130.99048043459808,16402.0,17482.0,654.0,6050.0,1234.0,82.25256897020189,43.41612680129526,2.4674798077369506,1.169717606144255,1.0
148.0,176.0,8.0,6.250000000000002,374.0,13.669035095596021,14.340616753472261,13.366666666666669,30.41220651162346,31.638130688613867,21.89644912914604,23.324261047947278,259.09375,106.34447812429984,63.76736851733223,18.0,22.0,52.0,1977.0,7630.0,110.42318237318237,8418.0,8918.0,514.0,3303.0,870.0,70.49071422282383,37.15695800988479,2.5135909082957437,1.47934258301746,1.0
74.0,89.0,7.506944444444445,3.458333333333334,210.0,6.946430083367842,6.908346360681003,6.457142857142857,14.104158646371769,16.008394853340068,10.968722046048173,11.270336978388123,114.347,54.77022445994341,35.33741695893261,20.0,32.0,29.0,326.0,770.0,44.25952380952381,1197.0,1081.0,141.0,470.0,204.0,35.81081166811947,17.365861071671002,2.488033373227262,2.923020233608605,1.0
156.0,181.0,8.5,6.61111111111111,390.0,14.597356788324023,15.288410689854782,14.233333333333338,32.27481056516565,33.79403323369227,23.500932720300078,24.851921186999743,263.6875,112.43048738386804,67.23293176271234,22.0,28.0,54.0,3204.0,18350.0,111.13499409087646,13920.0,15107.0,504.0,4951.0,1030.0,74.93565623117016,39.335465918496105,2.375823017960824,1.0614525062152709,1.0
58.0,68.0,6.055555555555555,2.7777777777777786,156.0,5.574586062669974,5.551984217544952,5.2,11.346298348059632,12.741324503775804,8.761080115123763,8.995553725371172,91.0625,42.672395193042405,27.021912431484132,12.0,20.0,22.0,188.0,422.0,30.650000000000002,690.0,621.0,74.0,216.0,115.0,28.5822942962412,14.688133914583098,2.4025494831948815,2.576016329503414,1.0
60.0,66.0,5.694444444444445,2.9722222222222223,152.0,6.109060905280623,6.105350962927558,5.7666666666666675,12.383285203590841,13.70128505815564,9.549067125350073,9.68112730712722,92.28125,44.04187849100661,26.843766846610823,12.0,20.0,21.0,246.0,601.0,33.78333333333333,921.0,851.0,93.0,348.0,150.0,30.52765134830701,15.284972566451406,2.3067677175277588,2.461758364594962,1.0
108.0,125.0,8.277777777777779,5.111111111111111,274.0,10.562080607913938,10.759829655234286,10.166666666666668,22.281653265650153,23.791629220293974,16.42986490843461,17.11640102281082,183.6875,78.2987529376065,47.33124252347503,18.0,24.0,38.0,1139.0,4322.0,73.79155844155845,4572.0,4567.0,286.0,1666.0,494.0,53.24604283168794,27.66253612572906,2.3664239533319735,1.8350649619577393,1.0
118.0,142.0,7.479166666666667,4.847222222222221,318.0,10.541860550653999,10.97737363709921,10.13809523809524,23.19511449908729,24.90765462407841,17.144161627880337,18.187459351391983,195.54962037037035,85.83879463106321,53.46198204745211,22.0,34.0,44.0,1049.0,3625.0,77.2393217893218,4442.0,4685.0,312.0,1488.0,505.0,55.3185058409141,28.688956795320205,2.456107106133069,1.6067634011094507,1.0
118.0,141.0,7.479166666666667,4.805555555555555,318.0,10.519205181334963,10.963552537635264,10.104761904761906,23.166075950834063,24.962914640079,17.193690450737055,18.21304932776067,194.5449907407408,85.93303791697687,53.53577236478351,22.0,36.0,44.0,1081.0,3867.0,76.44570707070709,4568.0,4809.0,298.0,1551.0,505.0,55.31257575244606,28.028290155368424,2.508000038378965,1.5574708693678816,1.0
144.0,164.0,11.5,6.916666666666667,362.0,14.345443010499073,14.551762371472428,13.766666666666667,29.957124538308133,32.17444993749225,22.334008328110748,23.05430149572754,240.59375,104.57138366311736,62.823096607333085,22.0,34.0,50.0,2761.0,13159.0,113.35620808929633,11008.0,10923.0,614.0,3428.0,918.0,71.91900140495505,37.81611407849325,2.417810299266995,1.884099709298406,1.0
156.0,187.0,7.111111111111111,5.972222222222221,400.0,13.669836433395455,14.591086171318562,13.36666666666667,31.36837695560775,32.68057414763233,22.643996024852466,24.389183981664242,263.703125,112.23667158750834,68.2908541553388,22.0,26.0,56.0,2269.0,10574.0,107.92320318570319,10192.0,11433.0,432.0,3935.0,925.0,72.21524865773621,37.42458853716267,2.4921931672893876,1.1079517913542114,1.0
104.0,123.0,6.118055555555555,3.9999999999999987,282.0,9.05368002394561,9.516919283017868,8.671428571428574,20.203062806365267,21.92287519445883,15.153250336217173,16.070195784770533,163.76374074074073,75.98881271595634,47.70077253041781,22.0,36.0,39.0,663.0,1987.0,63.87539682539682,2839.0,3028.0,205.0,1034.0,360.0,48.12064488990497,24.43327987281841,2.451607176305378,1.6855913451526219,1.0
108.0,124.0,5.916666666666667,4.6388888888888875,268.0,10.220346690612276,10.683059726927224,9.966666666666669,22.48960157292813,23.55684979067439,16.401355337733193,17.292114223432176,181.53125,77.87544187336651,46.38916491610152,16.0,20.0,37.0,1097.0,4487.0,67.68349983349984,4737.0,5102.0,239.0,1582.0,463.0,52.32051915060434,27.37879154377604,2.365367053184973,1.3211959885532791,1.0
104.0,124.0,5.145833333333334,4.5,266.0,9.815515146567618,10.264388587527389,9.657142857142858,21.64800533851199,22.404813270203483,15.530439138246008,16.442920823114505,187.84237037037036,74.69753877535587,44.20362443986782,12.0,18.0,36.0,730.0,2083.0,68.93928571428572,3110.0,3304.0,294.0,1189.0,444.0,50.01872991755421,27.17806256730984,2.4902755546764785,1.790876370584447,1.0
128.0,150.0,5.777777777777778,5.25,318.0,11.79282633568371,12.485735208391004,11.600000000000003,26.583167963370233,27.44339070461445,19.07995254821832,20.364910924029413,221.546875,91.82376170073779,54.51815512059346,16.0,18.0,44.0,1569.0,6992.0,83.68132978132977,6968.0,7730.0,304.0,2571.0,650.0,60.90569250993062,32.470957746370594,2.3717297894709057,1.1651051923784328,1.0
76.0,91.0,2.9444444444444446,3.0833333333333335,188.0,6.949489742783179,7.4080264443913375,6.900000000000001,15.87877538267963,16.123724356957947,11.192388155425121,12.046817226537911,138.171875,54.16021958736512,31.801184175848977,6.0,6.0,26.0,271.0,636.0,41.14285714285714,1208.0,1342.0,88.0,632.0,218.0,35.864443120049664,19.44825127172576,2.4347638027388676,1.7402124582772949,1.0
76.0,91.0,2.9444444444444446,3.0833333333333335,188.0,6.949489742783179,7.4080264443913375,6.900000000000001,15.87877538267963,16.123724356957947,11.192388155425121,12.046817226537911,138.171875,54.16021958736512,31.801184175848977,6.0,6.0,26.0,271.0,638.0,41.19285714285714,1207.0,1339.0,83.0,480.0,186.0,35.938438379587154,19.094940380700724,2.461465847107245,1.7462175823651447,1.0
154.0,185.0,6.499999999999998,6.083333333333334,388.0,13.79282633568371,14.710480079782592,13.600000000000003,31.58316796337023,32.44339070461445,22.49416611059141,24.228614229185684,271.71875,110.20853801158802,65.83186361957821,16.0,18.0,54.0,2044.0,8339.0,111.17995337995337,9126.0,10159.0,498.0,3109.0,871.0,71.9959246876042,37.74384977407009,2.5541129934927147,1.2443076103396673,1.0
158.0,192.0,7.7222222222222205,5.944444444444445,412.0,13.597356788324024,14.513155561246373,13.233333333333338,31.274810565165648,32.794033233692275,22.672505595553886,24.472983805036737,265.859375,113.84470094624113,70.06135888745851,22.0,28.0,58.0,2272.0,10525.0,107.25253219003218,10149.0,11313.0,469.0,3659.0,912.0,72.89761821690843,36.847038372383764,2.527323521739856,1.1113028956446005,1.0
144.0,172.0,10.11111111111111,6.388888888888886,372.0,13.472764210436898,13.892822817089739,13.0,29.147678669434583,30.946329758673226,21.3272417184021,22.503707690081363,248.625,104.08844759574444,63.473378147205985,20.0,28.0,52.0,1981.0,7536.0,109.10295815295815,8090.0,8211.0,534.0,2693.0,812.0,69.22072432976458,36.151014813841506,2.5502668017712025,1.7417245138563109,1.0
64.0,77.0,6.395833333333334,3.0833333333333335,182.0,6.063714582173597,6.015980447325266,5.671428571428572,12.267982603356229,13.809951149059362,9.397338441011366,9.697709230217315,101.773,47.325445947359825,30.4799297812639,18.0,28.0,25.0,220.0,480.0,35.550000000000004,807.0,727.0,95.0,336.0,150.0,31.02661735249768,15.1915082254503,2.449489742783178,2.8048971604633652,1.0
122.0,146.0,5.888888888888889,4.694444444444444,314.0,10.703509938206668,11.393983498854867,10.433333333333335,24.44919336715467,25.598091242993704,17.734688671066525,19.060087161397494,204.3125,87.9149715490407,53.68972799584728,18.0,22.0,44.0,958.0,2983.0,80.43373015873017,4205.0,4598.0,281.0,1662.0,524.0,56.557305450604986,29.211101601570647,2.4857829751408103,1.536899961512601,1.0
56.0,59.0,4.472222222222222,3.166666666666667,128.0,6.32569850269549,6.313418246689416,6.166666666666667,12.707813930932858,13.318464340957362,9.3017779551663,9.400081083702876,99.375,40.39666476346525,22.66562126173752,8.0,10.0,17.0,290.0,860.0,31.809920634920633,1119.0,1071.0,85.0,380.0,150.0,30.090030721382654,16.330127105855688,2.1753277471610746,2.0271479076724375,1.0
168.0,221.0,12.027777777777777,5.819444444444445,518.0,12.963233394208578,13.590765501322583,12.080952380952384,29.249151725568098,33.048547030784455,22.393977759725992,24.142213735171342,267.2420324074074,123.98503794541548,83.22461039434974,40.0,76.0,72.0,1670.0,5555.0,122.14336219336221,6968.0,7214.0,486.0,3180.0,868.0,72.88684851176102,35.275293180256256,2.7238923532875687,1.7687957566101886,1.0
120.0,136.0,9.479166666666666,5.305555555555555,320.0,11.307880315929774,11.532801660125994,10.71904761904762,23.842358036007713,26.357252207376405,18.230715211081314,18.849598523460195,186.46636111111115,88.21842120276291,54.93022108931953,26.0,48.0,44.0,1622.0,7444.0,80.76961926961927,6478.0,6430.0,282.0,2145.0,564.0,58.30917800773139,29.15982167467942,2.4005192573903935,1.664543222054646,1.0
54.0,60.0,5.284722222222222,2.4583333333333335,154.0,5.055460653201073,5.038163118081005,4.666666666666667,10.222470562350217,11.88452466851642,8.155872815132271,8.314036920553317,73.12037037037037,40.5223418903089,26.4311048905043,18.0,34.0,21.0,144.0,298.0,27.016666666666662,533.0,485.0,57.0,230.0,104.0,26.19232726981014,12.495357090321047,2.351365126324357,2.5505612293785984,1.0
152.0,170.0,12.45138888888889,6.902777777777778,400.0,14.602374067438015,14.826795654008315,13.833333333333336,30.507270463661133,33.73757121099254,23.37997160664838,24.056957805502524,234.17361111111114,111.76279937729417,69.20829682576226,32.0,60.0,55.0,2832.0,12356.0,120.13152403152402,11314.0,11268.0,708.0,3430.0,980.0,74.6038937319292,37.681020465470105,2.3521105083364664,2.0117958764267554,1.0
112.0,125.0,8.527777777777779,5.1388888888888875,282.0,10.952397498181154,11.183059726927224,10.46666666666667,23.087677784281443,25.02095140581215,17.436631518143276,17.999221004618725,175.65625,81.7054206043793,49.56073779135532,22.0,32.0,39.0,1342.0,5471.0,77.20606893106893,5374.0,5356.0,316.0,1910.0,540.0,55.485613941740944,28.289697115665106,2.3469736023134726,1.7769674477005462,1.0
116.0,140.0,5.027777777777778,4.555555555555555,294.0,10.326499840494925,11.013377407318897,10.166666666666668,23.663984374917156,24.360907799975827,16.877751975618917,18.19241062773239,204.328125,83.05841084837417,49.816523897713594,12.0,14.0,41.0,822.0,2408.0,75.75515873015874,3636.0,4007.0,264.0,1380.0,475.0,54.0786773055084,28.331298255445915,2.519807616786144,1.575246743681007,1.0
172.0,196.0,11.861111111111109,7.972222222222222,428.0,16.884249150759295,17.326795654008315,16.333333333333336,35.96987451720332,38.14347375607093,26.507699330008737,27.592491711435255,289.828125,124.45662721810608,74.23950447233182,26.0,36.0,59.0,4026.0,19408.0,142.44975996225998,16671.0,17239.0,935.0,5000.0,1314.0,85.04160323350705,44.77061100438751,2.352147173657928,1.5860241531675618,1.0
122.0,142.0,7.729166666666667,4.930555555555555,326.0,10.955308359696607,11.42162569778276,10.500000000000004,24.0674057251594,26.109705793276675,18.061614624599137,19.008907208660116,195.43923611111114,89.08320985383477,55.270597625382614,20.0,42.0,45.0,1122.0,3699.0,83.60595238095239,4661.0,4807.0,331.0,1720.0,543.0,57.44955518728878,28.93911255541696,2.4664230520969523,1.7348398195776296,1.0
126.0,147.0,5.166666666666667,5.333333333333333,306.0,11.898979485566358,12.591308017391087,11.800000000000002,26.757550765359255,27.247448713915887,18.97056274847714,20.22993114791954,226.171875,89.93566286387998,52.28865985271315,12.0,12.0,42.0,1421.0,5530.0,85.34705294705294,6253.0,6868.0,353.0,2186.0,649.0,60.699020360525104,32.76015247341608,2.4659862635733623,1.315569763699439,1.0
34.0,36.0,2.611111111111111,2.0,76.0,3.931851652578137,3.9189910556894993,3.8666666666666667,7.8821967329218765,8.122522350258794,5.6568542494923815,5.729567401660267,64.0,24.366430302876523,13.365058181991753,4.0,4.0,10.0,64.0,122.0,15.783333333333333,246.0,234.0,22.0,109.0,50.0,18.47902253715965,10.424292428609817,2.1357792050698574,2.1250162554146717,1.0
134.0,162.0,7.611111111111111,5.083333333333333,354.0,11.524877143252588,12.210480079782592,11.100000000000001,26.181244174723545,27.90749231975221,19.28680160388221,20.693080323252946,217.84375,97.06795399412368,60.51815512059348,22.0,30.0,50.0,1170.0,3650.0,92.55515873015872,5057.0,5441.0,367.0,1952.0,617.0,61.56203849629401,31.30063778998104,2.5019998237726275,1.600808793957288,1.0
178.0,210.0,10.812499999999998,7.5694444444444455,464.0,16.414652564147104,17.07404311244531,15.885714285714288,35.94222365966259,38.16049597795334,26.377140087968794,27.88182889640464,296.8865,129.03413833560694,78.85318006368185,30.0,44.0,64.0,3476.0,15844.0,144.28164196914196,14518.0,15064.0,832.0,5004.0,1270.0,84.84301377599073,43.349720334837215,2.570659100227125,1.456599669291681,1.0
210.0,271.0,13.749999999999998,7.638888888888888,620.0,16.9522152587164,17.801689273250226,16.04761904761905,38.19737386227442,42.07576991942249,28.66796985302832,30.859934141442483,343.637287037037,153.8693489474618,100.58037336125601,44.0,78.0,86.0,3438.0,13853.0,172.95071595071596,14644.0,15535.0,914.0,6045.0,1483.0,93.09395763771104,46.20621746179157,2.73333923878569,1.5237526584727088,1.0
194.0,250.0,14.138888888888888,7.361111111111112,578.0,15.917740416105753,16.52357765647603,14.980952380952383,35.160387006743214,39.115809365042665,26.587089623988557,28.431977598089812,316.246662037037,142.60037071288593,93.68745113426385,44.0,78.0,80.0,2955.0,11558.0,158.19232434232435,12148.0,12392.0,776.0,5065.0,1264.0,86.79930546516105,42.75359577013153,2.7326401053986302,1.742889022167581,1.0
140.0,165.0,6.979166666666666,5.666666666666667,364.0,12.651397005390978,13.329873988246625,12.333333333333336,28.301245945029837,29.758249025474353,20.60355591033259,21.946724133147484,232.921875,101.28080520379474,61.63720741364091,22.0,34.0,50.0,1951.0,9095.0,94.14620379620379,8610.0,9492.0,386.0,3033.0,758.0,65.92408921911208,34.10283788256392,2.4632284355236194,1.1666123320461832,1.0
80.0,91.0,5.555555555555555,3.555555555555556,202.0,7.66470379794645,7.89420534492739,7.366666666666667,16.436443388259487,17.62906742441502,12.268104450355086,12.779513984093153,128.90625,58.13023305744038,35.202252318983085,14.0,20.0,28.0,500.0,1663.0,45.37579365079365,2031.0,2039.0,127.0,592.0,229.0,39.27923442545628,19.797349828735065,2.4412789779618684,1.6659862668279615,1.0
106.0,134.0,5.340277777777778,3.3611111111111107,304.0,8.066298692132577,8.746803766291945,7.685714285714287,19.205371180476504,20.897291652996564,14.296463830913032,15.678910664324283,164.50687037037036,77.41800835907063,50.604494869783395,22.0,36.0,43.0,490.0,1392.0,54.820634920634916,2218.0,2498.0,148.0,710.0,294.0,46.63763359847103,21.85602232029466,2.5931019170714,1.485475665045491,1.0
160.0,191.0,7.361111111111111,6.222222222222222,408.0,14.169836433395455,15.091086171318564,13.866666666666672,32.36837695560775,33.68057414763233,23.351102806039016,25.09629076285079,271.703125,115.06509871225454,69.70506771771188,22.0,26.0,57.0,2593.0,12827.0,111.66078684387507,11589.0,12908.0,467.0,4270.0,971.0,74.49491103481843,38.78445251588925,2.5191824578489803,1.0692268167104784,1.0
266.0,304.0,18.777777777777775,12.305555555555554,666.0,25.99764135368948,26.653813154089146,25.099999999999998,55.328922844158136,58.853822078425424,40.85668400940356,42.54044921488722,446.125,192.67112021562951,115.50625189356083,42.0,58.0,92.0,12753.0,77237.0,263.5577062600282,52894.0,54809.0,2368.0,14961.0,3168.0,131.19532309533244,68.68969556566164,2.3559959702034874,1.4615461991532153,1.0
62.0,63.0,7.694444444444445,3.527777777777778,154.0,6.930428110326542,6.697102672463695,6.433333333333334,13.11533601115972,15.010686134914145,10.515393620538857,10.27884428857259,87.640625,46.12379312422408,28.01533972186464,16.0,28.0,21.0,440.0,1424.0,38.28015873015873,1550.0,1354.0,128.0,440.0,182.0,33.55344207412959,16.716620597526155,2.1784621673016553,3.667422338417529,1.0
142.0,167.0,7.138888888888888,6.027777777777779,354.0,13.241514740667453,13.918547363544452,13.000000000000004,29.505772902065566,30.524671602553934,21.16083277725808,22.533354443388248,248.9375,101.90802164082083,60.58265022283942,18.0,20.0,49.0,1796.0,6807.0,104.76288988788988,7712.0,8254.0,458.0,3380.0,842.0,67.87448687070855,35.74966901567152,2.458927197470655,1.4588033675043368,1.0
138.0,175.0,8.243055555555555,4.743055555555555,412.0,10.81222726290974,11.463920189547936,10.221428571428572,24.740733467404553,27.454353320499123,18.672088290217285,20.19815073532768,215.87832407407404,101.60016949120049,67.05317029549913,32.0,62.0,57.0,1023.0,3129.0,88.65277777777777,4415.0,4739.0,295.0,2057.0,595.0,61.66627152498134,29.2206600206109,2.6475911686710867,1.654920673947904,1.0
76.0,89.0,5.756944444444445,2.9027777777777777,216.0,6.488000430147714,6.719383413436576,6.052380952380953,14.123174447554629,16.024769302737774,11.04116889113783,11.57083778331696,108.70536574074073,56.352829266685056,36.66294546525018,20.0,38.0,30.0,268.0,616.0,40.80952380952382,1082.0,1081.0,94.0,532.0,196.0,34.992546594055206,16.94202342996469,2.462801101273109,2.126101584846596,1.0
46.0,48.0,6.694444444444445,2.555555555555556,122.0,4.9472648627321485,4.710923771927642,4.466666666666667,9.155744216933174,10.969444682594826,7.6465263812727855,7.424827187457706,59.03125,34.67004988617682,22.12899020449196,14.0,26.0,17.0,166.0,395.0,24.866666666666664,554.0,454.0,68.0,166.0,90.0,24.444932756808576,11.762013208024687,2.196805638851211,3.725336359314071,1.0
12.0,9.0,3.111111111111111,1.0,30.0,1.7320508075688776,1.5,1.5,2.598076211353316,3.4641016151377553,2.449489742783178,2.121320343559643,10.125,9.486832980505138,6.0,6.0,12.0,4.0,9.0,12.0,4.5,24.0,15.0,6.0,9.0,6.0,7.829154880351856,3.4641016151377544,1.7320508075688772,2.3237900077244498,1.0
58.0,66.0,6.055555555555555,2.666666666666667,156.0,5.5197445078035825,5.513599253391421,5.1,11.249310607375278,12.855985596534891,8.910910029384821,9.083410325681852,83.046875,42.9615154640557,27.42955328423773,14.0,24.0,22.0,184.0,400.0,30.81666666666667,680.0,618.0,72.0,286.0,126.0,28.471915671999795,13.999167504116496,2.353004381892606,2.59614068514264,1.0
72.0,83.0,5.055555555555555,3.0555555555555554,186.0,6.66470379794645,6.89420534492739,6.366666666666667,14.436443388259487,15.629067424415018,10.85389088798199,11.36530042172006,112.90625,52.473378807947995,32.373825194236886,14.0,20.0,26.0,293.0,740.0,39.269047619047626,1196.0,1212.0,102.0,437.0,184.0,34.63120855304764,17.44818974583622,2.3887728109306887,1.9324938943727505,1.0
124.0,152.0,6.5,4.694444444444445,326.0,10.647867045540842,11.329873988246622,10.333333333333334,24.396035182486024,25.67030887673433,17.722758127248056,19.118297008401292,209.859375,89.38296616871098,55.23073746008669,16.0,22.0,46.0,921.0,2748.0,81.85912698412699,4020.0,4368.0,290.0,1454.0,511.0,56.89014223279761,28.976986004283166,2.5334743831334072,1.6024058707677402,1.0
86.0,100.0,6.416666666666667,3.8333333333333335,222.0,8.113392202930195,8.327017500080839,7.766666666666668,17.359048326954824,18.7103483223545,12.934771117021752,13.533743941078892,140.296875,62.55763874803105,38.43832029648287,16.0,22.0,31.0,534.0,1638.0,51.42857142857143,2138.0,2117.0,156.0,748.0,274.0,41.704300407566,21.303502839535348,2.4502104824633135,1.8782209203072082,1.0
72.0,76.0,6.895833333333334,3.2083333333333335,198.0,6.865991962219568,6.880384245463444,6.333333333333334,13.933431128943841,16.26440633165593,11.302137185074248,11.39089039808875,93.8611111111111,54.061721329929625,34.6431806274131,22.0,46.0,27.0,412.0,1294.0,40.74880952380953,1555.0,1453.0,99.0,580.0,204.0,35.492404111055606,17.096757099509045,2.2831532254453166,2.23813026069247,1.0
160.0,199.0,8.26388888888889,5.506944444444445,452.0,12.872923019158511,13.788778341767456,12.350000000000003,29.883577054296836,32.327527605156206,22.17816956004461,24.008595469820563,260.17881944444446,116.64653609966038,74.62636059228892,26.0,54.0,63.0,1588.0,5388.0,113.1389971139971,7000.0,7671.0,406.0,3405.0,846.0,70.76596951979397,35.34318825842297,2.5809685598537646,1.4604920273845368,1.0
152.0,179.0,8.25,6.472222222222222,382.0,14.152198343190411,14.826795654008315,13.833333333333336,31.371798305850003,32.679372140933175,22.643996024852466,24.056957805502517,263.703125,109.31293998810852,65.41107734758562,20.0,24.0,53.0,2332.0,9935.0,113.1649544899545,9940.0,10554.0,566.0,3944.0,962.0,72.67788630913432,38.25573260429816,2.4939571470531803,1.3752172725134724,1.0
60.0,61.0,7.083333333333333,3.75,142.0,7.095754112725152,6.837982111379,6.733333333333334,13.362469677197074,14.709146315655346,10.227664335835204,10.044921240947438,98.125,44.07755796252722,25.659048552118026,14.0,20.0,19.0,448.0,1477.0,37.87738095238095,1582.0,1386.0,124.0,448.0,182.0,33.349958383709996,17.18686496367946,2.1357792050698574,3.595712896138612,1.0
144.0,183.0,6.291666666666666,4.993055555555555,404.0,11.622758571928234,12.517286934930542,11.28809523809524,27.25169403399818,28.83423498363863,19.76846460739459,21.59083109827027,243.13758333333334,104.30398067784294,66.0936731571541,24.0,38.0,56.0,1145.0,3594.0,95.23852813852812,5152.0,5776.0,340.0,2612.0,716.0,63.95045579657645,31.37360435869936,2.669971601968061,1.4829321842449985,1.0
174.0,209.0,11.083333333333332,7.416666666666666,450.0,15.939090705625686,16.589925489553433,15.433333333333337,35.06686225788768,37.028812663311854,25.529442291001487,27.125697729161562,300.015625,125.58172050946588,76.66029074432443,24.0,32.0,63.0,3064.0,12891.0,140.4341575091575,12810.0,13275.0,730.0,4867.0,1188.0,82.57737418930084,42.40253063456656,2.5684892596482283,1.511859577899391,1.0
136.0,163.0,9.61111111111111,5.749999999999998,356.0,12.413591357920938,12.857516187174516,11.900000000000002,27.074927805386256,29.051927587233457,20.09136764099148,21.18843739922355,226.765625,98.58972967109112,60.7717469243261,18.0,30.0,50.0,1836.0,7948.0,95.23602231102231,7679.0,8009.0,421.0,2496.0,708.0,64.64757872268305,33.61814452880668,2.514470771095056,1.472371093903228,1.0
136.0,161.0,9.61111111111111,5.6944444444444455,356.0,12.37991785310972,12.829873988246623,11.833333333333336,26.99411139383934,29.13441049187209,20.17224787003123,21.23961735196093,219.984375,98.86979914921612,61.23073746008669,22.0,34.0,50.0,1503.0,5062.0,101.30000000000001,6169.0,6291.0,433.0,2254.0,700.0,64.52114832583004,33.108405715351005,2.485166832846553,1.844944888509048,1.0
66.0,85.0,5.097222222222222,2.1875,210.0,4.982998800364115,5.201012200075339,4.554761904761904,11.12770877392789,13.047948830801737,8.85347358264538,9.434624071991195,97.09707407407406,49.30566569265147,33.7384383930881,18.0,40.0,29.0,123.0,219.0,29.58333333333333,491.0,480.0,61.0,174.0,99.0,28.65283133116802,13.466253199680082,2.619556193050296,2.396254979141823,1.0
84.0,92.0,7.194444444444445,4.638888888888889,200.0,9.185070510202193,9.154478692306727,8.9,18.49644427341263,19.554445777276094,13.572928212987003,13.799234746362536,149.53125,60.714270175582186,34.97275705110278,12.0,16.0,27.0,784.0,2695.0,56.835317460317455,2975.0,2801.0,225.0,984.0,336.0,44.22505479793897,23.564281507017572,2.324366328598225,2.4103346917387256,1.0
112.0,124.0,7.555555555555555,5.638888888888888,266.0,11.702708600407234,11.918769209616974,11.433333333333334,24.49302292317038,25.555647783975246,17.815568900106285,18.374101609643546,197.53125,80.60856452345911,46.33781523309453,14.0,18.0,36.0,1521.0,6326.0,80.82511655011655,6074.0,6033.0,364.0,2094.0,588.0,57.34840938106448,30.641458611062205,2.354238283137096,1.7998287865409144,1.0
90.0,103.0,8.506944444444445,4.416666666666666,242.0,8.919556629830167,8.885843773635598,8.404761904761905,18.037020266456313,20.0793127801977,13.85875872761301,14.137596317388457,140.523,66.33319306464554,41.37285200825606,22.0,36.0,33.0,706.0,2192.0,59.9218253968254,2643.0,2449.0,239.0,906.0,336.0,44.90809053993736,22.398202240573546,2.464463290338509,2.718196822300696,1.0
122.0,146.0,8.25,5.027777777777779,320.0,10.986071002992368,11.435446797246707,10.533333333333335,24.16849419582836,25.93846850117352,17.941537726730413,18.98331723229142,200.609375,88.49641893811975,54.758601505087114,18.0,28.0,45.0,1013.0,2953.0,86.74761904761905,4191.0,4310.0,347.0,1644.0,553.0,57.47024483796997,29.236980881170908,2.498952880436914,1.9267730014101523,1.0
58.0,63.0,5.083333333333333,3.1111111111111107,140.0,6.236382105218448,6.221666537153279,6.0,12.573839334717295,13.473164879336615,9.370727640387596,9.509470883444056,98.140625,42.14472886126054,24.665621261737524,10.0,14.0,19.0,256.0,653.0,33.18571428571428,971.0,911.0,97.0,346.0,150.0,30.31364300027847,16.129560883392717,2.257845608145703,2.3433317332672807,1.0
104.0,130.0,4.729166666666667,3.4305555555555545,292.0,8.161433706523047,8.838555475828082,7.852380952380956,19.32797611917184,20.72857255093604,14.218425437354906,15.569520864583103,163.35525,75.71573571442413,48.76019982033226,22.0,32.0,41.0,456.0,1188.0,56.290476190476184,2050.0,2284.0,180.0,990.0,352.0,45.786786640820196,21.120483090277304,2.5970802986588475,1.6014024140861935,1.0
76.0,87.0,5.305555555555555,3.3055555555555562,194.0,7.16470379794645,7.394205344927391,6.866666666666667,15.43644338825949,16.62906742441502,11.560997669168538,12.072407202906605,120.90625,55.30180593269418,33.788038756609986,14.0,20.0,27.0,360.0,968.0,43.34761904761905,1464.0,1474.0,104.0,652.0,226.0,36.82370471238154,18.833278627412405,2.3889725377394395,1.9217270751479658,1.0
120.0,132.0,9.027777777777779,5.61111111111111,298.0,11.935560745775547,12.169238627463278,11.433333333333335,25.047269578507986,27.06219285813146,18.89128519503625,19.43902454336051,188.265625,87.50230959293418,52.6186601839818,24.0,34.0,41.0,1942.0,9805.0,82.98388776256422,7852.0,7914.0,334.0,2644.0,638.0,60.03355782313443,30.852266165131056,2.276708976275347,1.5451769509801574,1.0
156.0,184.0,8.5,6.805555555555555,390.0,14.690203145651198,15.3513595186979,14.400000000000002,32.4283778407609,33.60595250049341,23.24171300629784,24.70179796274708,276.328125,111.99228158090393,66.64714532508542,20.0,22.0,54.0,2645.0,12057.0,117.68556582306582,11228.0,11871.0,598.0,4414.0,1026.0,74.96730657542135,39.880433154275806,2.4936468569388226,1.3318930183923525,1.0
64.0,71.0,6.395833333333333,2.777777777777778,182.0,5.909702168162851,5.916707931972796,5.419047619047619,12.040977714632751,14.152246952478981,9.785873951362623,9.912254645092817,87.0757361111111,48.01557223565736,31.20667743495553,18.0,40.0,25.0,252.0,655.0,34.057142857142864,941.0,867.0,73.0,378.0,150.0,30.963431276936454,14.981183130029597,2.3344142183389773,2.39239402289955,1.0
50.0,55.0,4.583333333333333,2.5555555555555554,124.0,5.215214055163271,5.210923771927642,4.966666666666667,10.557668005579858,11.50534306745707,8.025463763235798,8.131933968644253,80.90625,36.496925404656444,21.785844453984343,8.0,14.0,17.0,156.0,353.0,26.11666666666666,591.0,553.0,63.0,228.0,104.0,25.754244629039327,13.619694833292886,2.250874594525543,2.320588019062653,1.0
120.0,139.0,7.638888888888889,5.0,308.0,11.024877143252587,11.485735208391004,10.600000000000001,24.18124417472355,25.90749231975221,17.99390838506876,18.950697361656317,191.671875,87.168459057512,53.44708730872799,22.0,30.0,43.0,1295.0,5099.0,79.4767538017538,5460.0,5740.0,320.0,1853.0,558.0,57.319244547616094,29.276507795008886,2.4067161258291,1.4826848330608051,1.0
300.0,335.0,26.944444444444443,13.250000000000002,826.0,28.22812507012844,28.483328308818898,26.34285714285713,58.29788545474653,66.45428727153664,46.02429358853501,46.93886599171906,439.70919444444456,222.84113677941528,141.21148605067228,70.0,156.0,113.0,19604.0,146580.0,300.9152441476129,76850.0,75142.0,2778.0,23534.0,3770.0,146.0687184183798,71.86917001198911,2.459756818714326,2.1890254815776395,1.0
162.0,186.0,14.083333333333332,7.444444444444443,422.0,15.543820313256736,15.748865043936124,14.700000000000003,32.474384338114525,35.72103445726863,24.743057956374056,25.554971191248093,254.109375,118.58092680886686,73.52472783021295,32.0,50.0,59.0,3124.0,13340.0,136.62535242535242,12214.0,11870.0,782.0,4176.0,1110.0,79.41083635088667,39.56746112007198,2.5036932217741534,2.2420392607445225,1.0
42.0,46.0,4.083333333333334,2.0277777777777777,108.0,4.198377302757663,4.197102672463695,3.933333333333333,8.5172597998064,9.546584519776387,6.6516903153825835,6.743310382639851,61.515625,30.98010589422657,19.186912597118443,10.0,16.0,15.0,84.0,160.0,19.53333333333333,315.0,291.0,27.0,144.0,66.0,21.18569143871713,10.792280186226474,2.245826779937863,2.3462271738277805,1.0
94.0,106.0,9.277777777777777,4.611111111111111,244.0,9.362279762904679,9.340838599544785,8.8,18.997532744081592,21.133208485172936,14.636713964098501,14.922367527083296,145.8125,69.07600986472751,42.794611466229476,20.0,32.0,34.0,880.0,3124.0,62.98823953823954,3332.0,3130.0,240.0,1132.0,374.0,47.15304594563916,24.212498445092226,2.3360457382840774,2.4868043108728073,1.0
132.0,146.0,12.138888888888888,6.916666666666667,328.0,13.815299465537993,13.770572420459924,13.200000000000001,27.8959008061409,30.223552647311273,20.93172530955613,21.32236506235681,219.046875,96.26181649946196,57.62523289360129,26.0,36.0,45.0,2462.0,10810.0,106.04711954711955,9441.0,9011.0,589.0,2782.0,806.0,67.893132126242,34.76973229912824,2.3424523587360686,2.697985003448978,1.0
92.0,110.0,7.729166666666666,3.6111111111111107,264.0,7.841553820740987,8.060443859053887,7.285714285714287,16.92317444755463,19.274769302737774,13.200087513735722,13.848671102416976,137.2476111111111,68.13936185141459,44.57173561694728,22.0,44.0,37.0,507.0,1494.0,53.01547619047619,1996.0,1938.0,144.0,691.0,268.0,42.46580368299713,20.518359813485787,2.5186316039253422,2.0121307465624216,1.0
66.0,68.0,8.847222222222221,2.875,206.0,6.021673934958928,5.811135122972713,5.21904761904762,11.403990859101544,14.942286398099142,10.303069933676179,10.047234421202688,66.7962222222222,51.351978855434275,35.47603286813174,28.0,70.0,28.0,326.0,909.0,36.48571428571429,1122.0,953.0,114.0,326.0,156.0,32.13625538213082,13.848034571012702,2.2715095763016784,4.013903140695401,1.0
90.0,106.0,7.118055555555555,3.625,252.0,7.91552078507628,8.141452803364386,7.419047619047619,17.029608057112522,19.138228388797714,13.19099880539889,13.77595795024909,134.86161574074072,66.44613999965641,42.67609088448918,20.0,40.0,35.0,478.0,1291.0,53.71666666666667,1916.0,1906.0,178.0,806.0,294.0,42.064054245399554,21.011257531595625,2.4694625675773234,2.0947107682218027,1.0
12.0,9.0,3.111111111111111,1.0,30.0,1.7320508075688776,1.5,1.5,2.598076211353316,3.4641016151377553,2.449489742783178,2.121320343559643,10.125,9.486832980505138,6.0,6.0,12.0,4.0,9.0,12.0,4.5,24.0,15.0,6.0,9.0,6.0,7.829154880351856,3.4641016151377544,1.7320508075688772,2.3237900077244498,1.0
72.0,84.0,5.055555555555555,3.0833333333333335,186.0,6.681540550352056,6.9080264443913375,6.4,14.476851594032945,15.587825972095704,10.813450773462108,11.339710445351365,116.296875,52.333344068885495,32.1443299263566,12.0,18.0,26.0,283.0,690.0,39.81904761904762,1152.0,1161.0,86.0,542.0,196.0,34.55419473617837,17.683996835988737,2.4021865221232006,2.002389306756594,1.0
228.0,289.0,13.52083333333333,8.159722222222223,652.0,18.508528483516255,19.6119932028496,17.6452380952381,42.270234597205814,45.97130949341905,31.48189171366755,33.98430085737914,370.0268287037037,166.38860176751632,107.33988026778376,44.0,74.0,91.0,4484.0,19780.0,189.66753246753245,19376.0,20835.0,1090.0,7838.0,1782.0,101.48368868094798,50.44366789754577,2.730819339052456,1.3196847673947079,1.0
152.0,186.0,6.861111111111111,5.8055555555555545,392.0,13.220346690612276,14.132549469710403,12.96666666666667,30.489601572928127,31.556849790674388,21.81556890010628,23.60530727137162,265.875,108.98814024557461,66.18815478932483,16.0,20.0,55.0,1662.0,5859.0,109.75652958152958,7376.0,8160.0,470.0,2651.0,817.0,70.0344375618544,36.34730550475709,2.5518588873251433,1.398709306392182,1.0
228.0,292.0,15.812499999999998,8.222222222222221,686.0,18.19732684236373,19.037176909867448,17.08095238095239,40.73957148034944,45.62367062254237,30.997737642042566,33.27274723665237,361.0030277777778,168.08231945199933,111.3125695343464,54.0,102.0,95.0,4366.0,19137.0,192.90452268319916,18165.0,18774.0,1013.0,7814.0,1705.0,100.69122716725664,48.71564599001572,2.7643458895225246,1.5281431740570286,1.0
116.0,142.0,7.840277777777777,4.472222222222222,322.0,9.92457605184824,10.369739550454947,9.423809523809526,22.031290542102827,24.106098328359117,16.594224889357506,17.63876675600315,184.12362037037036,84.79829176940822,54.07682853800152,24.0,38.0,45.0,826.0,2440.0,75.28055555555555,3421.0,3515.0,295.0,1470.0,482.0,53.196335295920825,26.912906943032244,2.5738198302494495,1.8411258977693457,1.0
38.0,40.0,2.861111111111111,2.25,84.0,4.431851652578137,4.418991055689499,4.366666666666667,8.882196732921877,9.122522350258794,6.363961030678929,6.436674182846815,72.0,27.194857427622715,14.779271744364848,4.0,4.0,11.0,94.0,203.0,18.68333333333333,361.0,343.0,33.0,148.0,66.0,20.758832560654838,11.384646120352905,2.1489611417496346,2.0778607554610558,1.0
50.0,55.0,4.583333333333334,2.5555555555555554,124.0,5.215214055163271,5.210923771927642,4.966666666666667,10.557668005579858,11.50534306745707,8.025463763235798,8.131933968644253,80.90625,36.496925404656444,21.785844453984343,8.0,14.0,17.0,156.0,353.0,26.116666666666664,591.0,553.0,63.0,228.0,104.0,25.754244629039327,13.619694833292886,2.2508745945255444,2.320588019062653,1.0
126.0,145.0,7.527777777777777,5.722222222222223,312.0,12.190203145651198,12.626614647306308,11.900000000000002,26.4283778407609,27.60595250049341,19.1203926627382,20.130987876404266,218.15625,90.77907814530751,53.91922326372756,20.0,22.0,43.0,1791.0,8323.0,86.67122183372183,7500.0,7830.0,320.0,2621.0,658.0,61.67515849100083,32.67076315251443,2.401285455514275,1.3586550862264741,1.0
114.0,130.0,8.166666666666668,5.75,278.0,11.689401807851764,11.876145229460006,11.399999999999999,24.472207396776614,25.563509041474955,17.665738985845227,18.35895816150076,205.546875,82.05845755735277,47.981524063347905,16.0,18.0,38.0,1472.0,5948.0,82.74914529914531,5934.0,5963.0,342.0,2165.0,586.0,57.572935857531235,30.355293786503573,2.3763809538125567,1.8117381369658272,1.0
130.0,155.0,8.75,5.611111111111112,336.0,12.024075805453155,12.460010661936291,11.600000000000001,26.225073730739258,27.865048860733747,19.24636148936233,20.335264170722528,221.234375,94.00418765566133,57.40888304496001,18.0,26.0,47.0,1331.0,4330.0,96.31154401154402,5464.0,5574.0,396.0,2099.0,652.0,62.03969268990802,32.093434290969405,2.49409571177208,1.8697167868120341,1.0
130.0,153.0,8.75,5.500000000000001,336.0,11.969234250586762,12.42162569778276,11.500000000000002,26.1280859900549,27.979709953492833,19.396191403623387,20.423120771033208,213.21875,94.29330792667466,57.816523897713594,20.0,30.0,47.0,1497.0,5545.0,91.33715728715728,6286.0,6584.0,426.0,2037.0,660.0,63.405958388749994,32.11410578423117,2.4313424376289854,1.638691412909626,1.0
228.0,296.0,14.423611111111109,7.416666666666667,696.0,17.193796882513595,18.29072466195206,16.08095238095239,39.71997880096975,44.65705081736198,30.359580546077314,32.93454327920085,351.7686527777778,168.18667471954117,112.72678309671952,54.0,104.0,97.0,3715.0,15328.0,180.95473137973138,16179.0,17556.0,939.0,6451.0,1574.0,99.23216807388626,47.09839332770266,2.7633670613965955,1.3713050068401065,1.0
126.0,152.0,6.138888888888889,5.055555555555555,322.0,11.25835149307306,11.932368463008396,11.033333333333335,25.546181107839026,26.483430150234618,18.29196553799201,19.679337342273364,220.328125,90.45427840277357,54.69630070546677,16.0,18.0,45.0,1027.0,3093.0,87.56547619047619,4463.0,4827.0,289.0,1877.0,559.0,58.75290253571629,30.80445228268636,2.4987378686905872,1.625291920354262,1.0
132.0,152.0,8.388888888888888,5.833333333333333,332.0,12.562881945713372,13.010299073080589,12.16666666666667,27.237823709634444,28.834072679312435,20.005838928887222,21.009751081273972,220.296875,95.50465489979975,57.51158241097394,22.0,28.0,46.0,1915.0,8708.0,93.15863580863581,8048.0,8438.0,400.0,2932.0,738.0,64.08021720404871,33.81539930549845,2.386251995686526,1.4141741264101628,1.0
70.0,80.0,4.444444444444445,3.1388888888888884,174.0,6.770856947829097,6.999778153927474,6.566666666666667,14.610826190248504,15.43312543371645,10.744501088240812,11.230320645610187,117.53125,50.585279971090216,30.144329926356598,10.0,14.0,24.0,301.0,778.0,38.71904761904762,1246.0,1284.0,106.0,437.0,184.0,34.41148077690816,17.881593534346724,2.3355904555359257,1.861906107472987,1.0
168.0,221.0,12.027777777777777,5.819444444444445,518.0,12.963233394208578,13.590765501322583,12.080952380952384,29.2491517255681,33.048547030784455,22.393977759725992,24.142213735171335,267.2420324074074,123.98503794541548,83.22461039434974,40.0,76.0,72.0,1670.0,5555.0,122.1433621933622,6968.0,7214.0,486.0,3180.0,868.0,72.88684851176102,35.275293180256256,2.72389235328757,1.7687957566101886,1.0
190.0,246.0,13.888888888888888,7.111111111111111,570.0,15.417740416105753,16.02357765647603,14.480952380952383,34.16038700674321,38.11580936504266,25.879982842802015,27.724870816903262,308.246662037037,139.77194358813975,92.27323757189076,44.0,78.0,79.0,2671.0,10012.0,152.79075091575095,10993.0,11225.0,723.0,4681.0,1193.0,84.51971714533539,41.21648099648071,2.7326285826866163,1.7682911301518531,1.0
184.0,221.0,9.3125,7.444444444444444,478.0,16.56531725777247,17.466409025801045,16.171428571428578,37.18032349132481,38.894838067096295,26.913247512595518,28.747349863388898,315.3355,132.64893811717775,80.53909436609673,26.0,36.0,66.0,3671.0,17942.0,144.00157342657343,16064.0,17548.0,760.0,5717.0,1325.0,86.27248237869517,45.11409627649732,2.4680289347097535,1.1704649849071198,1.0
166.0,215.0,11.937499999999998,5.840277777777778,500.0,13.001908528803392,13.636778913611712,12.145238095238097,29.325433810741757,32.94288459808187,22.379472495619037,24.10592715020008,261.6315740740741,122.26685066708549,81.44748624363191,38.0,70.0,70.0,1674.0,5552.0,121.50050505050505,6978.0,7218.0,488.0,3207.0,868.0,72.61798012491448,35.138405682840805,2.7072617665945833,1.7658034499316226,1.0
180.0,229.0,13.29861111111111,6.423611111111111,536.0,14.35775057645996,15.006642239922044,13.378571428571432,32.094471473841836,36.212246229220206,24.719572438661036,26.424493893811576,276.3815740740741,132.78931641013264,88.09776778350485,42.0,78.0,75.0,2352.0,8980.0,137.48917471417474,9739.0,10007.0,607.0,4203.0,1057.0,79.65999207377797,38.38773466356672,2.7074690732240043,1.682801435536646,1.0
198.0,250.0,15.361111111111109,6.923611111111111,602.0,15.569075441865147,16.226247499431146,14.36428571428572,34.61818938866819,39.8179086619228,27.146649293454526,28.886331375077994,293.94168518518524,146.99635562681723,98.70331905896879,50.0,102.0,84.0,3162.0,13462.0,154.83199023199023,13042.0,13352.0,744.0,5331.0,1264.0,87.15788745642901,41.43175658606418,2.707510906066361,1.6196602917492469,1.0
120.0,142.0,7.638888888888888,5.083333333333333,308.0,11.07538740046941,11.527198506782844,10.700000000000001,24.30246879204392,25.78376796279427,17.872588041509122,18.873927432550246,201.84375,86.74835484032448,52.758601505087114,16.0,24.0,43.0,1163.0,4015.0,82.34650072150072,4812.0,4942.0,322.0,1717.0,554.0,57.35902860597194,29.311834626082472,2.5367836359154112,1.6995268952783975,1.0
102.0,117.0,6.895833333333333,4.958333333333333,260.0,10.198637171184398,10.387905051279777,9.919047619047621,21.428385210098437,22.612709451477805,15.604129429026585,16.235482251260258,177.199,73.91709740638416,44.05856859745241,18.0,26.0,35.0,972.0,3393.0,69.066341991342,3894.0,3874.0,298.0,1338.0,450.0,50.76394176554076,27.026324932481234,2.4267942597903183,1.8981865149823445,1.0
158.0,183.0,11.402777777777779,6.388888888888889,436.0,14.082154010178076,14.54433963587324,13.304761904761909,30.420731697098265,33.853596614776976,23.387161544907563,24.420909352897134,238.0357314814815,116.47441394600472,73.92482278736622,36.0,70.0,60.0,2934.0,15309.0,114.23244973980269,12170.0,12594.0,510.0,4377.0,974.0,74.30613135405929,37.10434876831392,2.4620952611738423,1.3951738640272864,1.0
142.0,167.0,7.138888888888888,6.027777777777779,354.0,13.241514740667453,13.918547363544452,13.000000000000002,29.505772902065566,30.52467160255393,21.160832777258076,22.533354443388248,248.9375,101.90802164082086,60.58265022283942,18.0,20.0,49.0,2000.0,8675.0,101.2773976023976,8622.0,9260.0,468.0,3418.0,840.0,67.89555861844626,35.882237397909996,2.4851363649087883,1.2979511955651177,1.0
148.0,174.0,8.0,6.138888888888889,374.0,13.614193540729628,14.30223178931873,13.266666666666671,30.315218770939104,31.752791781372952,22.0462790434071,23.412117648257958,251.078125,106.63359839531316,64.17500937008583,20.0,26.0,52.0,2402.0,11821.0,104.38658841158842,10464.0,11385.0,460.0,3930.0,904.0,70.3872665953945,36.81293694356472,2.4361205633374996,1.1739810578879872,1.0
160.0,206.0,11.076388888888886,5.631944444444445,480.0,12.581188225148363,13.21984913556639,11.792857142857146,28.432678232815324,31.817860534240932,21.624585471509956,23.30267280715781,252.43257407407407,117.79958481119888,78.18235821320961,36.0,68.0,67.0,1553.0,5185.0,114.13979076479076,6514.0,6781.0,440.0,3006.0,810.0,70.10231816931814,33.88630802305956,2.678182185779836,1.711556084534079,1.0
64.0,63.0,8.23611111111111,2.916666666666667,194.0,6.1009536313038994,5.894205344927391,5.366666666666667,11.511235281175107,14.81726233425821,10.255289690753646,9.951086859346962,65.59722222222221,49.71314012429386,33.62511840008253,26.0,68.0,26.0,357.0,1101.0,35.19880952380953,1246.0,1077.0,108.0,357.0,156.0,31.902371010333486,14.574230059619762,2.1889010593167346,3.617782070438074,1.0
76.0,82.0,6.694444444444444,4.027777777777777,184.0,8.1302289553358,8.116093728153196,7.800000000000001,16.39945653272828,17.669106870035183,12.308544564874966,12.472877784300117,125.515625,55.34653619710308,32.5519707791102,14.0,20.0,25.0,640.0,2375.0,47.10046897546897,2461.0,2351.0,151.0,804.0,266.0,39.645518344072215,20.44090449586154,2.2783865668564243,2.0591030571763844,1.0
136.0,155.0,8.63888888888889,6.0,340.0,13.024877143252587,13.485735208391004,12.600000000000003,28.181244174723542,29.90749231975221,20.82233550981495,21.77912448640251,223.671875,98.48216755649675,59.103941558220356,22.0,30.0,47.0,2326.0,12007.0,95.27157230024876,9797.0,10303.0,405.0,3418.0,794.0,66.34857564118366,34.71473204399309,2.3422742427633807,1.2895871292760095,1.0
126.0,150.0,6.138888888888888,4.944444444444445,322.0,11.20350993820667,11.893983498854865,10.933333333333337,25.449193367154674,26.598091242993704,18.441795452253068,19.767193942584047,212.3125,90.74339867378688,55.10394155822037,18.0,22.0,45.0,1075.0,3398.0,85.8329365079365,4698.0,5116.0,318.0,1959.0,586.0,58.74903520051164,30.604629631337502,2.469513956199408,1.5485995401933108,1.0
112.0,135.0,7.138888888888888,4.666666666666667,292.0,10.113392202930193,10.551762371472426,9.766666666666667,22.35904832695482,23.710348322354495,16.348984679394846,17.397447246235167,190.46875,80.94241505888128,49.75202879546762,16.0,22.0,41.0,831.0,2454.0,74.70634920634922,3465.0,3591.0,263.0,1259.0,444.0,52.78517845937135,27.31279830495378,2.491775563268744,1.812272005769418,1.0
196.0,254.0,14.749999999999998,7.305555555555555,590.0,15.828424018628711,16.43182594693989,14.814285714285717,35.02641241052765,39.27050990342192,26.65603930920986,28.541367397830996,315.012287037037,144.34843481068125,95.6874511342639,46.0,82.0,82.0,2835.0,10515.0,160.76174658674657,11614.0,11804.0,774.0,5004.0,1264.0,87.02367515302834,42.461540368974816,2.739056759411288,1.8127889963909167,1.0
156.0,182.0,8.499999999999998,6.6944444444444455,390.0,14.635361590784806,15.312974554544368,14.300000000000004,32.33139010007655,33.720613593252494,23.391542920558894,24.78965456305776,268.3125,112.28140185191724,67.05478617783902,22.0,26.0,54.0,2837.0,14161.0,115.31995088245088,12104.0,12855.0,562.0,4594.0,1026.0,74.94694985449195,39.77311804114018,2.4851398463560344,1.229781772548048,1.0
134.0,169.0,7.541666666666667,4.868055555555555,382.0,10.976311962521509,11.633602509156262,10.521428571428572,25.051694033998178,27.08423498363863,18.51316966761939,20.004961112214012,221.5079537037037,97.70573695172226,62.68875480986644,26.0,44.0,53.0,1042.0,3264.0,87.99209956709956,4518.0,4876.0,310.0,2160.0,620.0,60.145593181453535,28.921837163923698,2.642240641998403,1.6253242098256202,1.0
166.0,216.0,7.284722222222221,5.736111111111112,460.0,13.168200316231715,14.262784213617211,12.85714285714286,31.360620941062045,32.6770808593591,22.26889732561559,24.66951311335504,292.581375,119.37358488620097,75.56158170939977,24.0,28.0,65.0,1500.0,4766.0,116.0584054834055,6796.0,7657.0,416.0,3362.0,866.0,73.83079553103714,36.829440052873395,2.7250361253368593,1.4336055735503321,1.0
182.0,239.0,13.840277777777777,6.111111111111111,576.0,13.697213628932802,14.32419186029563,12.600000000000003,30.801908188647687,35.59894944748647,24.064419010476225,25.87135445888252,277.8067731481481,135.26940675144016,92.34215779010924,48.0,98.0,80.0,1952.0,6500.0,136.78939393939396,8060.0,8256.0,582.0,3720.0,992.0,78.1186312374947,37.18261569134053,2.7422693370945304,1.8400182261155176,1.0
148.0,190.0,9.354166666666666,5.243055555555555,440.0,11.759821020102445,12.403352554638664,11.126190476190478,26.700627425246445,29.508459457482427,20.072472538694264,21.66967964530235,238.90132407407407,108.64660236611589,71.35393108846344,32.0,60.0,61.0,1316.0,4438.0,100.47391774891774,5592.0,5899.0,356.0,2565.0,698.0,65.09396447202742,32.227394762669356,2.654613404018803,1.622475595421672,1.0
168.0,212.0,11.576388888888888,6.020833333333332,496.0,13.52634667028197,14.181464171412859,12.692857142857147,30.335690492130965,33.93252162700002,23.18862894814411,24.804742969841577,260.41694907407407,123.74555933170454,81.41842619070941,38.0,72.0,69.0,2039.0,7823.0,122.8863247863248,8532.0,8859.0,508.0,3658.0,930.0,74.64039452766673,36.25936101984627,2.6712042003528764,1.6019155608319786,1.0
282.0,355.0,17.416666666666664,9.868055555555554,816.0,22.591044829719756,23.93694942528625,21.39761904761905,51.59053116178991,56.828173932820796,38.89631431580512,41.88462495865349,448.12918518518524,206.61961366731506,134.39085275219043,56.0,106.0,114.0,8906.0,53127.0,247.2817104936687,38912.0,42376.0,1534.0,15288.0,2700.0,124.83876254783729,61.44230387268324,2.7027668328945382,1.062401373690927,1.0
230.0,293.0,14.131944444444441,8.090277777777779,664.0,18.413393469125786,19.520241493313463,17.478571428571435,42.14762965851049,46.14002859547958,31.559930107225682,34.09369065712033,371.1784490740741,168.09087441216283,109.18417531723487,44.0,78.0,93.0,4649.0,22092.0,189.56250342794462,20138.0,21704.0,954.0,8576.0,1756.0,101.70378721333896,50.01401106130622,2.702691212015586,1.2659670282495044,1.0
66.0,77.0,4.194444444444445,2.916666666666667,166.0,6.287693700234705,6.513599253391422,6.1000000000000005,13.651234396021964,14.391883981397136,9.996954192534382,10.497623888054944,112.921875,47.61681810728152,28.500621096103206,8.0,12.0,23.0,238.0,576.0,35.14285714285715,983.0,1009.0,89.0,355.0,157.0,32.14791539349092,16.88687112740167,2.3833812914719346,1.917427929720735,1.0
114.0,133.0,6.777777777777779,4.861111111111111,288.0,10.647867045540842,11.105129116855034,10.333333333333336,23.396035182486024,24.67030887673433,17.13697168962116,18.08302082799121,191.6875,82.31189835684553,49.5738832105943,16.0,22.0,40.0,979.0,3081.0,78.46111111111111,4090.0,4242.0,304.0,1514.0,497.0,54.73350281419291,28.34750392009879,2.453846965113654,1.7503235821412226,1.0
94.0,106.0,7.368055555555555,3.7777777777777772,260.0,8.35497382672739,8.591308017391086,7.800000000000002,17.881653265650154,20.291629220293974,14.040595372443844,14.57307689842717,130.25636574074073,69.80389670824498,44.92787578245394,26.0,48.0,36.0,628.0,1990.0,55.894444444444446,2542.0,2560.0,182.0,864.0,312.0,44.386411269618975,21.224099615747033,2.3736541543214225,1.8465569424952355,1.0
68.0,76.0,8.555555555555554,4.027777777777779,174.0,7.488799625043069,7.206684755924204,7.033333333333333,14.231916431223757,15.862644847335446,10.882400458683406,10.857361044936972,115.0625,49.972958272788176,30.436125993857228,14.0,22.0,24.0,441.0,1214.0,45.130952380952394,1524.0,1299.0,166.0,441.0,210.0,36.10648579445578,18.517497043723218,2.32065540003697,4.6047517163413,1.0
134.0,150.0,7.506944444444445,6.083333333333334,334.0,13.15139700539098,13.605129116855034,12.833333333333334,28.301245945029834,29.758249025474356,20.724876253892234,21.61855473392394,222.75,97.03816451667542,57.39456672652162,22.0,34.0,45.0,2179.0,10195.0,95.78144216894216,9212.0,9728.0,488.0,2660.0,766.0,66.22025179365768,34.97842250483887,2.36871590917164,1.3800252922513236,1.0
88.0,106.0,4.666666666666667,3.4444444444444446,228.0,7.75402019542349,8.210701925855117,7.533333333333335,17.57041798447505,18.474366886035767,12.784941202760692,13.705400364762056,148.3125,63.45323677151056,38.85910656847546,12.0,16.0,32.0,408.0,1089.0,49.68095238095238,1758.0,1878.0,124.0,723.0,259.0,40.95124247546807,21.10552991990304,2.489852627192983,1.7048062973958604,1.0
88.0,107.0,6.506944444444445,3.875,240.0,8.108226125916318,8.30277355168092,7.757142857142858,17.331699633029434,18.74023522890088,12.87126279012546,13.526637098057636,147.59699999999998,64.1420530647732,40.05219360105147,18.0,26.0,33.0,458.0,1172.0,54.403571428571425,1834.0,1822.0,190.0,756.0,294.0,41.89264495235204,21.13413871406479,2.510532938985664,2.2036789681884237,1.0
108.0,126.0,5.916666666666667,4.694444444444444,268.0,10.25402019542349,10.710701925855117,10.033333333333335,22.570417984475046,23.474366886035767,16.320475108693433,17.24093427069479,188.3125,77.59537239524153,45.930174380340915,12.0,16.0,37.0,882.0,2780.0,72.70873015873016,3706.0,3867.0,266.0,1385.0,452.0,52.24060178230147,27.545010834223568,2.447633478289314,1.704346993137124,1.0
148.0,198.0,7.965277777777779,4.604166666666666,450.0,10.843824685569807,11.717787857922211,10.278571428571428,25.83379120894634,28.34224206900405,19.213787263312483,21.204786873286007,241.1205787037037,108.25836871007593,72.13762794880073,30.0,54.0,63.0,995.0,2992.0,91.23690476190475,4456.0,4950.0,294.0,1854.0,588.0,64.02578045653864,29.903833303959658,2.775744893163043,1.5107825359658302,1.0
104.0,119.0,8.027777777777779,4.75,266.0,10.007239053047545,10.221444691080755,9.566666666666666,21.1846655249658,22.906290313053063,15.872588041509122,16.497150841934957,167.671875,75.75944608387361,46.324669813855536,20.0,28.0,37.0,962.0,3336.0,69.56554834054835,3882.0,3902.0,286.0,1368.0,450.0,50.94633179028679,26.09246118496346,2.3524576023707593,1.8898493878211717,1.0
96.0,115.0,5.166666666666667,3.9722222222222228,244.0,8.770856947829097,9.224523025319064,8.566666666666666,19.610826190248503,20.43312543371645,14.158714650613907,15.09402395076646,167.703125,68.97005628194046,41.45803842534135,10.0,14.0,34.0,521.0,1332.0,60.411904761904765,2226.0,2366.0,176.0,928.0,329.0,45.4123775845299,23.668755653219435,2.4617906568975387,1.8486314304100566,1.0
202.0,269.0,9.5,6.215277777777777,608.0,14.766587629811111,16.0811290445124,14.130952380952388,35.618890330300786,38.57828810946514,26.122944426954962,29.01725437424968,333.95557407407415,147.3360830920412,97.49071511921973,40.0,70.0,85.0,2039.0,6536.0,147.71190476190475,9264.0,10457.0,578.0,4883.0,1167.0,86.11973626129131,41.259934042596306,2.8244004121304496,1.4199983434595393,1.0
70.0,73.0,5.833333333333334,3.7500000000000004,164.0,7.681540550352057,7.683281572999748,7.400000000000001,15.476851594032947,16.587825972095704,11.6418778982083,11.718647827314378,114.125,50.91913050651241,29.31590280161041,12.0,18.0,22.0,551.0,1993.0,42.470310245310245,2140.0,2066.0,136.0,668.0,234.0,37.13181478638519,19.6312743987004,2.1783666450288264,1.9798875268172789,1.0
126.0,154.0,5.618055555555555,5.055555555555555,328.0,11.29867839416201,11.97531235945503,11.123809523809525,25.607597132738533,26.446054722522796,18.27798603395243,19.625107323452916,226.62362037037036,90.3939227005224,54.332614644359765,14.0,20.0,45.0,1121.0,3689.0,83.81865079365079,4905.0,5351.0,393.0,1661.0,603.0,60.31840674229476,31.57590084659428,2.5994632982589407,1.499862826565347,1.0
88.0,112.0,5.118055555555555,3.1527777777777777,250.0,7.142700968526966,7.580885168455114,6.823809523809524,16.36868648856064,17.700195783280716,12.12371589441903,13.126166516664123,142.98762499999998,64.09732280036431,41.28826157855124,18.0,26.0,35.0,342.0,883.0,45.09642857142857,1465.0,1553.0,125.0,512.0,224.0,40.79331304090809,19.447756228884753,2.6901809445282843,1.7286705204874133,1.0
106.0,126.0,6.277777777777779,4.388888888888888,272.0,9.66470379794645,10.11895021631898,9.366666666666667,21.43644338825948,22.629067424415016,15.682318012728182,16.643217289249428,179.078125,76.51500936829063,46.51596081796784,14.0,20.0,38.0,733.0,2112.0,69.08333333333334,3076.0,3202.0,248.0,1392.0,438.0,50.203236504684064,25.877892515358113,2.4953330598524994,1.791740607118472,1.0
106.0,127.0,5.756944444444445,4.416666666666666,278.0,9.709361996684969,10.158815778527304,9.457142857142859,21.47362253652297,22.600755260902048,15.639828937987184,16.577900599224378,183.21737037037036,76.58563761221365,46.43311970774812,16.0,24.0,38.0,738.0,2146.0,68.90039682539683,3128.0,3303.0,276.0,1118.0,423.0,50.31400867754793,26.42723809296784,2.500295938286974,1.7767005509425295,1.0
106.0,117.0,9.055555555555555,5.916666666666666,252.0,11.633758915185936,11.587290847460174,11.3,23.419049212107964,24.635726675215572,17.068022004399857,17.381891828094464,192.921875,76.4553843651576,43.86567927809494,14.0,18.0,34.0,1685.0,7994.0,77.74985847485847,6462.0,6166.0,334.0,2049.0,546.0,55.857146594270446,29.787726309173486,2.39063638957462,2.2386588935176572,1.0
102.0,117.0,5.055555555555555,4.472222222222221,248.0,9.826499840494924,10.288632535927308,9.666666666666668,21.663984374917153,22.360907799975827,15.584858756805469,16.450027666135764,178.15625,73.15891591176253,42.74545608584812,12.0,14.0,34.0,812.0,2616.0,66.08531746031747,3476.0,3712.0,256.0,1346.0,444.0,49.743098011349176,26.83860015903417,2.3848106546616736,1.5917909277405347,1.0
106.0,125.0,6.277777777777778,4.361111111111111,272.0,9.647867045540842,10.105129116855034,9.333333333333336,21.396035182486028,22.67030887673433,15.722758127248063,16.66880726561812,175.6875,76.6550441073531,46.74545608584812,16.0,22.0,38.0,719.0,2029.0,69.64642857142857,3037.0,3193.0,245.0,1217.0,418.0,50.17434367094423,25.74325657486596,2.4566728475991164,1.8114902098173697,1.0
114.0,135.0,9.13888888888889,5.361111111111112,294.0,11.006437715248111,11.195720144626042,10.566666666666666,23.228495080981507,24.8638468540346,17.12504114580269,17.881717651001164,197.234375,82.59517468202297,50.28646555008754,16.0,24.0,41.0,1138.0,3791.0,81.87460317460318,4434.0,4275.0,318.0,1582.0,514.0,55.86166609745609,28.338489392955605,2.5345341067713596,2.17172475899914,1.0
150.0,193.0,9.965277777777777,5.104166666666665,452.0,11.632499820164618,12.287036980412942,10.892857142857148,26.510073294119987,29.736579636301457,20.250812023656746,21.841336068985523,233.04194907407413,110.54375199586198,73.53207667333675,34.0,66.0,63.0,1265.0,4064.0,101.97348484848484,5364.0,5647.0,362.0,2504.0,698.0,65.30871804249081,31.34156349499124,2.668715643799616,1.6880805787319109,1.0
74.0,85.0,4.694444444444445,3.4722222222222223,182.0,7.308861750289882,7.524342018617059,7.133333333333335,15.667405725159401,16.359705793276678,11.342218069686181,11.875160802854749,130.15625,53.26462156388561,31.380397903856387,10.0,12.0,25.0,388.0,1142.0,42.205555555555556,1574.0,1579.0,114.0,551.0,210.0,36.708358200296544,19.24971808258677,2.415036899105322,1.8007797972367867,1.0
164.0,216.0,11.777777777777777,5.48611111111111,510.0,12.425228591747794,13.066201636632996,11.514285714285718,28.192572190657213,32.121966671224236,21.796260778280633,23.49737357792678,254.6170324074074,121.30569635262006,81.98854241684994,40.0,78.0,71.0,1497.0,4811.0,116.38221500721501,6269.0,6515.0,447.0,2907.0,809.0,70.5971839422703,33.60782601947053,2.722495766763671,1.7780554066827783,1.0
184.0,238.0,11.63888888888889,6.104166666666667,560.0,13.98278311933449,14.847702685539355,13.111904761904764,32.20160602503234,36.08608476282248,24.48137197681409,26.58100686935195,285.86131944444446,135.673146550456,90.75617363926378,44.0,84.0,78.0,2048.0,7240.0,134.87878787878788,8802.0,9401.0,564.0,3959.0,1033.0,79.2360408156453,37.98262370394957,2.7366496316907654,1.5411043996727893,1.0
160.0,207.0,11.076388888888888,5.645833333333332,480.0,12.591224926280434,13.228530623147849,11.811904761904763,28.45940840695732,31.788184059702616,21.603416029211196,23.28943056927236,254.86594907407408,117.690359444544,78.03327268125882,36.0,66.0,67.0,1541.0,5109.0,114.57034632034632,6461.0,6723.0,443.0,2951.0,809.0,70.11402840598439,33.89616068629192,2.697902294214032,1.7305021775535614,1.0
70.0,80.0,4.444444444444445,3.138888888888889,174.0,6.770856947829097,6.999778153927474,6.566666666666666,14.610826190248506,15.433125433716452,10.744501088240812,11.230320645610188,117.53125,50.58527997109021,30.144329926356598,10.0,14.0,24.0,306.0,809.0,38.55476190476191,1268.0,1308.0,102.0,447.0,184.0,34.41124985058103,18.03584961337463,2.3276697956756407,1.8270381918789314,1.0
220.0,281.0,14.861111111111109,7.972222222222221,648.0,17.80805730637297,18.671552599560556,16.780952380952385,39.966411525374504,44.34513155056083,30.300963014883774,32.47139410386743,350.387287037037,161.56338756576272,105.8164413387558,48.0,86.0,90.0,3987.0,16432.0,185.6774225774226,16850.0,17724.0,1020.0,6568.0,1602.0,97.93829719108433,47.94629567419246,2.7338472617068224,1.5354040736217096,1.0
76.0,90.0,2.9444444444444446,3.0555555555555554,188.0,6.932652990377571,7.394205344927391,6.866666666666667,15.838367176906171,16.164965809277263,11.232828269945003,12.072407202906607,134.78125,54.30025432642763,32.03067944372927,8.0,8.0,26.0,298.0,785.0,39.89642857142857,1332.0,1484.0,98.0,483.0,199.0,36.025813700184926,18.854771495042595,2.4305108151801478,1.5865555191169307,1.0
76.0,91.0,2.9444444444444446,3.083333333333333,188.0,6.949489742783179,7.408026444391337,6.9,15.878775382679628,16.123724356957947,11.192388155425121,12.046817226537913,138.171875,54.16021958736513,31.80118417584898,6.0,6.0,26.0,286.0,713.0,40.352380952380955,1274.0,1414.0,102.0,447.0,192.0,36.03640259458348,18.912695556349924,2.450899416153056,1.657530336331192,1.0
124.0,149.0,5.006944444444445,5.111111111111111,316.0,11.383776707420413,12.058382581409708,11.271428571428572,25.703471897291866,26.30701209500059,18.221117082693066,19.52895976159719,223.038625,88.80087542253081,52.63740512685945,14.0,18.0,43.0,1113.0,3650.0,84.42579365079365,4887.0,5353.0,375.0,1766.0,601.0,58.681736392890016,31.64444677889906,2.5292015080441406,1.504757798300911,1.0
162.0,212.0,11.166666666666666,5.611111111111112,498.0,12.54251309055355,13.17383572327726,11.728571428571433,28.356396147641664,31.923522966943523,21.639090735616914,23.338959392129066,258.0430324074074,119.51777208952885,79.95948236392744,38.0,74.0,69.0,1533.0,5074.0,115.20367965367964,6428.0,6689.0,444.0,2954.0,810.0,70.36911582761272,34.229882384145455,2.7107467606525866,1.7387897975280309,1.0
176.0,226.0,12.527777777777777,6.194444444444445,534.0,13.898355138210118,14.543699049587593,12.961904761904766,31.125433810741747,35.19288459808186,23.97919067865891,25.657526135740564,272.7930324074074,130.04023783257603,86.60976390380031,42.0,82.0,74.0,2176.0,8295.0,130.99148351648353,9055.0,9350.0,557.0,3897.0,993.0,77.41113093257371,37.48234716690521,2.711096779988728,1.6566391563860041,1.0
92.0,104.0,8.666666666666668,4.833333333333333,232.0,9.527605765303289,9.481718038460091,9.100000000000001,19.244666410118946,20.83166866591414,14.348984679394848,14.688444479458145,156.296875,67.02977470303063,40.43832029648287,18.0,24.0,32.0,891.0,3187.0,62.53174603174604,3380.0,3182.0,244.0,1114.0,374.0,46.95141591423978,24.317706405826705,2.3816162940243917,2.447971711346702,1.0
158.0,187.0,11.923611111111109,6.5,430.0,14.118735270387266,14.558160735337186,13.33809523809524,30.510450510246997,33.66834075899254,23.257995938702017,24.395319376528445,240.819875,115.93341448343853,73.56853161761961,36.0,56.0,60.0,2512.0,10666.0,118.3269203019203,10079.0,10022.0,575.0,3228.0,907.0,75.91762168275001,36.06362161533444,2.6686528213092418,1.7053671330270697,1.0
196.0,227.0,16.17361111111111,9.652777777777779,504.0,19.614663841164425,19.773748824915373,18.823809523809526,40.56019471401094,43.60408208293547,30.11762427948777,31.08018534983524,334.6595,142.49458705967686,86.09601846401966,34.0,50.0,69.0,5550.0,26495.0,186.5844816131581,21642.0,20998.0,1262.0,7072.0,1710.0,97.94471058473715,50.69131193640995,2.5819850020031674,2.401796034930629,1.0
166.0,188.0,8.638888888888888,7.38888888888889,402.0,16.169836433395453,16.866341299926972,15.86666666666667,35.36837695560775,36.68057414763233,25.593743493158296,26.889441707186897,285.53125,119.30773939937379,69.70506771771187,22.0,26.0,55.0,3994.0,22907.0,126.61712841681882,17164.0,18428.0,696.0,5716.0,1236.0,81.53863986706081,43.54395097625907,2.3604456094121433,1.1319217923552434,1.0
166.0,215.0,11.937499999999998,5.840277777777778,500.0,13.001908528803392,13.636778913611712,12.145238095238097,29.325433810741757,32.94288459808187,22.379472495619037,24.10592715020008,261.6315740740741,122.26685066708549,81.44748624363191,38.0,70.0,70.0,1674.0,5552.0,121.50050505050505,6978.0,7218.0,488.0,3207.0,868.0,72.61798012491448,35.138405682840805,2.7072617665945833,1.7658034499316226,1.0
198.0,250.0,15.361111111111109,6.923611111111111,602.0,15.569075441865149,16.226247499431146,14.36428571428572,34.618189388668185,39.8179086619228,27.14664929345453,28.886331375078,293.94168518518524,146.9963556268172,98.70331905896879,50.0,102.0,84.0,3162.0,13462.0,154.83199023199023,13042.0,13352.0,744.0,5331.0,1264.0,87.15788745642901,41.43175658606418,2.707510906066361,1.619660291749247,1.0
124.0,149.0,5.979166666666667,4.652777777777778,332.0,10.64557838847755,11.329873988246623,10.333333333333336,24.312615602550068,25.77226758915564,17.784217493923236,19.118297008401292,203.30787037037038,89.92130525166114,55.82464821359966,20.0,34.0,46.0,951.0,2915.0,80.54007936507938,4174.0,4564.0,308.0,1759.0,546.0,56.809522997624505,29.04512504792908,2.5045454315294777,1.5459554903446973,1.0
46.0,52.0,4.784722222222222,1.875,138.0,4.021673934958928,4.02228074097288,3.619047619047619,8.203990859101541,9.942286398099142,6.838968318538424,6.9488477442367556,57.31474074074074,34.85955635296362,23.47603286813174,16.0,34.0,19.0,79.0,141.0,20.083333333333332,288.0,256.0,34.0,95.0,58.0,21.723803713561914,9.831103969489263,2.382201714466569,2.583386884981833,1.0
94.0,113.0,7.888888888888888,3.9444444444444455,254.0,8.430428110326542,8.646592415246873,7.933333333333333,18.11533601115972,20.010686134914145,13.80828683935231,14.470716992952399,147.984375,68.7512101221936,43.571688907968685,16.0,28.0,36.0,581.0,1708.0,57.792460317460325,2293.0,2236.0,181.0,842.0,309.0,44.44244501601066,22.35979661075215,2.5146625764891555,2.0618759253812646,1.0
54.0,58.0,4.833333333333334,2.7777777777777777,132.0,5.698377302757663,5.697102672463695,5.433333333333334,11.5172597998064,12.546584519776385,8.773010658942226,8.864630726199493,85.515625,39.46538726846514,23.429553284237734,10.0,16.0,18.0,212.0,542.0,29.169047619047618,810.0,766.0,74.0,293.0,126.0,28.023533262853974,14.565903310504032,2.2116102388780647,2.195417899477187,1.0
54.0,64.0,3.4444444444444446,2.138888888888889,142.0,4.770856947829096,4.999778153927474,4.566666666666666,10.610826190248504,11.43312543371645,7.91607396349462,8.401893520863995,85.53125,39.27157147210545,24.487475676864214,10.0,14.0,20.0,106.0,205.0,24.31666666666666,441.0,453.0,39.0,150.0,79.0,25.38834581815595,12.814378079080788,2.426094861404534,2.0510189607102807,1.0
90.0,96.0,7.534722222222222,4.708333333333334,226.0,9.555460653201074,9.538163118081005,9.166666666666666,19.222470562350214,20.88452466851642,14.519833845811203,14.677997951232248,145.12037037037038,65.97818601302461,39.159026951862145,18.0,34.0,30.0,1067.0,4721.0,58.45675435675436,4088.0,3893.0,210.0,1152.0,355.0,46.7957595766312,24.24166924241122,2.370631525983715,2.049223200521942,1.0
108.0,123.0,7.756944444444445,4.958333333333333,280.0,10.52069250059882,10.741886000481982,10.104761904761906,22.17894316994985,23.93983281219887,16.627324875474734,17.188859818555198,176.14337037037035,78.77677761208601,47.75377811495274,20.0,34.0,38.0,1049.0,3541.0,75.24563492063493,4202.0,4183.0,348.0,1391.0,494.0,53.24727304517264,27.849818694935603,2.4460496789349806,2.0204462401164234,1.0
202.0,269.0,9.5,6.215277777777778,608.0,14.76658762981111,16.0811290445124,14.130952380952387,35.618890330300786,38.57828810946514,26.12294442695496,29.017254374249674,333.95557407407415,147.3360830920412,97.49071511921973,40.0,70.0,85.0,2039.0,6536.0,147.71190476190478,9264.0,10457.0,578.0,4883.0,1167.0,86.11973626129134,41.25993404259631,2.8244004121304505,1.4199983434595393,1.0
116.0,140.0,7.388888888888888,5.0,300.0,10.651397005390978,11.076326236162013,10.333333333333336,23.415627861865712,24.63692868191472,16.946701660840215,18.042287403479726,203.09375,83.62175665167668,50.98809677296741,16.0,20.0,42.0,1041.0,3592.0,77.47546897546897,4349.0,4519.0,267.0,1582.0,499.0,55.0922802855338,28.858641180724124,2.497888252790618,1.6463547804604743,1.0
102.0,129.0,4.118055555555555,3.541666666666666,280.0,8.288641693029941,8.966630871873573,8.104761904761906,19.580866958596538,20.475731197061112,14.056514789131914,15.395708874219087,176.19024537037035,73.53258531870014,45.996418802072,14.0,22.0,39.0,428.0,1042.0,57.79523809523809,1944.0,2198.0,138.0,881.0,309.0,45.24175761035814,23.23060232892652,2.6147620805194807,1.6949307827199307,1.0
176.0,222.0,12.076388888888888,6.645833333333332,512.0,14.587006842061795,15.21984913556639,13.792857142857144,32.421308575295086,35.80384197055965,24.44392388791931,26.131099931903986,282.0465787037037,129.15908476333246,83.99491741325087,38.0,68.0,71.0,2328.0,8698.0,137.19706404706403,9682.0,9996.0,618.0,4528.0,1092.0,79.12711954946057,38.73203067976962,2.6625710142955192,1.6887858003006266,1.0
148.0,175.0,7.999999999999999,6.277777777777779,374.0,13.67336639324559,14.337538419233951,13.366666666666669,30.387969634987442,31.64719395281272,21.867939558444622,23.313174376742676,256.9375,106.47546207047402,64.0482134682195,22.0,24.0,52.0,2333.0,11160.0,105.31459928959929,10061.0,10824.0,429.0,3601.0,857.0,70.48769131619365,37.25698720535658,2.486992101930291,1.2301987705529924,1.0
130.0,156.0,6.840277777777777,4.819444444444442,352.0,11.038443804234793,11.719161567364052,10.619047619047622,25.113185111409354,26.96575599395392,18.610896038735252,19.972731304180947,203.339625,94.7144320388216,59.70447173033141,28.0,40.0,49.0,1290.0,5123.0,81.53802308802308,5704.0,6276.0,332.0,2206.0,620.0,59.23782153512022,29.719175363128443,2.5516128194414422,1.265823490443786,1.0
148.0,180.0,7.479166666666666,6.361111111111112,380.0,13.763222117191253,14.416806002189938,13.542857142857144,30.54556258805563,31.483640582242682,21.742821674729683,23.194522167299382,270.061625,106.07160297659178,63.23215628995003,18.0,20.0,52.0,1843.0,6527.0,113.3838023088023,7878.0,8396.0,602.0,2617.0,876.0,70.56583966403173,37.69320516752013,2.6062390351866447,1.5888011313133543,1.0
140.0,180.0,8.402777777777777,5.215277777777778,402.0,11.464492489229897,12.094056863237604,10.98809523809524,26.043745726720203,28.069014413258216,19.089867396909465,20.708011116462377,237.29383333333334,101.89886461733676,65.62153720215454,26.0,42.0,56.0,1062.0,3015.0,97.27182539682539,4496.0,4719.0,364.0,2392.0,666.0,62.27681418048966,31.4682439906486,2.6868880193866045,1.8050165363402357,1.0
106.0,123.0,5.305555555555555,4.833333333333334,256.0,10.381341395361316,10.827017500080839,10.266666666666667,22.760972115601508,23.24624670721674,16.142135623730955,17.069277847011627,194.171875,75.69822276549542,43.75202879546761,10.0,10.0,35.0,931.0,3076.0,70.63690476190476,3948.0,4168.0,278.0,1388.0,464.0,52.12541168058195,28.073654238661117,2.397363870636551,1.5942531458122307,1.0
196.0,232.0,11.03472222222222,7.666666666666667,518.0,17.2918449013236,18.218939721291527,16.68571428571429,38.75812027421854,41.440937118714174,28.675556470799986,30.495945168604575,320.0288611111111,142.33391052571918,87.96747324266823,32.0,54.0,72.0,4564.0,24892.0,152.43314430667374,19794.0,21424.0,858.0,7503.0,1524.0,91.24387188218829,46.75871941220865,2.5018102385762346,1.1144105527825237,1.0
98.0,110.0,7.166666666666667,4.472222222222221,246.0,9.558550648063802,9.788632535927308,9.166666666666668,20.26206058627047,21.825009415113584,15.205921374842454,15.742920884949216,156.28125,71.33204039328291,43.08860183635575,18.0,26.0,34.0,962.0,3767.0,61.67215007215009,3952.0,4051.0,220.0,1032.0,368.0,48.602155917350395,24.904335057029428,2.294316530415991,1.6078058773408639,1.0
106.0,125.0,8.638888888888888,4.749999999999999,278.0,9.951596160381719,10.157335180472511,9.466666666666669,21.131507340297155,22.978507946793687,15.860657497690656,16.55536068893875,173.21875,77.22744070354388,47.86567927809495,18.0,28.0,39.0,866.0,2639.0,72.22698412698414,3423.0,3357.0,297.0,1131.0,429.0,51.275850242355105,26.134457596603365,2.446603052260507,2.1435300319127184,1.0
66.0,76.0,4.194444444444445,2.888888888888889,166.0,6.270856947829097,6.499778153927474,6.066666666666666,13.610826190248504,14.433125433716452,10.037394307054264,10.523213864423639,109.53125,47.756852846344024,28.7301163639835,10.0,14.0,23.0,239.0,580.0,35.05952380952382,987.0,1013.0,87.0,357.0,157.0,32.138079756136165,16.730549104143858,2.376697989073282,1.910317827756064,1.0
70.0,81.0,4.444444444444445,3.1666666666666665,174.0,6.787693700234704,7.013599253391422,6.6000000000000005,14.651234396021964,15.391883981397136,10.70406097372093,11.204730669241494,120.921875,50.44524523202771,29.914834658476302,8.0,12.0,24.0,298.0,765.0,38.911904761904765,1232.0,1268.0,110.0,420.0,184.0,34.42417885563357,18.32456258683887,2.359417372042091,1.8861127310657997,1.0
114.0,135.0,6.777777777777779,5.027777777777778,288.0,10.723876650462412,11.154256846234201,10.466666666666667,23.509194252307815,24.52346959585478,16.9181920901388,17.958487580107242,200.9375,82.01372729294393,49.217592040847705,16.0,18.0,40.0,1016.0,3338.0,77.40476190476193,4226.0,4360.0,298.0,1827.0,528.0,54.771533498066745,28.68480263932578,2.4854010966931988,1.6947687061762642,1.0
142.0,167.0,9.95138888888889,5.916666666666667,382.0,12.820498984116742,13.262686143400071,12.233333333333334,27.844666410118947,30.33166866591414,20.909462611709912,21.993847308946677,227.20949074074076,103.78975246960815,64.90501124055056,26.0,48.0,53.0,1723.0,6233.0,106.00735930735931,7053.0,7174.0,465.0,2608.0,761.0,67.02404426116927,34.121265504382826,2.47959909555533,1.795129754662045,1.0
154.0,183.0,6.5,6.027777777777777,388.0,13.759152830872496,14.6828378808547,13.533333333333339,31.50235155182331,32.525873609253075,22.57504633963117,24.27979418192307,264.9375,110.48860748971306,66.29085415533879,20.0,22.0,54.0,2375.0,11620.0,105.79636058386058,10687.0,12008.0,433.0,3752.0,897.0,72.06871166948112,37.78602924001665,2.437090869925064,1.0564791595713883,1.0
84.0,99.0,3.444444444444444,3.583333333333333,204.0,7.949489742783179,8.408026444391338,7.9,17.878775382679628,18.123724356957947,12.606601717798217,13.461030788911007,154.171875,59.8170738368575,34.629611300595165,6.0,6.0,28.0,412.0,1096.0,49.07261904761906,1806.0,1974.0,146.0,819.0,286.0,40.422674255506664,22.084432474810583,2.4129469902988387,1.667945655666291,1.0
96.0,109.0,8.395833333333334,5.208333333333333,246.0,10.112850733557494,10.042605589659027,9.752380952380951,20.314003293262566,21.734029795037458,14.897022647840037,15.26886244607987,169.199,69.90395198714513,41.81592791033312,20.0,28.0,33.0,984.0,3483.0,67.82907647907649,3729.0,3507.0,291.0,1198.0,414.0,49.260743568351316,26.321842865297032,2.4048288085955147,2.594142859329974,1.0
154.0,179.0,10.25,7.277777777777779,384.0,15.087579955618686,15.492238957613205,14.700000000000001,32.27358771815157,33.768514296372366,23.282153120817714,24.467874915121932,272.9375,110.94759802547362,66.04821346821953,24.0,26.0,53.0,3236.0,17194.0,118.06662447030095,13411.0,13863.0,577.0,4728.0,1038.0,75.73218150662942,40.40879470425035,2.3776382644397334,1.3792500086499357,1.0
78.0,89.0,4.944444444444445,3.7222222222222223,190.0,7.808861750289882,8.024342018617059,7.633333333333335,16.6674057251594,17.35970579327668,12.049324850872729,12.582267584041297,138.15625,56.0930486886318,32.79461146622948,10.0,12.0,26.0,460.0,1346.0,45.64563492063492,1878.0,1904.0,158.0,577.0,246.0,40.27323633733032,20.750309113988607,2.3871384474168824,1.8093736009036823,1.0
110.0,128.0,6.527777777777777,4.583333333333333,280.0,10.131030293135236,10.591308017391087,9.800000000000002,22.355626976712568,23.711550329053644,16.47030502295449,17.40150402317336,180.296875,79.62350597116183,48.38916491610151,18.0,24.0,39.0,1012.0,3845.0,70.11523476523476,4301.0,4557.0,227.0,1762.0,488.0,52.4593710659472,27.19006556531118,2.38623137781998,1.4639247361102186,1.0
106.0,129.0,8.63888888888889,5.027777777777778,278.0,10.082447320169681,10.244847874005211,9.7,21.341654150803297,22.71700757315505,15.492047983947241,16.342970840744098,190.484375,76.64014936862901,47.101747255594745,16.0,20.0,39.0,867.0,2657.0,72.2968253968254,3386.0,3264.0,290.0,1068.0,422.0,51.42884957693053,26.43593711110538,2.5471195968999103,2.170442584436625,1.0
148.0,188.0,9.874999999999998,5.13888888888889,434.0,11.6812116558915,12.34173188028353,10.976190476190478,26.613085553435635,29.601240729060546,20.21513731725102,21.791807246128812,229.86486574074075,108.7163393508771,71.60586699066816,32.0,58.0,61.0,1261.0,4010.0,101.62665945165945,5342.0,5619.0,364.0,2512.0,698.0,65.05068439669562,31.256327501938515,2.6488067815517184,1.694693363743996,1.0
108.0,128.0,6.368055555555555,4.319444444444444,290.0,9.588954061451613,10.035879994364302,9.21904761904762,21.234409728729734,22.842031636995983,15.78246891398906,16.739364851105154,171.339625,78.73797863553001,49.11649099007887,22.0,34.0,40.0,782.0,2445.0,67.76587301587301,3304.0,3475.0,246.0,1223.0,423.0,50.51669891559102,25.52646831705537,2.5039066937114685,1.6644479892808228,1.0
136.0,163.0,9.090277777777777,5.819444444444444,362.0,12.469380905582563,12.899443027027019,12.004761904761907,27.101548108645183,29.021113710138344,20.00109832332794,21.09968629951065,229.70587037037035,98.76053248878073,60.889341029064155,22.0,36.0,50.0,1923.0,8955.0,94.20326756576756,7939.0,8125.0,373.0,2536.0,680.0,64.77251353669746,32.994959077153645,2.6266789738421417,1.4428892110112412,1.0
122.0,149.0,5.888888888888889,4.777777777777778,314.0,10.75402019542349,11.435446797246708,10.533333333333335,24.570417984475043,25.474366886035764,17.61336832750688,18.98331723229142,214.484375,87.49486733185319,53.001242192206405,12.0,16.0,44.0,873.0,2442.0,83.44880952380953,3824.0,4172.0,258.0,1643.0,514.0,56.48391691614589,29.67347942070382,2.517409140322554,1.6821989650122804,1.0
108.0,125.0,8.277777777777779,5.111111111111111,274.0,10.562080607913938,10.759829655234286,10.166666666666668,22.281653265650153,23.79162922029397,16.42986490843461,17.116401022810823,183.6875,78.2987529376065,47.33124252347503,18.0,24.0,38.0,1121.0,4096.0,73.65126262626265,4494.0,4484.0,298.0,1437.0,472.0,53.330770029029864,27.90829315140443,2.372951505341627,1.8629355006688848,1.0
102.0,123.0,8.388888888888888,4.611111111111112,270.0,9.506437715248111,9.695720144626042,9.066666666666666,20.228495080981507,21.8638468540346,15.003720802243048,15.760397307441522,173.234375,74.1098933077844,46.043824862968265,16.0,24.0,38.0,809.0,2648.0,66.41626984126984,3193.0,3118.0,233.0,1118.0,385.0,49.02104546731542,25.299085016902765,2.5150405578824775,1.9980955367531825,1.0
104.0,122.0,5.666666666666667,4.5,260.0,9.775188245478668,10.221444691080753,9.566666666666668,21.586589313612482,22.442188697915306,15.544418642285587,16.49715084193495,181.546875,74.75789447760704,44.56731050097481,14.0,16.0,36.0,766.0,2317.0,67.76626984126985,3226.0,3378.0,242.0,1419.0,442.0,49.9784310097327,26.482775132981107,2.455084672241163,1.7124592958849543,1.0
106.0,129.0,6.277777777777779,4.527777777777779,272.0,9.736382105218448,10.171156279936458,9.5,21.5738393347173,22.473164879336615,15.49204798394724,16.529770712570055,190.484375,76.08585435821479,45.87882469733394,10.0,14.0,38.0,685.0,1829.0,71.01666666666668,2870.0,2988.0,218.0,1196.0,409.0,50.2154285789032,26.62780002080045,2.499756481683921,1.9109488566480703,1.0
90.0,102.0,5.694444444444445,4.555555555555555,214.0,9.346866552750667,9.548905883306642,9.200000000000001,19.723985260070297,20.286286152836908,14.061255394691194,14.641321303658955,166.78125,64.42924453091959,36.859106568475454,10.0,10.0,29.0,784.0,2807.0,58.53542568542568,3146.0,3130.0,188.0,1230.0,366.0,45.74908993380677,24.61655623335389,2.3993744289076604,1.7682426855545295,1.0
6.0,4.0,2.25,1.0,10.0,1.414213562373095,1.1547005383792517,1.3333333333333333,1.885618083164127,2.1213203435596424,1.4142135623730951,1.1547005383792517,16.0,4.47213595499958,2.0,2.0,2.0,1.0,4.0,5.0,2.5,10.0,6.0,2.0,4.0,2.0,5.356367113217142,2.8284271247461903,1.4142135623730951,1.6329931618554523,1.0
2.0,1.0,2.0,1.0,2.0,1.0,0.7071067811865475,1.0,1.0,1.0,0.0,0.0,0.0,1.4142135623730951,0.0,0.0,0.0,0.0,1.0,1.0,1.0,2.0,1.0,0.0,1.0,0.0,3.0861612696304874,2.0,1.0,1.0,1.0
64.0,78.0,6.395833333333334,3.111111111111111,182.0,6.080551334579205,6.029801546789212,5.704761904761905,12.308390809129687,13.768709696740046,9.356898326491486,9.672119253848622,105.163625,47.185411208297324,30.250434513383606,16.0,26.0,25.0,216.0,459.0,35.75000000000001,791.0,711.0,99.0,328.0,150.0,31.03669578096402,15.822503498528045,2.4589011034839463,2.8601629484661673,1.0
74.0,86.0,4.173611111111111,3.5416666666666665,188.0,7.372938668488908,7.574486804590359,7.252380952380952,15.720571279165583,16.294245110520443,11.25209894216612,11.785148635863218,133.824,53.31942251614223,31.292442272326568,10.0,16.0,25.0,346.0,875.0,43.65238095238095,1414.0,1436.0,144.0,562.0,228.0,36.65065301014532,19.731697111942236,2.415065795296559,2.0133440312253397,1.0
112.0,134.0,6.618055555555555,4.652777777777778,298.0,10.131176948131037,10.569125346635346,9.804761904761907,22.32908909530285,23.75295408569916,16.368105161472496,17.37096277046426,188.78399537037035,81.26230340852172,50.04776848507899,20.0,30.0,41.0,838.0,2498.0,74.39960317460319,3499.0,3631.0,283.0,1538.0,486.0,52.72706642485754,27.302606296937768,2.527160610014909,1.8088700052784084,1.0
56.0,64.0,5.444444444444445,2.833333333333334,144.0,5.663902460147015,5.643735927081089,5.366666666666666,11.480272944275193,12.586623965396551,8.692130429902464,8.886163925629994,92.296875,40.924331095247126,25.021912431484132,10.0,16.0,20.0,190.0,425.0,30.300000000000004,706.0,645.0,80.0,209.0,115.0,28.35266877065216,14.266661050803062,2.342356173250767,2.5229596509432177,1.0
146.0,179.0,8.8125,5.625,400.0,12.441020132781029,13.098606977134894,11.952380952380956,28.021542509613937,30.11511346487611,20.629073455408907,22.16270802297029,242.28349074074077,106.166052899389,67.04991607872606,26.0,42.0,56.0,1574.0,5748.0,101.93593073593073,6733.0,7130.0,399.0,2792.0,747.0,66.62002397118194,33.23974513381134,2.561749326867245,1.4909611224328263,1.0
140.0,158.0,7.916666666666666,6.750000000000001,332.0,14.275188245478668,14.721444691080755,14.066666666666668,30.58658931361248,31.442188697915306,21.908379672964504,22.861111872613872,253.546875,100.21373860032276,57.29523256233264,14.0,16.0,45.0,2696.0,13797.0,106.30737995664467,11141.0,11457.0,525.0,3842.0,912.0,70.49281657986289,38.07604713715911,2.4111209065344603,1.4059802430116073,1.0
132.0,154.0,8.38888888888889,5.944444444444445,332.0,12.617723500579766,13.04868403723412,12.26666666666667,27.334811450318796,28.71941158655335,19.85600901462616,20.921894480963296,228.3125,95.21553462878649,57.103941558220384,20.0,24.0,46.0,2011.0,9654.0,91.76519869019869,8432.0,8817.0,366.0,2849.0,711.0,64.19155668483562,33.59903664565756,2.408032287754088,1.3402181987410857,1.0
190.0,254.0,10.13888888888889,6.256944444444445,574.0,14.271604908925106,15.330659626666101,13.630952380952383,33.651350228796275,36.52182608676541,24.659202041725152,27.245224659346164,318.96020370370377,138.66125395723535,91.70872086938897,38.0,66.0,80.0,1845.0,5731.0,141.12539682539682,8089.0,8778.0,539.0,4334.0,1065.0,80.75309937020381,39.43185043102866,2.8235097091301493,1.5634297475914092,1.0
100.0,119.0,4.895833333333334,4.319444444444445,258.0,9.339265163677693,9.771589477054054,9.185714285714287,20.639754867618667,21.376728015159078,14.747192733578977,15.70003189375688,177.214625,71.98426830511744,43.06514130707189,14.0,20.0,35.0,691.0,2152.0,62.426587301587304,2958.0,3156.0,222.0,1060.0,382.0,47.815892767846336,25.685545468674885,2.4782535903173732,1.630444872787258,1.0
112.0,125.0,8.527777777777777,5.138888888888889,282.0,10.952397498181154,11.183059726927224,10.466666666666669,23.087677784281443,25.02095140581215,17.436631518143273,17.99922100461873,175.65625,81.7054206043793,49.56073779135532,22.0,32.0,39.0,1328.0,5180.0,76.5613997113997,5322.0,5291.0,328.0,1619.0,514.0,55.57401042269585,28.273068694355523,2.4181127755174265,1.7890219264741083,1.0
110.0,131.0,6.527777777777779,4.666666666666667,280.0,10.181540550352057,10.632771315782927,9.900000000000002,22.476851594032944,23.5878259720957,16.348984679394846,17.32473409406728,190.46875,79.20340175397429,47.70067911246062,12.0,18.0,39.0,888.0,2853.0,72.92301587301588,3711.0,3845.0,253.0,1640.0,484.0,52.49337808484702,27.496529778205144,2.511508943382914,1.7048798690397078,1.0
108.0,131.0,6.888888888888888,4.472222222222221,284.0,9.634560252985372,10.062505136698066,9.300000000000004,21.375219656092256,22.678170134234033,15.572928212987003,16.653663817475323,183.703125,78.10493714124682,48.38916491610151,18.0,22.0,40.0,785.0,2501.0,68.00833333333333,3285.0,3412.0,197.0,1152.0,392.0,50.60821865057609,25.906331861156605,2.5015183869698534,1.6738914824160185,1.0
70.0,80.0,4.444444444444445,3.138888888888889,174.0,6.770856947829097,6.999778153927474,6.566666666666667,14.610826190248506,15.43312543371645,10.744501088240812,11.230320645610188,117.53125,50.585279971090216,30.144329926356598,10.0,14.0,24.0,306.0,813.0,38.596428571428575,1266.0,1304.0,106.0,436.0,184.0,34.41388759732074,18.298515875750887,2.3429230827771694,1.8355847648834018,1.0
142.0,167.0,11.340277777777777,6.763888888888888,372.0,13.861444983540373,14.038261188298147,13.290476190476191,28.94594717352018,31.172158655918178,21.494443534806617,22.30341122394644,241.12824999999998,103.31832006222506,63.07410603253557,26.0,38.0,51.0,2224.0,8949.0,113.33794816294817,8762.0,8578.0,584.0,2990.0,858.0,69.91855423133387,35.92214915699123,2.547190466585474,2.1471436832178035,1.0
76.0,81.0,6.694444444444445,3.9444444444444446,184.0,8.092224152875016,8.091529863463611,7.733333333333333,16.342876997817385,17.742526510474956,12.417934364616144,12.535144408242106,120.890625,55.49562172905388,32.7301163639835,14.0,22.0,25.0,564.0,1753.0,48.5,2147.0,2027.0,185.0,690.0,266.0,39.63501552244187,20.503327297350943,2.266225762158276,2.38177485194943,1.0
116.0,133.0,6.416666666666666,5.222222222222221,284.0,11.25835149307306,11.707623591616809,11.033333333333335,24.546181107839026,25.48343015023462,17.70617910036511,18.644061161863288,202.15625,83.38321059090809,49.039446455974385,16.0,18.0,39.0,1292.0,5012.0,78.89185814185815,5455.0,5743.0,337.0,2020.0,582.0,56.80476717646423,30.46322742858868,2.374890790049914,1.4847731717309636,1.0
134.0,151.0,8.027777777777779,6.055555555555555,328.0,13.114193540729628,13.577486917927141,12.76666666666667,28.315218770939108,29.752791781372956,20.753385824593646,21.66973468666133,224.90625,96.73410345870145,57.10394155822037,20.0,26.0,45.0,2366.0,12401.0,94.2496057863705,10005.0,10567.0,407.0,3398.0,794.0,66.12495693812764,34.89024258233832,2.304402452120979,1.2650631203597196,1.0
134.0,155.0,8.027777777777779,6.222222222222221,328.0,13.202708600407233,13.643514081008565,12.933333333333334,28.49302292317038,29.555647783975243,20.522675681292824,21.530698133613264,239.703125,96.16491370956312,56.23731016970618,14.0,18.0,45.0,2098.0,9498.0,98.07831057831058,8837.0,9291.0,473.0,2934.0,794.0,66.16660319464341,35.36792158789003,2.3776998310716215,1.424997131488069,1.0
86.0,104.0,4.055555555555555,3.6111111111111107,216.0,7.898178147766923,8.340838599544785,7.800000000000002,17.801380321374964,18.205005254897426,12.566161603278337,13.5081539647102,157.5625,61.41605240270199,36.45146571572185,8.0,8.0,30.0,412.0,1093.0,49.07976190476191,1773.0,1894.0,153.0,654.0,264.0,40.85382777493914,21.570000789243764,2.519681732243375,1.7051024320973884,1.0
102.0,117.0,7.416666666666666,4.861111111111111,254.0,10.1302289553358,10.340838599544787,9.8,21.399456532728276,22.66910687003518,15.722758127248063,16.336581089456395,175.6875,73.73131250795332,43.865679278094944,14.0,20.0,35.0,902.0,2852.0,70.58452380952382,3598.0,3566.0,308.0,1282.0,450.0,50.74448661727567,26.663461302555874,2.40764123519196,2.0542295552774394,1.0
110.0,132.0,4.166666666666667,4.361111111111111,274.0,9.915816237971965,10.605129116855034,9.833333333333336,22.797958971132715,23.206207261596575,16.101695509211076,17.37591404680466,197.5625,78.48191962583273,46.4023103353405,10.0,10.0,38.0,792.0,2547.0,68.31785714285715,3555.0,3979.0,217.0,1363.0,440.0,51.59249465924777,27.435256537783772,2.5039294907221676,1.4183888146808379,1.0
84.0,103.0,6.256944444444445,3.611111111111111,232.0,7.602407509002887,7.80277355168092,7.257142857142858,16.34306929054966,17.754253792582148,12.173244717275743,12.819530316871088,141.98299537037036,61.26783448687819,38.482275088129484,16.0,26.0,32.0,389.0,964.0,49.65238095238095,1556.0,1542.0,162.0,543.0,244.0,39.70660325246821,20.11397735867025,2.5361662263201765,2.185706092496466,1.0
74.0,83.0,4.694444444444445,3.3611111111111107,182.0,7.2540201954234895,7.485957054463528,7.033333333333334,15.570417984475048,16.474366886035767,11.49204798394724,11.963017403165425,122.140625,53.55374183489891,31.788038756609986,12.0,16.0,25.0,407.0,1255.0,41.457936507936516,1691.0,1751.0,109.0,576.0,213.0,36.68030984980068,19.35640100683789,2.2862349352243485,1.6613371183965828,1.0
70.0,80.0,4.444444444444445,3.138888888888889,174.0,6.770856947829098,6.999778153927475,6.566666666666667,14.610826190248508,15.433125433716452,10.744501088240812,11.230320645610187,117.53125,50.58527997109021,30.144329926356594,10.0,14.0,24.0,298.0,771.0,39.003571428571426,1230.0,1263.0,106.0,522.0,198.0,34.32986441495077,17.88634809835214,2.348925527154546,1.8883964725319882,1.0
90.0,101.0,6.666666666666667,3.944444444444444,230.0,8.541713895658194,8.774811436463361,8.133333333333335,18.22165238049701,19.866250867432896,13.83214792698924,14.354297298944813,136.890625,65.81522088285304,40.48966997948986,20.0,28.0,32.0,667.0,2255.0,54.429365079365084,2724.0,2772.0,182.0,867.0,312.0,43.9520362310148,21.806777653333103,2.3352541002939247,1.7256749061570131,1.0
74.0,85.0,4.694444444444445,3.472222222222222,182.0,7.308861750289882,7.52434201861706,7.133333333333335,15.667405725159403,16.359705793276678,11.342218069686181,11.875160802854746,130.15625,53.26462156388561,31.380397903856384,10.0,12.0,25.0,375.0,1055.0,42.583730158730155,1527.0,1543.0,121.0,529.0,213.0,36.7073673539719,19.356192939483233,2.3891754894220263,1.8573461620325296,1.0
76.0,83.0,7.597222222222222,3.083333333333333,228.0,6.706125346826439,6.719383413436576,6.052380952380954,13.66057039401244,16.61886675765937,11.448975073710205,11.57083778331696,93.05085185185183,57.80113704960418,38.702805630546095,26.0,62.0,31.0,366.0,998.0,42.59642857142857,1375.0,1277.0,133.0,498.0,204.0,35.949707681774065,16.453964237128865,2.378117402810431,2.536464393805413,1.0
104.0,123.0,5.666666666666667,4.527777777777777,260.0,9.792024997884274,10.235265790544702,9.600000000000001,21.62699751938594,22.400947245595994,15.503978527765707,16.47156086556626,184.9375,74.61785973854452,44.33781523309452,12.0,14.0,36.0,805.0,2610.0,66.84444444444443,3418.0,3615.0,244.0,1224.0,423.0,50.07498096327255,26.728139495984923,2.4449528541688363,1.6160603503026194,1.0
142.0,164.0,7.138888888888889,5.888888888888888,354.0,13.169836433395455,13.866341299926974,12.866666666666669,29.368376955607754,30.680574147632335,21.351102806039016,22.646801020067617,237.53125,102.33717665089665,61.21978634347332,22.0,26.0,49.0,2275.0,11500.0,96.98092267209914,9988.0,10945.0,386.0,3486.0,814.0,67.9468248132087,35.72026769055319,2.3803368352587655,1.1227557930306096,1.0
72.0,78.0,6.895833333333333,3.263888888888889,198.0,6.899665467030782,6.908026444391338,6.400000000000001,14.014247540490757,16.1819234270173,11.221256956034484,11.339710445351367,100.6423611111111,53.78165185180462,34.1841900916525,18.0,42.0,27.0,390.0,1129.0,41.320238095238096,1481.0,1393.0,131.0,506.0,204.0,35.51229870726513,17.46894862659559,2.3004549644366845,2.3470072163086884,1.0
102.0,115.0,10.229166666666664,4.666666666666666,282.0,9.662921025786906,9.652195568590024,8.952380952380954,19.655225255123504,22.58417037949628,15.580627571297601,15.86060164623544,148.6069861111111,75.87813073412447,48.57173561694727,26.0,52.0,39.0,1002.0,3662.0,68.16132756132757,3789.0,3555.0,263.0,1296.0,414.0,49.86933162428773,24.809959147634043,2.3654947855266615,2.5260700310812196,1.0
142.0,168.0,9.951388888888886,5.972222222222222,382.0,12.845885118390559,13.282110396207166,12.285714285714285,27.898937570918598,30.283832566936624,20.828432192526673,21.94392842348793,233.2632361111111,103.6256848569162,64.65157044105787,26.0,46.0,53.0,1766.0,6526.0,104.80775613275614,7201.0,7285.0,493.0,2926.0,788.0,67.05295556511759,34.09217508319701,2.5175584118829897,1.7591390080167326,1.0
198.0,257.0,12.999999999999998,6.777777777777778,596.0,15.39737370385001,16.263304309096693,14.447619047619053,35.100386121590056,39.190431012181584,26.69647942372974,28.82647039819352,311.621662037037,145.67318784423654,96.74537352689035,46.0,82.0,83.0,2708.0,10382.0,153.38996836496835,11499.0,12128.0,719.0,4886.0,1237.0,86.32874319026728,41.58421259827199,2.7504793714237508,1.5307012541940017,1.0
100.0,111.0,9.618055555555555,4.722222222222222,270.0,9.752237423263947,9.74394727812616,9.11904761904762,19.78919985133907,22.429469841117026,15.511677886076306,15.751211846494257,149.84136111111115,74.13006663632915,46.57173561694728,24.0,48.0,37.0,942.0,3120.0,68.77619047619046,3541.0,3299.0,287.0,1192.0,414.0,49.64711096352507,24.395306812147542,2.3804560728953432,2.711294287852412,1.0
150.0,173.0,10.451388888888886,6.333333333333334,398.0,13.774206811118558,14.22990433258969,13.152380952380955,29.761541624460786,32.43973511201502,22.43291578368071,23.471588562540386,237.8569861111111,109.7116941164844,68.11713368643794,30.0,52.0,55.0,2491.0,11467.0,109.84479409479408,10318.0,10654.0,550.0,3272.0,882.0,71.66353400815366,36.56361170174532,2.403968473909406,1.490715406437025,1.0
198.0,260.0,13.451388888888888,6.472222222222222,618.0,14.765475189785596,15.61818585417795,13.714285714285719,33.85737474742757,38.50114827228359,26.04799017373674,28.250286616178663,305.0030277777778,146.54431627386893,99.36172491472777,50.0,98.0,86.0,2351.0,8275.0,150.6525974025974,9992.0,10551.0,666.0,4537.0,1169.0,84.51072898077328,40.20326872538581,2.762829213246188,1.6093440696775003,1.0
162.0,212.0,11.166666666666666,5.611111111111111,498.0,12.54251309055355,13.173835723277259,11.728571428571431,28.356396147641675,31.92352296694353,21.639090735616914,23.33895939212907,258.0430324074074,119.51777208952885,79.95948236392744,38.0,74.0,69.0,1533.0,5074.0,115.20367965367966,6428.0,6689.0,444.0,2954.0,810.0,70.36911582761272,34.229882384145455,2.7107467606525866,1.7387897975280304,1.0
176.0,226.0,12.527777777777777,6.194444444444444,534.0,13.898355138210118,14.543699049587591,12.961904761904766,31.125433810741757,35.19288459808187,23.979190678658913,25.657526135740564,272.7930324074074,130.040237832576,86.60976390380031,42.0,82.0,74.0,2176.0,8295.0,130.99148351648353,9055.0,9350.0,557.0,3897.0,993.0,77.4111309325737,37.48234716690521,2.7110967799887273,1.6566391563860041,1.0
128.0,153.0,6.75,4.861111111111111,334.0,11.09735678832402,11.788410689854782,10.733333333333336,25.274810565165648,26.794033233692268,18.551185251994248,19.902173718693916,207.6875,92.63149751064469,57.33343682610065,22.0,28.0,47.0,1085.0,3480.0,85.76904761904761,4720.0,5113.0,312.0,1876.0,573.0,59.05044355190878,30.121650054510944,2.4910261633937343,1.539769431597754,1.0
212.0,277.0,14.812499999999998,7.25,654.0,16.214163594769342,17.050998009331398,15.114285714285717,36.7799796861229,41.58242917022306,28.1288704027765,30.418730135537494,332.3936527777778,156.62857621395204,105.42622001697373,52.0,100.0,91.0,3024.0,11300.0,170.38519536019535,12719.0,13286.0,831.0,5540.0,1385.0,91.5829535436204,43.72800610996869,2.7663038102226842,1.611770465234663,1.0
212.0,274.0,14.812499999999998,7.055555555555555,654.0,16.121317237442163,16.988049180488282,14.947619047619053,36.62641241052765,41.77050990342191,28.388090116778734,30.568853359790154,319.7530277777778,157.06678201691608,106.01200645460064,54.0,106.0,91.0,3112.0,12037.0,168.41269563769563,13101.0,13698.0,825.0,5628.0,1385.0,91.55274414777814,43.45518268515973,2.7632829160596843,1.5710555559534585,1.0
180.0,225.0,12.847222222222218,6.861111111111111,514.0,15.040583663398204,15.682792325900841,14.209523809523816,33.4017158959154,36.83722216537927,25.193394356258267,26.89806768997501,288.02111574074075,131.86237188774024,85.32721634240654,36.0,64.0,72.0,2711.0,11245.0,140.25540986790986,11242.0,11570.0,642.0,4658.0,1124.0,81.46854611306074,39.84401601299618,2.6635939839959306,1.5950220408447906,1.0
188.0,232.0,13.347222222222218,7.333333333333333,530.0,16.0237469109926,16.66897122643689,15.176190476190483,35.36130769014195,38.87846361769859,26.648048033151245,28.337871228716796,300.6304907407408,137.6592608762951,88.38513873503304,38.0,66.0,74.0,3428.0,16050.0,149.0831704243469,14206.0,14616.0,732.0,5577.0,1264.0,86.01741275902525,42.3345180134298,2.661700212652593,1.497851098929776,1.0
58.0,65.0,5.534722222222222,2.708333333333333,162.0,5.559678737419713,5.546844605662464,5.185714285714287,11.260570394012438,12.86886675765937,8.850898862356887,9.007901463854413,85.93974074074073,43.1957521952514,27.540527970377717,16.0,32.0,22.0,195.0,461.0,30.342857142857145,730.0,674.0,74.0,291.0,126.0,28.480596276268507,14.308123079633912,2.3344142183389778,2.4358800121158724,1.0
178.0,231.0,13.138888888888888,6.180555555555555,546.0,13.831694110052116,14.465768439515402,12.828571428571433,31.020497762779417,35.29232512046053,23.998611541023497,25.741325959113055,272.563287037037,131.69405864445764,88.5359735864689,44.0,84.0,76.0,2015.0,6956.0,134.68113275613277,8341.0,8566.0,575.0,3772.0,993.0,77.64702762313414,36.8435407192723,2.7240881711991163,1.7833040418601673,1.0
134.0,159.0,9.45138888888889,5.333333333333333,366.0,11.786712265874595,12.246803766291945,11.185714285714289,25.82618670687027,28.38943039549686,19.592558115116066,20.628658132630108,211.40386111111115,98.12696693226287,61.949939218178,24.0,48.0,51.0,1404.0,4853.0,94.68650793650794,5739.0,5819.0,395.0,2488.0,678.0,62.48513619947026,31.28779152196428,2.53232496596989,1.781298688422813,1.0
108.0,121.0,7.756944444444445,4.944444444444445,280.0,10.503349863289463,10.730126178662214,10.085714285714287,22.15071543421229,24.006609678298588,16.638162163745747,17.19101538523605,176.3257361111111,78.92540401861746,47.872298696693036,20.0,38.0,38.0,1148.0,4312.0,72.94267676767677,4610.0,4607.0,298.0,1634.0,494.0,53.22546772987483,27.653982734846416,2.3485658791074995,1.8221990469885327,1.0
194.0,223.0,11.812499999999998,8.444444444444446,496.0,18.346686456189992,19.03257981405347,17.78571428571429,39.855108014902896,42.32627602595508,29.35415368128511,30.787025950256904,325.8726111111111,140.63057669233277,84.73140526516845,30.0,50.0,68.0,5890.0,37777.0,156.3032088052986,24624.0,25627.0,904.0,8707.0,1610.0,93.84371459897069,48.82325905872007,2.5017637214695077,1.1659004839639804,1.0
164.0,192.0,9.451388888888888,6.777777777777778,428.0,14.952839606072642,15.638152623053553,14.485714285714291,33.02949081689191,35.130334035256524,24.295016413238116,25.702298705841212,274.49761111111115,118.94348798225164,72.60241506067652,26.0,44.0,59.0,2934.0,13960.0,123.20083388833389,12414.0,13080.0,636.0,4834.0,1092.0,77.67376360385718,40.128379257724255,2.5017631272177185,1.3169692076990718,1.0
110.0,123.0,8.368055555555555,4.777777777777779,292.0,10.359191910946029,10.599989504972546,9.819047619047621,21.919753097312377,24.275971309436926,16.856941763228104,17.388261785287906,167.07573611111115,80.96258838742604,50.27993954944664,24.0,46.0,40.0,1225.0,5103.0,72.22337107337107,4898.0,4867.0,256.0,1843.0,494.0,53.4289672838337,26.880514174317092,2.379383464546608,1.7191559381524144,1.0
188.0,224.0,9.562499999999998,7.666666666666667,486.0,17.04848050536686,17.9525879263371,16.638095238095243,38.139915285551346,39.93607951941559,27.660794408301946,29.48004662094414,319.944875,135.61739998098648,82.18280319635011,28.0,38.0,67.0,4166.0,21707.0,146.27826144443793,18190.0,19830.0,818.0,6151.0,1414.0,88.64935425845579,46.41342390982805,2.536923578370703,1.1216216976439821,1.0
144.0,179.0,8.20138888888889,5.736111111111111,388.0,12.574552621105104,13.224621095536204,12.190476190476193,28.25088322148251,29.822718133539507,20.487676925097954,22.012330442294108,249.15949999999998,104.02010228934485,64.55281469715464,22.0,30.0,54.0,1361.0,4149.0,107.00753968253969,5760.0,6057.0,460.0,2229.0,730.0,66.42178090373116,33.820772949448425,2.6135848762489062,1.7549704265846802,1.0
118.0,142.0,7.999999999999998,4.777777777777779,312.0,10.486071002992368,10.935446797246707,10.033333333333335,23.168494195828355,24.938468501173514,17.23443094554387,18.276210451104877,192.609375,85.66799181337359,53.34438794271402,18.0,28.0,44.0,913.0,2659.0,80.99761904761905,3798.0,3929.0,304.0,1516.0,505.0,55.190408280227444,28.165134233732708,2.48528209419951,1.8749948372825325,1.0
178.0,233.0,13.13888888888889,6.263888888888889,546.0,13.873916996731538,14.499013791786444,12.914285714285718,31.11517712935255,35.203247569163715,23.877141007320382,25.66581709728562,282.0076574074074,131.3899562927031,88.05303751909595,42.0,80.0,76.0,2021.0,7026.0,134.71916694416694,8366.0,8592.0,574.0,3766.0,992.0,77.67061347208933,37.493359338207966,2.7311079406407295,1.7807042475395818,1.0
196.0,254.0,14.749999999999998,7.305555555555555,590.0,15.828424018628713,16.43182594693989,14.814285714285717,35.02641241052765,39.27050990342192,26.65603930920986,28.54136739783099,315.012287037037,144.34843481068123,95.68745113426387,46.0,82.0,82.0,2835.0,10515.0,160.7617465867466,11614.0,11804.0,774.0,5004.0,1264.0,87.02367515302836,42.46154036897482,2.7390567594112896,1.812788996390917,1.0
156.0,184.0,8.951388888888886,6.277777777777779,412.0,13.95283960607264,14.638152623053553,13.485714285714288,31.02949081689191,33.13033403525652,22.880802850865013,24.288085143468116,258.4976111111111,113.28663373275927,69.77398793593032,26.0,44.0,57.0,2413.0,10844.0,112.73856698856699,10271.0,10885.0,539.0,3788.0,929.0,73.19940722100526,37.322666243625754,2.510418138515577,1.3239388887198043,1.0
94.0,109.0,6.916666666666666,4.361111111111111,238.0,9.130228955335799,9.340838599544785,8.8,19.399456532728276,20.66910687003518,14.308544564874966,14.922367527083296,159.6875,68.07445825846094,41.03725215334876,14.0,20.0,33.0,722.0,2341.0,60.39527417027418,2895.0,2883.0,223.0,935.0,349.0,46.269210315331605,23.93097257960683,2.405869890126316,1.9118299874612708,1.0
180.0,215.0,9.583333333333332,7.1111111111111125,464.0,15.991203638441373,16.907582752246288,15.533333333333339,36.10042776317663,37.98997522439083,26.317429301227794,28.143497487079333,301.234375,129.87493540682988,79.36192196720427,26.0,34.0,65.0,3501.0,17608.0,136.15606558474207,15254.0,16571.0,676.0,5605.0,1254.0,84.0638338659418,43.32829900944299,2.569164969125588,1.1549899068598626,1.0
154.0,180.0,11.222222222222221,6.611111111111112,400.0,14.273764703227073,14.72430117924654,13.633333333333336,30.819728591850314,33.330352482570646,23.110064794518603,24.20302425281699,247.359375,112.0716064850587,69.11708697745935,26.0,40.0,56.0,2476.0,10358.0,119.30804195804195,10078.0,10187.0,624.0,3167.0,929.0,73.966254724761,37.125707485452224,2.553224997966548,1.6962348791098045,1.0
100.0,109.0,8.645833333333332,5.194444444444445,254.0,10.48571177308442,10.465835661351965,10.052380952380952,21.154136784454543,23.005407671599436,15.931055382559197,16.151682427887774,168.3257361111111,73.17324529447149,43.578308326566756,18.0,36.0,34.0,1216.0,4796.0,69.9391774891775,4622.0,4364.0,294.0,1531.0,456.0,51.500052337107505,26.793253152228132,2.351838872085746,2.4108480114950637,1.0
98.0,112.0,7.618055555555555,4.111111111111111,268.0,8.897196713406814,9.124553369662129,8.385714285714286,18.976332632223276,21.202551668997152,14.626231619927282,15.204674817786277,147.70073611111115,72.32822148123668,45.85915327745406,24.0,44.0,37.0,794.0,2884.0,58.60725108225108,3180.0,3162.0,200.0,1166.0,370.0,47.02737647430592,22.75753336517876,2.391077010467111,1.7259808832223533,1.0
162.0,185.0,11.722222222222221,7.027777777777776,416.0,15.223254446010252,15.6828378808547,14.533333333333337,32.69850397452994,35.45407683952859,24.64559870045134,25.694007744296158,253.1875,118.1485649517386,72.63399990584642,32.0,46.0,58.0,3626.0,20321.0,122.42402348253742,14972.0,15390.0,580.0,5364.0,1102.0,78.39815657563402,39.97908741649918,2.410628640516031,1.3560296757437618,1.0
228.0,292.0,15.812499999999998,8.222222222222223,686.0,18.197326842363733,19.037176909867448,17.080952380952382,40.739571480349454,45.62367062254237,30.997737642042562,33.27274723665237,361.0030277777778,168.08231945199927,111.3125695343464,54.0,102.0,95.0,4366.0,19137.0,192.90452268319916,18165.0,18774.0,1013.0,7814.0,1705.0,100.69122716725667,48.71564599001573,2.7643458895225272,1.5281431740570288,1.0
128.0,149.0,8.590277777777779,5.097222222222222,346.0,11.34915520981396,11.816052888782677,10.800000000000004,24.893022923170385,27.305647783975246,18.878111205526864,19.85099376595653,198.81423611111114,93.79973581543874,58.914306455636,24.0,48.0,48.0,1207.0,3894.0,90.42896825396825,4989.0,5125.0,359.0,1918.0,602.0,59.942255418308385,29.89733969019528,2.476029423578999,1.8262234397839716,1.0
94.0,109.0,6.395833333333334,4.375,244.0,9.164850452942252,9.372022674171651,8.871428571428572,19.409905506849764,20.670471181060527,14.287224932432734,14.870293074943698,161.39337037037035,68.25431186903886,41.103496575079845,16.0,26.0,33.0,662.0,1906.0,61.97261904761905,2664.0,2664.0,256.0,950.0,368.0,46.205264284478716,24.601619044449592,2.4447865290135904,2.0925328803883954,1.0
42.0,48.0,4.534722222222222,1.6111111111111112,130.0,3.515855318045498,3.52228074097288,3.1190476190476186,7.215360516621767,8.956304961780411,6.140950245688707,6.241740963050208,51.7007361111111,31.985337775068622,21.90611435520976,14.0,34.0,18.0,61.0,110.0,16.083333333333336,220.0,191.0,32.0,61.0,45.0,20.836684131519565,8.764874224151363,2.4465045374154437,2.389963981467502,1.0
134.0,160.0,8.930555555555555,5.388888888888889,372.0,11.843989132800084,12.291808940382758,11.290476190476193,25.865674229244988,28.335534690521627,19.521709659817116,20.550993704121822,214.11436111111112,98.2125772569271,61.942393322577686,26.0,52.0,51.0,1371.0,4629.0,95.54007936507936,5634.0,5750.0,448.0,1897.0,658.0,62.60947905596701,31.533028701773908,2.584527922930649,1.8280181615465891,1.0
158.0,187.0,9.562499999999996,6.138888888888889,424.0,13.825518406134815,14.52183704882783,13.252380952380953,30.83893668576545,33.35845421407554,23.05914233582749,24.45974156715128,252.6382361111111,115.18378336250537,71.95213352080363,28.0,50.0,59.0,2210.0,8906.0,116.24436951936953,9410.0,9982.0,584.0,3788.0,962.0,73.32816514870156,37.25469635809726,2.517757775153234,1.449928347087296,1.0
166.0,196.0,10.062499999999996,6.722222222222223,440.0,14.8635232085956,15.546400913517415,14.31904761904762,32.89551622067634,35.28503457363577,24.363966098459404,25.81168850558239,273.2632361111111,120.69155208004695,74.6024150606765,28.0,48.0,61.0,2772.0,12358.0,125.98616106116107,11712.0,12324.0,660.0,4618.0,1092.0,77.89739543936176,39.89588179318986,2.517776828849014,1.3976584804921797,1.0
172.0,207.0,8.5625,6.638888888888888,454.0,15.032625187321361,15.943906438755642,14.619047619047624,34.124554768929585,35.979774557635196,24.862625434191358,26.66486173408341,287.8974953703704,124.36712539550776,76.51932952825966,26.0,40.0,63.0,2922.0,13884.0,125.34810467310467,12928.0,14280.0,608.0,4849.0,1120.0,79.51623668455211,41.10070989327616,2.4860219470520044,1.1372076060223986,1.0
124.0,140.0,9.277777777777779,6.083333333333333,306.0,12.54524385550833,12.74600855577034,12.133333333333333,26.241245059876697,27.83287067261329,19.298732147700676,19.9704181239257,212.296875,89.75249617565375,53.21759204084769,20.0,26.0,42.0,1847.0,7795.0,91.65657398157398,7474.0,7544.0,446.0,2175.0,664.0,62.435475091433375,32.55694943092435,2.3376498141959874,1.8316120407534382,1.0
52.0,61.0,2.8333333333333335,2.2222222222222223,130.0,4.877010097711745,5.105350962927558,4.766666666666667,10.785208992237523,11.237183443017884,7.806684163753442,8.266913744754124,90.15625,37.383472635247664,22.257980408983922,6.0,8.0,18.0,106.0,203.0,24.199999999999996,449.0,472.0,37.0,185.0,85.0,25.086523411629596,13.334073750152708,2.3759473582364863,2.014611886520823,1.0
144.0,181.0,9.104166666666664,4.833333333333333,432.0,11.17310438191478,11.841731880283533,10.476190476190476,25.541035631019906,28.71721800516312,19.578578611076487,21.084700464942262,217.69935648148152,106.38045985593229,70.62985923125915,34.0,70.0,60.0,1189.0,3958.0,94.30847763347762,5077.0,5384.0,311.0,2387.0,645.0,62.75887628676044,30.174894841459672,2.623779017034002,1.5986854529176904,1.0
160.0,191.0,9.722222222222221,6.61111111111111,414.0,14.473565548236332,15.143292234936041,14.000000000000002,32.10384911341888,33.98877321769169,23.489002176481616,24.98284418617142,269.234375,115.63749530844531,70.82529090995871,24.0,32.0,58.0,2364.0,9470.0,122.8073926073926,9932.0,10373.0,614.0,3656.0,988.0,75.4971525062278,38.43706884082063,2.5603068795851334,1.5082873282021605,1.0
130.0,165.0,7.291666666666667,4.618055555555555,374.0,10.476311962521509,11.133602509156262,10.021428571428572,24.051694033998178,26.08423498363863,17.806062886432844,19.297854331027466,213.5079537037037,94.87730982697607,61.274541247493346,26.0,44.0,52.0,902.0,2672.0,83.03809523809525,3930.0,4260.0,266.0,1847.0,546.0,58.83118226939689,28.40087107530384,2.643220664576313,1.6585657772028053,1.0
134.0,153.0,8.479166666666666,5.666666666666667,350.0,12.444290224204432,12.907804598318814,11.966666666666672,27.01562786186571,29.136928681914725,20.214286374341825,21.15581752858845,213.66261574074076,97.75431742028469,59.898438530931074,24.0,44.0,48.0,2061.0,10191.0,91.28345265845266,8712.0,9190.0,380.0,3072.0,738.0,64.29446278645818,32.75620296323872,2.395207391996018,1.297312395397998,1.0
124.0,146.0,5.527777777777778,4.999999999999999,310.0,11.29282633568371,11.985735208391004,11.100000000000003,25.583167963370236,26.44339070461445,18.372845767031773,19.657804142842863,213.546875,88.99533457599158,53.103941558220356,16.0,18.0,43.0,1326.0,5419.0,80.05424297924299,5873.0,6488.0,289.0,2123.0,589.0,58.63398408613165,30.860355165197895,2.496180742023141,1.2406238578788382,1.0
120.0,142.0,7.638888888888888,5.194444444444445,308.0,11.117723500579764,11.548684037234118,10.766666666666667,24.334811450318796,25.71941158655335,17.734688671066525,18.80057413740366,204.3125,86.73025325454789,52.86130087110109,20.0,24.0,43.0,1095.0,3516.0,84.26309523809525,4539.0,4678.0,321.0,1814.0,553.0,57.24648916736915,29.643426318609084,2.461442709466592,1.778755534675735,1.0
192.0,252.0,12.590277777777777,6.277777777777778,598.0,14.354791587262635,15.209937563714089,13.380952380952385,32.99134934364312,37.34644773390432,25.27193370732889,27.433790035250933,298.2374027777778,141.96782505132745,95.94751135235465,48.0,94.0,83.0,2185.0,7678.0,143.23235930735933,9336.0,9912.0,616.0,4213.0,1100.0,82.00677726162561,38.976066583732106,2.7585044786459147,1.5850638302630826,1.0
166.0,215.0,11.937499999999998,5.840277777777778,500.0,13.001908528803394,13.636778913611712,12.145238095238097,29.325433810741757,32.94288459808187,22.37947249561904,24.105927150200085,261.6315740740741,122.26685066708548,81.44748624363191,38.0,70.0,70.0,1674.0,5552.0,121.50050505050507,6978.0,7218.0,488.0,3207.0,868.0,72.61798012491448,35.1384056828408,2.7072617665945824,1.7658034499316226,1.0
154.0,181.0,8.86111111111111,6.305555555555556,394.0,14.00804039084698,14.696658980318645,13.56666666666667,31.140835968950086,32.94873377207152,22.862775624334827,24.254204205554373,254.453125,111.35012435691712,67.81871820033923,24.0,32.0,55.0,2703.0,13994.0,109.04369462237109,11675.0,12581.0,465.0,4055.0,933.0,72.97081463120401,37.52255198929974,2.4910994473143306,1.1618882218691529,1.0
180.0,203.0,11.840277777777779,8.48611111111111,450.0,17.914652564147104,18.34929824105372,17.38571428571429,37.94222365966259,40.16049597795334,27.912673993901528,28.967873059554197,302.714625,130.44835189798005,77.43896650130874,30.0,44.0,61.0,5420.0,32891.0,147.50702483641305,22209.0,22693.0,911.0,7202.0,1464.0,89.61321253761474,47.029076668882176,2.4533683913914404,1.408949486024938,1.0
174.0,228.0,12.888888888888888,5.999999999999999,538.0,13.363880295599468,13.990332304204985,12.395238095238097,30.088446955210543,34.23292404370203,23.1912036684326,24.97195255398452,271.5742824074074,128.67075453461186,86.78790948867365,42.0,82.0,75.0,1829.0,6167.0,128.69101731601734,7588.0,7811.0,528.0,3514.0,930.0,75.37651908108084,36.07440883414555,2.7220621921833232,1.7841509270420925,1.0
130.0,161.0,6.840277777777777,4.9305555555555545,352.0,11.109027463715753,11.77798784091881,10.757142857142858,25.287870077013718,26.78267868791934,18.447236810578072,19.869476899303965,218.37824999999998,94.07587708832432,58.717814862788956,22.0,30.0,49.0,970.0,2729.0,89.65833333333333,4187.0,4496.0,355.0,1634.0,571.0,59.33897986351642,30.13776510767078,2.598913395116851,1.7359608444243912,1.0
102.0,119.0,6.895833333333334,4.916666666666667,260.0,10.191723906479929,10.394525261217055,9.923809523809524,21.47704388676522,22.5995532542029,15.639828937987186,16.24567442306265,183.21737037037036,73.66190601281386,43.553342899994945,14.0,22.0,35.0,902.0,2894.0,70.98690476190475,3614.0,3598.0,318.0,1226.0,450.0,50.78550029700888,27.227390751494774,2.4719732269383257,2.066422825052291,1.0
144.0,168.0,6.777777777777778,6.3611111111111125,350.0,13.8476678905501,14.524120172544535,13.700000000000003,30.680155704054584,31.328729611855362,21.758549758703445,23.105481448464925,261.5625,102.84834992870925,59.76736851733223,14.0,14.0,48.0,2166.0,9372.0,107.34889832389834,9348.0,10056.0,480.0,3148.0,830.0,69.92636252640126,37.40426507878599,2.4481002673962835,1.31695541858431,1.0
210.0,280.0,10.0,6.923611111111113,624.0,15.865252604051719,17.144077873355517,15.29761904761905,37.76108794837582,40.37618881258501,27.268849566988976,30.28134471237011,360.21020370370377,152.60052299171832,99.88906075688789,40.0,64.0,87.0,2443.0,8218.0,160.5885642135642,10955.0,12197.0,667.0,5653.0,1310.0,90.70888427859163,44.44654233794881,2.8258054137075064,1.4090428773288513,1.0
70.0,75.0,8.645833333333334,3.736111111111111,192.0,7.308566297394197,7.060665705126413,6.71904761904762,13.899054811139212,16.29172692047781,11.259948490620188,11.103631831045362,99.45536574074073,52.54255043669404,33.31103270249743,20.0,42.0,26.0,516.0,1738.0,43.13968253968254,1824.0,1599.0,148.0,516.0,210.0,36.29922948874909,18.240693485413658,2.307698915902262,3.8366639240259643,1.0
190.0,237.0,13.437499999999998,7.354166666666667,548.0,15.996203125320893,16.625019091791945,15.12619047619048,35.274466759963744,38.98162433681904,26.61477305433566,28.350723404000213,305.04194907407407,139.47762272839174,90.36269810070856,42.0,74.0,76.0,3453.0,16249.0,148.98383087500733,14351.0,14806.0,743.0,5547.0,1265.0,86.2708354927251,42.90270895778591,2.6712462650102107,1.4774443885634783,1.0
186.0,233.0,13.187499999999998,7.062499999999999,540.0,15.480853692179148,16.114276326566305,14.592857142857145,34.246925773306074,37.99978396125822,25.967527250033584,27.68029327038695,293.4215787037037,136.70403784968263,89.05283980587735,42.0,74.0,75.0,2829.0,11215.0,148.16898379398378,11692.0,11991.0,724.0,4828.0,1194.0,83.99321491446955,41.26583170037764,2.682474180582258,1.6671188960269974,1.0
186.0,231.0,13.187499999999998,6.937499999999999,540.0,15.420193520399323,16.075891362412776,14.492857142857147,34.16130769014195,38.128463617698586,26.126445872631475,27.768149870697634,287.79194907407407,136.94736666754707,89.30477570808208,42.0,78.0,75.0,3169.0,14614.0,143.11981849849496,13188.0,13623.0,690.0,5168.0,1194.0,83.97159263308848,41.191099910383784,2.6712374948839934,1.4844963654378684,1.0
180.0,227.0,12.32638888888889,6.979166666666667,520.0,15.125011644522576,15.744413000255975,14.359523809523811,33.47788811020599,36.730422330119886,25.041640869364674,26.775940089148556,294.67157870370374,131.83842635612783,85.23098539075067,38.0,66.0,72.0,2622.0,10369.0,141.67919302919302,10867.0,11176.0,667.0,4526.0,1125.0,81.51059508143985,40.520256618335985,2.6819471258612753,1.6490201965633924,1.0
200.0,249.0,12.187499999999998,7.354166666666668,570.0,16.581989562947793,17.47031855341269,15.792857142857146,37.38884867679961,40.8603039932594,28.028986616708753,30.02444999036715,321.0419490740741,146.31919527237687,94.01955235020094,40.0,72.0,79.0,3848.0,19131.0,154.61992753978046,16676.0,18023.0,782.0,6102.0,1369.0,90.13477576266087,44.89593086942131,2.671238852471483,1.2487174341903295,1.0
140.0,186.0,7.013888888888888,4.451388888888889,412.0,10.487835982917435,11.37010720236762,10.040476190476191,25.091291427255968,27.03147668122019,18.39010074412557,20.3309749447567,233.88345833333335,101.75395977916128,66.65716996469656,24.0,40.0,58.0,788.0,2008.0,89.12023809523811,3529.0,3922.0,267.0,1958.0,566.0,59.56234735355773,29.30149854433527,2.7482503334198642,1.7006559772523862,1.0
120.0,143.0,7.638888888888889,5.222222222222221,308.0,11.134560252985372,11.562505136698066,10.8,24.375219656092256,25.678170134234037,17.694248556546643,18.774984161034965,207.703125,86.59021851548538,52.63180560322078,18.0,22.0,43.0,1198.0,4319.0,81.78308080808081,4968.0,5122.0,316.0,1830.0,554.0,57.36831699823246,29.93143835857216,2.517729761127715,1.6356196355312498,1.0
44.0,50.0,6.534722222222222,2.375,132.0,4.44741151772795,4.188741101171901,3.971428571428571,8.129206335523454,10.01084843924034,6.837219738604245,6.6871791535620595,59.51837037037036,33.48042019879055,22.37338021109636,16.0,32.0,18.0,112.0,218.0,22.499999999999996,358.0,277.0,62.0,112.0,72.0,22.42920174752953,10.832263725050737,2.3243663285982246,4.228988890600049,1.0
138.0,163.0,6.888888888888888,5.722222222222223,346.0,12.720346690612276,13.407804598318814,12.466666666666669,28.48960157292813,29.556849790674388,20.522675681292828,21.862924309774996,239.703125,99.08864530896294,59.11708697745934,16.0,20.0,48.0,1655.0,6329.0,98.22718670218671,7215.0,7851.0,417.0,2466.0,729.0,66.96880084767244,34.476919891245025,2.467123654477343,1.424373132484773,1.0
80.0,92.0,5.555555555555555,3.583333333333333,202.0,7.681540550352056,7.9080264443913375,7.4,16.476851594032944,17.587825972095704,12.227664335835204,12.75392400772446,132.296875,57.99019831837788,34.97275705110278,12.0,18.0,28.0,440.0,1248.0,47.202380952380956,1800.0,1833.0,148.0,708.0,260.0,39.112163731109106,20.500385266604937,2.3424598867889945,1.8702370472758012,1.0
98.0,113.0,4.805555555555555,4.222222222222221,240.0,9.326499840494924,9.788632535927306,9.166666666666668,20.663984374917153,21.360907799975827,14.87775197561892,15.742920884949218,170.15625,70.33048878701635,41.33124252347503,12.0,14.0,33.0,787.0,2836.0,59.569119769119766,3431.0,3732.0,197.0,1176.0,379.0,47.54803598009869,25.49845313261969,2.3681997150626652,1.3902008550930887,1.0
162.0,190.0,9.36111111111111,6.888888888888888,410.0,15.046045193307767,15.72122284500823,14.633333333333338,33.19741550386098,34.87531413163175,24.167599386966742,25.60615114398549,275.078125,116.85789307445872,70.46899974021211,24.0,30.0,57.0,3379.0,19011.0,117.93889904814827,14508.0,15529.0,534.0,5026.0,1062.0,77.53666347759332,40.54203687312436,2.455237153359407,1.1156806865057476,1.0
178.0,211.0,8.972222222222221,7.166666666666667,452.0,16.080520035918415,16.999334461782425,15.700000000000005,36.23440235939219,37.83527468601158,26.248479616006502,28.03410768733816,302.46875,128.1268713090346,77.36192196720425,24.0,30.0,63.0,3772.0,20586.0,132.4126926994574,16602.0,18242.0,666.0,5955.0,1260.0,83.83298543038475,43.89548834243293,2.4851460702527826,1.0501914183362608,1.0
90.0,103.0,6.666666666666666,4.0,230.0,8.575387400469408,8.802453635391252,8.200000000000001,18.302468792043925,19.78376796279427,13.751267697949478,14.303117346207431,143.671875,65.53515140472804,40.03067944372927,16.0,24.0,32.0,643.0,2110.0,55.292857142857144,2584.0,2576.0,182.0,866.0,312.0,43.972761486801794,22.346892938681798,2.4097613620218974,1.8375436282693327,1.0
116.0,134.0,6.868055555555555,4.736111111111111,306.0,10.544624757173647,11.013377407318897,10.16666666666667,23.201380321374966,24.95500525489743,17.285558158191296,18.19241062773239,188.67361111111114,84.5067186312933,51.85638406300951,18.0,38.0,42.0,1007.0,3281.0,77.86904761904762,4214.0,4378.0,300.0,1542.0,497.0,54.94612252636276,28.126245299287085,2.4484290206132977,1.6980413849105984,1.0
102.0,123.0,6.027777777777778,4.222222222222221,264.0,9.202708600407234,9.643514081008567,8.933333333333335,20.49302292317038,21.555647783975243,14.865821431800455,15.873843884120893,175.703125,73.53749671159365,44.92360167072144,14.0,18.0,37.0,667.0,1992.0,63.35436507936508,2815.0,2952.0,209.0,1104.0,379.0,48.02320491887462,25.052931836437455,2.4909508234788373,1.6974541583171447,1.0
88.0,102.0,3.694444444444444,3.805555555555555,212.0,8.432652990377571,8.894205344927391,8.366666666666667,18.838367176906168,19.164965809277263,13.354148613504647,14.19372754646625,158.78125,62.785535700666195,36.273320130848546,8.0,8.0,29.0,549.0,1736.0,51.475,2411.0,2642.0,159.0,860.0,303.0,42.776296798155684,23.08111359157136,2.3917787839101003,1.4651574090231176,1.0
132.0,158.0,9.36111111111111,5.527777777777778,348.0,11.917922655570505,12.354437852936208,11.4,26.050690928750235,28.06099085143231,19.35575128910351,20.4702439468324,216.609375,95.89228649251915,59.6383783128403,22.0,32.0,49.0,1424.0,5036.0,94.14260461760462,5842.0,5956.0,394.0,2137.0,654.0,62.36473826324492,31.63770373185538,2.544120707729557,1.7570289279785132,1.0
106.0,127.0,5.756944444444445,4.444444444444444,278.0,9.72198066487194,10.163955390409791,9.471428571428573,21.4759309106342,22.57517171943978,15.611469557429237,16.565552860741136,181.788625,76.60061969295487,46.50841492236751,16.0,24.0,38.0,742.0,2164.0,68.70833333333334,3117.0,3251.0,275.0,1114.0,420.0,50.32466646803638,26.298632396694956,2.5429056029872186,1.7829699395093404,1.0
72.0,76.0,6.444444444444445,3.666666666666667,176.0,7.57538740046941,7.577708763999665,7.200000000000001,15.302468792043928,16.78376796279427,11.751267697949478,11.85362760342425,109.5,52.80722934337019,31.5453980694907,16.0,24.0,24.0,536.0,1892.0,43.10919913419914,2064.0,1974.0,132.0,680.0,234.0,37.3451333587514,19.39650535223503,2.219581616173224,2.0479652282024525,1.0
100.0,115.0,7.777777777777778,4.499999999999999,258.0,9.507239053047545,9.721444691080755,9.066666666666668,20.1846655249658,21.90629031305306,15.165481260322574,15.79004406074841,159.671875,72.93101895912743,44.910456251482444,20.0,28.0,36.0,800.0,2540.0,65.97738095238095,3182.0,3141.0,246.0,1263.0,408.0,48.668166846249484,24.440268805682766,2.418597501509808,2.012403640205051,1.0
150.0,179.0,8.090277777777777,6.111111111111111,392.0,13.570516776351218,14.255485253873404,13.204761904761908,30.24347101213872,31.881633742139506,22.062557690003114,23.443843019490846,257.32624074074073,108.37568991147502,65.85605357338774,20.0,34.0,54.0,2426.0,12098.0,104.45907425907427,10585.0,11536.0,443.0,3467.0,855.0,70.73961207487866,36.92414014718869,2.5517610246099167,1.1605941596034655,1.0
82.0,91.0,5.194444444444445,3.8611111111111107,198.0,8.25402019542349,8.485957054463528,8.033333333333335,17.57041798447505,18.474366886035767,12.906261546320335,13.377230965538523,138.140625,59.210596084391284,34.61646588135618,12.0,16.0,27.0,613.0,2176.0,48.65241702741703,2545.0,2637.0,153.0,779.0,277.0,41.24210578864972,21.841616126697645,2.291445946696524,1.5738938254334778,1.0
162.0,212.0,11.166666666666666,5.6111111111111125,498.0,12.54251309055355,13.173835723277259,11.728571428571431,28.356396147641668,31.923522966943523,21.639090735616914,23.33895939212907,258.0430324074074,119.51777208952886,79.95948236392742,38.0,74.0,69.0,1533.0,5074.0,115.20367965367966,6428.0,6689.0,444.0,2954.0,810.0,70.36911582761272,34.229882384145455,2.7107467606525857,1.7387897975280309,1.0
176.0,226.0,12.527777777777777,6.194444444444444,534.0,13.898355138210118,14.543699049587591,12.961904761904766,31.125433810741757,35.19288459808187,23.979190678658913,25.657526135740564,272.7930324074074,130.040237832576,86.60976390380031,42.0,82.0,74.0,2176.0,8295.0,130.99148351648353,9055.0,9350.0,557.0,3897.0,993.0,77.4111309325737,37.48234716690521,2.7110967799887273,1.6566391563860041,1.0
230.0,294.0,15.97222222222222,8.555555555555557,676.0,18.777913761411885,19.615107519939638,17.714285714285722,41.905187793207276,46.394234260379854,31.605786777515682,33.89605419446643,371.012287037037,168.81016958821138,110.5180725616357,52.0,88.0,94.0,4772.0,21464.0,197.46536143594966,19891.0,20593.0,1127.0,7903.0,1786.0,102.74346616606971,49.8424219840293,2.7569279767843176,1.4974284273844511,1.0
116.0,135.0,6.416666666666666,5.333333333333333,284.0,11.313193047939453,11.74600855577034,11.133333333333335,24.643168848523377,25.368769057475532,17.556349186104047,18.556204561552605,210.171875,83.0940903198948,48.6318056032208,14.0,14.0,39.0,1302.0,5093.0,78.89191919191919,5495.0,5781.0,325.0,2058.0,580.0,56.826050460955145,30.541529765457025,2.400029853483838,1.4628316211465953,1.0
124.0,156.0,6.951388888888888,4.347222222222221,348.0,10.003855748193212,10.677554643801216,9.571428571428573,23.13853496417639,24.981074264518178,17.132231084061875,18.577895374557507,201.09649537037035,90.2305208501333,57.88276831944468,22.0,36.0,49.0,807.0,2372.0,77.04523809523809,3547.0,3881.0,227.0,1685.0,499.0,56.295142842059526,27.494327766140824,2.6042243347064757,1.6210718521218108,1.0
146.0,181.0,8.8125,5.569444444444445,400.0,12.43039466876167,13.094484421846536,11.923809523809526,28.019920884582593,30.092079764677845,20.706456524580307,22.209576842345964,239.90949999999998,106.05728665815346,66.96045554990825,26.0,38.0,56.0,1314.0,3824.0,108.49523809523808,5573.0,5878.0,477.0,2365.0,751.0,66.53752930149994,33.69832384566147,2.612067956886808,1.8112882437241482,1.0
92.0,109.0,6.756944444444445,4.083333333333333,248.0,8.58135267237864,8.780270964635513,8.204761904761906,18.26456125311398,19.81115315575851,13.639979128130653,14.272576093498332,149.773,67.21974029523676,41.84498796325563,20.0,30.0,34.0,558.0,1535.0,58.13333333333333,2228.0,2207.0,216.0,883.0,330.0,44.15022506646001,22.72388096153131,2.4743152048601877,2.1330469304636397,1.0
110.0,124.0,5.555555555555555,4.944444444444444,264.0,10.809663088089318,11.274811436463361,10.633333333333336,23.62357616914369,24.40214925229514,17.03951243369844,17.889831204877545,190.765625,78.95580490031743,45.8033784784746,14.0,16.0,36.0,1338.0,6123.0,70.48479298479299,5760.0,6193.0,242.0,1915.0,511.0,54.37592130077575,29.294041922421922,2.3122892018527397,1.242991943303077,1.0
154.0,190.0,6.951388888888889,5.777777777777777,410.0,13.171470407655116,14.07198183480113,12.871428571428572,30.35470629331382,31.698896076397723,21.85411024454851,23.6626226189732,263.9605,110.96184940709664,68.41010416160479,22.0,30.0,57.0,1730.0,6464.0,109.00336607836607,7695.0,8529.0,431.0,3660.0,888.0,70.12454228310197,36.53133941079365,2.613604663055612,1.3429784554466966,1.0
164.0,199.0,7.090277777777777,6.611111111111112,422.0,14.777623557537765,15.677554643801216,14.571428571428573,33.529089095302844,34.50295408569915,23.86604078836697,25.648963186422968,292.5855,117.55903194447738,70.42324958084376,18.0,24.0,58.0,2159.0,7682.0,127.34650072150072,9484.0,10393.0,688.0,3413.0,1055.0,76.84388590448937,40.55437534534492,2.616327625833327,1.4493726089678236,1.0
138.0,169.0,7.861111111111109,5.527777777777779,362.0,12.117723500579766,12.773428908625707,11.766666666666671,27.334811450318796,28.719411586553345,19.73468867106652,21.250063880186836,238.484375,99.45817531590575,61.346582245339675,20.0,24.0,51.0,1442.0,5260.0,95.39902597402597,6194.0,6587.0,360.0,2587.0,692.0,63.89321678867273,32.619564038390365,2.5598190010963733,1.4618047151503542,1.0
112.0,136.0,6.618055555555555,4.694444444444445,298.0,10.159031836028822,10.596767545563239,9.871428571428572,22.421275164369995,23.684489744741803,16.29631364076957,17.319782817726875,197.95124074074076,80.93644247724788,49.43307299876953,14.0,26.0,41.0,840.0,2535.0,74.62896825396825,3489.0,3595.0,257.0,1596.0,482.0,52.74911600276566,27.460928839753805,2.5635280161892107,1.814488593774589,1.0
100.0,118.0,5.416666666666667,4.194444444444445,252.0,9.25402019542349,9.710701925855115,9.033333333333335,20.570417984475046,21.474366886035764,14.906261546320337,15.8267207083217,172.3125,71.93851814574913,43.101747255594745,12.0,16.0,35.0,630.0,1742.0,64.32619047619048,2685.0,2850.0,221.0,1071.0,377.0,47.681381574769716,24.928689685640776,2.44335556686182,1.7821203881618795,1.0
152.0,181.0,10.090277777777777,6.930555555555557,394.0,14.523241026088847,14.932688379298064,14.090476190476194,31.173488160177843,32.903999031478975,22.689877497697353,23.852604562429406,266.37825,109.86172154230866,66.37466911228132,24.0,32.0,54.0,2419.0,10032.0,121.25164280164282,9986.0,10278.0,642.0,3539.0,974.0,73.71960925234345,39.134916216226905,2.544805825421973,1.728489968934435,1.0
156.0,182.0,8.5,6.638888888888889,390.0,14.614193540729628,15.30223178931873,14.266666666666671,32.315218770939104,33.752791781372956,23.460492605780196,24.82633121063105,267.078125,112.29045264480554,67.00343649483202,20.0,26.0,54.0,2709.0,12714.0,117.11916694416695,11682.0,12567.0,590.0,3812.0,986.0,74.92857364832936,39.32969531040687,2.447920161060355,1.2704327670932503,1.0
82.0,98.0,6.166666666666667,3.6388888888888893,214.0,7.647065707741407,7.854659699008732,7.333333333333334,16.439864738501736,17.627865417715864,12.146784106795442,12.775457207154961,139.078125,59.44914214515987,36.56511619834919,12.0,18.0,30.0,392.0,974.0,49.30238095238096,1560.0,1535.0,140.0,720.0,258.0,39.358065232255115,20.193007495743352,2.4601909691737003,2.1563852246167143,1.0
112.0,133.0,7.138888888888889,4.5555555555555545,292.0,10.058550648063802,10.513377407318897,9.666666666666668,22.262060586270465,23.825009415113584,16.498814593655908,17.48530384654584,182.453125,81.23153532989457,50.15966964822121,18.0,26.0,41.0,819.0,2365.0,74.96071428571429,3432.0,3578.0,274.0,1367.0,460.0,52.67707330020535,27.050643375045617,2.459433817966294,1.826716604909589,1.0
182.0,220.0,10.194444444444443,7.083333333333332,476.0,15.918723993369943,16.829652142174098,15.400000000000006,36.00686137273453,38.10343431045077,26.345938871929217,28.227297310451817,303.390625,131.48296476556263,81.13242669932399,26.0,36.0,67.0,3057.0,13152.0,143.11923076923077,13217.0,14243.0,697.0,5162.0,1242.0,84.27667415353622,43.19216448495715,2.545510529150549,1.3368683976363887,1.0
144.0,172.0,7.75,6.0,366.0,13.169035095596021,13.84061675347226,12.866666666666669,29.41220651162346,30.63813068861387,21.189342347959496,22.617154266760732,251.09375,103.51605099955364,62.35315495495915,18.0,22.0,51.0,1772.0,6726.0,106.25149017649018,7554.0,8008.0,466.0,2986.0,802.0,68.1113646042298,35.68056722780029,2.492525060690208,1.4859291940727395,1.0
118.0,142.0,8.0,4.777777777777779,312.0,10.486071002992368,10.935446797246707,10.033333333333333,23.168494195828362,24.93846850117352,17.23443094554387,18.276210451104877,192.609375,85.66799181337356,53.344387942714036,18.0,28.0,44.0,913.0,2659.0,80.99761904761905,3798.0,3929.0,304.0,1516.0,505.0,55.190408280227444,28.16513423373271,2.4852820941995124,1.8749948372825322,1.0
164.0,197.0,8.0625,6.055555555555556,438.0,13.98731444868329,14.916264239827749,13.552380952380958,32.06647767242312,34.09029458963636,23.547469517531688,25.301828124447702,269.88823611111115,118.89875771784276,73.8384830381763,26.0,44.0,61.0,2613.0,13053.0,111.74380758130758,11674.0,12993.0,466.0,4003.0,952.0,75.11430445725927,38.03081796638342,2.5301827735709486,1.0561934481193447,1.0
118.0,146.0,6.090277777777777,4.125,328.0,9.572117309046007,10.246803766291945,9.185714285714289,22.194001522956274,23.883273089315296,16.408695466135846,17.800231007883923,186.120875,85.949081186458,55.00284050745155,24.0,36.0,46.0,684.0,1870.0,72.73690476190475,3000.0,3269.0,204.0,1666.0,468.0,52.401271627743455,26.3153108766979,2.596827646328378,1.669528579769613,1.0
128.0,148.0,10.5,5.916666666666666,330.0,12.345443010499073,12.551762371472428,11.76666666666667,25.957124538308133,28.174449937492252,19.505581203364567,20.225874370981355,208.59375,93.25767516413264,57.16624235784073,22.0,34.0,46.0,1697.0,6581.0,95.55585525585526,6732.0,6639.0,462.0,2268.0,690.0,62.80135932969346,32.582768826565626,2.43000103762235,2.031327121025062,1.0
86.0,101.0,6.416666666666666,3.8611111111111116,222.0,8.1302289553358,8.340838599544785,7.800000000000001,17.39945653272828,18.66910687003518,12.894331002501872,13.508153964710202,143.6875,62.41760400896855,38.20882502860257,14.0,20.0,31.0,499.0,1397.0,52.41904761904762,2009.0,2009.0,175.0,675.0,277.0,41.71353141482783,21.524284291999948,2.4171641386237885,1.9973569825971094,1.0
180.0,227.0,12.326388888888888,6.979166666666666,520.0,15.125011644522576,15.744413000255975,14.359523809523814,33.477888110205996,36.73042233011989,25.04164086936468,26.775940089148556,294.67157870370374,131.83842635612788,85.23098539075069,38.0,66.0,72.0,2580.0,9962.0,142.30703185703186,10683.0,10976.0,671.0,4484.0,1125.0,81.51082000277515,39.956644297999716,2.6823535235523233,1.674714904127733,1.0
126.0,150.0,6.138888888888888,4.944444444444444,322.0,11.203509938206668,11.893983498854865,10.933333333333335,25.449193367154674,26.598091242993704,18.44179545225307,19.767193942584043,212.3125,90.74339867378688,55.103941558220356,18.0,22.0,45.0,1075.0,3398.0,85.83293650793651,4698.0,5116.0,318.0,1959.0,586.0,58.749035200511635,30.604629631337495,2.4695139561994086,1.5485995401933104,1.0
148.0,175.0,8.0,6.166666666666668,374.0,13.631030293135234,14.316052888782677,13.300000000000002,30.355626976712568,31.71155032905364,22.005838928887215,23.386527671889265,254.46875,106.49356365625061,63.945514102205536,18.0,24.0,52.0,2028.0,8100.0,109.80157342657341,8751.0,9423.0,477.0,3022.0,841.0,70.46116610579104,36.9805639369923,2.464278185605733,1.4203998000052802,1.0
116.0,146.0,5.479166666666667,4.249999999999999,316.0,9.70936199668497,10.383560649918895,9.457142857142859,22.473622536522967,23.60075526090204,16.22561537561409,17.613176779634454,201.38924537037036,83.65670542407915,52.08997395724049,16.0,24.0,44.0,702.0,1978.0,71.89801587301588,3098.0,3400.0,250.0,1190.0,435.0,52.39862191721757,26.837123397471558,2.629282254806512,1.6310405295876675,1.0
188.0,237.0,11.437499999999998,6.604166666666667,546.0,15.081989562947797,15.970318553412692,14.292857142857148,34.38884867679961,37.86030399325939,25.907666273149115,27.903129646807507,297.04194907407407,137.8339138981383,89.77691166308165,40.0,72.0,76.0,2752.0,11666.0,140.99990148740147,11933.0,12893.0,659.0,4992.0,1188.0,83.2148534837807,41.031315800169835,2.672041921580779,1.3633365241995696,1.0
44.0,48.0,3.7222222222222223,2.4444444444444446,104.0,4.842535255101096,4.8272393461533625,4.7,9.748222136706314,10.277222888638047,7.140017497086775,7.25317076377454,78.765625,31.771348650164178,18.19348530673794,6.0,8.0,14.0,121.0,263.0,22.38333333333333,460.0,432.0,48.0,184.0,84.0,23.26134366049038,12.857278973510143,2.2143197433775357,2.239538805558814,1.0
70.0,75.0,8.645833333333332,3.75,192.0,7.314384914307627,7.060665705126412,6.719047619047619,13.887685153618989,16.27770835679654,11.250859782283355,11.103631831045362,97.06937037037036,52.588341889842845,33.46673765304631,22.0,42.0,26.0,465.0,1358.0,44.30952380952381,1620.0,1395.0,166.0,465.0,210.0,36.29969747644692,18.226315380264964,2.3256433654931836,4.353658005093869,1.0
122.0,145.0,8.25,5.0,320.0,10.969234250586762,11.42162569778276,10.500000000000002,24.128085990054903,25.979709953492833,17.9819778412503,19.008907208660112,197.21875,88.63645367718226,54.98809677296741,20.0,30.0,45.0,1065.0,3300.0,85.20912698412698,4410.0,4540.0,336.0,1733.0,552.0,57.45940096022399,29.158488621125493,2.467932574113899,1.8289498110179108,1.0
48.0,50.0,6.784722222222222,2.5,140.0,4.875227325552201,4.638596315198601,4.352380952380952,9.003990859101542,11.192286398099142,7.704993722322861,7.484298101740138,59.6851111111111,36.7465940010815,24.31375520796336,18.0,40.0,19.0,164.0,387.0,25.099999999999994,546.0,446.0,68.0,164.0,90.0,24.667855592844305,11.66046778707538,2.2437447046914687,3.7741214353860872,1.0
168.0,221.0,12.027777777777777,5.819444444444445,518.0,12.963233394208578,13.590765501322583,12.080952380952384,29.2491517255681,33.048547030784455,22.393977759725992,24.142213735171335,267.2420324074074,123.98503794541548,83.22461039434974,40.0,76.0,72.0,1670.0,5555.0,122.1433621933622,6968.0,7214.0,486.0,3180.0,868.0,72.88684851176102,35.275293180256256,2.723892353287569,1.7687957566101886,1.0
148.0,188.0,9.874999999999998,5.138888888888889,434.0,11.6812116558915,12.341731880283533,10.976190476190478,26.613085553435635,29.601240729060542,20.215137317251017,21.791807246128815,229.86486574074075,108.71633935087712,71.60586699066816,32.0,58.0,61.0,1261.0,4010.0,101.62665945165945,5342.0,5619.0,364.0,2512.0,698.0,65.05068439669559,31.25632750193851,2.6488067815517167,1.694693363743996,1.0
88.0,95.0,7.444444444444445,4.916666666666667,208.0,9.689401807851764,9.651400358068418,9.400000000000002,19.47220739677661,20.563509041474944,14.251525423472135,14.49525485634448,155.375,63.67368124650257,36.66781556436317,16.0,18.0,28.0,1050.0,4527.0,58.65401265401265,4058.0,3902.0,214.0,1275.0,374.0,46.49273630652344,25.293608473171588,2.234971487944329,2.0372128289016884,1.0
118.0,142.0,7.479166666666666,4.777777777777778,318.0,10.51487388368539,10.966630871873571,10.104761904761906,23.190312827470077,24.95385137588014,17.22220002143847,18.224135998965277,196.70124074074076,85.80205397080267,53.254927413896226,18.0,34.0,44.0,973.0,3087.0,79.38650793650794,4028.0,4136.0,292.0,1786.0,528.0,55.23172641943745,28.19155867614364,2.5636575108584405,1.7840719476820155,1.0
92.0,102.0,6.305555555555555,4.277777777777778,226.0,9.147867045540842,9.380384245463445,8.833333333333336,19.396035182486028,20.67030887673433,14.42986490843461,14.92642430402149,149.515625,66.75554917074145,39.67438827398266,16.0,22.0,31.0,850.0,3324.0,57.095357420357416,3498.0,3592.0,198.0,1210.0,368.0,45.92964872514813,24.196529137826086,2.2673182543444574,1.5715965276485198,1.0
84.0,102.0,4.798611111111111,2.3749999999999996,270.0,5.906725386731054,6.357516187174517,5.400000000000001,13.824669065578385,16.357803724497362,11.083357585591889,11.996049243798431,103.1111111111111,63.435194298241164,44.16870287401477,30.0,66.0,37.0,192.0,372.0,39.25,837.0,903.0,75.0,504.0,186.0,34.92342312276769,15.112570448922247,2.6060099476935843,2.0314966899206834,1.0
78.0,88.0,4.944444444444445,3.6944444444444438,190.0,7.792024997884274,8.010520919153112,7.600000000000001,16.626997519385945,17.400947245595994,12.08976496539261,12.607857560409988,134.765625,56.233083427694304,33.02410673410978,12.0,14.0,26.0,479.0,1493.0,45.66150793650793,1970.0,2018.0,136.0,649.0,244.0,38.97298460463859,20.816105687976716,2.2959294669452373,1.7101872321432694,1.0
122.0,146.0,7.729166666666666,5.097222222222221,326.0,11.041860550653997,11.477373637099207,10.63809523809524,24.195114499087286,25.90765462407841,17.85126840906689,18.89456613257853,203.54962037037035,88.66722175580938,54.87619560982519,22.0,34.0,45.0,1108.0,3619.0,84.1329365079365,4571.0,4677.0,343.0,1982.0,576.0,57.510590210075264,29.358674380113165,2.5522154325686213,1.782295760790252,1.0
132.0,161.0,4.638888888888889,4.8888888888888875,336.0,11.38214273316075,12.30223178931873,11.26666666666667,26.717142559585792,27.2886901662352,18.88968251943738,20.583690523511766,232.953125,94.31833829006177,56.76079580771274,14.0,14.0,47.0,1086.0,3475.0,86.35396825396825,4987.0,5717.0,359.0,2270.0,660.0,60.32137203149668,32.00942906387501,2.497212040956833,1.3568881714696792,1.0
144.0,177.0,9.17361111111111,5.152777777777777,404.0,11.775694130382417,12.457727538219588,11.152380952380957,26.774408843576584,29.416653284134906,20.20969595892602,21.68952428940889,223.79911574074077,105.38386093633969,67.99199368609958,28.0,50.0,57.0,1381.0,4812.0,97.48221500721502,5896.0,6235.0,358.0,2564.0,690.0,64.54708913906227,31.626430047511132,2.5782248983985836,1.5308647302144986,1.0
50.0,53.0,4.583333333333334,2.5,124.0,5.181540550352056,5.183281572999747,4.9,10.476851594032944,11.587825972095702,8.10634399227556,8.183113921381638,74.125,36.77699488278145,22.24483498974493,12.0,18.0,17.0,162.0,383.0,25.783333333333335,613.0,573.0,57.0,242.0,104.0,25.734799394708137,12.77950333650912,2.2262738379336042,2.225626873385675,1.0
72.0,83.0,7.347222222222221,2.895833333333333,220.0,6.249018565639892,6.256440223102123,5.635714285714286,12.774952310848311,15.497546414099729,10.647133947032902,10.803870025245947,96.0138148148148,54.5137193890974,36.62089099732863,22.0,54.0,30.0,280.0,668.0,39.483333333333334,1042.0,956.0,118.0,393.0,176.0,33.71155053802036,15.665935280559621,2.436764536783765,2.7125344026180667,1.0
86.0,95.0,5.444444444444445,4.111111111111111,206.0,8.75402019542349,8.985957054463526,8.533333333333333,18.57041798447505,19.474366886035767,13.613368327506883,14.08433774672507,146.140625,62.03902320913748,36.03067944372926,12.0,16.0,28.0,637.0,1982.0,54.36190476190477,2598.0,2636.0,206.0,803.0,312.0,43.51884798936668,23.10667702641989,2.303859704048618,1.8304496562006602,1.0
70.0,86.0,7.256944444444445,3.3055555555555562,202.0,6.491234937102165,6.438049837253075,6.038095238095238,13.174416212914126,14.923410235119299,10.13295479289933,10.488615834776347,111.92925,51.7619024308388,33.6646480757567,18.0,30.0,28.0,264.0,586.0,40.233333333333334,964.0,864.0,112.0,402.0,176.0,33.54015006728453,16.693896599977002,2.4843715297797626,2.925134809555381,1.0
86.0,102.0,8.256944444444445,4.291666666666667,234.0,8.484434885828627,8.432910225370588,8.023809523809524,17.160738181282664,18.934975212900298,12.980652589866638,13.32939069800578,142.97199999999998,63.106420302231186,39.40191206117858,20.0,30.0,32.0,563.0,1552.0,57.048809523809524,2086.0,1908.0,218.0,749.0,300.0,42.659880277091936,21.145141574573334,2.499140082394938,2.92654882270983,1.0
132.0,173.0,6.0625,4.291666666666666,374.0,10.125864216121359,11.016553811774347,9.790476190476191,24.328278282787174,25.741437235600024,17.578369571312006,19.46494954097226,223.94074999999998,95.35005591163493,61.31674671965487,20.0,28.0,53.0,712.0,1815.0,82.18690476190477,3227.0,3631.0,231.0,1790.0,517.0,56.80112775095884,28.425850505719115,2.706556669882999,1.651962062485454,1.0
136.0,178.0,6.3125,4.625,382.0,10.663869018582144,11.54111767646393,10.357142857142858,25.38485781769807,26.668017595160254,18.176086552757376,20.109789698216826,236.56574999999998,98.02939750443032,62.55281469715466,20.0,26.0,54.0,820.0,2181.0,87.40952380952382,3676.0,4088.0,262.0,1995.0,565.0,59.09078614498984,29.865300527795156,2.708672565295121,1.6358997593299038,1.0
192.0,241.0,14.048611111111109,7.256944444444444,560.0,15.891537294702106,16.522524617030168,14.926190476190477,35.11295117709051,39.154484499637476,26.743583716441428,28.496789851314677,300.1872037037037,141.28052907222414,92.46705336825046,44.0,78.0,78.0,3025.0,12011.0,155.62818292818292,12449.0,12714.0,773.0,5185.0,1265.0,86.49715366108282,42.15100979587398,2.6889250564261,1.6972520172877241,1.0
126.0,150.0,6.138888888888888,4.944444444444444,322.0,11.203509938206668,11.893983498854865,10.933333333333335,25.449193367154674,26.598091242993704,18.44179545225307,19.767193942584043,212.3125,90.74339867378688,55.103941558220356,18.0,22.0,45.0,1075.0,3398.0,85.8329365079365,4698.0,5116.0,318.0,1959.0,586.0,58.749035200511635,30.604629631337495,2.46951395619941,1.5485995401933104,1.0
214.0,253.0,12.194444444444443,9.277777777777779,540.0,19.999064895941075,20.875701537314953,19.53333333333334,44.0957835659203,45.965658293770076,31.755503951237813,33.748531640855624,374.484375,153.94319464580488,92.37068897944935,30.0,34.0,75.0,7258.0,48757.0,176.1859820434124,31267.0,33597.0,1039.0,11022.0,1944.0,102.44929444413678,54.145959723070355,2.4851394664549566,0.9972986534127402,1.0
162.0,191.0,9.812499999999996,6.388888888888888,432.0,14.325518406134815,15.021837048827832,13.752380952380955,31.838936685765454,34.35845421407554,23.76624911701404,25.166848348337826,260.6382361111111,118.01221048725155,73.36634708317672,28.0,50.0,60.0,2591.0,11542.0,119.23992673992674,10996.0,11623.0,602.0,4360.0,1026.0,75.60726620117362,38.36493355704129,2.501779632791804,1.3554144439549687,1.0
140.0,186.0,7.013888888888888,4.451388888888889,412.0,10.487835982917437,11.37010720236762,10.040476190476191,25.09129142725597,27.03147668122019,18.390100744125572,20.3309749447567,233.88345833333335,101.75395977916125,66.65716996469655,24.0,40.0,58.0,788.0,2007.0,89.10357142857143,3530.0,3924.0,268.0,1950.0,565.0,59.564633622623845,29.45129548656874,2.748131185973712,1.699909431555544,1.0
174.0,217.0,9.694444444444443,6.9444444444444455,460.0,15.087579955618686,15.941728700396384,14.700000000000003,34.27358771815157,35.768514296372366,24.45372599607152,26.538427275942098,309.28125,125.08973364920462,77.36192196720428,24.0,26.0,65.0,2495.0,9989.0,133.22767787767788,10760.0,11531.0,552.0,4774.0,1088.0,79.78896284063747,41.53686353616536,2.577826401210698,1.3717192243876022,1.0
130.0,155.0,6.388888888888888,5.277777777777778,330.0,11.741514740667453,12.418547363544452,11.500000000000004,26.505772902065566,27.52467160255393,19.039512433698437,20.412034099828606,224.9375,93.42274026658228,56.34000953572016,18.0,20.0,46.0,1217.0,3973.0,90.90436507936508,5278.0,5701.0,352.0,2178.0,636.0,61.03845865119737,32.11901874888302,2.472263115858617,1.546249981787265,1.0
110.0,138.0,5.138888888888889,4.111111111111111,290.0,9.292024997884273,9.96001066193629,9.1,21.62699751938594,22.40094724559599,15.382658184206061,16.799730264789797,195.109375,78.86050042566382,48.58045592021382,12.0,14.0,41.0,611.0,1684.0,66.7373015873016,2700.0,2961.0,162.0,1248.0,392.0,49.78623258760297,25.878346774042548,2.5891784949097887,1.62221913240816,1.0
144.0,168.0,10.111111111111109,6.222222222222222,372.0,13.384249150759292,13.826795654008315,12.833333333333336,28.96987451720332,31.14347375607094,21.557951861702914,22.642744243129428,233.828125,104.65763734488273,64.34000953572016,26.0,36.0,52.0,2069.0,8354.0,107.58993228993229,8498.0,8686.0,530.0,3153.0,850.0,69.08826117184907,35.35261984990793,2.4612980945655174,1.6470852902124389,1.0
136.0,169.0,7.7013888888888875,5.125,372.0,11.519711066238711,12.186236131382673,11.090476190476192,26.153895480798155,27.937379226298592,19.223293276985917,20.685973480231695,225.14387499999998,98.6523683108658,62.13202842516206,24.0,34.0,52.0,1077.0,3063.0,95.8702380952381,4611.0,4909.0,393.0,1796.0,621.0,61.84558247814813,31.3562332003406,2.616504696289536,1.7658065120273017,1.0
90.0,105.0,6.666666666666666,4.166666666666666,230.0,8.651397005390978,8.851581364770423,8.333333333333336,18.415627861865715,19.636928681914725,13.532488098467121,14.178584098323453,152.921875,65.23698034082645,39.67438827398266,16.0,20.0,32.0,586.0,1707.0,56.98134920634921,2344.0,2327.0,196.0,963.0,330.0,43.90551545483226,22.788648541847785,2.413594748465419,2.017426309511983,1.0
128.0,147.0,8.138888888888888,5.5,324.0,12.024877143252588,12.485735208391004,11.600000000000003,26.181244174723545,27.90749231975221,19.408121947441852,20.364910924029413,207.671875,92.82531330700438,56.275514433474186,22.0,30.0,45.0,1547.0,5856.0,89.95530303030301,6482.0,6774.0,426.0,2128.0,658.0,61.87263483209462,31.54595894342298,2.369630469204762,1.5729521034707816,1.0
126.0,157.0,13.98611111111111,4.208333333333334,440.0,9.334933866028123,9.33069964827337,7.985714285714288,19.263991744254696,25.367664750960216,17.132215518238265,17.53560909397527,153.4952962962964,97.28892130601251,70.29901498194606,46.0,126.0,60.0,830.0,2179.0,84.0,3004.0,2671.0,332.0,941.0,435.0,54.5711707875955,22.645863647704825,2.687892225109575,3.6419639065283564,1.0
36.0,34.0,4.611111111111111,2.583333333333333,78.0,4.770055610029662,4.524563864689584,4.566666666666666,8.654655746264211,9.390681974697982,6.582740630161286,6.301694406736943,62.75,26.308310197031492,14.307135789365267,6.0,10.0,10.0,158.0,453.0,19.678571428571427,542.0,461.0,42.0,158.0,72.0,21.516267721024597,11.342563639235419,1.9696155060244158,2.7731888559274704,1.0
48.0,51.0,3.9722222222222223,2.6666666666666665,112.0,5.32569850269549,5.313418246689416,5.166666666666667,10.707813930932858,11.31846434095736,7.8875643927932035,7.985867521329782,83.375,34.739810513972884,19.837194136991332,8.0,10.0,15.0,170.0,426.0,25.319047619047616,647.0,609.0,55.0,250.0,104.0,25.531546459714562,13.649147794968886,2.212233969134045,2.1216853093887456,1.0
110.0,125.0,5.555555555555555,4.972222222222221,264.0,10.826499840494924,11.288632535927306,10.666666666666668,23.66398437491715,24.360907799975823,16.999072319178563,17.864241228508856,194.15625,78.81577016125492,45.57388321059432,12.0,14.0,36.0,1243.0,5238.0,72.23583083583085,5342.0,5734.0,270.0,1939.0,534.0,54.30155697153072,29.40762185764971,2.351114274185554,1.3471411614290454,1.0
166.0,209.0,11.486111111111109,6.166666666666667,478.0,13.629900060875245,14.27454403543698,12.876190476190478,30.535690492130964,33.68252162700002,23.003124327477323,24.667357546674197,265.25549074074075,121.62902641570639,79.08457565528721,34.0,60.0,67.0,1913.0,6676.0,124.73232323232324,7954.0,8207.0,536.0,3584.0,930.0,74.40248312465305,36.20845052352757,2.653271001468865,1.7052327903407527,1.0
162.0,197.0,7.972222222222221,6.222222222222223,420.0,14.114193540729627,15.026976660710318,13.766666666666667,32.31521877093911,33.752791781372956,23.339172262220544,25.154500609854583,277.25,116.53309333192477,71.24607718195132,20.0,26.0,59.0,2187.0,8752.0,117.8024642024642,9728.0,10802.0,562.0,3729.0,986.0,74.73956228935722,38.8454498079242,2.497574972209869,1.2754154978355088,1.0
86.0,95.0,5.444444444444445,4.111111111111111,206.0,8.75402019542349,8.985957054463528,8.533333333333333,18.570417984475046,19.47436688603576,13.613368327506883,14.08433774672507,146.140625,62.03902320913748,36.03067944372927,12.0,16.0,28.0,724.0,2694.0,52.77987012987013,3000.0,3103.0,180.0,1027.0,330.0,43.43674786758629,23.115197727153888,2.264037480614405,1.5741456827286897,1.0
92.0,104.0,6.305555555555555,4.333333333333334,226.0,9.181540550352057,9.408026444391338,8.9,19.476851594032944,20.587825972095704,14.348984679394848,14.875244351284104,156.296875,66.47547969261645,39.215397738222066,12.0,18.0,31.0,684.0,2030.0,60.891666666666666,2760.0,2768.0,252.0,972.0,368.0,45.95095116355256,23.927926702102717,2.3751182025729354,2.013638980500644,1.0
168.0,221.0,12.027777777777777,5.819444444444444,518.0,12.96323339420858,13.590765501322581,12.080952380952384,29.249151725568108,33.04854703078446,22.393977759726,24.142213735171342,267.2420324074074,123.98503794541546,83.22461039434972,40.0,76.0,72.0,1670.0,5555.0,122.1433621933622,6968.0,7214.0,486.0,3180.0,868.0,72.88684851176103,35.275293180256256,2.7238923532875696,1.7687957566101882,1.0
112.0,136.0,6.618055555555555,4.694444444444445,298.0,10.159031836028822,10.596767545563239,9.871428571428572,22.421275164369995,23.684489744741803,16.29631364076957,17.319782817726875,197.95124074074076,80.93644247724788,49.43307299876953,14.0,26.0,41.0,840.0,2535.0,74.62896825396825,3489.0,3595.0,257.0,1596.0,482.0,52.74911600276566,27.460928839753805,2.5635280161892107,1.814488593774589,1.0
112.0,134.0,6.618055555555555,4.597222222222221,298.0,10.11000889807586,10.558382581409708,9.771428571428572,22.312917766165416,23.78513227381962,16.437054846693794,17.40763941803755,187.54962037037035,81.27135420141,49.996418802072,18.0,30.0,41.0,908.0,3009.0,72.55717893217893,3850.0,4070.0,278.0,1326.0,466.0,52.819174296805,27.51822750318752,2.528022130613256,1.6507733147137489,1.0
192.0,235.0,8.42361111111111,7.305555555555556,504.0,16.637796902843903,17.769084507264825,16.30476190476191,38.27388988176691,39.781378981036355,27.470524379521002,29.698826220426497,331.351125,138.11197657031047,84.42544388346941,26.0,34.0,70.0,3653.0,17867.0,145.98490675990675,16488.0,18588.0,742.0,5833.0,1352.0,88.1152158285901,45.773797150086466,2.5592810108357416,1.0553517853082162,1.0
124.0,147.0,7.888888888888888,5.416666666666667,316.0,11.613392202930193,12.051762371472428,11.266666666666667,25.359048326954817,26.71034832235449,18.470305022954484,19.518767589794805,214.46875,89.42769643311985,53.9946694825869,16.0,22.0,44.0,1215.0,3928.0,89.86944444444444,5013.0,5141.0,363.0,1956.0,602.0,59.53597129910195,31.02336269107336,2.4752998832630144,1.8206271705020138,1.0
98.0,124.0,6.229166666666667,3.638888888888889,278.0,8.068734004191674,8.499876224144614,7.690476190476192,18.262252879002745,19.83673669722078,13.547018165128957,14.613093231205104,161.37362037037036,71.44739890161486,46.01233343575554,20.0,30.0,39.0,467.0,1248.0,55.291666666666664,1957.0,2020.0,161.0,659.0,278.0,44.14943617542122,21.79183380380696,2.652603649377929,1.8091554953488105,1.0
116.0,132.0,6.416666666666666,5.138888888888888,284.0,11.220346690612276,11.683059726927224,10.966666666666669,24.489601572928127,25.55684979067439,17.815568900106285,18.706327785805275,197.53125,83.53229612285892,49.217592040847705,16.0,20.0,39.0,1416.0,6208.0,76.97026862026863,6041.0,6435.0,289.0,2216.0,582.0,56.79445794079597,30.18366134440268,2.3597817272902617,1.347017656818951,1.0
230.0,278.0,11.284722222222221,9.625,588.0,21.11335876136532,22.22439924946368,20.757142857142863,47.263633200377704,48.791741952118194,33.73243573886139,36.071078212650455,412.56575,164.91753915315326,98.59663956012285,26.0,32.0,81.0,7674.0,50068.0,195.4711023095449,33008.0,35260.0,1200.0,11722.0,2121.0,108.91087870347093,57.14459217036537,2.7118366788934245,1.0173011052069572,1.0
202.0,236.0,13.284722222222218,8.625,528.0,18.69070903055495,19.36289749444514,17.985714285714288,40.616197370725,43.580417086713005,30.149631010057544,31.687322354557118,332.4084907407408,146.86088872675583,90.07182851021015,34.0,56.0,73.0,5208.0,26511.0,172.81644629879924,21679.0,22491.0,1051.0,7849.0,1651.0,96.56607477620436,48.949614875378536,2.563323098445582,1.4375206536371932,1.0
146.0,174.0,10.652777777777777,5.777777777777778,412.0,12.653832317450075,13.096545699490715,11.938095238095242,27.558127643556077,30.697694069698578,21.075571172566985,22.186142432658123,225.4419814814815,107.55997756169036,69.04504597961305,32.0,64.0,57.0,1826.0,7273.0,105.21241813741813,7455.0,7551.0,431.0,3174.0,790.0,67.5027881025831,32.96346844428577,2.56155617832745,1.7067573939548946,1.0
94.0,109.0,4.555555555555555,3.972222222222222,232.0,8.826499840494924,9.288632535927308,8.666666666666666,19.66398437491715,20.360907799975827,14.170645194432371,15.035814103762668,162.15625,67.50206166227018,39.917028961101934,12.0,14.0,32.0,636.0,2070.0,56.30595238095238,2772.0,3015.0,172.0,1041.0,341.0,45.26578082431511,24.112994810915566,2.37565767064012,1.4935218383899842,1.0
208.0,273.0,11.749999999999998,7.055555555555555,618.0,16.114011301264874,17.19611646425014,15.347619047619053,37.42491484893208,40.80761029498331,27.74208347235942,30.287807136365817,344.8872870370371,151.92746905330682,99.63829575388252,42.0,72.0,86.0,2819.0,10480.0,163.6562271062271,12391.0,13564.0,751.0,5628.0,1355.0,90.06063360713895,44.50453281315686,2.747183279948442,1.4218293989291875,1.0
164.0,215.0,7.124999999999998,5.284722222222224,470.0,12.543478875583261,13.658961584367452,12.140476190476194,30.144449611924617,31.959259047479566,21.81624485031712,24.13646840290918,278.50845833333335,118.67074147034123,76.42986899944191,26.0,40.0,66.0,1356.0,4276.0,110.71352813852815,6215.0,7093.0,393.0,3158.0,837.0,70.82292589597076,34.22824245181464,2.7509556674250124,1.4264094926484696,1.0
160.0,211.0,6.874999999999999,5.034722222222223,462.0,12.043478875583261,13.158961584367454,11.640476190476193,29.14444961192461,30.959259047479563,21.109138069130573,23.42936162172263,270.50845833333335,115.84231434559506,75.0156554370688,26.0,40.0,65.0,1189.0,3548.0,105.4234126984127,5487.0,6305.0,345.0,2761.0,749.0,69.50851498393897,33.83935654337655,2.7513102923401034,1.4612837792605757,1.0
158.0,205.0,8.625,5.368055555555555,456.0,12.381682833034787,13.264534393367537,11.840476190476192,28.916908625266945,31.227418671918755,21.327917668612933,23.294381845612758,261.25845833333335,114.95576711500384,74.54351948206923,28.0,46.0,64.0,1379.0,4440.0,109.50999278499278,6003.0,6470.0,373.0,3085.0,782.0,68.89402035495442,33.82434685457745,2.7502214996075307,1.5566002525173794,1.0
78.0,89.0,4.944444444444445,3.7777777777777772,190.0,7.830029800345061,8.035084783842695,7.666666666666668,16.68357705429684,17.32752760515622,11.98037516565143,12.545590936468002,139.390625,56.08399789574351,32.84596114923647,12.0,12.0,26.0,460.0,1384.0,46.474603174603175,1876.0,1895.0,128.0,774.0,258.0,38.89887305709253,21.074495612751882,2.3548767521416885,1.799971405677668,1.0
84.0,97.0,3.4444444444444446,3.5277777777777772,204.0,7.915816237971964,8.380384245463445,7.833333333333335,17.797958971132715,18.206207261596578,12.687481946837979,13.51221074164839,147.390625,60.09714331498251,35.08860183635575,10.0,10.0,28.0,455.0,1369.0,47.55793650793651,2012.0,2221.0,120.0,796.0,269.0,40.483456403923235,21.67518600748869,2.361482684128165,1.4958644297885229,1.0
84.0,97.0,5.805555555555555,3.9166666666666665,210.0,8.21954535281284,8.432590309080922,7.966666666666668,17.53343112894384,18.51440633165593,12.825381317280574,13.398764164969025,144.921875,60.669539911173274,36.208825028602575,12.0,16.0,29.0,522.0,1543.0,51.54087301587302,2112.0,2116.0,168.0,838.0,292.0,41.40207714733089,21.979073077481075,2.383467812793532,1.8973464278734133,1.0
168.0,194.0,9.25,7.4444444444444455,414.0,16.135361590784804,16.812974554544365,15.8,35.33139010007655,36.720613593252494,25.51286326411853,26.910974906617394,292.3125,120.76668322615578,71.2974268649583,22.0,26.0,57.0,4032.0,23502.0,126.90686677873211,17321.0,18587.0,663.0,5553.0,1201.0,81.8740667456489,43.45605720955916,2.414931304567919,1.121721314886187,1.0
90.0,103.0,6.666666666666667,3.9999999999999996,230.0,8.57538740046941,8.802453635391254,8.200000000000001,18.30246879204393,19.78376796279427,13.751267697949478,14.303117346207427,143.671875,65.53515140472803,40.03067944372927,16.0,24.0,32.0,640.0,2058.0,55.19285714285714,2612.0,2656.0,190.0,828.0,312.0,43.969309246811335,22.38482934321572,2.3377501459694248,1.8005982711499329,1.0
160.0,192.0,7.36111111111111,6.250000000000001,408.0,14.186673185801064,15.10490727078251,13.900000000000006,32.40878516138121,33.639332695313016,23.31066269151913,25.0707007864821,275.09375,114.92506397319204,69.47557244983162,20.0,24.0,57.0,2647.0,13410.0,111.06738580047404,11870.0,13295.0,468.0,4039.0,955.0,74.59280193980581,38.72245783040218,2.481168193383692,1.0393991608694502,1.0
102.0,111.0,6.444444444444445,5.111111111111111,238.0,10.75402019542349,10.985957054463528,10.533333333333335,22.570417984475046,23.47436688603576,16.441795452253075,16.912764871471254,178.140625,73.3527317081222,41.68753369322164,12.0,16.0,32.0,1383.0,6430.0,68.05113497613499,5730.0,5931.0,280.0,1725.0,494.0,52.55463030678009,28.77100653630956,2.2283631590055735,1.4624378504140019,1.0
130.0,147.0,7.777777777777779,5.805555555555555,320.0,12.614193540729628,13.077486917927141,12.26666666666667,27.31521877093911,28.75279178137296,20.0462790434071,20.962627905474783,216.90625,93.90567633395526,55.68972799584728,20.0,26.0,44.0,2078.0,10331.0,90.24573522882346,8806.0,9318.0,386.0,3029.0,738.0,63.84561185832923,33.862411403483705,2.3283740996015463,1.291193661638199,1.0
228.0,291.0,13.0,8.291666666666666,658.0,18.599756515914166,19.67875348908722,17.809523809523814,42.360084843127865,45.85294468037868,31.310867554552843,33.849825518069444,377.6345416666667,166.33384686349632,107.16323958019845,44.0,76.0,91.0,4527.0,20500.0,190.24567140375962,19654.0,21261.0,1044.0,8308.0,1798.0,101.44072464189715,50.81629037812,2.764103792190272,1.3031282507579032,1.0
216.0,271.0,9.506944444444445,7.847222222222221,578.0,18.05851720649893,19.410759156701737,17.657142857142862,42.16664545969335,43.90640304487728,30.225411403630083,32.951570306251945,374.722,155.30716448755493,96.17585328813028,28.0,36.0,81.0,4040.0,18023.0,173.48573232323233,18165.0,20357.0,917.0,7602.0,1675.0,97.1922297852672,50.35407827523351,2.712653881186404,1.1488356455458464,1.0
68.0,77.0,3.8333333333333335,3.222222222222222,162.0,6.877010097711746,7.105350962927559,6.7666666666666675,14.785208992237525,15.237183443017884,10.635111288499633,11.095340869500316,122.15625,48.69718113423243,27.914834658476302,6.0,8.0,22.0,307.0,816.0,38.42976190476191,1282.0,1335.0,112.0,505.0,198.0,34.115628104358564,18.814625057107392,2.307250371348215,1.8179762710410503,1.0
40.0,43.0,3.4722222222222223,2.1111111111111107,96.0,4.304530452640311,4.302675481463779,4.133333333333333,8.691642601795419,9.350642529077819,6.542300515641405,6.60833060652998,66.140625,29.09200705736879,16.95741732923815,6.0,10.0,13.0,88.0,176.0,19.15,335.0,315.0,35.0,142.0,66.0,20.971923394025076,11.189957230158049,2.193993277712657,2.2283621149350434,1.0
58.0,65.0,5.083333333333334,3.222222222222222,140.0,6.291223660084841,6.260051501306811,6.100000000000001,12.67082707540165,13.358503786577526,9.220897726126537,9.421614283133376,106.15625,41.85560859024724,24.25798040898392,8.0,10.0,19.0,252.0,635.0,33.452380952380956,955.0,895.0,97.0,342.0,150.0,30.333306867925078,16.383376869909686,2.2784136094964467,2.3830663406642363,1.0
116.0,138.0,7.388888888888888,4.833333333333333,300.0,10.575387400469408,11.027198506782844,10.2,23.30246879204392,24.783767962794265,17.165481260322572,18.166820651363693,193.84375,83.91992771557827,51.34438794271402,16.0,24.0,42.0,954.0,2924.0,79.52460317460319,3977.0,4123.0,299.0,1579.0,506.0,54.9662784516545,28.47473695370805,2.466538688290488,1.7984200671186878,1.0
84.0,90.0,10.006944444444443,4.416666666666666,228.0,8.70823176442498,8.45509289612633,8.019047619047619,16.71330235162997,19.47365034749511,13.481569925584177,13.359931950714877,116.44437037037036,62.9617221009392,39.93887360804588,26.0,48.0,31.0,774.0,2627.0,56.67857142857143,2754.0,2430.0,234.0,774.0,306.0,43.351531929982485,21.56754516828464,2.329687510732642,4.413042245789345,1.0
94.0,106.0,5.944444444444445,4.805555555555555,222.0,9.846866552750667,10.048905883306643,9.7,20.723985260070297,21.286286152836905,14.768362175877742,15.348428084845501,174.78125,67.25767165566577,38.273320130848546,10.0,10.0,30.0,834.0,2711.0,63.99563492063493,3368.0,3385.0,268.0,1164.0,408.0,48.0267994870098,26.307742672200618,2.3302084413813886,1.9026166103126383,1.0
86.0,100.0,6.416666666666666,3.777777777777778,222.0,8.092224152875016,8.3162747348552,7.733333333333333,17.34287699781738,18.742526510474953,13.003720802243048,13.570420588652187,139.0625,62.56668954091935,38.38697061347588,14.0,22.0,31.0,511.0,1478.0,52.05238095238096,2047.0,2033.0,167.0,717.0,277.0,41.700213401227785,21.275373461242673,2.405945992465657,1.9581820532704177,1.0
194.0,248.0,9.937499999999998,6.618055555555556,560.0,15.288590459230596,16.394449220984683,14.67380952380953,35.686647229999636,38.50715975059943,26.267332982891006,28.670601841678703,319.87419907407406,141.36899334911732,91.40470585965151,36.0,64.0,78.0,2800.0,12211.0,141.64144605394603,12483.0,13867.0,587.0,5527.0,1211.0,84.83494889884682,42.216112231945885,2.6542900893526475,1.2045729469174373,1.0
86.0,97.0,5.444444444444445,4.222222222222222,206.0,8.808861750289882,9.024342018617059,8.633333333333335,18.6674057251594,19.35970579327668,13.463538413245825,13.996481146414393,154.15625,61.749902938124194,35.623038590975675,10.0,12.0,28.0,619.0,1890.0,55.26269841269841,2508.0,2527.0,210.0,922.0,330.0,43.457809666514244,23.492675593751162,2.3467157241614984,1.8994533347239406,1.0
96.0,114.0,5.166666666666667,3.944444444444444,244.0,8.75402019542349,9.210701925855117,8.533333333333335,19.570417984475046,20.47436688603576,14.19915476513379,15.119613927135152,164.3125,69.11009102100296,41.68753369322164,12.0,16.0,34.0,555.0,1530.0,59.02619047619048,2374.0,2528.0,190.0,1081.0,360.0,45.41949445512236,23.92096901883053,2.4581220634508347,1.7387545195705556,1.0
88.0,98.0,5.083333333333334,4.555555555555555,202.0,9.415014900172531,9.629914827617142,9.333333333333332,19.84178852714842,20.16376380257811,14.061255394691194,14.56860815149107,166.78125,62.6902312260126,34.80775688546847,6.0,6.0,27.0,909.0,3843.0,55.608438783438785,3724.0,3783.0,184.0,1124.0,346.0,45.610285946091246,24.747001386861573,2.3876697981773525,1.4836409517457525,1.0
24.0,22.0,4.3125,1.375,76.0,2.560660171779821,2.3272393461533625,2.1999999999999997,4.285618083164127,5.871320343559642,4.012289773726411,3.717636857841802,23.11111111111111,19.077520809352354,13.16227766016838,12.0,32.0,10.0,28.0,44.0,9.500000000000002,82.0,57.0,18.0,28.0,20.0,12.823409519949188,5.818625822352818,2.074313293051943,3.168489872670569,1.0
106.0,133.0,4.368055555555555,3.805555555555555,288.0,8.794460309943371,9.466630871873571,8.604761904761904,20.56949730107631,21.461712633379843,14.754532861981628,16.102815655405635,181.80425,76.40680389659512,47.56633731499399,16.0,22.0,40.0,499.0,1242.0,62.7952380952381,2240.0,2501.0,174.0,1250.0,384.0,47.4255229476156,24.54421238888134,2.5934238990736644,1.7004709917522471,1.0
126.0,165.0,5.201388888888889,4.097222222222222,354.0,9.715180613598399,10.608305521310482,9.457142857142857,23.46225287900274,24.58673669722078,16.80231310490416,18.648452960044537,217.17512499999998,90.77356468909342,57.90253315728178,18.0,24.0,50.0,620.0,1524.0,76.55952380952382,2847.0,3248.0,209.0,1568.0,470.0,54.29765716000291,27.252056901160255,2.698706413313122,1.6562594932837844,1.0
100.0,117.0,5.416666666666666,4.166666666666666,252.0,9.237183443017884,9.696880826391169,9.000000000000002,20.530009778701594,21.51560833835508,14.946701660840217,15.852310684690394,168.921875,72.07855288481163,43.33124252347503,14.0,18.0,35.0,643.0,1821.0,63.846428571428575,2741.0,2910.0,211.0,1104.0,377.0,47.670850487586975,24.93898234583766,2.4284532504536767,1.7450793869237484,1.0
170.0,214.0,9.444444444444443,6.666666666666667,452.0,14.583248657969119,15.444807034634692,14.200000000000005,33.29782459478759,34.75945103217351,23.7751287855864,25.842407165960157,303.4375,122.13032257828422,75.66686345394393,20.0,24.0,64.0,2155.0,7861.0,129.59231601731602,9349.0,10092.0,601.0,3761.0,1015.0,77.60514079870428,39.888682831690105,2.587320728583506,1.4457387359316034,1.0
112.0,130.0,6.166666666666666,4.944444444444444,276.0,10.75402019542349,11.210701925855117,10.533333333333335,23.570417984475046,24.474366886035767,17.02758188987998,17.94804105188134,196.3125,80.42379951998771,47.34438794271401,12.0,16.0,38.0,1043.0,3557.0,76.75317460317461,4370.0,4546.0,296.0,1578.0,497.0,54.52018705706472,28.75912036446522,2.4474193824787696,1.6460033357725334,1.0
138.0,168.0,5.499999999999999,5.055555555555556,356.0,11.775989583278102,12.696658980318647,11.56666666666667,27.542759757596773,28.484632156933763,19.7061791003651,21.42577708080819,236.328125,99.0348642516658,60.40450463796613,18.0,20.0,50.0,1216.0,3968.0,91.91428571428571,5528.0,6270.0,396.0,2510.0,714.0,62.81451344956471,33.059780712546136,2.5047674270520606,1.3658254736526492,1.0
172.0,208.0,9.083333333333334,6.6388888888888875,448.0,15.008040390846984,15.921403851710235,14.566666666666674,34.14083596895009,35.94873377207152,24.86277562433483,26.703693948337555,288.625,124.07804641827501,76.3039995745778,24.0,32.0,63.0,3047.0,15411.0,124.32609416727064,13501.0,14936.0,563.0,5120.0,1121.0,79.50864219808211,40.93361694061112,2.4667402701727927,1.090233292669559,1.0
124.0,149.0,5.527777777777777,5.083333333333333,310.0,11.343336592900531,12.027198506782844,11.200000000000001,25.70439258069061,26.319666347656508,18.251525423472128,19.58103421373679,223.71875,88.57523035880409,52.41545575457948,10.0,12.0,43.0,1175.0,4175.0,83.29577922077922,5166.0,5665.0,324.0,1946.0,598.0,58.66081105841269,31.43750954627858,2.4932571824729117,1.4162821606121911,1.0
36.0,35.0,4.611111111111111,2.6666666666666665,78.0,4.8080604124904465,4.549127729379167,4.633333333333334,8.711235281175108,9.317262334258208,6.473350830420108,6.239427782794957,67.375,26.159224665080703,14.128990204491963,6.0,8.0,10.0,153.0,423.0,19.88690476190476,522.0,441.0,44.0,153.0,72.0,21.525871791866034,11.937511186490086,2.0065936183460162,2.8861627976234385,1.0
116.0,143.0,5.027777777777778,4.694444444444445,294.0,10.398178147766922,11.065583470936375,10.3,23.80138032137496,24.205005254897422,16.687481946837977,18.078964051053017,215.734375,82.6292558382984,49.179387777079725,8.0,8.0,41.0,842.0,2539.0,74.77738095238095,3683.0,3993.0,263.0,1391.0,475.0,55.506389940487416,28.689879516325462,2.5947279579690483,1.557546509624273,1.0
182.0,213.0,9.222222222222221,7.3611111111111125,460.0,16.5468465311072,17.47169226285453,16.13333333333334,37.15358594784528,38.91775759065021,27.036466626232805,28.792394421262095,303.6875,131.23536791190577,79.23512606533794,28.0,34.0,64.0,3745.0,18176.0,139.85248362748365,16421.0,17975.0,805.0,5766.0,1336.0,86.08733058912391,44.94692223677879,2.407498468175934,1.1618632929063664,1.0
98.0,112.0,7.618055555555555,4.055555555555555,268.0,8.876028663351637,9.113810604436491,8.352380952380953,18.960161303085837,21.234729857117614,14.69518130514858,15.241351465359568,146.46636111111115,72.33727227412497,45.80780359444707,22.0,44.0,37.0,744.0,2532.0,60.422222222222224,2982.0,2968.0,194.0,1200.0,368.0,46.600270952344495,23.36441581265671,2.3776035807968587,1.8398537396410795,1.0
102.0,123.0,6.027777777777778,4.166666666666667,264.0,9.181540550352057,9.632771315782927,8.900000000000002,20.47685159403294,21.5878259720957,14.934771117021754,15.910520531694187,174.46875,73.54654750448194,44.87225198771445,12.0,18.0,37.0,593.0,1530.0,65.96190476190476,2506.0,2633.0,198.0,1052.0,368.0,47.915646630072736,24.69184104206088,2.484579097525306,1.8990390359365503,1.0
94.0,105.0,6.395833333333334,4.208333333333332,244.0,9.077316827624756,9.311135122972715,8.719047619047622,19.25714904377019,20.87006876435852,14.50775311184927,14.996981889508522,149.93974074074072,68.7469007926207,41.73401327711565,18.0,34.0,33.0,756.0,2575.0,59.33694083694084,3110.0,3192.0,232.0,1044.0,368.0,46.16309649926012,23.77539208559803,2.342849490865801,1.7861979297959496,1.0
52.0,57.0,5.194444444444445,2.4444444444444446,136.0,5.092224152875016,5.091529863463611,4.733333333333333,10.342876997817383,11.742526510474955,8.175293677496857,8.292503721122818,72.890625,38.52505898057673,24.244834989744927,14.0,22.0,19.0,157.0,359.0,26.15,584.0,534.0,58.0,179.0,94.0,26.046157690227062,12.508549375509514,2.3191235538416626,2.3420176614273256,1.0
160.0,207.0,11.076388888888888,5.659722222222222,480.0,12.598024977553969,13.233670235030337,11.82619047619048,28.47308643858878,31.77661908192162,21.584145356990074,23.277082830789116,255.82319907407407,117.65955007213634,77.95286294532934,34.0,66.0,67.0,1517.0,4912.0,115.13019480519482,6360.0,6617.0,430.0,2471.0,750.0,70.18492471385233,33.859699921506824,2.6742870413665525,1.746759552932486,1.0
82.0,95.0,6.166666666666667,3.5000000000000004,214.0,7.575387400469409,7.802453635391253,7.200000000000001,16.30246879204393,17.78376796279427,12.337054135576382,12.888903783834332,127.671875,59.87829715523566,37.202252318983085,16.0,24.0,30.0,439.0,1251.0,47.42619047619048,1767.0,1758.0,141.0,618.0,241.0,39.413889009677945,19.876723157683614,2.424336671357826,1.9073362345957412,1.0
114.0,134.0,6.777777777777777,4.888888888888888,288.0,10.66470379794645,11.11895021631898,10.366666666666669,23.436443388259484,24.629067424415013,17.096531575101274,18.05743085162252,195.078125,82.17186361778299,49.34438794271402,14.0,20.0,40.0,992.0,3169.0,78.13253968253969,4148.0,4306.0,302.0,1527.0,497.0,54.74287282929112,28.67055489111837,2.449560766754273,1.7240624830446662,1.0
156.0,186.0,9.472222222222221,6.277777777777778,406.0,13.935560745775549,14.618728370246457,13.433333333333337,31.047269578507983,33.06219285813146,22.891285195036243,24.33800402892686,256.609375,112.9581537156499,69.58922293245894,24.0,34.0,57.0,2190.0,8703.0,116.19766344766344,9273.0,9763.0,573.0,3305.0,919.0,73.2098853602314,37.40738960130024,2.5426052947541553,1.4734593857169411,1.0
146.0,183.0,6.972222222222221,5.2777777777777795,388.0,12.147867045540842,13.054618859638214,11.833333333333336,28.39603518248602,29.670308876734325,20.429864908434602,22.274893532371017,252.03125,104.93931535481507,65.13023239669836,16.0,22.0,55.0,1365.0,4682.0,97.85205627705628,6139.0,6878.0,377.0,2252.0,695.0,67.09960746697297,33.39061383334276,2.5785141832280076,1.3770109855866701,1.0
172.0,206.0,8.562499999999998,6.666666666666667,454.0,15.036956484970935,15.940828104517333,14.619047619047624,34.10031789229356,35.98883782183404,24.834115863489938,26.653775062878804,285.7412453703704,124.498109341682,76.80017447914695,30.0,42.0,63.0,3104.0,16019.0,123.02047560282855,13752.0,15207.0,548.0,4867.0,1089.0,79.59118973105399,41.322728914968444,2.4637952993070202,1.0775470928497486,1.0
132.0,157.0,7.0,5.111111111111112,342.0,11.59735678832402,12.288410689854782,11.233333333333336,26.27481056516565,27.79403323369227,19.258292033180794,20.609280499880462,215.6875,95.45992463539089,58.74765038847376,22.0,28.0,48.0,1361.0,5005.0,86.53546176046177,5998.0,6596.0,388.0,2090.0,648.0,62.65014892701458,31.85946356214251,2.4273084673604273,1.3630652942752213,1.0
150.0,172.0,7.638888888888889,6.388888888888888,370.0,14.169836433395455,14.866341299926972,13.86666666666667,31.368376955607754,32.680574147632335,22.76531636841211,24.06101458244071,253.53125,107.994030900389,64.04821346821952,22.0,26.0,51.0,2780.0,14751.0,107.05474688709984,12128.0,13210.0,476.0,4348.0,966.0,72.42122834997487,38.471240936665836,2.3650241571964288,1.1208879026567147,1.0
42.0,45.0,4.083333333333334,2.0,108.0,4.181540550352056,4.183281572999747,3.9,8.476851594032942,9.587825972095702,6.692130429902464,6.768900359008543,58.125,31.12014063328907,19.41640786499874,12.0,18.0,15.0,84.0,159.0,19.5,315.0,291.0,27.0,144.0,66.0,21.17608116869581,10.128990204491958,2.23606797749979,2.340851616437875,1.0
180.0,229.0,13.298611111111109,6.42361111111111,536.0,14.35775057645996,15.006642239922044,13.378571428571432,32.094471473841836,36.212246229220206,24.71957243866104,26.424493893811576,276.3815740740741,132.78931641013264,88.09776778350484,42.0,78.0,75.0,2357.0,9003.0,137.2665556665557,9771.0,10051.0,605.0,4203.0,1057.0,79.66206594794502,38.462544988832725,2.6958324839166887,1.675489566668161,1.0
52.0,55.0,4.222222222222222,2.916666666666667,120.0,5.82569850269549,5.813418246689416,5.666666666666667,11.707813930932858,12.318464340957362,8.594671173979751,8.692974302516328,91.375,37.56823763871907,21.251407699364425,8.0,10.0,16.0,221.0,592.0,28.653571428571425,848.0,806.0,72.0,302.0,126.0,27.81067323970777,14.742863149726475,2.191332411069767,2.106687881520867,1.0
128.0,150.0,5.777777777777777,5.25,318.0,11.79282633568371,12.485735208391002,11.600000000000001,26.583167963370233,27.443390704614455,19.07995254821832,20.364910924029417,221.546875,91.8237617007378,54.51815512059345,16.0,18.0,44.0,1445.0,5764.0,85.3219918969919,6391.0,7056.0,355.0,2286.0,649.0,60.905980130400586,32.24069012919604,2.3854838739793376,1.2728746338673937,1.0
194.0,237.0,9.034722222222221,7.222222222222222,516.0,16.528407103102722,17.65996982256577,16.10000000000001,38.08645493726736,39.99543246849224,27.58181294933983,29.834700495938577,325.25,140.07849140141548,86.72361494737103,28.0,42.0,72.0,3417.0,15347.0,148.14080364080363,15344.0,17205.0,812.0,5412.0,1352.0,88.41873269070493,45.5010864093353,2.5462248748927316,1.1507557130907884,1.0
192.0,224.0,12.625,7.666666666666668,522.0,17.04848050536686,17.74144230833693,16.238095238095244,37.33991528555135,40.9360795194156,28.29646889869351,29.75000617316389,297.42635648148155,140.79611398447236,88.52594894685775,40.0,74.0,72.0,4625.0,25384.0,150.27494776465363,19510.0,20539.0,844.0,6914.0,1458.0,89.94319899095979,45.34256075690221,2.4623439849445847,1.252811272018982,1.0
60.0,63.0,8.055555555555555,3.2222222222222223,158.0,6.341111712849501,6.105350962927558,5.766666666666667,11.981361414944157,14.165386673293394,9.877236524573608,9.68112730712722,78.40625,45.04343009727317,28.60112615949154,18.0,32.0,22.0,333.0,945.0,35.80476190476191,1150.0,981.0,116.0,333.0,156.0,31.497004274538558,15.099638984349662,2.236067977499789,3.960992030600483,1.0
160.0,208.0,8.26388888888889,5.826388888888889,452.0,13.048496154697256,13.908492166521151,12.64047619047619,30.176909510420096,31.902797024779833,21.766716027460408,23.77865225037875,279.51308796296297,115.6527665850277,73.4763018743573,24.0,36.0,63.0,1518.0,4918.0,115.40642135642136,6559.0,7017.0,459.0,3148.0,841.0,70.98161946658217,35.88395796110961,2.757497908442297,1.5805760999426028,1.0
70.0,80.0,6.736111111111111,3.166666666666667,208.0,6.433598840268729,6.401726150743722,5.9523809523809526,13.006189362329712,15.165565454080088,10.314641247586696,10.553038025399184,100.9351111111111,52.59795345227124,34.55522499588328,22.0,48.0,28.0,300.0,784.0,38.590476190476195,1114.0,1020.0,86.0,447.0,176.0,33.496596183825986,16.61040966310269,2.3906473030757023,2.5295631487799697,1.0
116.0,139.0,5.027777777777777,4.527777777777778,294.0,10.309663088089316,10.99955630785495,10.133333333333336,23.62357616914369,24.40214925229514,16.9181920901388,18.218000604101082,200.9375,83.19844558743672,50.04601916559389,14.0,16.0,41.0,847.0,2586.0,75.06785714285715,3756.0,4151.0,254.0,1474.0,477.0,54.06107943589039,28.291179742535164,2.4701044324788857,1.5207188028320178,1.0
118.0,140.0,4.666666666666666,4.861111111111111,290.0,10.915816237971963,11.605129116855034,10.833333333333336,24.79795897113271,25.206207261596575,17.51590907158417,18.790127609177755,213.5625,84.1387738753251,49.23073746008667,10.0,10.0,40.0,991.0,3174.0,78.83293650793652,4386.0,4843.0,300.0,1911.0,574.0,56.059770524652095,30.469152924257592,2.4618758795512727,1.4799734028809013,1.0
164.0,198.0,7.611111111111111,6.5555555555555545,416.0,14.720346690612278,15.632549469710403,14.46666666666667,33.48960157292812,34.55684979067439,23.936889243665917,25.72662761493126,289.875,117.47342161981318,70.43079547644413,16.0,20.0,58.0,2982.0,15853.0,115.47450409068057,13377.0,14990.0,487.0,4312.0,998.0,76.89572196022854,40.51622117814197,2.485071915707566,1.0069007600977853,1.0
142.0,167.0,7.138888888888888,6.027777777777779,354.0,13.241514740667453,13.918547363544452,13.000000000000002,29.505772902065566,30.52467160255393,21.160832777258076,22.533354443388248,248.9375,101.90802164082086,60.58265022283942,18.0,20.0,49.0,2000.0,8675.0,101.2773976023976,8622.0,9260.0,468.0,3418.0,840.0,67.89555861844626,35.882237397909996,2.4851363649087883,1.2979511955651177,1.0
164.0,180.0,18.756944444444443,6.833333333333332,508.0,14.511308339366304,14.300268581891693,12.876190476190482,28.71349464436225,35.985377629602304,24.725561440834348,24.697004299981078,193.2404444444445,125.75083556892444,85.67244190202102,60.0,148.0,69.0,3152.0,13006.0,132.57142857142856,11552.0,10528.0,824.0,3152.0,992.0,77.8824083776176,35.773238945081545,2.3781174028104317,5.896412223419496,1.0
58.0,61.0,5.083333333333334,3.0000000000000004,140.0,6.181540550352057,6.183281572999748,5.9,12.476851594032945,13.587825972095704,9.520557554648656,9.597327483754734,90.125,42.43384913227383,25.07326211449112,12.0,18.0,19.0,276.0,774.0,32.43095238095238,1059.0,1007.0,89.0,366.0,150.0,30.29351136727473,15.42102367974434,2.2017627176929344,2.140440356712545,1.0
134.0,163.0,7.090277777777778,5.125,360.0,11.576335393264646,12.255485253873404,11.204761904761906,26.232101354618493,27.86761517845824,19.225041856920097,20.615415894744658,222.94024537037035,97.10777286563905,60.35490427444425,22.0,34.0,50.0,1328.0,4954.0,89.49737762237761,5796.0,6307.0,316.0,2634.0,670.0,61.527302508052074,31.79202793463908,2.573825742099945,1.4158069923171182,1.0
68.0,75.0,6.194444444444445,3.555555555555556,168.0,7.147065707741408,7.129914827617143,6.833333333333334,14.439864738501738,15.627865417715867,10.85389088798199,11.033074245558328,112.90625,49.549647208548194,29.49404838648371,12.0,18.0,23.0,378.0,1044.0,41.38095238095238,1433.0,1345.0,139.0,486.0,204.0,35.096189068330126,17.99897360856554,2.2986948188356955,2.4452697577263374,1.0
64.0,73.0,3.583333333333333,2.9722222222222223,154.0,6.377010097711745,6.605350962927558,6.266666666666667,13.785208992237521,14.237183443017882,9.928004507313085,10.388234088313768,114.15625,45.86875400948624,26.50062109610321,6.0,8.0,21.0,240.0,583.0,34.892857142857146,1002.0,1042.0,92.0,426.0,170.0,31.83672939563383,17.150521478676232,2.3265270743081565,1.8848310500604202,1.0
52.0,55.0,4.222222222222222,2.9166666666666665,120.0,5.825698502695489,5.813418246689415,5.666666666666667,11.707813930932858,12.318464340957362,8.594671173979751,8.69297430251633,91.375,37.56823763871907,21.251407699364428,8.0,10.0,16.0,226.0,621.0,28.463095238095235,870.0,830.0,70.0,307.0,126.0,27.81022379669396,15.354432750391982,2.1725648144889274,2.045533324704611,1.0
72.0,85.0,5.055555555555555,3.1111111111111116,186.0,6.698377302757664,6.921847543855285,6.433333333333334,14.517259799806403,15.546584519776388,10.773010658942226,11.31412046898267,119.6875,52.19330932982299,31.914834658476302,10.0,16.0,26.0,289.0,721.0,39.51904761904762,1180.0,1196.0,106.0,424.0,184.0,34.65426138929708,18.21181532600101,2.4232152462965,1.9661609950437497,1.0
78.0,88.0,4.944444444444445,3.6388888888888893,190.0,7.770856947829097,7.999778153927474,7.566666666666666,16.610826190248506,17.433125433716448,12.158714650613906,12.644534207983284,133.53125,56.24213422058259,32.97275705110279,10.0,14.0,26.0,447.0,1283.0,46.69404761904762,1834.0,1873.0,152.0,702.0,260.0,38.88856683698793,20.516821628209755,2.326846269604654,1.8453101471439093,1.0
102.0,124.0,5.506944444444445,4.208333333333333,270.0,9.232017366004007,9.672636877991252,8.99047619047619,20.502661084776197,21.54549524490146,14.883193333943925,15.845203841669134,176.22199999999998,73.6629672015538,44.945115828043626,16.0,22.0,37.0,617.0,1665.0,64.89880952380952,2612.0,2752.0,250.0,951.0,382.0,48.05551058341551,25.111326943360595,2.549742982485377,1.8491347541007206,1.0
98.0,120.0,7.618055555555555,4.416666666666667,268.0,9.063714582173601,9.240725318716855,8.67142857142857,19.267982603356224,20.809951149059362,14.225765565757559,14.975626097746686,167.944875,71.36707650770244,44.62206540499484,18.0,28.0,37.0,628.0,1736.0,64.01071428571429,2496.0,2460.0,226.0,1020.0,368.0,46.68480461956409,23.687223511746854,2.5185160477505746,2.213256474215517,1.0
106.0,121.0,5.305555555555555,4.722222222222221,256.0,10.326499840494924,10.788632535927308,10.166666666666668,22.663984374917153,23.360907799975827,16.291965537992017,17.157134447322306,186.15625,75.98734303650872,44.15966964822121,12.0,14.0,35.0,1056.0,4171.0,68.5041958041958,4545.0,4885.0,235.0,1710.0,488.0,52.02151605158253,28.1461194690551,2.339749623799379,1.3917163770960639,1.0
92.0,109.0,6.756944444444445,4.083333333333333,248.0,8.58135267237864,8.780270964635513,8.204761904761906,18.26456125311398,19.811153155758515,13.639979128130653,14.272576093498333,149.773,67.21974029523676,41.84498796325565,20.0,30.0,34.0,556.0,1524.0,58.21666666666667,2218.0,2195.0,214.0,890.0,330.0,44.151139569117404,22.438479927308233,2.481581221396181,2.1420860858017203,1.0
94.0,105.0,6.916666666666666,4.194444444444445,238.0,9.041713895658194,9.274811436463361,8.633333333333335,19.22165238049701,20.866250867432896,14.539254708175788,15.061404080131362,144.890625,68.64364800759923,41.90388354186294,20.0,28.0,33.0,813.0,3049.0,58.14502164502165,3297.0,3327.0,183.0,1111.0,349.0,46.22814166911701,23.6658623028938,2.323597539455756,1.6725908834787133,1.0
126.0,147.0,5.166666666666667,5.333333333333332,306.0,11.898979485566356,12.591308017391087,11.8,26.757550765359255,27.247448713915887,18.97056274847714,20.229931147919544,226.171875,89.93566286387997,52.28865985271315,12.0,12.0,42.0,1364.0,5038.0,86.52712842712842,6004.0,6597.0,368.0,2408.0,676.0,60.608160131618014,32.97271869810215,2.435248202571487,1.3651853397076792,1.0
152.0,179.0,8.25,6.472222222222223,382.0,14.152198343190411,14.826795654008315,13.833333333333336,31.371798305850003,32.67937214093318,22.643996024852466,24.05695780550252,263.703125,109.3129399881085,65.4110773475856,20.0,24.0,53.0,2410.0,10772.0,112.3226578976579,10276.0,10914.0,554.0,4062.0,962.0,72.67788627979155,38.208709592792644,2.4923777759732304,1.3249956700653602,1.0
126.0,147.0,7.006944444444445,5.666666666666666,318.0,12.20936199668497,12.658815778527304,11.957142857142857,26.473622536522967,27.600755260902044,19.175362843919917,20.11343450515711,223.21737037037036,90.72777323594458,53.50418751961358,16.0,24.0,43.0,1544.0,5946.0,90.7237012987013,6527.0,6889.0,457.0,2138.0,684.0,61.62901983493606,33.155628620178064,2.4724866787307334,1.5796066065528782,1.0
122.0,147.0,5.888888888888889,4.722222222222221,314.0,10.720346690612274,11.407804598318814,10.466666666666667,24.489601572928127,25.55684979067439,17.69424855654664,19.03449718502881,207.703125,87.7749368099782,53.460232727966996,16.0,20.0,44.0,1039.0,3632.0,78.78304473304475,4590.0,5055.0,264.0,2141.0,570.0,56.49764140615747,29.59102422564768,2.4855091226973385,1.4090882989826135,1.0
240.0,273.0,15.173611111111107,11.194444444444446,596.0,23.790062129164053,24.46333069156274,23.171428571428574,50.77690214108256,53.39604007379543,37.13057969440294,38.63575812879594,416.07624074074073,173.28787050976752,102.06487860199026,32.0,50.0,81.0,13734.0,123925.0,210.91577865152,56868.0,58662.0,1452.0,18168.0,2622.0,119.1628974829404,62.71720538326439,2.510181763048275,1.0341734668520408,1.0
100.0,123.0,6.388888888888889,3.916666666666667,268.0,8.613392202930193,9.051762371472428,8.266666666666667,19.35904832695482,20.710348322354495,14.227664335835204,15.276126902675525,166.46875,72.45713368464273,45.50938810834835,16.0,22.0,38.0,540.0,1466.0,60.18452380952381,2274.0,2375.0,158.0,982.0,333.0,45.9690783082961,23.32990900506835,2.5332175070528677,1.8059779674442504,1.0
46.0,50.0,4.333333333333334,2.2777777777777777,116.0,4.698377302757664,4.697102672463695,4.433333333333334,9.517259799806402,10.546584519776387,7.358797096569131,7.450417163826399,69.515625,33.80853301897276,20.60112615949154,10.0,16.0,16.0,121.0,263.0,22.449999999999996,454.0,419.0,48.0,136.0,75.0,23.54993933117762,11.73120563594907,2.268814690328084,2.2616717381342624,1.0
104.0,125.0,6.118055555555555,4.083333333333333,282.0,9.099972196943792,9.549701093828249,8.752380952380953,20.286187592023413,21.814808748357937,15.044010726619463,16.006668093549912,169.1162453703704,75.72372531857252,47.31707720927662,18.0,32.0,39.0,649.0,1885.0,64.13531746031747,2728.0,2839.0,212.0,1036.0,370.0,48.249082234258786,24.383094438200256,2.5505669273560194,1.7612762632848227,1.0
138.0,164.0,6.888888888888889,5.750000000000001,346.0,12.737183443017884,13.42162569778276,12.500000000000002,28.530009778701586,29.515608338355076,20.482235566772946,21.837334333406297,243.09375,98.94861056990041,58.887591709579056,14.0,18.0,48.0,1597.0,5771.0,99.55404040404042,6930.0,7503.0,456.0,2783.0,786.0,65.62580540751287,34.87068978218621,2.4909694753772915,1.4680913026724103,1.0
168.0,202.0,9.180555555555555,7.249999999999998,442.0,15.604956034492915,16.24712368258161,15.242857142857147,34.22323236394178,35.83974035542191,24.721078713736937,26.21613891515924,294.046,121.3255354682036,73.40913097562397,26.0,38.0,60.0,2977.0,13222.0,132.49276556776556,12694.0,13511.0,724.0,4480.0,1166.0,80.03412020490643,42.42960549759451,2.4810126253521267,1.396980827793937,1.0
100.0,125.0,4.027777777777779,3.583333333333333,262.0,8.343336592900531,9.027198506782844,8.200000000000001,19.70439258069061,20.31966634765651,14.008884736352849,15.338393526617509,175.71875,71.60466761032694,43.930174380340915,10.0,12.0,37.0,437.0,1084.0,57.161904761904765,1982.0,2235.0,120.0,936.0,314.0,44.99335673162179,23.26351432278836,2.575326758158332,1.6561072412726026,1.0
56.0,57.0,7.284722222222221,2.9166666666666665,156.0,5.837222523091418,5.614032450509017,5.285714285714286,10.947411324190647,13.265706038538918,9.228597084437135,8.960778288055218,71.0601111111111,42.55253378252467,27.320327917582855,18.0,42.0,21.0,298.0,907.0,31.099999999999998,1036.0,892.0,88.0,298.0,132.0,29.217188106483277,14.037441692537023,2.2233776827061105,3.4318367543852357,1.0
138.0,161.0,9.70138888888889,5.527777777777779,374.0,12.253038761063381,12.719161567364052,11.619047619047622,26.74537029532336,29.47191330013549,20.380545125342366,21.386944866554042,212.62261111111115,101.23546353513404,63.823143316311686,28.0,52.0,52.0,1539.0,5326.0,100.4765873015873,6332.0,6473.0,434.0,2273.0,699.0,64.72385550300655,32.595080312248356,2.4592589122288473,1.7939098149062005,1.0
88.0,97.0,8.416666666666666,4.333333333333333,224.0,8.913591357920934,8.908026444391338,8.399999999999999,18.07492780538626,20.051927587233457,13.970047297431833,14.168137570097556,134.421875,64.64860417413682,39.5585434887297,18.0,30.0,31.0,830.0,3097.0,56.4234126984127,3196.0,3058.0,204.0,863.0,318.0,44.72534030550996,22.43326899196555,2.282026918090089,2.202989303928399,1.0
116.0,139.0,6.868055555555555,4.875,306.0,10.625864216121359,11.067064068991169,10.290476190476193,23.328278282787174,24.741437235600024,17.113903477244747,18.101503961338647,195.59699999999998,84.03634741265017,51.4172517830432,20.0,28.0,42.0,944.0,2850.0,79.66984126984127,3960.0,4138.0,356.0,1528.0,534.0,55.016705355400426,28.499826081657886,2.5290662508965824,1.823948039643947,1.0
194.0,242.0,13.687499999999998,7.645833333333333,556.0,16.518858494639932,17.13884019125589,15.659523809523812,36.30350530821697,39.92636432081845,27.272351012665496,29.03224020881806,314.0465787037037,142.21180656722422,91.70312134575023,42.0,72.0,77.0,3383.0,14135.0,159.52933455433455,13936.0,14249.0,838.0,5572.0,1338.0,88.56221129596545,43.908860587560376,2.682593261578948,1.6499243136227273,1.0
190.0,237.0,13.4375,7.354166666666668,548.0,15.996203125320893,16.625019091791945,15.126190476190478,35.27446675996374,38.98162433681904,26.614773054335657,28.35072340400021,305.04194907407407,139.47762272839174,90.36269810070856,42.0,74.0,76.0,3453.0,16249.0,148.98383087500736,14351.0,14806.0,743.0,5547.0,1265.0,86.2708354927251,42.90270895778591,2.6712462650102107,1.4774443885634787,1.0
250.0,296.0,17.1875,11.020833333333334,668.0,23.458198322860106,24.100455227102362,22.559523809523814,50.21788722505285,54.05504397725881,37.33076457187504,39.01959174574039,420.41694907407407,182.05311513153526,111.75404712117825,42.0,76.0,91.0,13249.0,117090.0,218.88946746820207,54916.0,56647.0,1510.0,16768.0,2570.0,120.45478623541568,61.80183601209637,2.6712379235894526,1.0769398808935,1.0
190.0,235.0,13.888888888888888,6.729166666666666,570.0,15.21079808214948,15.878566843876555,14.126190476190482,33.79227002704185,38.60910198656025,26.38442214094279,28.012519446548687,280.1530601851852,141.0302857788527,93.81677182837758,48.0,100.0,79.0,3111.0,14010.0,144.35291514041512,12940.0,13359.0,694.0,5110.0,1194.0,84.39798363411178,40.16303513883217,2.6712561048007304,1.507356042536118,1.0
160.0,207.0,11.07638888888889,5.645833333333332,480.0,12.59122492628043,13.228530623147849,11.811904761904765,28.45940840695732,31.788184059702616,21.603416029211196,23.289430569272355,254.86594907407408,117.69035944454399,78.03327268125885,36.0,66.0,67.0,1556.0,5217.0,114.18264790764789,6533.0,6807.0,437.0,2975.0,809.0,70.11611206768198,34.29181838633975,2.689174570085256,1.7084997410876868,1.0
44.0,44.0,6.083333333333334,2.6666666666666665,110.0,5.0577493102643665,4.813418246689416,4.666666666666667,9.305890142286172,10.782565956095116,7.508627010830191,7.278760740143234,61.5,32.912934995493245,20.18033988749895,14.0,22.0,15.0,172.0,420.0,24.349999999999998,578.0,478.0,68.0,172.0,90.0,24.22201614788102,11.888394043747574,2.1357792050698574,3.5769972486329675,1.0
168.0,206.0,11.125,6.333333333333333,474.0,14.147538151080287,14.814089681355636,13.409523809523812,31.532269141888715,34.68372363369918,23.83155145222352,25.378521104798924,263.08361574074075,123.13854445273304,79.13592533829424,36.0,62.0,66.0,2555.0,11708.0,122.63122988122988,10705.0,11134.0,491.0,4551.0,993.0,76.42561008707814,37.78511601032705,2.6194203815349413,1.4021980131696175,1.0
102.0,119.0,5.055555555555555,4.583333333333333,248.0,9.881341395361316,10.327017500080839,9.766666666666667,21.760972115601504,22.24624670721674,15.435028842544408,16.36217106582508,186.171875,72.86979564074923,42.33781523309452,10.0,10.0,34.0,777.0,2368.0,66.99960317460318,3296.0,3483.0,272.0,1144.0,423.0,49.84800340009487,26.889789216425545,2.419855279638969,1.6812995884332005,1.0
72.0,78.0,6.444444444444445,3.777777777777778,176.0,7.6302289553358005,7.616093728153195,7.300000000000001,15.39945653272828,16.669106870035183,11.601437783688418,11.76577100311357,117.515625,52.51810907235689,31.137757216737104,14.0,20.0,24.0,511.0,1735.0,44.0040404040404,1936.0,1818.0,120.0,700.0,234.0,37.36571454646075,19.467361360434488,2.282130349993124,2.201847249246513,1.0
58.0,63.0,5.083333333333334,3.111111111111111,140.0,6.236382105218448,6.221666537153279,6.0,12.573839334717297,13.473164879336615,9.370727640387596,9.509470883444056,98.140625,42.14472886126054,24.66562126173752,10.0,14.0,19.0,256.0,653.0,33.18571428571429,971.0,911.0,97.0,346.0,150.0,30.31364300027848,16.129560883392717,2.2578456081457037,2.3433317332672803,1.0
130.0,154.0,8.75,5.583333333333333,336.0,12.007239053047547,12.446189562472345,11.56666666666667,26.184665524965798,27.90629031305306,19.28680160388221,20.360854147091224,217.84375,94.14422239472385,57.63837831284029,20.0,28.0,47.0,1357.0,4517.0,95.61035353535354,5579.0,5700.0,395.0,2134.0,653.0,62.02910939999332,32.077641273504504,2.4800724748278897,1.8297562671037162,1.0
112.0,126.0,8.527777777777777,5.166666666666667,282.0,10.969234250586762,11.19688082639117,10.500000000000002,23.128085990054903,24.979709953492833,17.396191403623394,17.973631028250036,179.046875,81.5653858653168,49.33124252347503,20.0,30.0,39.0,1238.0,4479.0,78.69054834054835,4936.0,4892.0,366.0,1694.0,540.0,55.49615756520425,28.732242466180253,2.392994068458102,1.9479094229515483,1.0
76.0,85.0,4.333333333333334,3.7777777777777777,178.0,7.898178147766922,8.116093728153196,7.800000000000001,16.801380321374964,17.20500525489743,11.98037516565143,12.472877784300117,139.390625,54.34498459083652,30.794611466229483,8.0,8.0,24.0,458.0,1334.0,45.92738095238096,1886.0,1934.0,152.0,602.0,244.0,38.7566965328893,20.86440868331843,2.302775637731995,1.800999565912026,1.0
64.0,76.0,6.395833333333334,3.0,182.0,6.025709779712814,5.99141658263568,5.604761904761904,12.211403068445335,13.883370789499136,9.506728240752544,9.7599758541593,97.148,47.47453147931062,30.6580753661372,18.0,30.0,25.0,229.0,524.0,35.03333333333334,838.0,752.0,98.0,262.0,138.0,31.1036358731764,15.29991457900061,2.4559299295604893,2.7152765919576094,1.0
86.0,93.0,7.805555555555555,4.499999999999999,212.0,9.045243855508332,9.021263684378749,8.633333333333336,18.241245059876697,19.832870672613293,13.763198241767943,13.985394475209787,138.125,62.88243849056496,37.66124285474367,20.0,26.0,29.0,844.0,3259.0,56.15378787878788,3217.0,3045.0,189.0,1096.0,336.0,44.41709031098379,23.181655940195633,2.2673182543444574,2.2078227014021587,1.0
6.0,4.0,2.25,1.0,10.0,1.414213562373095,1.1547005383792517,1.3333333333333333,1.885618083164127,2.1213203435596424,1.4142135623730951,1.1547005383792517,16.0,4.47213595499958,2.0,2.0,2.0,1.0,4.0,5.0,2.5,10.0,6.0,2.0,4.0,2.0,5.356367113217143,2.8284271247461907,1.4142135623730954,1.6329931618554523,1.0
116.0,138.0,7.388888888888888,4.833333333333332,300.0,10.57538740046941,11.027198506782844,10.200000000000001,23.30246879204392,24.78376796279427,17.165481260322572,18.166820651363697,193.84375,83.9199277155783,51.344387942714015,16.0,24.0,42.0,942.0,2844.0,79.86269841269842,3926.0,4062.0,288.0,1533.0,497.0,54.966553387792615,28.36595116934789,2.472613457462983,1.8189631127453385,1.0
62.0,71.0,6.305555555555555,2.9444444444444446,164.0,6.03658126020919,6.027420352855368,5.633333333333334,12.289718813148738,13.814744144215577,9.577576696051489,9.764927130499705,94.4375,45.649907849739385,28.61427157873053,12.0,22.0,23.0,234.0,545.0,34.599999999999994,867.0,791.0,87.0,348.0,150.0,30.761329905949953,15.169973566907395,2.358294471182263,2.599903826622149,1.0
142.0,166.0,8.979166666666666,6.361111111111111,366.0,13.547679167567427,13.977373637099209,13.13809523809524,29.183744841567062,30.89363606039715,21.377713606662788,22.430100038511263,241.16362500000002,102.85514883268914,62.102968372239545,24.0,34.0,50.0,2363.0,11345.0,103.67751831501832,9874.0,10296.0,470.0,3461.0,852.0,68.90423871595583,36.37010592537491,2.470436855092872,1.4184649062768147,1.0
104.0,122.0,5.666666666666667,4.444444444444444,260.0,9.75402019542349,10.210701925855117,9.533333333333335,21.570417984475046,22.474366886035767,15.613368327506885,16.533827489508248,180.3125,74.76694527049534,44.51596081796782,12.0,16.0,36.0,789.0,2482.0,67.2063492063492,3324.0,3474.0,240.0,1448.0,438.0,49.97937693090416,26.15038102326422,2.47485058534138,1.663426326378973,1.0
78.0,91.0,7.756944444444445,3.666666666666667,218.0,7.419556629830167,7.385843773635597,6.904761904761905,15.037020266456315,17.0793127801977,11.737438384053366,12.016275973828815,116.523,57.847911690406974,37.130211321136784,22.0,36.0,30.0,402.0,1017.0,48.06190476190477,1484.0,1350.0,164.0,560.0,234.0,38.06979653457084,18.34066322739068,2.4695688734268706,2.868719180589136,1.0
132.0,166.0,5.090277777777777,4.583333333333334,358.0,10.760786805132158,11.663733544337266,10.53809523809524,25.488680889529387,26.54419553801847,18.249626653394483,20.01769891329929,225.19487500000002,95.07164968557043,59.33903634973933,20.0,26.0,50.0,913.0,2741.0,83.14285714285715,4180.0,4769.0,254.0,2092.0,585.0,59.875157715611,30.169777897184918,2.615202126037436,1.4589826449222392,1.0
90.0,109.0,7.638888888888888,3.6944444444444455,246.0,7.930428110326542,8.146592415246873,7.433333333333333,17.115336011159716,19.010686134914145,13.101180058165761,13.763610211765851,139.984375,65.92278299744741,42.157475345595586,16.0,28.0,35.0,473.0,1266.0,53.983333333333334,1864.0,1813.0,158.0,710.0,274.0,42.16308814931269,20.964024580732143,2.516306678919638,2.146606953545783,1.0
98.0,111.0,7.618055555555555,4.041666666666667,268.0,8.865991962219567,9.105129116855034,8.333333333333334,18.933431128943845,21.26440633165593,14.716350747447343,15.254593703245025,144.03298611111114,72.44649764077984,45.95688912639786,22.0,46.0,37.0,702.0,2190.0,61.0797619047619,2780.0,2723.0,218.0,937.0,346.0,46.68004532036813,22.710148650208023,2.4587968255737542,1.9880148456183355,1.0
80.0,94.0,3.1944444444444446,3.305555555555555,196.0,7.432652990377571,7.894205344927391,7.366666666666667,16.83836717690617,17.164965809277263,11.93993505113155,12.779513984093155,142.78125,57.12868145117382,33.44489300610236,8.0,8.0,27.0,361.0,986.0,44.09047619047619,1599.0,1766.0,105.0,606.0,228.0,38.22027446509049,20.560627074946048,2.4166804594803653,1.586792041882179,1.0
118.0,138.0,9.388888888888888,5.583333333333331,302.0,11.489600962842504,11.681899045162096,11.033333333333335,24.188086875208047,25.90508830635391,17.872588041509115,18.614414408556403,201.84375,85.5636365458317,51.930174380340944,18.0,26.0,42.0,1524.0,6422.0,82.36754356754356,6128.0,6141.0,344.0,2112.0,588.0,58.040055457256685,30.35266400645782,2.3685941103109416,1.738598243058698,1.0
140.0,164.0,6.527777777777779,6.111111111111112,342.0,13.3476678905501,14.024120172544535,13.200000000000001,29.68015570405458,30.328729611855362,21.051442977516896,22.398374667278375,253.5625,100.01992280396306,58.35315495495914,14.0,14.0,47.0,1956.0,8420.0,102.47733655233655,8391.0,8950.0,429.0,3233.0,803.0,67.66388315724956,36.313069677108174,2.460867638154738,1.3458604744912075,1.0
162.0,201.0,8.42361111111111,5.874999999999999,442.0,13.470182243381998,14.37465731626491,13.004761904761908,31.057718552629474,33.06355716915681,22.748645219034373,24.614098976010798,268.48712037037035,117.38064801334711,73.89810804130931,26.0,40.0,62.0,2092.0,8881.0,111.69796314796315,9345.0,10419.0,471.0,3455.0,894.0,73.02741705478462,37.07705059101689,2.6269893408868836,1.2039653771929184,1.0
142.0,169.0,9.95138888888889,6.069444444444445,382.0,12.889708537764774,13.306674260896752,12.352380952380953,27.944147448309273,30.19639436281559,20.709953684448667,21.88166179954594,235.50224074074077,103.52239077811419,64.62912980673345,28.0,44.0,53.0,1800.0,6840.0,104.39274891774892,7369.0,7485.0,441.0,3138.0,788.0,67.06341989180882,33.755378087992135,2.4918734387476977,1.710498303427717,1.0
128.0,158.0,8.520833333333332,4.874999999999999,374.0,10.80707897813034,11.24298677555085,10.21904761904762,23.77180567518754,26.43612909191758,18.122126749139575,19.17852243986057,201.61103703703708,94.32842204218011,61.05584609198645,28.0,58.0,51.0,1107.0,3607.0,84.52222222222223,4562.0,4665.0,378.0,1470.0,548.0,58.44151139952006,28.67374886773847,2.696700314407954,1.7926939949222878,1.0
64.0,74.0,3.583333333333333,3.0555555555555554,154.0,6.41501490017253,6.629914827617142,6.333333333333333,13.841788527148418,14.16376380257811,9.818614707571907,10.325967464371782,118.78125,45.71966847753545,26.322475511229904,6.0,6.0,21.0,251.0,650.0,34.48690476190476,1032.0,1049.0,80.0,372.0,154.0,31.935630347349942,17.18125982161793,2.394929355564611,1.8373755779662988,1.0
136.0,163.0,7.249999999999999,5.416666666666666,350.0,12.131030293135236,12.816052888782677,11.800000000000004,27.355626976712568,28.711550329053644,19.88451858532758,21.265207328329627,230.46875,98.00828228201205,59.70287341508627,18.0,24.0,49.0,1356.0,4540.0,96.71194083694084,5855.0,6300.0,387.0,2192.0,673.0,63.627010782972505,32.79738929644293,2.484627492731505,1.5545927132873174,1.0
98.0,111.0,6.645833333333334,4.583333333333332,252.0,9.637976999404577,9.849520087126244,9.31904761904762,20.342767126934312,21.741389107918163,15.055941270437927,15.61623207038439,163.56937037037036,71.33199909950244,42.89629093728402,18.0,30.0,34.0,797.0,2480.0,65.5281746031746,3220.0,3237.0,282.0,1103.0,408.0,48.46376555315419,25.492875513460323,2.4022906738277925,2.0027012349222493,1.0
132.0,155.0,10.229166666666666,6.388888888888888,344.0,12.97872948234613,13.145895274942408,12.504761904761905,27.109771130504637,28.97371495163747,19.923059929769817,20.730783475775638,228.55425,95.87354154964149,58.216618854866866,24.0,34.0,47.0,1822.0,7048.0,102.618228993229,7176.0,7024.0,508.0,2524.0,744.0,65.13319834127437,34.51569452209076,2.510435201008235,2.1413162271909574,1.0
154.0,198.0,10.215277777777775,5.437499999999999,460.0,12.170504622625403,12.811600845102527,11.459523809523814,27.566652829030886,30.663159995861683,20.848529005102115,22.486176226230086,245.66694907407413,113.2230935886574,74.76814465083653,34.0,64.0,64.0,1425.0,4757.0,107.40963203463204,6015.0,6302.0,397.0,2759.0,753.0,67.5983794227058,33.00688726441582,2.6706168875065504,1.6765695570219432,1.0
106.0,118.0,7.666666666666666,5.027777777777778,262.0,10.57971869811898,10.799375301152944,10.200000000000003,22.2782319154079,23.792831226993123,16.55118525199425,17.120457799749015,173.515625,76.97984384988702,45.968378644108924,20.0,26.0,36.0,1269.0,5455.0,70.78494005994007,5128.0,5159.0,254.0,1842.0,494.0,52.99224180237945,27.60784078300467,2.319113851965929,1.6444007723410965,1.0
132.0,161.0,7.4513888888888875,4.763888888888889,364.0,10.9543269253365,11.64123095729186,10.485714285714288,25.04235803600771,27.107252207376398,18.657583026110327,20.056531127553438,210.26786574074072,96.23087849125675,61.16356656135338,24.0,42.0,51.0,1174.0,4169.0,84.1238455988456,5155.0,5644.0,319.0,1767.0,567.0,59.6337680963309,29.89760639087639,2.5263039018970854,1.4014017765516722,1.0
164.0,193.0,12.333333333333332,7.138888888888889,428.0,15.22245310821082,15.657113334399986,14.533333333333337,32.74233353054565,35.411633380510125,24.483838242371817,25.66436099098928,266.75,119.32743930039557,73.76736851733224,28.0,42.0,60.0,2821.0,11484.0,132.38828671328673,11418.0,11495.0,730.0,3747.0,1071.0,78.75024815311504,40.34310273721374,2.487774256670915,1.7914805558195486,1.0
130.0,155.0,6.388888888888888,5.222222222222222,330.0,11.720346690612274,12.407804598318812,11.466666666666669,26.489601572928127,27.556849790674388,19.108462118919736,20.4487107474019,223.703125,93.43179105947058,56.288659852713195,16.0,20.0,46.0,1396.0,5369.0,86.84545454545454,6112.0,6667.0,354.0,2182.0,640.0,61.15166155195304,31.667532043991606,2.5265770359231183,1.327153664669126,1.0
160.0,207.0,11.076388888888888,5.645833333333334,480.0,12.591224926280432,13.22853062314785,11.811904761904765,28.45940840695732,31.788184059702612,21.60341602921119,23.28943056927236,254.86594907407408,117.69035944454399,78.03327268125885,36.0,66.0,67.0,1556.0,5217.0,114.1826479076479,6533.0,6807.0,437.0,2975.0,809.0,70.11611206768195,34.29181838633975,2.689174570085255,1.7084997410876865,1.0
106.0,127.0,6.277777777777779,4.472222222222221,272.0,9.702708600407234,10.143514081008565,9.433333333333334,21.49302292317038,22.555647783975243,15.572928212987001,16.580950665307437,183.703125,76.36592383633982,46.33781523309453,14.0,18.0,38.0,721.0,2041.0,69.57261904761904,3028.0,3162.0,240.0,1072.0,400.0,50.28571519644679,26.264947864316955,2.4991047465553935,1.8180183034902055,1.0
84.0,94.0,8.166666666666666,4.166666666666667,216.0,8.451596160381719,8.432590309080922,7.966666666666667,17.131507340297155,18.978507946793687,13.153550716504109,13.398764164969025,131.046875,61.671091517439834,37.96618434148329,18.0,28.0,30.0,654.0,2147.0,53.88095238095238,2466.0,2304.0,182.0,859.0,300.0,42.37072465440677,21.849060307333286,2.3176170733881762,2.4357837279078813,1.0
128.0,156.0,6.75,4.944444444444444,334.0,11.147867045540842,11.829873988246623,10.833333333333334,25.396035182486024,26.67030887673433,18.42986490843461,19.825403789587842,217.859375,92.21139329345718,56.6449510224598,16.0,22.0,47.0,1116.0,3657.0,84.03412698412698,4858.0,5264.0,356.0,1930.0,628.0,59.824178905915026,28.457910864275902,2.495280060654398,1.4939135826113938,1.0
112.0,125.0,8.527777777777777,5.138888888888889,282.0,10.952397498181154,11.183059726927224,10.466666666666669,23.087677784281443,25.02095140581215,17.436631518143273,17.99922100461873,175.65625,81.7054206043793,49.56073779135532,22.0,32.0,39.0,1328.0,5180.0,76.5613997113997,5322.0,5291.0,328.0,1619.0,514.0,55.57401042269585,28.273068694355523,2.4181127755174265,1.7890219264741083,1.0
86.0,102.0,4.055555555555555,3.5,216.0,7.843336592900531,8.302453635391252,7.700000000000001,17.70439258069061,18.319666347656515,12.715991517539395,13.596010565020878,149.546875,61.70517267371529,36.859106568475454,10.0,12.0,30.0,426.0,1190.0,48.78452380952382,1859.0,2021.0,125.0,707.0,261.0,40.72376489067557,21.493702088179457,2.444275157970777,1.6189445155198054,1.0
198.0,260.0,12.999999999999998,6.972222222222222,596.0,15.490220061177187,16.32625313793981,14.614285714285721,35.25395339718531,39.00235027898273,26.437259709727506,28.67634717394086,324.262287037037,145.23498204127242,96.15958708926344,44.0,76.0,83.0,2633.0,9780.0,155.22725885225884,11152.0,11734.0,708.0,4987.0,1240.0,86.35997135104894,42.14662618878209,2.756050398757206,1.5736750019956762,1.0
96.0,113.0,5.166666666666666,3.916666666666666,244.0,8.737183443017884,9.196880826391169,8.5,19.53000977870159,20.515608338355083,14.23959487965367,15.145203903503843,160.921875,69.25012576006544,41.917028961101934,14.0,18.0,34.0,678.0,2357.0,54.728607503607506,2924.0,3142.0,182.0,856.0,326.0,46.975357902765865,23.811069845686728,2.4675469252273485,1.4131655007270358,1.0
104.0,121.0,5.666666666666666,4.472222222222221,260.0,9.75835149307306,10.207623591616807,9.533333333333335,21.54618110783903,22.483430150234618,15.584858756805469,16.522740818303646,178.15625,74.89792921666952,44.79680576885511,16.0,18.0,36.0,828.0,2737.0,65.79920634920634,3526.0,3742.0,220.0,1185.0,402.0,50.13281198484975,26.307608004477494,2.3950657590865574,1.564884625349021,1.0
150.0,183.0,7.2222222222222205,5.416666666666667,396.0,12.580520035918415,13.499334461782425,12.200000000000005,29.234402359392192,30.835274686011587,21.298732147700676,23.084360219032337,246.46875,108.32788143581125,67.46242703059264,24.0,30.0,56.0,1604.0,6009.0,102.08246753246753,7193.0,8031.0,395.0,3103.0,798.0,67.87970194329587,34.03530547770363,2.5601133010838977,1.2892851754181256,1.0
70.0,80.0,4.444444444444445,3.1388888888888884,174.0,6.770856947829097,6.999778153927474,6.566666666666667,14.610826190248504,15.43312543371645,10.744501088240812,11.230320645610187,117.53125,50.585279971090216,30.144329926356598,10.0,14.0,24.0,301.0,778.0,38.71904761904762,1246.0,1284.0,106.0,437.0,184.0,34.41148077690816,17.881593534346724,2.3355904555359257,1.861906107472987,1.0
92.0,105.0,6.305555555555555,4.472222222222221,226.0,9.24071340286802,9.443333074306558,9.000000000000002,19.549602458081278,20.482228143535476,14.170645194432373,14.776301079768825,162.15625,66.31734336777735,39.08860183635575,14.0,16.0,31.0,759.0,2570.0,58.98412698412699,3053.0,3041.0,205.0,989.0,345.0,46.049834599279784,24.036424476851305,2.420062683274266,1.8010270136599913,1.0
132.0,156.0,8.840277777777779,5.458333333333332,354.0,11.910321266497533,12.352376575292029,11.385714285714288,25.96646053629861,28.151432713754495,19.45590219036439,20.49367835652024,208.870875,96.37624245485155,60.18755880194438,26.0,42.0,49.0,1776.0,8224.0,88.02704795204795,7474.0,7846.0,338.0,2558.0,658.0,62.363385114226496,32.002893788631916,2.5121240486322822,1.356671134046945,1.0
70.0,82.0,4.444444444444445,3.305555555555555,174.0,6.846866552750667,7.0489058833066425,6.700000000000001,14.723985260070299,15.286286152836905,10.525721488758455,11.105787397726216,126.78125,50.28710890718863,29.788038756609986,10.0,10.0,24.0,293.0,737.0,39.135714285714286,1190.0,1193.0,112.0,497.0,192.0,34.37106150843873,18.614318443310285,2.4132352168687214,1.9510382169214608,1.0
100.0,118.0,7.777777777777777,4.638888888888889,258.0,9.578917360319544,9.773650754698231,9.2,20.322061471423613,21.75038776797466,14.975211231541632,15.676597484069037,171.078125,72.50186394905163,44.27332013084856,16.0,22.0,36.0,798.0,2527.0,66.17539682539683,3188.0,3165.0,248.0,1234.0,408.0,48.69812082250536,25.658696277533867,2.4156856751693505,1.993017717289139,1.0
46.0,51.0,4.333333333333334,2.3055555555555554,116.0,4.715214055163271,4.710923771927642,4.466666666666667,9.55766800557986,10.505343067457071,7.3183569820492504,7.424827187457706,72.90625,33.66849827991026,20.371630891611247,8.0,14.0,16.0,114.0,231.0,22.9,428.0,396.0,48.0,180.0,84.0,23.4753395541234,11.945821561028193,2.2671838628845005,2.3960449098608665,1.0
94.0,108.0,6.916666666666666,4.277777777777778,238.0,9.092224152875016,9.3162747348552,8.733333333333334,19.34287699781738,20.742526510474956,14.417934364616146,14.984634151025283,155.0625,68.22354379041174,41.215397738222066,14.0,22.0,33.0,714.0,2261.0,60.51190476190476,2890.0,2912.0,228.0,1044.0,368.0,46.17430730598973,23.73540838483081,2.354091510561067,1.9012510265762816,1.0
116.0,135.0,8.256944444444445,5.694444444444444,296.0,11.636194227245033,11.818655928789045,11.304761904761905,24.36154899379833,25.696492062999422,17.732789900988877,18.42736018030693,205.788625,83.90118277270058,49.922628484740585,18.0,26.0,40.0,1416.0,5554.0,84.29071484071484,5616.0,5533.0,372.0,2010.0,588.0,57.84765370894232,31.126637128860246,2.4872092903824274,1.9548556010376268,1.0
124.0,146.0,7.888888888888888,5.388888888888889,316.0,11.596555450524587,12.037941272008482,11.233333333333334,25.318640121181357,26.75158977467381,18.51074513747437,19.5443575661635,211.078125,89.56773117218239,54.22416475046721,18.0,24.0,44.0,1319.0,4677.0,86.8869769119769,5456.0,5603.0,382.0,1820.0,596.0,59.63375256539028,30.922922530374063,2.4940229565652543,1.6775756883441488,1.0
154.0,185.0,6.499999999999999,6.138888888888891,388.0,13.813994385738887,14.72122284500823,13.633333333333336,31.599339292507665,32.41121251649399,22.425216425370106,24.191937581612393,272.953125,110.19948721869976,65.8832133025852,18.0,18.0,54.0,1900.0,7111.0,113.99870129870129,8448.0,9370.0,454.0,3251.0,858.0,71.96815839077496,37.82923658094013,2.5011339823975702,1.3467768546819987,1.0
62.0,67.0,5.333333333333334,3.361111111111111,148.0,6.736382105218448,6.721666537153279,6.500000000000001,13.573839334717297,14.473164879336615,10.077834421574144,10.216577664630606,106.140625,44.97315598600673,26.079834824110616,10.0,14.0,20.0,337.0,981.0,36.32658730158731,1292.0,1228.0,108.0,436.0,176.0,32.59276039904411,17.214149647196425,2.226810624690793,2.1998848700858122,1.0
152.0,199.0,7.763888888888888,5.284722222222222,436.0,12.02584078537822,12.894671067057205,11.607142857142858,28.147870962166863,29.958057040780417,20.402031287944027,22.390028664374356,262.50845833333335,110.09015562144904,70.72166506694253,24.0,38.0,61.0,1212.0,3712.0,104.21987734487735,5303.0,5747.0,345.0,2784.0,725.0,66.41140683841314,33.095739291890744,2.7501431412826207,1.590034703704456,1.0
170.0,203.0,8.472222222222221,6.666666666666667,436.0,15.080520035918415,15.999334461782427,14.700000000000005,34.23440235939219,35.83527468601158,24.834266053633407,26.619894124965068,286.46875,122.47001705954219,74.53349484245807,24.0,30.0,61.0,2921.0,13922.0,124.69675463425465,12840.0,14083.0,586.0,4591.0,1089.0,79.36124505291158,41.15685855743144,2.523589757553322,1.1628267430705896,1.0
112.0,136.0,4.777777777777779,4.305555555555555,286.0,9.826499840494924,10.513377407318897,9.666666666666668,22.663984374917153,23.360907799975827,16.17064519443237,17.48530384654584,196.328125,80.22998372362802,48.4023103353405,12.0,14.0,40.0,687.0,1860.0,71.91785714285714,3057.0,3389.0,203.0,1416.0,443.0,51.70826565483082,27.101881050622783,2.4996670819223494,1.6374408832168612,1.0
150.0,183.0,5.729166666666666,5.916666666666667,386.0,13.366939955014805,14.269306353337353,13.23809523809524,30.663063691518406,31.3482535473199,21.675770759586033,23.41825304312215,269.819875,107.32568647244355,64.18060889372448,16.0,20.0,53.0,1603.0,5288.0,110.08888888888889,7132.0,7913.0,548.0,2656.0,858.0,69.7825116962726,37.06516571916856,2.61981698225584,1.4561148601162346,1.0
98.0,116.0,7.618055555555555,4.194444444444445,268.0,8.954031472440816,9.163955390409793,8.471428571428572,19.07400712198752,21.03927333457754,14.525425394279676,15.15133929836804,151.913625,71.94531704972903,45.43734711050203,22.0,36.0,37.0,666.0,1948.0,61.99246031746032,2636.0,2582.0,256.0,914.0,370.0,47.071905757674735,22.595487508251253,2.5268829734764844,2.1031932107943563,1.0
102.0,117.0,5.055555555555555,4.472222222222221,248.0,9.826499840494925,10.288632535927308,9.666666666666668,21.663984374917153,22.360907799975827,15.584858756805469,16.450027666135764,178.15625,73.15891591176252,42.74545608584812,12.0,14.0,34.0,832.0,2776.0,65.670670995671,3562.0,3804.0,250.0,1379.0,444.0,49.7428577053862,26.672481371550038,2.373074956816884,1.5519142122368215,1.0
158.0,185.0,11.923611111111107,6.4861111111111125,430.0,14.101392633077909,14.546400913517418,13.319047619047623,30.482222774509435,33.73511762509226,23.268833226973022,24.397474943209296,241.00224074074072,116.08204088996999,73.68705219935991,36.0,60.0,60.0,2440.0,10014.0,120.2718586968587,9958.0,10112.0,622.0,3709.0,972.0,74.30774801236382,36.874803302127155,2.4810373765391116,1.705433778759248,1.0
86.0,99.0,6.416666666666667,3.7499999999999996,222.0,8.075387400469408,8.302453635391256,7.700000000000002,17.302468792043925,18.78376796279427,13.04416091676293,13.596010565020878,135.671875,62.70672427998184,38.61646588135616,16.0,24.0,31.0,527.0,1578.0,51.492063492063494,2145.0,2173.0,169.0,713.0,277.0,41.69019467054415,20.84280746807127,2.367475544713759,1.8688482798234154,1.0
154.0,183.0,8.340277777777777,6.388888888888888,400.0,14.082154010178076,14.755485253873404,13.704761904761908,31.22073169709826,32.85359661477697,22.751487054516,24.15094980067739,260.55425,111.29569994251885,67.5816770368586,24.0,34.0,55.0,2602.0,12881.0,110.43463244272068,11231.0,12095.0,495.0,3825.0,937.0,73.0122866215553,38.160186003144496,2.536839911072245,1.211793101443525,1.0
152.0,181.0,8.70138888888889,6.055555555555555,404.0,13.472764210436898,14.14637056917435,13.000000000000002,30.03329675259872,32.06765010223286,22.155668843148277,23.579717295002926,246.453125,110.43378764887765,68.46563453838709,26.0,42.0,56.0,2054.0,8324.0,109.46748251748252,8844.0,9493.0,512.0,2968.0,846.0,71.01056390477397,36.491014621379385,2.492307395909284,1.3981667792482926,1.0
148.0,175.0,7.479166666666666,6.194444444444444,380.0,13.671470407655118,14.347236963409541,13.371428571428574,30.35470629331383,31.69889607639772,21.975430588108154,23.334453219749665,253.788625,106.71920871997735,64.1674634744855,22.0,30.0,52.0,2409.0,11952.0,104.32628800937624,10446.0,11304.0,446.0,3567.0,876.0,70.50955066129616,37.1773149840242,2.5367785742067346,1.1887601357627073,1.0
154.0,183.0,8.340277777777777,6.388888888888888,400.0,14.082154010178076,14.755485253873404,13.704761904761908,31.22073169709826,32.85359661477697,22.751487054516,24.15094980067739,260.55425,111.29569994251885,67.5816770368586,24.0,34.0,55.0,2602.0,12881.0,110.43463244272068,11231.0,12095.0,495.0,3825.0,937.0,73.0122866215553,38.160186003144496,2.536839911072245,1.211793101443525,1.0
128.0,156.0,6.229166666666667,4.9722222222222205,340.0,11.188307160060724,11.86105806287349,10.904761904761907,25.395114499087285,26.657654624078408,18.399456567655545,19.77332933744824,217.17925,92.43703835718392,56.866900394739744,20.0,28.0,47.0,1037.0,3174.0,87.45873015873015,4480.0,4809.0,334.0,1701.0,562.0,59.1040978366923,30.44181923331622,2.5749241581072826,1.630216782615414,1.0
156.0,188.0,11.833333333333332,6.777777777777779,412.0,14.294131415482818,14.709319398017465,13.666666666666668,30.879729477003462,33.25573083543172,22.87935465121778,24.136700851936816,262.15625,113.24143004082738,70.30180527195218,24.0,36.0,58.0,2877.0,14685.0,115.34838217338219,11829.0,12111.0,495.0,3994.0,923.0,74.225893797208,38.14535833515301,2.535878926454506,1.4232139701634232,1.0
88.0,100.0,6.506944444444445,3.611111111111111,240.0,7.965345060828677,8.205562313972628,7.51904761904762,17.0941358993014,19.080029318738358,13.212018057554188,13.717748103245299,131.7007361111111,64.93235392683732,40.97937646970087,20.0,40.0,33.0,563.0,1833.0,50.647619047619045,2300.0,2325.0,150.0,772.0,274.0,41.90270106178677,20.90382905635816,2.369354569742147,1.7325191214517406,1.0
130.0,155.0,9.201388888888888,5.083333333333334,358.0,11.286712265874595,11.746803766291945,10.68571428571429,24.82618670687027,27.38943039549686,18.885451333929517,19.921551351443572,203.40386111111115,95.29853980751669,60.5357256558049,24.0,48.0,50.0,1327.0,4884.0,88.22485569985571,5508.0,5687.0,360.0,1998.0,607.0,60.29419447546339,30.109441186826054,2.5001569548641993,1.6567463569614342,1.0
88.0,100.0,6.506944444444445,3.624999999999999,240.0,7.971163677742107,8.20556231397263,7.519047619047622,17.082766241781172,19.06601075505709,13.202929349217353,13.717748103245297,129.31474074074072,64.97814537998613,41.13508142024975,22.0,40.0,33.0,535.0,1646.0,51.452380952380956,2179.0,2209.0,167.0,731.0,277.0,41.90283707526609,20.712705411404308,2.383497700263091,1.8478748274873458,1.0
64.0,76.0,8.6875,2.875,216.0,5.621320343559642,5.361585473493273,4.8999999999999995,10.571236166328251,13.742640687119284,9.24932441884441,9.167324523252482,84.14814814814812,49.46875011768947,34.80983669457533,24.0,64.0,29.0,220.0,477.0,35.116666666666674,724.0,580.0,112.0,220.0,132.0,30.18354884797142,13.90659780600964,2.481194304092015,4.950852181099115,1.0
112.0,129.0,8.979166666666664,4.833333333333333,304.0,10.32471706833538,10.54662275958994,9.752380952380953,21.882766241781166,24.316010755057086,16.776061534188337,17.409794984718403,173.8569861111111,82.42153221420806,51.872298696693036,24.0,46.0,42.0,1099.0,3936.0,74.51666666666668,4408.0,4400.0,300.0,1433.0,472.0,53.757358018481405,27.07463155650601,2.4015077140513528,1.902615700945057,1.0
96.0,111.0,7.458333333333334,3.736111111111111,278.0,8.305478445435549,8.544561481945761,7.73809523809524,17.821275164369997,20.4344897447418,14.065962727376693,14.604802269660055,138.89047685185187,71.50019677125806,46.453215035206966,24.0,56.0,38.0,607.0,1886.0,57.14642857142857,2438.0,2431.0,180.0,993.0,330.0,44.55552527097171,21.547636775861434,2.4263688586739423,1.9288725028105493,1.0
120.0,140.0,9.479166666666664,5.541666666666666,320.0,11.423382042575986,11.609571588433056,10.91904761904762,24.02496385985619,26.113911458176958,17.92196667422236,18.67388532283883,200.11161574074072,87.68597211388516,54.27064433436121,24.0,40.0,44.0,1404.0,5345.0,84.32085137085137,5598.0,5554.0,364.0,1798.0,564.0,58.34654527094756,30.28111717238992,2.4123003075272025,1.9231715005992565,1.0
100.0,108.0,9.166666666666666,5.111111111111111,248.0,10.417922655570505,10.404948110153029,9.9,21.05069092875024,23.060990851432315,16.062858070290062,16.2783712424526,156.265625,73.26486949454959,44.082029126736245,22.0,32.0,34.0,1226.0,4957.0,70.03270618270619,4674.0,4428.0,282.0,1541.0,456.0,51.46962040603538,26.448674734450833,2.2899590949962643,2.367304375698192,1.0
130.0,154.0,6.3888888888888875,5.194444444444445,330.0,11.703509938206668,12.393983498854867,11.433333333333335,26.449193367154674,27.598091242993704,19.148902233439614,20.47430072377059,220.3125,93.57182579853307,56.51815512059346,18.0,22.0,46.0,1454.0,5989.0,86.07958985458987,6386.0,6998.0,290.0,2529.0,650.0,61.13258162760056,32.35507926416403,2.422546754159293,1.2789708086735068,1.0
186.0,225.0,10.444444444444443,7.416666666666668,484.0,16.456728795830724,17.35421600686368,15.96666666666667,37.06344090764542,39.03001467001099,26.943655853374583,28.87213746769639,316.015625,134.16230635835808,82.36849467682377,26.0,34.0,68.0,3478.0,15944.0,145.96696914196914,15028.0,16179.0,816.0,5410.0,1321.0,86.58656324563852,44.9816443759792,2.5453020059385776,1.2674458841716525,1.0
172.0,208.0,9.083333333333332,6.63888888888889,448.0,15.00804039084698,15.921403851710236,14.56666666666667,34.140835968950086,35.94873377207151,24.862775624334823,26.703693948337555,288.625,124.07804641827502,76.3039995745778,24.0,32.0,63.0,2592.0,10610.0,129.71570096570096,11348.0,12390.0,680.0,4131.0,1108.0,79.51482174204007,40.87431996049099,2.5451410857225154,1.3113440089179396,1.0
78.0,92.0,5.916666666666667,3.2777777777777786,206.0,7.092224152875016,7.316274734855201,6.733333333333333,15.342876997817385,16.742526510474953,11.589507239869953,12.156207026279093,123.0625,56.909835291426965,35.5585434887297,14.0,22.0,29.0,350.0,909.0,43.871428571428574,1415.0,1419.0,123.0,514.0,213.0,37.14739018641483,18.929400307514513,2.430964843812485,1.9826648574635677,1.0
118.0,149.0,6.611111111111111,4.166666666666667,322.0,9.575387400469408,10.251943378174435,9.200000000000001,22.30246879204392,23.783767962794265,16.33705413557638,17.787883269400687,196.015625,85.33414127795139,54.172815067460206,16.0,24.0,46.0,725.0,2128.0,71.23452380952381,3196.0,3498.0,238.0,1158.0,428.0,52.699455866503236,26.266259484366703,2.621707706751534,1.5704787287606337,1.0
118.0,143.0,6.958333333333334,4.902777777777778,324.0,10.600118851939595,11.02751842307251,10.257142857142856,23.2596497106137,24.856212505003455,17.06313120869711,18.09744718440045,201.60336574074074,85.84780413017096,53.21832146537338,20.0,38.0,44.0,941.0,2842.0,80.01150793650794,3893.0,3997.0,335.0,1403.0,508.0,55.35939571519459,28.438218462498277,2.6091857430773353,1.8586117751710094,1.0
118.0,143.0,6.958333333333334,4.902777777777778,324.0,10.600118851939595,11.02751842307251,10.257142857142856,23.2596497106137,24.856212505003455,17.06313120869711,18.09744718440045,201.60336574074074,85.84780413017096,53.21832146537338,20.0,38.0,44.0,941.0,2842.0,80.01150793650794,3893.0,3997.0,335.0,1403.0,508.0,55.35939571519459,28.438218462498277,2.6091857430773353,1.8586117751710094,1.0
104.0,121.0,8.479166666666666,4.305555555555555,288.0,9.316167686467171,9.54101960624679,8.733333333333334,19.86890328675496,22.32260540171528,15.402438276478595,16.019910331435362,155.19386574074076,76.78871083834515,49.06781710355925,22.0,46.0,40.0,830.0,2783.0,65.73571428571428,3318.0,3284.0,228.0,1033.0,376.0,49.20941403582401,24.01363149688513,2.4892360063479333,1.920335263692282,1.0
168.0,206.0,8.833333333333332,6.444444444444441,440.0,14.541713895658196,15.44904605063813,14.133333333333336,33.22165238049701,34.866250867432896,24.074788614108524,25.94540721441362,287.40625,120.96954981540378,74.43079547644413,20.0,28.0,62.0,2753.0,13454.0,119.35658924408925,12228.0,13554.0,524.0,4309.0,1020.0,77.33746524385624,40.172137678845786,2.515853435891525,1.1015625428800386,1.0
94.0,112.0,4.555555555555555,4.111111111111112,232.0,8.898178147766924,9.340838599544785,8.8,19.801380321374964,20.205005254897422,13.98037516565143,14.9223675270833,173.5625,67.07290665219438,39.27989284046805,8.0,8.0,32.0,569.0,1621.0,58.46349206349206,2436.0,2596.0,184.0,1094.0,360.0,45.21577648877182,24.538165133231715,2.449489742783179,1.7008362992967097,1.0
68.0,77.0,6.194444444444445,3.6666666666666665,168.0,7.201907262607799,7.168299791770673,6.933333333333334,14.536852479186088,15.513204324956776,10.70406097372093,10.94521764524765,120.921875,49.26052693753492,29.086407533730114,10.0,14.0,23.0,372.0,1010.0,41.67261904761905,1389.0,1281.0,129.0,520.0,204.0,35.11770936309283,18.50415047647451,2.363208404924164,2.528893977310719,1.0
164.0,192.0,9.0,7.305555555555555,406.0,15.690203145651198,16.351359518697897,15.400000000000002,34.4283778407609,35.60595250049341,24.655926568670925,26.11601152512017,292.328125,117.64913583039628,69.47557244983159,20.0,22.0,56.0,3254.0,16077.0,127.83296425796426,13866.0,14739.0,646.0,5029.0,1166.0,79.52387653163639,42.73419643420831,2.4105522040786016,1.2799862703396474,1.0
142.0,168.0,7.1388888888888875,6.000000000000001,354.0,13.237183443017882,13.92162569778276,13.000000000000002,29.530009778701583,30.515608338355072,21.18934234795949,22.544441114592846,251.09375,101.77703769464662,60.30180527195216,14.0,18.0,49.0,1692.0,5993.0,107.09859307359307,7219.0,7662.0,455.0,2795.0,803.0,67.88805158478662,35.95819423562004,2.499237613164014,1.5606409530679195,1.0
114.0,139.0,7.229166666666666,4.638888888888888,310.0,10.065497354333143,10.496334348445645,9.685714285714287,22.249200736492206,23.8548481939781,16.377344059952797,17.442414855353505,191.8974953703704,82.83952339484686,51.737863481269216,18.0,32.0,43.0,833.0,2491.0,74.95158730158731,3446.0,3529.0,258.0,1292.0,448.0,53.055984141999,27.03047177821829,2.5870194307412424,1.833840989958642,1.0
156.0,190.0,7.11111111111111,6.055555555555555,400.0,13.720346690612276,14.632549469710403,13.466666666666669,31.489601572928123,32.556849790674384,22.522675681292824,24.312414052558168,273.875,111.81656737032081,67.6023683516979,16.0,20.0,56.0,2452.0,12414.0,105.07087773337773,11090.0,12521.0,446.0,3548.0,890.0,72.44676625824536,37.89424322426346,2.60397845936323,1.0140395730103762,1.0
118.0,144.0,5.638888888888889,4.555555555555555,306.0,10.258351493073059,10.932368463008396,10.033333333333333,23.546181107839026,24.483430150234618,16.877751975618917,18.26512377990027,204.328125,84.7974241532812,51.867873580720584,16.0,18.0,43.0,878.0,2819.0,74.45515873015873,3861.0,4226.0,223.0,1487.0,470.0,54.40132482661762,28.2699780238794,2.523027131137611,1.4801385431506204,1.0
170.0,204.0,8.472222222222221,6.694444444444445,436.0,15.097356788324023,16.01315556124637,14.73333333333334,34.27481056516565,35.79403323369227,24.793825939113525,26.59430414859638,289.859375,122.32998232047969,74.30399957457779,22.0,28.0,61.0,2843.0,13132.0,126.3724247974248,12556.0,13844.0,594.0,4810.0,1124.0,79.27851367214583,41.12679693872253,2.4659740386948608,1.1726723386116835,1.0
90.0,101.0,5.694444444444445,4.472222222222222,214.0,9.308861750289884,9.524342018617059,9.133333333333335,19.6674057251594,20.359705793276678,14.170645194432373,14.703587927600939,162.15625,64.57833006287038,37.03725215334876,10.0,12.0,29.0,810.0,2997.0,57.71958874458875,3271.0,3279.0,211.0,1011.0,349.0,45.822848580557405,24.30156951810611,2.377421606213141,1.7008323643310956,1.0
158.0,188.0,9.5625,6.222222222222224,424.0,13.8635232085956,14.546400913517417,13.319047619047621,30.895516220676353,33.28503457363578,22.949752536086315,24.397474943209296,257.26323611111115,115.03469783055455,71.77398793593034,28.0,48.0,59.0,2213.0,8928.0,116.07895437895438,9322.0,9767.0,540.0,3598.0,934.0,73.42848881607677,37.16893606259838,2.537280971895768,1.4700438030479377,1.0
166.0,195.0,10.062499999999998,6.6944444444444455,440.0,14.846686456189992,15.532579814053468,14.285714285714288,32.85510801490289,35.32627602595509,24.404406212979286,25.83727848195108,269.8726111111111,120.83158681910946,74.8319103285568,30.0,50.0,61.0,2846.0,13004.0,124.5429181929182,12020.0,12644.0,642.0,4804.0,1092.0,77.8873135744901,39.562408577838255,2.5084164213972544,1.3609824595114768,1.0
60.0,69.0,3.333333333333333,2.722222222222222,146.0,5.877010097711745,6.105350962927558,5.766666666666667,12.785208992237521,13.237183443017884,9.220897726126537,9.68112730712722,106.15625,43.04032688474005,25.086407533730114,6.0,8.0,20.0,189.0,430.0,31.1,792.0,826.0,72.0,294.0,132.0,29.63905491453142,15.713340089906355,2.33653835623944,1.9057841670919313,1.0
100.0,118.0,5.416666666666666,4.25,252.0,9.275188245478667,9.721444691080755,9.066666666666668,20.586589313612482,21.442188697915302,14.837311861099039,15.790044060748404,173.546875,71.92946735286085,43.15309693860172,14.0,16.0,35.0,730.0,2458.0,61.53221500721501,3097.0,3264.0,197.0,1191.0,379.0,47.78608616304485,24.948373373909938,2.456148801225902,1.5486108428656804,1.0
138.0,169.0,7.861111111111111,5.527777777777778,362.0,12.117723500579766,12.773428908625709,11.76666666666667,27.334811450318792,28.71941158655335,19.73468867106652,21.250063880186836,238.484375,99.45817531590579,61.346582245339675,20.0,24.0,51.0,1442.0,5260.0,95.39902597402597,6194.0,6587.0,360.0,2587.0,692.0,63.893216788672774,32.61956403839038,2.5598190010963737,1.4618047151503537,1.0
82.0,99.0,8.006944444444445,4.125,226.0,8.022439688289412,7.957474090060172,7.590476190476191,16.21731771619356,17.861555572460524,12.164156008938912,12.560017292877246,139.59699999999998,60.128907645534206,37.80955291393218,20.0,28.0,31.0,466.0,1200.0,53.10357142857143,1719.0,1563.0,191.0,638.0,266.0,40.39012700817361,20.20379257079314,2.5015370844320204,2.9731890932028144,1.0
122.0,146.0,8.25,5.138888888888888,320.0,11.028407103102722,11.45693232769798,10.600000000000001,24.200836854103237,25.8741121249326,17.80363835628782,18.909963937144834,203.078125,88.47831735234318,54.86130087110109,22.0,28.0,45.0,1164.0,4120.0,83.24660894660894,4789.0,4887.0,283.0,2236.0,578.0,57.48874904329541,29.520927675400554,2.4996831105709827,1.6877613756225687,1.0
90.0,109.0,4.756944444444445,3.4027777777777777,246.0,7.695107211334262,8.141452803364386,7.419047619047619,17.40879253071875,18.646089646297415,12.844651989501692,13.775957950249092,143.964625,65.53617129968747,41.23014147270622,18.0,28.0,34.0,399.0,1041.0,50.22261904761905,1726.0,1857.0,128.0,750.0,269.0,41.185698376252816,20.781587197428884,2.509692224255451,1.7390998309674321,1.0
104.0,127.0,6.638888888888889,4.111111111111111,276.0,9.092224152875016,9.54101960624679,8.733333333333334,20.34287699781738,21.742526510474953,15.00372080224305,16.019910331435366,173.234375,75.2946116022772,46.87225198771445,14.0,22.0,39.0,643.0,1853.0,64.4531746031746,2717.0,2854.0,207.0,1024.0,370.0,48.250905949868546,24.613685284578374,2.527110341630264,1.7614797943596754,1.0
150.0,193.0,7.673611111111111,5.291666666666666,418.0,12.057715868699496,12.935544867463847,11.657142857142857,28.21047501570905,29.863959585858822,20.406796696058194,22.366089817886333,255.94074999999998,108.40277771552667,69.02495065215423,24.0,32.0,59.0,1220.0,3698.0,103.20555555555555,5337.0,5783.0,359.0,2706.0,721.0,66.1430989559301,33.15863558265028,2.711197908907254,1.5745033888321343,1.0
92.0,111.0,6.756944444444445,4.125,248.0,8.608226125916318,8.80277355168092,8.257142857142858,18.331699633029434,19.74023522890088,13.578369571312008,14.233743879244185,155.59699999999998,66.97048018951939,41.46640716342456,18.0,26.0,34.0,538.0,1421.0,58.97261904761905,2144.0,2119.0,220.0,859.0,330.0,44.17269531363124,22.562628575018863,2.5151932506449373,2.2226421086030554,1.0
82.0,98.0,8.006944444444445,4.041666666666667,226.0,7.984434885828627,7.932910225370588,7.523809523809525,16.160738181282664,17.934975212900298,12.27354580868009,12.622283916819232,134.97199999999998,60.27799317748499,37.987698498805486,20.0,30.0,31.0,472.0,1233.0,52.82976190476191,1743.0,1587.0,191.0,644.0,266.0,40.3802887469305,20.017385491626825,2.4979057374303295,2.940546541116201,1.0
118.0,137.0,7.027777777777778,5.111111111111111,296.0,11.147867045540842,11.605129116855034,10.833333333333336,24.396035182486028,25.67030887673433,17.844078470807705,18.790127609177755,199.6875,85.14032548159167,50.988096772967396,16.0,22.0,41.0,1139.0,3834.0,82.8242784992785,4759.0,4946.0,303.0,1795.0,553.0,57.01216047416214,29.78806226853211,2.435023612307743,1.7078439628967255,1.0
156.0,181.0,8.5,6.611111111111112,390.0,14.59735678832402,15.288410689854784,14.233333333333336,32.27481056516565,33.79403323369227,23.500932720300074,24.851921186999743,263.6875,112.43048738386803,67.2329317627123,22.0,28.0,54.0,2862.0,14451.0,114.94169996669997,12212.0,12971.0,560.0,4619.0,1026.0,74.93734271136964,39.173979660407575,2.485138219493447,1.2207659837138654,1.0
162.0,193.0,9.8125,6.4444444444444455,432.0,14.35821047658592,15.044339635873238,13.804761904761909,31.894705408160686,34.27351772353665,23.695550851858567,25.128016134083676,264.0762407407408,117.80874183468298,73.14347123389452,28.0,46.0,60.0,2491.0,10546.0,120.6987567987568,10572.0,11175.0,614.0,4208.0,1026.0,75.62786012909703,38.75600916061538,2.5101694333702,1.4149289972666472,1.0
76.0,88.0,5.305555555555555,3.333333333333334,194.0,7.181540550352057,7.4080264443913375,6.9,15.476851594032947,16.587825972095704,11.520557554648656,12.046817226537913,124.296875,55.16177119363168,33.55854348872969,12.0,18.0,27.0,363.0,983.0,43.180952380952384,1475.0,1487.0,123.0,517.0,213.0,36.920515614727265,19.088679484004356,2.402973489690112,1.9142649313934055,1.0
128.0,149.0,8.13888888888889,5.555555555555555,324.0,12.0585506480638,12.513377407318895,11.666666666666666,26.26206058627046,27.825009415113584,19.327241718402096,20.313730971292028,214.453125,92.54524382887936,55.816523897713594,18.0,26.0,45.0,1596.0,6331.0,89.4504329004329,6675.0,6959.0,399.0,1980.0,632.0,61.98057548092306,32.071933040873894,2.41630406280422,1.5173580777823357,1.0
150.0,177.0,10.45138888888889,6.388888888888888,398.0,13.819404336325702,14.26930635333735,13.238095238095239,29.8819554292655,32.30449390495796,22.350286974706773,23.41825304312215,246.8418657407408,109.23720677867902,67.38391761838818,24.0,44.0,55.0,2308.0,10015.0,114.6448912198912,9421.0,9553.0,537.0,3277.0,867.0,71.60636966193634,36.500200979527285,2.5523004287369644,1.6583099170247781,1.0
106.0,132.0,4.888888888888889,3.7499999999999996,282.0,8.737183443017884,9.42162569778276,8.500000000000002,20.53000977870159,21.515608338355076,14.825381317280574,16.180480083913928,179.09375,76.32119357193093,47.5738832105943,14.0,18.0,40.0,523.0,1372.0,61.65,2343.0,2610.0,173.0,938.0,341.0,47.57037526601567,24.23428178555393,2.564997652500668,1.622054937380626,1.0
72.0,79.0,4.083333333333334,3.416666666666667,170.0,7.343336592900531,7.577708763999664,7.2,15.704392580690609,16.319666347656515,11.423098298725943,11.853627603424249,123.375,51.80567773710363,29.78803875660999,10.0,12.0,23.0,412.0,1280.0,41.100793650793655,1722.0,1796.0,118.0,644.0,228.0,36.37506912506298,19.595004498610837,2.2410453676039754,1.6310999983515186,1.0
100.0,120.0,7.256944444444445,4.652777777777778,264.0,9.625062878321923,9.816594651144866,9.290476190476191,20.372107838802894,21.698993776581567,14.952143019165224,15.622367465248589,174.98762499999998,72.48729969994925,44.06533902029045,16.0,24.0,36.0,712.0,1962.0,68.82738095238095,2818.0,2765.0,290.0,1051.0,408.0,48.74172297560435,25.40349799646627,2.5223706200637817,2.287859931498968,1.0
122.0,147.0,5.888888888888889,4.722222222222222,314.0,10.720346690612276,11.407804598318814,10.466666666666669,24.48960157292813,25.55684979067439,17.694248556546643,19.034497185028805,207.703125,87.77493680997819,53.46023272796698,16.0,20.0,44.0,931.0,2801.0,81.26746031746032,4083.0,4461.0,261.0,1629.0,514.0,56.56214161961698,29.13694702005118,2.49124835358696,1.581995534233788,1.0
148.0,174.0,8.0,6.138888888888889,374.0,13.61419354072963,14.30223178931873,13.266666666666671,30.315218770939108,31.752791781372956,22.0462790434071,23.412117648257954,251.078125,106.63359839531316,64.17500937008583,20.0,26.0,52.0,2452.0,12374.0,103.6301341632224,10660.0,11562.0,438.0,3654.0,872.0,70.47767516885357,36.70474574054567,2.4809727757511038,1.1557281701690307,1.0
72.0,84.0,5.055555555555555,3.083333333333333,186.0,6.681540550352056,6.9080264443913375,6.4,14.476851594032945,15.587825972095704,10.813450773462108,11.339710445351367,116.296875,52.33334406888549,32.14432992635659,12.0,18.0,26.0,289.0,721.0,39.49523809523809,1180.0,1196.0,104.0,437.0,184.0,34.638418921221714,17.468603879724608,2.391863235518177,1.9609917900879252,1.0
182.0,237.0,13.388888888888888,6.527777777777779,554.0,14.379735613644968,14.999013791786446,13.41428571428572,32.10380747183232,36.189229005482446,24.575159080170096,26.372923878472164,287.621662037037,134.2641748705981,89.6229560320179,44.0,80.0,77.0,2201.0,7739.0,141.19902597402597,9093.0,9319.0,621.0,4011.0,1057.0,79.95071441871175,38.55609472202496,2.7322499442325654,1.7927121381001891,1.0
78.0,88.0,7.756944444444444,3.5833333333333335,218.0,7.371009241333564,7.3546596990087325,6.833333333333335,14.965891027439323,17.207944308956193,11.838394799844437,12.068350425968413,113.03761574074073,58.11481425648161,37.34646775182089,20.0,42.0,30.0,450.0,1294.0,46.0952380952381,1682.0,1553.0,152.0,480.0,219.0,38.12324860313656,18.784645364766508,2.3835086608928493,2.503927837653153,1.0
142.0,173.0,5.75,5.333333333333332,364.0,12.292826335683708,13.210480079782593,12.100000000000001,28.583167963370233,29.44339070461445,20.37284576703177,22.10729388562604,247.71875,101.72325663734944,61.589222932458924,16.0,18.0,51.0,1490.0,5688.0,95.25389610389611,6763.0,7652.0,361.0,2833.0,741.0,65.17257105772936,34.16277312246693,2.558973399301884,1.2475524790017316,1.0
164.0,192.0,9.0,7.25,406.0,15.66903509559602,16.34061675347226,15.366666666666667,34.41220651162346,35.63813068861387,24.724876253892223,26.152688172693466,291.09375,117.65818662328458,69.42422276682461,18.0,22.0,56.0,3609.0,20150.0,123.83801115035635,15490.0,16597.0,608.0,5552.0,1164.0,79.52620142226876,42.18633928317681,2.4353743178244454,1.1404547432365284,1.0
170.0,203.0,7.951388888888889,6.7222222222222205,442.0,15.13456025298537,16.040797760174264,14.800000000000006,34.260837739256374,35.79949047779368,24.76531636841211,26.543124195858994,287.703125,122.63404337845363,74.59462474287906,24.0,36.0,61.0,3304.0,18221.0,120.50256516359458,14790.0,16539.0,538.0,4954.0,1089.0,79.37960765192419,41.08487778056726,2.4633380954800717,0.9947362679629169,1.0
160.0,209.0,10.555555555555554,5.777777777777779,486.0,12.682452958678343,13.29529090938547,11.97619047619048,28.549258652879356,31.669819246662232,21.432391870096488,23.154955229962667,262.47366203703706,117.63560454052396,77.8566319936735,36.0,68.0,67.0,1537.0,5090.0,114.82034632034633,6444.0,6705.0,444.0,2958.0,810.0,70.155773672874,34.37389112104867,2.7087106896380435,1.736238022363094,1.0
146.0,171.0,13.01388888888889,6.083333333333332,418.0,12.90705117507413,13.107288464716353,11.971428571428575,27.17237518404683,31.129617496715873,21.334790886569227,22.149465785084832,212.8013564814815,108.55247837506865,70.85375497550078,40.0,76.0,58.0,2118.0,8963.0,107.47269674769676,8332.0,8139.0,484.0,3136.0,798.0,68.46950154432221,33.01823970062874,2.505202395967393,2.0171175998650632,1.0
136.0,159.0,6.277777777777777,5.777777777777778,334.0,12.809663088089316,13.49955630785495,12.633333333333335,28.62357616914369,29.402149252295136,20.45372599607153,21.753534510033813,240.9375,97.34058121116766,57.11708697745935,14.0,16.0,46.0,1806.0,7601.0,95.58822566322567,7906.0,8635.0,446.0,2954.0,782.0,65.3921267036431,34.73085476829937,2.47504216203457,1.2784435843196789,1.0
154.0,198.0,10.215277777777777,5.4375,460.0,12.170504622625403,12.811600845102527,11.459523809523812,27.566652829030886,30.663159995861687,20.84852900510211,22.486176226230086,245.66694907407407,113.22309358865738,74.76814465083653,34.0,64.0,64.0,1425.0,4757.0,107.40963203463204,6015.0,6302.0,397.0,2759.0,753.0,67.59837942270579,33.00688726441582,2.6706168875065504,1.6765695570219432,1.0
186.0,233.0,13.638888888888888,6.520833333333334,562.0,14.737671535687157,15.401069430921961,13.678571428571432,32.859408406957314,37.538184059702616,25.615705802937597,27.266580451107995,277.9770601851852,137.95259854838912,92.0239774661734,46.0,96.0,78.0,2777.0,11849.0,139.75998445998445,11559.0,11940.0,649.0,4681.0,1125.0,82.13828991085008,39.30507181540992,2.671337212799652,1.547250564017339,1.0
90.0,102.0,5.694444444444445,4.5,214.0,9.32569850269549,9.538163118081005,9.166666666666668,19.707813930932854,20.318464340957362,14.130205079912491,14.677997951232248,165.546875,64.43829532380788,36.807756885468464,8.0,10.0,29.0,710.0,2200.0,59.95793650793651,2866.0,2876.0,246.0,1010.0,368.0,45.74791971128731,24.704941613043463,2.3685795313243005,1.9425989403851784,1.0
144.0,174.0,10.11111111111111,6.6111111111111125,372.0,13.569941865413645,13.952693311694544,13.166666666666668,29.277009068393813,30.767312289673217,21.039512433698434,22.342497794624105,259.109375,103.78122573895455,63.16843666046637,22.0,24.0,52.0,1871.0,6786.0,112.48272005772006,7591.0,7653.0,501.0,3011.0,818.0,69.13173864895444,36.32753813127418,2.496786534126405,1.8396498764776281,1.0
122.0,134.0,11.930555555555555,5.361111111111111,344.0,11.408720733802744,11.425167573481732,10.504761904761908,23.215930025481065,27.149793366578706,18.7956914363174,19.0080127092579,167.38584722222225,91.45465324877324,58.99914130753796,34.0,76.0,47.0,1622.0,6349.0,86.37748917748918,6217.0,5927.0,435.0,1838.0,594.0,59.40328317755901,28.82267853580919,2.3007045026345345,2.5989442630541335,1.0
108.0,123.0,5.916666666666667,4.61111111111111,268.0,10.203509938206668,10.669238627463278,9.933333333333337,22.449193367154674,23.598091242993704,16.441795452253075,17.31770419980087,178.140625,78.01547661242904,46.6186601839818,18.0,22.0,37.0,1091.0,4474.0,67.8946830946831,4676.0,5002.0,212.0,1663.0,466.0,52.30988259224062,27.482111123578743,2.3358298353119267,1.3468110835805414,1.0
100.0,120.0,5.868055555555555,3.875,274.0,8.6111035458669,9.051762371472426,8.266666666666667,19.275628747018864,20.812307034775802,14.289123702510382,15.276126902675522,159.91724537037038,72.99547276759289,46.10329886186131,20.0,34.0,38.0,549.0,1511.0,59.73571428571429,2326.0,2446.0,178.0,1145.0,358.0,45.86674804034852,23.512149692755298,2.489514983852447,1.7639519376142685,1.0
172.0,204.0,10.92361111111111,6.875000000000001,460.0,15.258857377976812,15.943906438755642,14.619047619047622,33.734000637803135,36.45789473645422,25.199883541751724,26.66486173408341,276.4084907407408,125.32288554862552,78.12098389059149,30.0,52.0,64.0,2864.0,12248.0,134.73677711177712,12131.0,12814.0,697.0,4355.0,1127.0,80.38198835404447,40.83307047570247,2.482137626795549,1.4693052021457131,1.0
140.0,171.0,9.791666666666666,5.701388888888889,392.0,12.314515919973033,12.739175318156347,11.721428571428573,26.824153047340516,29.352394608077823,20.14616282947484,21.28419489847724,228.2579537037037,102.4760439706234,65.04504597961305,28.0,50.0,54.0,1613.0,6111.0,100.4096903096903,6588.0,6670.0,448.0,2690.0,730.0,65.05521223275107,32.816369609470556,2.6384783783584562,1.7471729191728798,1.0
130.0,154.0,9.583333333333332,4.222222222222222,408.0,9.916762087863122,10.379796928147398,9.01904761904762,22.051399239720382,26.32812724995905,17.940503320803977,18.944896988035186,165.19784259259262,98.20316774490712,67.33332584104875,42.0,100.0,56.0,948.0,2928.0,80.85714285714286,3878.0,3924.0,286.0,1348.0,478.0,56.696201031217015,25.870587519755492,2.6106673657802726,1.8424617966880708,1.0
108.0,128.0,8.277777777777779,5.25,274.0,10.633758915185938,10.812035718851764,10.3,22.419049212107968,23.635726675215576,16.23959487965367,17.002954446131454,195.09375,77.86959792753068,46.69410640284114,14.0,18.0,38.0,1017.0,3327.0,76.32500000000002,3985.0,3864.0,301.0,1407.0,469.0,53.36775002360587,27.48282846804963,2.5102230723653194,2.1262893551555857,1.0
198.0,260.0,13.451388888888888,6.472222222222222,618.0,14.765475189785597,15.61818585417795,13.714285714285717,33.85737474742757,38.50114827228358,26.04799017373674,28.25028661617866,305.0030277777778,146.54431627386896,99.36172491472776,50.0,98.0,86.0,2351.0,8275.0,150.6525974025974,9992.0,10551.0,666.0,4537.0,1169.0,84.51072898077322,40.203268725385804,2.762829213246187,1.6093440696775005,1.0
96.0,112.0,7.006944444444445,4.291666666666666,256.0,9.058697303059605,9.266449865171568,8.671428571428574,19.23552270486075,20.8664131717591,14.396614732173914,15.005272851053569,156.76837037037035,70.14241070589665,43.33299184296014,20.0,32.0,35.0,670.0,1982.0,62.11031746031746,2670.0,2640.0,234.0,1038.0,368.0,46.41973160662617,24.017665707961786,2.4625512253591872,2.073070070767489,1.0
72.0,84.0,5.055555555555555,3.083333333333334,186.0,6.681540550352057,6.9080264443913375,6.3999999999999995,14.476851594032945,15.587825972095704,10.813450773462108,11.339710445351363,116.296875,52.33334406888549,32.1443299263566,12.0,18.0,26.0,284.0,696.0,39.78571428571429,1158.0,1169.0,82.0,544.0,196.0,34.554185409030865,17.64158717214183,2.398539892722386,1.992584529611627,1.0
178.0,214.0,10.812499999999998,7.722222222222223,464.0,16.496367572551172,17.134930663644248,16.03809523809524,36.10634978026239,37.974916958336614,26.165700616889094,27.755140081839823,310.726125,128.49575795887628,78.06695841109716,26.0,36.0,64.0,3432.0,15496.0,145.67421744921745,14434.0,15138.0,828.0,4951.0,1272.0,84.884584359778,44.67292420016372,2.536192789712277,1.466746001269922,1.0
262.0,331.0,17.03472222222222,9.333333333333332,772.0,21.087643732630948,22.18515185295197,19.880952380952383,47.54559599898073,52.852992808060534,36.12582459531087,38.72637730480309,411.1436527777778,192.70219055436843,126.2699868635845,58.0,110.0,107.0,7389.0,41431.0,225.56751511732165,31839.0,34205.0,1481.0,11251.0,2324.0,116.30530492189243,57.23476870464615,2.759040884841936,1.1799738842547203,1.0
256.0,329.0,14.78472222222222,8.5,762.0,19.74943977517942,21.079579043951885,18.680952380952384,45.77313698563839,50.58483318362134,34.492831433455414,37.44714351853987,404.3936527777778,187.9318835354673,123.9136956938379,56.0,104.0,106.0,5693.0,28040.0,211.57749080984377,25283.0,28020.0,1233.0,9326.0,2040.0,111.07898969031437,54.04562038096682,2.7590641564650715,1.1468037432925486,1.0
24.0,22.0,4.3125,1.375,76.0,2.560660171779821,2.3272393461533625,2.1999999999999997,4.285618083164127,5.871320343559642,4.012289773726411,3.717636857841802,23.11111111111111,19.077520809352354,13.16227766016838,12.0,32.0,10.0,28.0,44.0,9.5,82.0,57.0,18.0,28.0,20.0,12.823409519949186,5.818625822352818,2.0743132930519423,3.168489872670569,1.0
106.0,122.0,10.027777777777779,5.694444444444445,268.0,11.014298972747818,10.939094058303121,10.566666666666666,22.223850883725174,23.83952992341385,16.32047510869343,16.794621374874996,188.3125,76.9649491111629,46.32466981385555,20.0,24.0,37.0,1294.0,4999.0,77.22330447330447,4899.0,4605.0,323.0,1644.0,500.0,54.03298618420945,28.621607072142474,2.3939383137656143,2.5650655699729326,1.0
130.0,158.0,8.680555555555555,5.180555555555556,364.0,11.37086258633776,11.814311527428163,10.842857142857143,24.932812609160447,27.264616763663994,18.752993321811925,19.80505470868113,211.93836111111113,95.13489002646351,60.14959896037352,24.0,48.0,50.0,1188.0,3768.0,91.27261904761905,4894.0,5007.0,416.0,1681.0,607.0,60.346870326445014,30.550067160481674,2.5777553770119153,1.8720620311956202,1.0
46.0,44.0,6.625,2.0,150.0,4.207106781186548,3.9997781539274735,3.5666666666666664,7.685618083164127,10.621320343559642,7.317472766266274,6.9876799584909,38.222222222222214,36.51133278845131,25.738768882709856,22.0,62.0,20.0,127.0,288.0,21.63333333333333,418.0,337.0,52.0,127.0,72.0,22.57117603251473,9.64891671393759,2.198691243515998,3.563001750182873,1.0
198.0,260.0,13.451388888888888,6.472222222222222,618.0,14.765475189785597,15.61818585417795,13.71428571428572,33.85737474742757,38.50114827228358,26.04799017373674,28.250286616178663,305.0030277777778,146.54431627386896,99.36172491472774,50.0,98.0,86.0,2351.0,8275.0,150.6525974025974,9992.0,10551.0,666.0,4537.0,1169.0,84.51072898077325,40.20326872538581,2.7628292132461874,1.6093440696775005,1.0
140.0,167.0,9.86111111111111,6.166666666666666,364.0,12.977095508086467,13.38974448285143,12.500000000000002,28.123441792798566,29.95539302287208,20.591625366514126,21.78551423769021,238.46875,101.39100441717247,62.34000953572017,24.0,30.0,51.0,1952.0,8230.0,101.8439837939838,8071.0,8309.0,443.0,3180.0,792.0,66.84003433572029,34.285906609009324,2.455164228636364,1.551354311964529,1.0
118.0,139.0,7.027777777777777,5.222222222222222,296.0,11.202708600407234,11.643514081008565,10.933333333333334,24.49302292317038,25.555647783975243,17.69424855654664,18.702271008867083,207.703125,84.8512052105784,50.58045592021381,14.0,18.0,41.0,1103.0,3546.0,83.67103174603176,4615.0,4806.0,341.0,1665.0,549.0,57.03205527308341,30.25413693378821,2.444368304932963,1.7580376648633222,1.0
106.0,123.0,7.666666666666666,5.277777777777778,262.0,10.70623856025737,10.889966328923954,10.433333333333334,22.512615602550067,23.522267589155636,16.211085308952253,16.919154622758967,192.9375,76.26156856879794,44.92360167072144,14.0,16.0,36.0,1051.0,3596.0,75.55360750360751,4212.0,4201.0,294.0,1666.0,492.0,53.02430580335103,27.856912755922036,2.4096220116022082,1.9952094865995424,1.0
76.0,88.0,5.305555555555555,3.3333333333333335,194.0,7.181540550352056,7.4080264443913375,6.9,15.476851594032945,16.5878259720957,11.520557554648656,12.046817226537915,124.296875,55.16177119363169,33.5585434887297,12.0,18.0,27.0,369.0,1018.0,42.95714285714286,1500.0,1507.0,122.0,518.0,210.0,36.92074648631062,19.0784727529002,2.4063485699834746,1.874660505641169,1.0
122.0,142.0,7.277777777777777,5.444444444444444,304.0,11.685871848001627,12.129692981544618,11.400000000000002,25.452614717396923,26.596889236294558,18.44179545225307,19.434967766422318,212.3125,87.8196670743871,52.224164750467196,16.0,20.0,42.0,1307.0,4644.0,87.48152958152959,5415.0,5577.0,339.0,2050.0,602.0,59.30267772452606,31.13321805582656,2.4477915975905633,1.6924918050626316,1.0
196.0,238.0,13.395833333333332,8.277777777777777,524.0,17.71678114629319,18.359675535035834,17.03809523809524,38.72716530665617,41.46705570083692,28.512047432786293,30.204629824623,335.7949907407408,142.13364872020307,87.9981891971187,28.0,48.0,73.0,5014.0,28893.0,158.4929688517537,21076.0,22104.0,874.0,7784.0,1532.0,92.31165388342441,46.81361884279681,2.6154310988038163,1.2579097908287094,1.0
20.0,18.0,3.611111111111111,1.5833333333333333,46.0,2.770055610029662,2.5245638646895836,2.5666666666666664,4.654655746264212,5.390681974697982,3.7543135054150945,3.4732672819907515,30.75,14.994601698046727,8.650281539872886,6.0,10.0,6.0,32.0,58.0,9.0,98.0,73.0,14.0,32.0,20.0,12.397923494716455,6.155367074350506,1.9021130325903068,2.6272148478988635,1.0
114.0,131.0,9.13888888888889,5.1388888888888875,294.0,10.896754605515326,11.118950216318982,10.366666666666667,23.034519599612796,25.09316903955277,17.42470097432481,18.057430851622513,181.203125,83.17341522404959,51.101747255594745,20.0,32.0,41.0,1440.0,6364.0,75.95735375735376,5794.0,5787.0,298.0,1768.0,514.0,55.81803187212805,28.210047164235775,2.4489921316174965,1.632322163199485,1.0
54.0,60.0,6.673611111111111,3.375,144.0,6.125356188313528,5.834760151969695,5.7857142857142865,11.378648375672043,12.683725078519274,8.642451416902285,8.562228711013312,92.574,39.93444849207344,24.335024943088413,14.0,24.0,19.0,246.0,588.0,32.900000000000006,828.0,684.0,110.0,246.0,132.0,29.06561285157298,14.638037379521975,2.334414218338977,4.379356996271699,1.0
124.0,143.0,10.25,5.6388888888888875,322.0,11.828606258093464,12.037941272008482,11.233333333333333,24.916716332534673,27.215691389811564,18.838914536697903,19.544357566163495,197.203125,90.56928277844897,55.98152406334792,24.0,36.0,45.0,1706.0,7357.0,86.98473470973471,6822.0,6773.0,382.0,2072.0,610.0,60.59989135278086,30.690007125098248,2.4508681788960143,1.7662913804594436,1.0
78.0,83.0,9.145833333333334,4.277777777777778,208.0,8.323915730535946,8.071408470352049,7.752380952380954,15.926595797796876,18.273567296038625,12.614301076108816,12.481168745845162,119.0757361111111,58.14456244014933,36.035104559701715,20.0,42.0,28.0,716.0,2558.0,51.027777777777786,2558.0,2269.0,190.0,716.0,272.0,40.858138007885145,20.281096328974332,2.2398653322848783,3.9595042535707097,1.0
158.0,187.0,11.923611111111109,6.499999999999999,430.0,14.118735270387266,14.558160735337186,13.33809523809524,30.510450510246997,33.66834075899254,23.257995938702017,24.39531937652844,240.819875,115.93341448343851,73.56853161761961,36.0,56.0,60.0,2467.0,10216.0,118.91901986901986,9872.0,9788.0,582.0,3141.0,904.0,75.91762487616361,36.06649389908101,2.669222755877125,1.7428074283738493,1.0
88.0,107.0,4.666666666666667,3.472222222222222,228.0,7.770856947829097,8.224523025319064,7.566666666666667,17.610826190248506,18.433125433716448,12.744501088240812,13.679810388393362,151.703125,63.31320203244806,38.62961130059516,10.0,14.0,32.0,385.0,956.0,50.6452380952381,1668.0,1798.0,116.0,866.0,282.0,40.87156046703487,21.038103653645727,2.4829307394871596,1.7942226145644482,1.0
100.0,115.0,7.256944444444445,4.527777777777778,264.0,9.548660601927535,9.757768377590107,9.152380952380952,20.20879253071875,21.89608964629742,15.124890955659225,15.725621870125568,162.33499537037036,73.08006319729773,44.89629093728402,20.0,34.0,36.0,792.0,2486.0,66.19722222222222,3168.0,3149.0,268.0,1170.0,408.0,48.68807722153035,25.183738195306773,2.4321047308288892,2.029479528724122,1.0
130.0,151.0,10.590277777777777,5.944444444444445,348.0,12.31141027577991,12.50399877943297,11.719047619047618,25.861950715387394,28.323872012556794,19.454658744673463,20.223078661321797,213.8726111111111,95.18513374708651,59.17286177643881,26.0,46.0,48.0,1715.0,6718.0,95.37766955266954,6796.0,6700.0,440.0,2181.0,664.0,63.12020271015567,32.09317005897153,2.4432670749610725,1.9966620448987915,1.0
34.0,33.0,4.972222222222222,2.25,82.0,4.163902460147014,3.9189910556894993,3.8666666666666667,7.4802729442751925,8.58662396539655,5.9850236487159165,5.729567401660267,50.125,25.367981909143083,15.122417494872465,10.0,16.0,11.0,104.0,244.0,17.416666666666664,344.0,280.0,38.0,104.0,56.0,19.449314620128185,10.150470419531818,2.035648404256702,3.0608205611627874,1.0
80.0,89.0,4.583333333333334,4.027777777777778,186.0,8.398178147766922,8.616093728153196,8.3,17.80138032137496,18.20500525489743,12.687481946837979,13.179984565486665,147.390625,57.173411715582716,32.208825028602575,8.0,8.0,25.0,572.0,1858.0,49.4765873015873,2354.0,2414.0,168.0,848.0,294.0,40.9545930405958,22.31927608849266,2.283488503009712,1.7088526208786936,1.0
14.0,12.0,2.75,1.5,26.0,2.414213562373095,2.1547005383792515,2.333333333333333,3.885618083164127,4.121320343559642,2.8284271247461903,2.568914100752347,32.0,10.12899020449196,4.82842712474619,2.0,2.0,3.0,20.0,35.0,6.416666666666666,60.0,44.0,8.0,20.0,12.0,9.915316149982342,5.464101615137754,1.7320508075688772,2.19060968716425,1.0
154.0,176.0,13.0625,6.875,412.0,14.53720035854387,14.751943378174433,13.700000000000001,30.41520163481459,33.81392990549107,23.41881333137755,24.151844300079603,233.71412037037038,113.3314276961504,71.00936650809244,32.0,60.0,57.0,3414.0,19396.0,115.57900877502271,13632.0,13546.0,570.0,4490.0,978.0,74.85145345312269,37.4461552858556,2.505626757341155,1.6621661539358863,1.0
150.0,174.0,8.090277777777775,5.972222222222222,392.0,13.487314448683291,14.19151936843616,13.052380952380956,30.066477672423122,32.09029458963636,22.254576298718234,23.55944516285107,243.7163611111111,108.9992627812311,66.76741522631083,26.0,44.0,54.0,2429.0,12124.0,104.04272810522812,10552.0,11437.0,434.0,4057.0,904.0,70.58888682101235,36.74680278556427,2.3832737676261666,1.1654303763082645,1.0
146.0,171.0,7.3888888888888875,6.277777777777779,362.0,13.741514740667453,14.41854736354445,13.500000000000004,30.505772902065562,31.524671602553926,21.867939558444625,23.240461224574798,256.9375,104.73644876556709,61.99686378521254,18.0,20.0,50.0,2268.0,10402.0,105.69544344544344,9738.0,10413.0,498.0,3799.0,900.0,70.17514696549048,37.3514672624576,2.4851374641107635,1.2689895202194528,1.0
148.0,185.0,7.0625,5.194444444444444,406.0,12.065317257772469,12.966409025801047,11.671428571428574,28.180323491324806,29.894838067096284,20.5492864819166,22.38338883270998,243.3355,107.1930939944621,67.8111723047389,26.0,36.0,57.0,1290.0,4155.0,100.3345598845599,5753.0,6389.0,375.0,2914.0,772.0,66.18712397446271,32.21376331049788,2.6379592872088735,1.473743100166473,1.0
74.0,84.0,4.694444444444445,3.3888888888888884,182.0,7.270856947829097,7.499778153927474,7.066666666666667,15.610826190248504,16.433125433716448,11.45160786942736,11.937427426796734,125.53125,53.41370709583641,31.558543488729693,10.0,14.0,25.0,370.0,1015.0,42.69880952380953,1528.0,1572.0,130.0,602.0,228.0,36.609206257904304,19.372478938873442,2.3308629846318882,1.8436898603785252,1.0
94.0,100.0,8.305555555555555,4.861111111111112,228.0,9.986071002992368,9.985957054463528,9.533333333333333,20.168494195828362,21.93846850117352,15.355751289103514,15.498551309098165,148.265625,68.69742906489644,40.61646588135618,18.0,28.0,31.0,1162.0,4922.0,63.406851481851476,4493.0,4323.0,263.0,1366.0,414.0,48.96619500221647,25.303646790574238,2.2382715048536777,2.1435382571952024,1.0
178.0,221.0,7.583333333333332,6.638888888888891,462.0,15.220346690612276,16.35729434110199,14.966666666666669,35.48960157292812,36.556849790674384,25.229782462479363,27.46901057652789,316.046875,127.37291655642485,77.50186328830958,16.0,20.0,65.0,3147.0,16561.0,123.96653428271077,14448.0,16547.0,544.0,4804.0,1118.0,81.52095106119366,41.72768654385961,2.6513396088729277,0.9522655254587099,1.0
114.0,133.0,7.229166666666667,4.416666666666666,310.0,9.94429022420443,10.407804598318814,9.466666666666669,22.015627861865717,24.13692868191472,16.678752468409094,17.620283622655712,173.66261574074076,83.61218179655373,52.8273707190656,24.0,44.0,43.0,1034.0,3975.0,69.10775613275614,4380.0,4624.0,258.0,1453.0,468.0,53.43138598582347,25.90943612754138,2.428412866747929,1.4396962617318556,1.0
156.0,187.0,7.111111111111111,5.972222222222222,400.0,13.669836433395457,14.591086171318564,13.366666666666672,31.368376955607747,32.68057414763233,22.64399602485247,24.38918398166425,263.703125,112.23667158750838,68.2908541553388,22.0,26.0,56.0,2344.0,11279.0,106.52305611055611,10567.0,11898.0,431.0,3723.0,893.0,72.29948509408989,37.4471598013467,2.4464590635527004,1.0649686689433617,1.0
114.0,139.0,7.75,4.555555555555556,304.0,10.002907755397976,10.449267896710653,9.566666666666666,22.20890240160182,23.897227048854205,16.48688404983744,17.543513693549635,188.0,82.69952994956489,51.70067911246065,16.0,26.0,43.0,800.0,2265.0,75.97500000000001,3331.0,3447.0,271.0,1199.0,442.0,53.01281914721277,26.7580312890979,2.5239546616284207,1.8797036500677766,1.0
152.0,178.0,8.25,6.444444444444445,382.0,14.135361590784806,14.812974554544368,13.800000000000002,31.331390100076543,32.720613593252494,22.684436139372348,24.08254778187121,260.3125,109.45297472717102,65.64057261546591,22.0,26.0,53.0,2575.0,12462.0,109.96582306582306,11089.0,11919.0,511.0,3821.0,937.0,72.7532957582404,38.39325052831421,2.410741614317482,1.2201600126837084,1.0
92.0,110.0,4.916666666666667,3.6944444444444446,236.0,8.25402019542349,8.710701925855115,8.033333333333335,18.57041798447505,19.474366886035764,13.49204798394724,14.412507145948604,156.3125,66.28166389625676,40.273320130848546,12.0,16.0,33.0,495.0,1396.0,53.576190476190476,2136.0,2295.0,162.0,719.0,285.0,43.30860109680883,22.409920774304872,2.45829530061315,1.6581296812855961,1.0
146.0,175.0,8.36111111111111,5.861111111111112,378.0,13.041713895658196,13.72430117924654,12.633333333333336,29.221652380497,30.866250867432893,21.367681832921967,22.788810690443896,245.234375,105.41320062929972,64.53130053983246,20.0,28.0,53.0,1782.0,6692.0,105.32594905094905,7641.0,8165.0,507.0,2657.0,806.0,68.43598847400686,35.484577099741266,2.5361558217332245,1.4720847890965858,1.0
114.0,132.0,6.777777777777778,4.833333333333333,288.0,10.631030293135236,11.091308017391087,10.300000000000002,23.35562697671257,24.711550329053647,17.177411804141038,18.108610804359905,188.296875,82.45193309590799,49.8033784784746,18.0,24.0,40.0,1021.0,3385.0,77.35833333333335,4267.0,4428.0,273.0,1635.0,496.0,54.72320265147549,28.217931470663927,2.441607500386907,1.681612544713793,1.0
76.0,85.0,4.333333333333334,3.777777777777778,178.0,7.898178147766922,8.116093728153196,7.800000000000001,16.801380321374964,17.20500525489743,11.98037516565143,12.472877784300119,139.390625,54.34498459083652,30.794611466229483,8.0,8.0,24.0,458.0,1334.0,45.92738095238096,1886.0,1934.0,152.0,602.0,244.0,38.75669653288929,20.864408683318427,2.302775637731994,1.800999565912026,1.0
122.0,145.0,8.25,4.999999999999999,320.0,10.969234250586762,11.42162569778276,10.500000000000002,24.1280859900549,25.979709953492836,17.9819778412503,19.008907208660116,197.21875,88.63645367718227,54.98809677296742,20.0,30.0,45.0,1100.0,3530.0,84.03928571428571,4535.0,4637.0,335.0,2002.0,576.0,57.47776904591009,29.247135961269183,2.4978152654478443,1.7821374927792826,1.0
136.0,163.0,7.25,5.416666666666667,350.0,12.131030293135236,12.816052888782677,11.800000000000004,27.355626976712568,28.711550329053644,19.884518585327577,21.265207328329627,230.46875,98.00828228201205,59.70287341508626,18.0,24.0,49.0,1352.0,4523.0,96.89411976911977,5799.0,6188.0,383.0,2222.0,680.0,63.63075702228854,32.730295205675674,2.5201271355905273,1.5721771001022289,1.0
66.0,75.0,6.555555555555555,3.25,172.0,6.5577493102643665,6.538163118081005,6.166666666666667,13.305890142286176,14.782565956095118,10.215733792016739,10.43535726411296,103.671875,48.46928418159729,30.079834824110616,14.0,22.0,24.0,308.0,816.0,37.77857142857143,1140.0,1039.0,100.0,348.0,163.0,33.1320823971065,16.542021731022324,2.4019932883725175,2.498965178884464,1.0
166.0,215.0,11.937499999999998,5.840277777777779,500.0,13.00190852880339,13.63677891361171,12.145238095238097,29.325433810741753,32.94288459808186,22.37947249561903,24.10592715020008,261.6315740740741,122.26685066708549,81.44748624363193,38.0,70.0,70.0,1682.0,5609.0,121.27669552669553,7020.0,7270.0,486.0,3216.0,868.0,72.62005805873402,35.19046443659047,2.6988620918062702,1.753743519417944,1.0
52.0,55.0,4.222222222222222,2.9166666666666665,120.0,5.825698502695489,5.813418246689415,5.666666666666667,11.707813930932858,12.31846434095736,8.594671173979751,8.69297430251633,91.375,37.56823763871907,21.251407699364428,8.0,10.0,16.0,221.0,592.0,28.653571428571425,848.0,806.0,72.0,302.0,126.0,27.810673239707768,14.742863149726475,2.1913324110697667,2.1066878815208674,1.0
150.0,194.0,9.965277777777777,5.118055555555555,452.0,11.64253652129669,12.2957184679944,10.911904761904765,26.536803468261986,29.706903161763144,20.229642581357986,21.82809383110007,235.47532407407408,110.43452662920708,73.38299114138594,34.0,64.0,63.0,1283.0,4197.0,101.58697691197692,5445.0,5737.0,359.0,2521.0,697.0,65.32203250832283,31.795959879393884,2.6728506942476424,1.662068856800353,1.0
110.0,129.0,6.527777777777779,4.611111111111111,280.0,10.147867045540842,10.605129116855034,9.833333333333336,22.396035182486024,23.67030887673433,16.42986490843461,17.375914046804663,183.6875,79.48347123209933,48.15966964822121,16.0,22.0,39.0,880.0,2762.0,72.79206349206349,3685.0,3827.0,277.0,1586.0,482.0,52.47227801470506,26.918281224072622,2.480265760510421,1.7100778886116426,1.0
166.0,197.0,9.61111111111111,7.333333333333335,418.0,15.638891550634941,16.284171673851343,15.300000000000002,34.35098277945623,35.68723339843289,24.615486454151046,26.163134700919368,295.71875,119.24811439624078,71.2974268649583,22.0,24.0,58.0,3164.0,15035.0,128.8405747030747,13414.0,14178.0,672.0,4671.0,1124.0,79.85013005304958,42.25703179482146,2.509061965045122,1.3317166308419432,1.0
96.0,113.0,7.006944444444445,4.333333333333333,256.0,9.08135267237864,9.280270964635513,8.704761904761906,19.264561253113982,20.811153155758515,14.347085909317201,14.979682874684876,157.773,70.04816741998293,43.259201525628725,20.0,30.0,35.0,648.0,1833.0,62.77023809523809,2582.0,2552.0,250.0,982.0,368.0,46.43028802194396,24.135265799009503,2.484545816667945,2.1547075283776036,1.0
138.0,162.0,9.25,6.138888888888888,352.0,13.028407103102724,13.456932327697983,12.600000000000001,28.200836854103233,29.8741121249326,20.632065481034008,21.738391061891026,235.078125,99.79202585132795,60.51815512059346,22.0,28.0,49.0,1809.0,6795.0,102.90847763347763,7406.0,7528.0,502.0,2433.0,755.0,66.6963500308157,34.514767338730465,2.5044691334236813,1.7131167614075826,1.0
196.0,245.0,14.298611111111109,7.506944444444444,568.0,16.391537294702104,17.022524617030168,15.426190476190477,36.11295117709051,40.154484499637476,27.450690497627974,29.203896632501223,308.1872037037037,144.10895619697033,93.88126693062355,44.0,78.0,79.0,3299.0,13411.0,161.41675824175826,13554.0,13821.0,830.0,5560.0,1338.0,88.77696064164942,43.11148434968687,2.689007503966764,1.6915679024573915,1.0
116.0,141.0,6.868055555555554,4.986111111111111,306.0,10.681687205347858,11.110588645027187,10.404761904761905,23.450313712623224,24.629229728741212,16.9538915990994,18.001299622544728,206.95587037037035,83.6706263160804,50.77349624381121,14.0,24.0,42.0,983.0,3156.0,78.845670995671,4080.0,4203.0,298.0,1471.0,507.0,55.13475184531696,28.677591354566044,2.587539180173242,1.777776941346994,1.0
120.0,142.0,7.638888888888889,5.138888888888888,308.0,11.096555450524587,11.53794127200848,10.733333333333336,24.31864012118136,25.75158977467381,17.80363835628782,18.837250784976945,203.078125,86.73930404743616,52.80995118809409,18.0,24.0,43.0,1202.0,4380.0,81.94541847041847,5025.0,5229.0,301.0,2126.0,580.0,57.2639660296341,29.535272368752892,2.4771742665604624,1.6164890455118233,1.0
66.0,73.0,6.555555555555555,3.1388888888888893,172.0,6.502907755397976,6.499778153927474,6.066666666666667,13.208902401601824,14.897227048854207,10.365563706277799,10.52321386442364,95.65625,48.758404452610584,30.487475676864214,16.0,26.0,24.0,316.0,870.0,37.55476190476191,1182.0,1092.0,90.0,461.0,176.0,33.020324579620834,16.443140067580806,2.3215991982702935,2.39468545062909,1.0
88.0,105.0,6.506944444444445,3.833333333333333,240.0,8.08135267237864,8.280270964635513,7.704761904761906,17.26456125311398,18.811153155758515,12.932872346944105,13.565469312311782,141.773,64.39131317049058,40.43077440088254,20.0,30.0,33.0,484.0,1330.0,53.42777777777778,1942.0,1934.0,180.0,804.0,294.0,41.87086135820254,21.366275692268516,2.4739360576087477,2.0776950794819076,1.0
120.0,141.0,7.638888888888889,5.0555555555555545,308.0,11.058550648063802,11.513377407318897,10.66666666666667,24.26206058627046,25.825009415113584,17.913028156029004,18.899517408918932,198.453125,86.88838957938701,52.98809677296741,18.0,26.0,43.0,1106.0,3549.0,83.48730158730159,4589.0,4721.0,353.0,1906.0,576.0,57.25459925257804,29.345379617855183,2.484451276517201,1.758516642372479,1.0
154.0,180.0,10.70138888888889,6.6388888888888875,406.0,14.314204817746955,14.755485253873404,13.704761904761908,30.81880790845158,33.31769822991473,23.079656453739542,24.15094980067739,246.67925,112.29725154878544,69.33903634973933,30.0,46.0,56.0,2815.0,13896.0,115.15624555183379,11672.0,12074.0,544.0,4114.0,974.0,73.89028761213754,38.04805226723369,2.4884824771394283,1.4604008633687493,1.0
120.0,143.0,5.277777777777778,4.777777777777777,302.0,10.809663088089316,11.499556307854949,10.633333333333335,24.623576169143696,25.40214925229514,17.625298871325345,18.925107385287625,208.9375,86.02687271218288,51.46023272796697,14.0,16.0,42.0,936.0,2813.0,80.78492063492064,4127.0,4537.0,287.0,1721.0,537.0,56.25613423053956,29.803455202963796,2.4669116854291406,1.5666692023486597,1.0
130.0,149.0,7.777777777777777,5.916666666666667,320.0,12.66903509559602,13.115871882080672,12.366666666666667,27.412206511623463,28.63813068861387,19.896449129146042,20.874771305164106,224.921875,93.61655606294197,55.28208714309366,18.0,22.0,44.0,2048.0,10034.0,90.94664502164503,8636.0,9090.0,380.0,3050.0,738.0,63.86643022563639,33.96012160259793,2.3598019300053963,1.313182311968615,1.0
108.0,132.0,4.527777777777779,4.055555555555555,278.0,9.326499840494924,10.013377407318897,9.166666666666668,21.663984374917153,22.360907799975827,15.463538413245825,16.778197065359294,188.328125,77.40155659888184,46.98809677296741,12.0,14.0,39.0,595.0,1562.0,66.8797619047619,2665.0,2973.0,179.0,1159.0,388.0,49.51345126910843,25.696123174088655,2.5080714466973024,1.6406477617995558,1.0
124.0,147.0,7.888888888888888,5.416666666666667,316.0,11.613392202930195,12.051762371472428,11.26666666666667,25.359048326954817,26.710348322354495,18.470305022954488,19.518767589794805,214.46875,89.42769643311988,53.9946694825869,16.0,22.0,44.0,1208.0,3906.0,90.21273448773448,4989.0,5121.0,363.0,1914.0,602.0,59.53643709717548,30.80956458694962,2.483064973353993,1.8310618445173326,1.0
160.0,187.0,8.75,6.916666666666668,398.0,15.131030293135236,15.816052888782677,14.800000000000002,33.35562697671257,34.71155032905364,24.127159272446857,25.507848015448904,278.46875,114.9788450304892,68.18815478932481,18.0,24.0,55.0,2547.0,9955.0,127.44044011544011,10887.0,11617.0,737.0,3385.0,1065.0,77.31889370415401,41.09111670749361,2.4315361020115853,1.5019645122590077,1.0
122.0,144.0,8.249999999999998,4.9722222222222205,320.0,10.952397498181154,11.407804598318812,10.466666666666669,24.087677784281443,26.02095140581215,18.02241795577018,19.03449718502881,193.828125,88.77648841624479,55.21759204084772,22.0,32.0,45.0,1323.0,5398.0,79.64901209901211,5546.0,5790.0,278.0,2085.0,556.0,57.55125935618686,29.268880243514488,2.4425617104231847,1.4490377245281867,1.0
110.0,130.0,6.527777777777779,4.694444444444444,280.0,10.185871848001629,10.629692981544618,9.9,22.452614717396923,23.596889236294558,16.32047510869343,17.313647422862676,188.3125,79.33438570014852,47.98152406334792,16.0,20.0,39.0,959.0,3348.0,70.83575036075035,4088.0,4342.0,272.0,1373.0,460.0,52.571307504511346,27.341896559198467,2.4358739712371698,1.5337949942008167,1.0
114.0,130.0,5.805555555555555,5.305555555555555,272.0,11.364504642955708,11.81319640061689,11.233333333333333,24.720563909828044,25.287488159536053,17.59678930062393,18.50908138575342,206.78125,81.49511175405031,46.80995118809409,12.0,12.0,37.0,1370.0,5729.0,77.37829115329114,5849.0,6235.0,309.0,2114.0,582.0,56.59121126083563,30.770537384477937,2.3627226580723333,1.3929509764669503,1.0
204.0,261.0,15.249999999999998,7.777777777777778,606.0,16.811587266223103,17.418004847475945,15.780952380952384,36.98600420475419,41.31175135574122,28.110692986102833,29.981170936572774,327.621662037037,150.1453237992361,98.74537352689033,48.0,84.0,84.0,3474.0,14073.0,170.77452547452546,14232.0,14470.0,896.0,5784.0,1412.0,91.57111472742976,45.17858647978985,2.7330228832425307,1.7442765237859197,1.0
128.0,150.0,5.777777777777777,5.25,318.0,11.79282633568371,12.485735208391004,11.600000000000003,26.583167963370236,27.443390704614455,19.07995254821832,20.364910924029417,221.546875,91.82376170073779,54.51815512059346,16.0,18.0,44.0,1516.0,6513.0,84.56078088578089,6718.0,7434.0,304.0,2370.0,632.0,60.90848364884944,32.32393081702028,2.4279440145789706,1.2178513891697498,1.0
126.0,156.0,6.590277777777778,4.652777777777778,344.0,10.593172145670252,11.26930635333735,10.238095238095239,24.272509560391953,25.82637372613893,17.770388180027126,19.175612356002873,210.33087037037035,91.3108838770842,57.296981881817786,20.0,32.0,48.0,856.0,2345.0,84.36309523809524,3729.0,4043.0,267.0,1731.0,535.0,56.96039671868514,29.196428508461544,2.569452386988088,1.7241195493353239,1.0
86.0,96.0,5.444444444444445,4.138888888888888,206.0,8.770856947829097,8.999778153927474,8.566666666666666,18.610826190248503,19.433125433716448,13.572928212987003,14.058747770356378,149.53125,61.89898847007498,35.801184175848974,10.0,14.0,28.0,689.0,2413.0,53.57979797979799,2854.0,2951.0,192.0,959.0,330.0,43.446585820933386,23.749725536038394,2.2651398560575053,1.6558021169601618,1.0
132.0,162.0,8.840277777777777,5.652777777777778,354.0,12.018909728439278,12.435766713536372,11.59047619047619,26.197725036813864,27.894935767280128,19.182853162466035,20.32815732770127,228.53449999999998,95.58860197240348,59.02275634952859,20.0,30.0,49.0,1338.0,4420.0,96.71630591630591,5551.0,5737.0,433.0,2146.0,684.0,62.33315687365629,32.079858628398405,2.560586527165889,1.8490922110586858,1.0
90.0,105.0,4.305555555555555,3.722222222222222,224.0,8.326499840494924,8.788632535927308,8.166666666666668,18.663984374917153,19.36090779997583,13.463538413245825,14.328707322576118,154.15625,64.67363453752398,38.50281539872884,12.0,14.0,31.0,532.0,1628.0,52.1781746031746,2329.0,2543.0,173.0,922.0,318.0,42.9249263935107,22.977691626618324,2.3974707902259746,1.5165933788885422,1.0
110.0,140.0,4.618055555555555,4.194444444444445,296.0,9.36613861721537,10.018836935491048,9.238095238095237,21.70689324753412,22.305810088301445,15.271369614387238,16.696475859912812,201.2105,78.80607601126552,48.343414756733196,12.0,16.0,41.0,578.0,1474.0,67.85476190476192,2554.0,2802.0,196.0,1398.0,422.0,49.75762291841611,26.082610969267993,2.6329198403354166,1.723851469824524,1.0
86.0,95.0,5.444444444444445,4.111111111111111,206.0,8.75402019542349,8.985957054463528,8.533333333333335,18.57041798447505,19.474366886035767,13.613368327506883,14.084337746725069,146.140625,62.039023209137476,36.03067944372926,12.0,16.0,28.0,683.0,2366.0,53.6440836940837,2830.0,2927.0,196.0,953.0,330.0,43.436517057184886,23.132804591120262,2.261852774123728,1.6760604994221475,1.0
98.0,116.0,4.805555555555555,4.361111111111112,240.0,9.398178147766922,9.840838599544785,9.3,20.80138032137496,21.20500525489743,14.68748194683798,15.629474308269845,181.5625,69.90133377694055,40.694106402841136,8.0,8.0,33.0,671.0,1984.0,62.543253968253964,2863.0,3040.0,233.0,1020.0,379.0,47.58282956133296,25.589567772169342,2.4535661093020713,1.678573403177046,1.0
114.0,135.0,8.618055555555555,5.319444444444445,300.0,11.018909728439276,11.211021842144783,10.590476190476192,23.19772503681387,24.89493576728013,17.182853162466042,17.878667584918098,194.36262499999998,82.86067991104558,50.53747497529001,20.0,30.0,41.0,1044.0,3102.0,84.19880952380953,4128.0,4052.0,406.0,1404.0,540.0,55.79193756011531,29.394235935030565,2.509555643181616,2.332789769361759,1.0
206.0,263.0,15.861111111111109,7.555555555555554,618.0,16.646261263824496,17.277125408560643,15.480952380952385,36.73887053871684,41.61329117500002,28.398422270806496,30.21509398419792,317.137287037037,152.19155896093292,101.10166469663694,50.0,92.0,86.0,3422.0,13591.0,171.79637584637584,14008.0,14230.0,900.0,5732.0,1412.0,91.77459563243526,44.26500269241312,2.733482368358519,1.7691921735365566,1.0
182.0,235.0,13.388888888888888,6.402777777777777,554.0,14.319075441865145,14.960628827632913,13.314285714285718,32.01818938866819,36.3179086619228,24.734077702767998,26.460780478782837,281.9920324074074,134.50750368846258,89.87489193422262,44.0,84.0,77.0,2333.0,8853.0,138.383547008547,9669.0,9943.0,609.0,4143.0,1057.0,79.92886364520672,38.52751568109047,2.7242898472174635,1.6962536538455608,1.0
204.0,261.0,15.249999999999998,7.777777777777778,606.0,16.811587266223103,17.418004847475945,15.780952380952384,36.98600420475419,41.31175135574122,28.110692986102833,29.981170936572774,327.621662037037,150.1453237992361,98.74537352689033,48.0,84.0,84.0,3474.0,14073.0,170.77452547452546,14232.0,14470.0,896.0,5784.0,1412.0,91.57111472742976,45.17858647978985,2.7330228832425307,1.7442765237859197,1.0
92.0,101.0,5.333333333333334,4.777777777777778,210.0,9.898178147766922,10.116093728153196,9.799999999999999,20.80138032137496,21.20500525489743,14.808802290397622,15.30130490904631,171.390625,65.65869308982128,36.45146571572186,8.0,8.0,28.0,950.0,3655.0,61.29615107115107,3862.0,3905.0,238.0,1305.0,408.0,47.793586179692596,26.154242588992382,2.306453489711278,1.6707779491144226,1.0
114.0,134.0,6.777777777777777,4.888888888888889,288.0,10.66470379794645,11.11895021631898,10.366666666666667,23.436443388259484,24.629067424415016,17.096531575101274,18.05743085162252,195.078125,82.17186361778298,49.34438794271401,14.0,20.0,40.0,1046.0,3577.0,76.63181818181818,4363.0,4517.0,291.0,1548.0,508.0,54.85174201318948,28.75093697589437,2.501601121336231,1.6537421898613829,1.0
78.0,91.0,7.756944444444445,3.666666666666667,218.0,7.419556629830167,7.385843773635597,6.904761904761905,15.037020266456315,17.0793127801977,11.737438384053366,12.016275973828815,116.523,57.847911690406974,37.130211321136784,22.0,36.0,30.0,402.0,1017.0,48.06190476190477,1484.0,1350.0,164.0,560.0,234.0,38.06979653457084,18.34066322739068,2.4695688734268706,2.868719180589136,1.0
152.0,179.0,10.611111111111109,6.861111111111112,388.0,14.455927458031292,14.879001717625792,13.96666666666667,31.107270463661123,32.987571210992535,22.781895395295066,23.94351122882315,261.234375,109.88533658429932,66.53130053983246,22.0,30.0,54.0,2648.0,12138.0,117.04369796869796,10908.0,11201.0,566.0,3679.0,943.0,73.7644645819872,38.137851383066526,2.4369548407231534,1.56146118204563,1.0
96.0,114.0,5.166666666666666,3.999999999999999,244.0,8.775188245478667,9.221444691080755,8.566666666666668,19.586589313612485,20.442188697915306,14.130205079912491,15.08293727956186,165.546875,69.10104022811467,41.73888337622863,14.0,16.0,34.0,599.0,1831.0,57.72976190476191,2559.0,2719.0,161.0,974.0,333.0,45.506564901518146,23.92106112972122,2.4642501912967787,1.6171972189969415,1.0
68.0,73.0,6.194444444444445,3.444444444444445,168.0,7.0922241528750165,7.091529863463611,6.733333333333333,14.342876997817385,15.742526510474955,11.003720802243048,11.12093084586901,104.890625,49.83876747956149,29.901689239237314,14.0,22.0,23.0,440.0,1466.0,39.531349206349205,1691.0,1613.0,113.0,572.0,204.0,35.0753707047271,18.24496827478147,2.2156846425631103,2.0499274333673223,1.0
96.0,107.0,6.555555555555555,4.555555555555555,234.0,9.66470379794645,9.894205344927391,9.366666666666667,20.436443388259484,21.629067424415016,15.096531575101277,15.607941108839343,160.90625,69.44394155642516,40.859106568475454,14.0,20.0,32.0,851.0,2849.0,63.78333333333333,3430.0,3437.0,268.0,1196.0,408.0,48.22000541308984,25.41380314797103,2.3481173917793132,1.8766262373278066,1.0
92.0,104.0,8.666666666666668,4.833333333333333,232.0,9.527605765303289,9.481718038460091,9.100000000000001,19.244666410118946,20.83166866591414,14.348984679394848,14.688444479458145,156.296875,67.02977470303063,40.43832029648287,18.0,24.0,32.0,902.0,3275.0,62.26911976911977,3424.0,3226.0,240.0,1136.0,374.0,46.95095714232589,24.777474305635796,2.3736453215441697,2.4175433100918924,1.0
180.0,203.0,11.840277777777779,8.48611111111111,450.0,17.914652564147104,18.34929824105372,17.38571428571429,37.94222365966259,40.16049597795334,27.912673993901528,28.967873059554197,302.714625,130.44835189798005,77.43896650130874,30.0,44.0,61.0,5420.0,32891.0,147.50702483641305,22209.0,22693.0,911.0,7202.0,1464.0,89.61321253761474,47.029076668882176,2.4533683913914404,1.408949486024938,1.0
184.0,238.0,11.187499999999998,6.604166666666668,538.0,14.707527990726081,15.555769969301213,14.011904761904765,33.59818467479008,36.587286769521626,24.870641512804852,27.007067427114148,305.1205787037037,134.36381231785947,87.55403581379944,38.0,62.0,75.0,2307.0,8605.0,139.28754023754024,9874.0,10500.0,606.0,4369.0,1100.0,81.08528318592964,39.9255910922373,2.726928567399276,1.5065669751651936,1.0
118.0,140.0,6.958333333333334,4.75,324.0,10.522621927754166,10.975312359455032,10.123809523809527,23.133623421676116,25.026133613763122,17.262489945814885,18.210893761079824,192.58311111111112,86.23116768709795,53.69975263545841,22.0,44.0,44.0,984.0,3138.0,78.80119047619047,4114.0,4278.0,334.0,1641.0,534.0,55.227916794576245,28.535625983515363,2.5035044989395265,1.7512362045546292,1.0
114.0,129.0,8.618055555555555,5.083333333333334,300.0,10.892865415757244,11.12763170390044,10.385714285714288,23.000569508859293,25.193488404798295,17.483168315374886,18.044188613737067,181.85698611111115,83.51094603404721,51.235162576059146,20.0,42.0,41.0,1158.0,3871.0,80.74563492063493,4600.0,4540.0,378.0,1570.0,540.0,55.729858213367386,28.414691669791225,2.4306627845463993,2.0853262033542497,1.0
148.0,173.0,7.479166666666667,6.166666666666666,380.0,13.651397005390976,14.329873988246623,13.333333333333337,30.301245945029837,31.75824902547437,22.01776947270568,23.360937695520576,248.921875,106.93765945328708,64.4656345383871,22.0,34.0,52.0,2514.0,13028.0,102.73604255221902,11014.0,12056.0,440.0,3770.0,876.0,70.48210216931122,36.80906056138112,2.463165879338335,1.1167372608355308,1.0
78.0,91.0,7.756944444444445,3.666666666666667,218.0,7.419556629830167,7.385843773635597,6.904761904761905,15.037020266456315,17.0793127801977,11.737438384053366,12.016275973828815,116.523,57.847911690406974,37.130211321136784,22.0,36.0,30.0,402.0,1017.0,48.06190476190477,1484.0,1350.0,164.0,560.0,234.0,38.06979653457084,18.34066322739068,2.4695688734268706,2.868719180589136,1.0
76.0,85.0,4.333333333333334,3.777777777777778,178.0,7.898178147766922,8.116093728153196,7.800000000000001,16.801380321374964,17.205005254897426,11.98037516565143,12.472877784300119,139.390625,54.344984590836525,30.794611466229483,8.0,8.0,24.0,504.0,1700.0,45.090512265512274,2068.0,2103.0,120.0,818.0,258.0,38.67618415746762,21.148523905921,2.346790139094495,1.6453961750247856,1.0
114.0,133.0,6.777777777777779,4.861111111111111,288.0,10.647867045540842,11.105129116855034,10.333333333333336,23.396035182486024,24.670308876734328,17.13697168962116,18.083020827991213,191.6875,82.31189835684553,49.57388321059432,16.0,22.0,40.0,979.0,3081.0,78.46111111111111,4090.0,4242.0,304.0,1514.0,497.0,54.733502814192846,28.34750392009879,2.453846965113651,1.7503235821412226,1.0
66.0,71.0,5.583333333333334,3.611111111111111,156.0,7.236382105218448,7.221666537153279,7.000000000000001,14.573839334717297,15.473164879336615,10.784941202760692,10.923684445817152,114.140625,47.801583110752915,27.494048386483712,10.0,14.0,21.0,426.0,1359.0,39.702380952380956,1639.0,1565.0,125.0,534.0,204.0,34.872351845416354,18.76562241400587,2.2336343921536637,2.1325295795802726,1.0
52.0,54.0,7.034722222222222,2.75,148.0,5.375227325552201,5.138596315198601,4.852380952380953,10.003990859101542,12.192286398099142,8.412100503509409,8.191404882926687,67.6851111111111,39.57502112582769,25.727968770336453,18.0,40.0,20.0,216.0,558.0,28.395238095238096,732.0,611.0,80.0,216.0,110.0,26.947662545105672,12.609921638174706,2.2465910010501116,3.7570092436435902,1.0
52.0,57.0,7.034722222222222,2.916666666666667,148.0,5.45854286665106,5.190802378816079,4.985714285714286,10.1186474905189,12.008346725658201,8.203653058054806,8.077958306247314,74.31937037037036,39.23744902204952,25.402242550800327,18.0,34.0,20.0,201.0,476.0,29.099999999999998,672.0,551.0,86.0,201.0,110.0,26.977857075826847,13.398859550303747,2.3042932265046527,4.111762459533849,1.0
146.0,172.0,9.229166666666666,6.722222222222221,374.0,14.10252072243382,14.51575860125274,13.738095238095239,30.280732582251407,31.77897496763805,21.934990473588275,23.04935021938713,257.17925,105.39445568642205,63.10954108185902,22.0,30.0,51.0,2278.0,9566.0,113.76196026196027,9443.0,9761.0,587.0,3340.0,912.0,71.20491811744637,38.03623444464231,2.5105919716302827,1.6586393311008856,1.0
178.0,214.0,8.451388888888888,7.277777777777778,458.0,16.171470407655118,17.07198183480113,15.871428571428574,36.35470629331383,37.69889607639773,26.096750931667792,27.90526330609248,311.9605,127.93241215557376,76.89538553584335,22.0,30.0,63.0,3408.0,16502.0,137.69265456765456,14994.0,16469.0,706.0,5321.0,1252.0,83.77934106565559,44.3243527097489,2.4653967213098777,1.1573166514033562,1.0
120.0,142.0,5.277777777777778,4.749999999999999,302.0,10.79282633568371,11.485735208391004,10.600000000000003,24.583167963370236,25.44339070461445,17.665738985845227,18.950697361656317,205.546875,86.1669074512454,51.689727995847264,16.0,18.0,42.0,1124.0,4256.0,76.23910533910534,4992.0,5529.0,260.0,1870.0,540.0,56.35440188417583,29.773641848667776,2.4966105423256155,1.2968277147469052,1.0
78.0,89.0,7.756944444444444,3.611111111111111,218.0,7.3868645593790605,7.3633411865901905,6.852380952380953,14.98125154406109,17.164249270736605,11.80813664920884,12.055108188082961,113.08499537037036,58.05138034297554,37.35308717041898,22.0,40.0,30.0,442.0,1257.0,46.577380952380956,1660.0,1542.0,148.0,600.0,234.0,38.045678729258285,18.990013628073985,2.3582944711822638,2.534609404584483,1.0
108.0,125.0,5.916666666666666,4.666666666666666,268.0,10.237183443017884,10.69688082639117,10.000000000000002,22.530009778701586,23.51560833835508,16.36091522321331,17.26652424706349,184.921875,77.73540713430403,46.15966964822121,14.0,18.0,37.0,896.0,2851.0,71.92658730158732,3789.0,3993.0,307.0,1466.0,488.0,52.24607140236744,27.746049246771303,2.408113962564929,1.6714652086280573,1.0
20.0,18.0,3.611111111111111,1.5833333333333333,46.0,2.770055610029662,2.5245638646895836,2.5666666666666664,4.654655746264212,5.390681974697982,3.7543135054150945,3.4732672819907515,30.75,14.994601698046727,8.650281539872886,6.0,10.0,6.0,32.0,58.0,9.0,98.0,73.0,14.0,32.0,20.0,12.397923494716453,6.155367074350506,1.9021130325903068,2.6272148478988635,1.0
174.0,220.0,12.437499999999998,6.215277777777778,516.0,13.937030272804932,14.589712461876722,13.02619047619048,31.20171589591541,35.08722216537927,23.96468541455195,25.621239550769307,267.18257407407407,128.32205055424603,84.8326397530825,40.0,76.0,72.0,2199.0,8438.0,129.8983016983017,9153.0,9454.0,553.0,3955.0,993.0,77.14433327427909,37.1387894652053,2.6787014881382136,1.6356541031478655,1.0
238.0,294.0,14.249999999999996,9.611111111111109,630.0,20.807125308431523,21.8743190094773,20.166666666666668,46.807018847095414,49.282920628028286,33.743573407419355,36.40165753497837,414.203125,171.61713793664708,106.49967918394134,36.0,42.0,89.0,6427.0,33672.0,208.57911375690014,27756.0,29844.0,1168.0,11542.0,2123.0,109.7741582578711,56.70637030277976,2.579082890230832,1.1827495527611276,1.0
72.0,76.0,6.444444444444445,3.666666666666667,176.0,7.57538740046941,7.577708763999665,7.200000000000001,15.302468792043928,16.78376796279427,11.751267697949478,11.85362760342425,109.5,52.80722934337019,31.5453980694907,16.0,24.0,24.0,536.0,1892.0,43.10919913419914,2064.0,1974.0,132.0,680.0,234.0,37.3451333587514,19.39650535223503,2.219581616173224,2.0479652282024525,1.0
104.0,119.0,7.506944444444445,4.708333333333334,272.0,10.02069250059882,10.241886000481982,9.604761904761906,21.178943169949846,22.93983281219887,15.920218094288188,16.48175303736865,168.14337037037035,75.94835048733984,46.339564552579645,20.0,34.0,37.0,926.0,3047.0,70.3,3708.0,3690.0,308.0,1292.0,450.0,50.96767534146902,26.244409168119542,2.441979260091423,2.004459034404696,1.0
70.0,81.0,4.444444444444445,3.2222222222222223,174.0,6.808861750289882,7.024342018617059,6.633333333333335,14.667405725159401,15.359705793276678,10.635111288499633,11.168054021668203,122.15625,50.43619443913941,29.96618434148329,10.0,12.0,24.0,294.0,751.0,39.220238095238095,1200.0,1213.0,84.0,553.0,196.0,34.341097450890274,17.877376336618852,2.3904124630305748,1.9328728112228082,1.0
118.0,138.0,7.027777777777778,5.194444444444444,296.0,11.185871848001627,11.629692981544617,10.9,24.452614717396923,25.596889236294558,17.734688671066525,18.727860985235772,204.3125,84.99123994964089,50.809951188094104,16.0,20.0,41.0,1130.0,3743.0,82.97817460317461,4686.0,4825.0,330.0,1761.0,544.0,57.02316654602337,29.978656457930892,2.461239801119303,1.7327221802605823,1.0
120.0,150.0,5.729166666666667,4.499999999999999,324.0,10.20936199668497,10.883560649918895,9.957142857142859,23.473622536522964,24.60075526090204,16.932722156800637,18.320283560821004,209.38924537037036,86.48513254882535,53.50418751961358,16.0,24.0,45.0,787.0,2210.0,77.48095238095239,3453.0,3770.0,283.0,1418.0,493.0,54.593140299377396,28.30287348191772,2.620822715639992,1.6626545242836113,1.0
112.0,138.0,4.777777777777778,4.416666666666666,286.0,9.881341395361314,10.551762371472428,9.76666666666667,22.760972115601504,23.24624670721674,16.020815280171313,17.397447246235163,204.34375,79.94086345261469,47.9946694825869,10.0,10.0,40.0,690.0,1898.0,72.0718253968254,3059.0,3375.0,205.0,1463.0,441.0,51.72953176672222,27.46438296783445,2.5209008543062508,1.6352356971929198,1.0
108.0,126.0,5.916666666666666,4.694444444444444,268.0,10.25402019542349,10.710701925855117,10.033333333333335,22.570417984475046,23.47436688603576,16.32047510869343,17.240934270694794,188.3125,77.59537239524151,45.93017438034093,12.0,16.0,37.0,882.0,2780.0,72.70873015873016,3706.0,3867.0,266.0,1385.0,452.0,52.24060178230146,27.54501083422356,2.447633478289314,1.7043469931371242,1.0
136.0,158.0,8.638888888888888,6.1944444444444455,340.0,13.117723500579766,13.548684037234118,12.766666666666667,28.334811450318792,29.719411586553345,20.56311579581271,21.62900126214985,236.3125,98.04396175353268,58.51815512059348,20.0,24.0,47.0,2107.0,9743.0,98.93202353202352,8798.0,9162.0,402.0,3166.0,764.0,66.36305988461574,35.11560452557664,2.3680423695658606,1.4313766237971504,1.0
130.0,145.0,6.805555555555555,6.222222222222223,304.0,13.326499840494924,13.788632535927308,13.166666666666668,28.663984374917145,29.36090779997582,20.534606225111293,21.399775134441587,234.15625,92.95790578498587,52.64495102245978,12.0,14.0,41.0,2226.0,10650.0,94.88343878343878,9445.0,10011.0,491.0,2874.0,794.0,65.69879392742305,35.799145866516135,2.3366938426199915,1.3408556950426975,1.0
146.0,168.0,9.749999999999998,6.5277777777777795,368.0,13.973565548236332,14.41854736354445,13.500000000000004,30.103849113418878,31.98877321769168,22.19610895766816,23.240461224574794,243.0625,105.7380003718336,63.754223098093235,24.0,32.0,51.0,2534.0,12007.0,109.32861582861584,10535.0,10921.0,527.0,3800.0,912.0,71.1428199440794,36.795567638125746,2.4130446036556625,1.4700878067538563,1.0
152.0,180.0,7.729166666666666,6.458333333333333,388.0,14.181507108787185,14.855918450991002,13.890476190476193,31.38143646745582,32.669219601859396,22.66136792699594,24.028317763050755,264.222,109.43841047806868,65.4325915049078,22.0,28.0,53.0,2444.0,11283.0,112.66614774114774,10542.0,11352.0,556.0,3844.0,968.0,72.70881894793958,38.43114895178158,2.5304697930301407,1.3034058209440658,1.0
62.0,66.0,5.333333333333334,3.333333333333333,148.0,6.719545352812842,6.707845437689333,6.466666666666668,13.53343112894384,14.514406331655929,10.118274536094026,10.242167640999297,102.75,45.11319072506923,26.309330091990912,12.0,16.0,20.0,351.0,1072.0,35.86507936507937,1344.0,1276.0,100.0,464.0,176.0,32.58315627357879,17.047340692591312,2.223807568986059,2.104200061253552,1.0
78.0,88.0,7.305555555555555,4.138888888888889,196.0,8.11692216278033,8.073469747996226,7.7666666666666675,16.378641006334508,17.676968127534888,12.158714650613907,12.457734336157326,133.53125,56.79642923099678,34.19567960936358,16.0,20.0,27.0,536.0,1616.0,50.075793650793656,2003.0,1851.0,155.0,748.0,266.0,39.889749347386434,20.984443184037197,2.3733529253415413,2.5432428122117843,1.0
146.0,169.0,7.3888888888888875,6.166666666666667,362.0,13.686673185801062,14.38016239939092,13.400000000000004,30.40878516138121,31.639332695313016,22.017769472705684,23.328317824885477,248.921875,105.02556903658034,62.40450463796613,20.0,24.0,50.0,2543.0,13349.0,101.98566694743165,11106.0,12105.0,432.0,4090.0,904.0,70.1519494073893,37.20655671723803,2.391112427440575,1.1110471468190468,1.0
126.0,150.0,7.979166666666666,5.361111111111111,334.0,11.547679167567429,11.977373637099209,11.13809523809524,25.18374484156706,26.893636060397142,18.549286481916603,19.60167291376508,209.163625,91.54144033370439,56.44611412274715,24.0,34.0,46.0,1298.0,4554.0,87.88780663780663,5335.0,5443.0,389.0,1925.0,604.0,59.87970962926364,30.757331302650034,2.553378154177176,1.725807601581729,1.0
96.0,115.0,5.166666666666667,3.9722222222222228,244.0,8.770856947829097,9.224523025319064,8.566666666666666,19.610826190248503,20.43312543371645,14.158714650613907,15.09402395076646,167.703125,68.97005628194046,41.45803842534135,10.0,14.0,34.0,521.0,1332.0,60.411904761904765,2226.0,2366.0,176.0,928.0,329.0,45.4123775845299,23.668755653219435,2.4617906568975387,1.8486314304100566,1.0
124.0,152.0,6.499999999999999,4.694444444444443,326.0,10.647867045540842,11.329873988246623,10.333333333333336,24.39603518248602,25.670308876734325,17.722758127248063,19.118297008401296,209.859375,89.38296616871101,55.230737460086694,16.0,22.0,46.0,885.0,2517.0,83.12619047619049,3863.0,4196.0,289.0,1778.0,541.0,56.71516634199449,29.109765982794563,2.5271382405623726,1.664014868224757,1.0
98.0,111.0,7.166666666666666,4.5,246.0,9.57538740046941,9.802453635391254,9.200000000000001,20.302468792043925,21.78376796279427,15.165481260322574,15.717330908580522,159.671875,71.19200565422042,42.859106568475454,16.0,24.0,34.0,795.0,2471.0,65.62142857142857,3190.0,3181.0,276.0,1140.0,408.0,48.44385213422392,25.02766267115161,2.3839544289207755,2.0158437533596723,1.0
128.0,156.0,6.75,4.944444444444445,334.0,11.147867045540842,11.829873988246623,10.833333333333336,25.396035182486028,26.670308876734328,18.429864908434606,19.82540378958784,217.859375,92.21139329345718,56.64495102245979,16.0,22.0,47.0,1035.0,3138.0,87.30793650793652,4500.0,4872.0,328.0,1786.0,579.0,59.081815989132096,30.304370154476775,2.5173235620627166,1.611729836042809,1.0
168.0,221.0,12.027777777777777,5.819444444444445,518.0,12.963233394208578,13.590765501322583,12.080952380952384,29.2491517255681,33.048547030784455,22.393977759725992,24.142213735171335,267.2420324074074,123.98503794541548,83.22461039434974,40.0,76.0,72.0,1670.0,5555.0,122.1433621933622,6968.0,7214.0,486.0,3180.0,868.0,72.88684851176102,35.275293180256256,2.723892353287569,1.7687957566101886,1.0
186.0,242.0,13.638888888888888,6.861111111111111,562.0,14.917740416105753,15.52357765647603,13.980952380952383,33.16038700674321,37.11580936504266,25.17287606161547,27.017764035716716,300.246662037037,136.94351646339354,90.85902400951767,44.0,78.0,78.0,2420.0,8750.0,147.16133866133868,9976.0,10202.0,670.0,4330.0,1124.0,82.23991016459215,40.24610509062179,2.7325678563470825,1.7857530856223331,1.0
84.0,90.0,7.194444444444445,4.583333333333333,200.0,9.15139700539098,9.126836493378834,8.833333333333334,18.41562786186572,19.636928681914725,13.653808442026765,13.850414699099918,142.75,60.99433965370717,35.43174758686338,16.0,20.0,27.0,902.0,3710.0,54.55965423465423,3495.0,3369.0,197.0,1082.0,336.0,44.203316040054844,23.648082290108736,2.2196651825165046,2.0256697652095403,1.0
110.0,129.0,6.527777777777778,4.611111111111111,280.0,10.147867045540842,10.605129116855034,9.833333333333334,22.396035182486028,23.67030887673433,16.42986490843461,17.375914046804663,183.6875,79.48347123209932,48.15966964822121,16.0,22.0,39.0,896.0,2875.0,72.37380952380951,3745.0,3883.0,269.0,1636.0,482.0,52.47251834879226,27.182425291900575,2.4847654856027646,1.6869461509361408,1.0
122.0,147.0,5.888888888888888,4.722222222222222,314.0,10.720346690612276,11.407804598318814,10.46666666666667,24.489601572928127,25.556849790674388,17.694248556546643,19.034497185028805,207.703125,87.77493680997821,53.460232727966996,16.0,20.0,44.0,943.0,2872.0,80.78928571428571,4126.0,4495.0,312.0,1949.0,570.0,56.498597333933006,29.505449285639536,2.5141064858122526,1.5684584939169701,1.0
126.0,150.0,6.138888888888888,4.944444444444444,322.0,11.203509938206668,11.893983498854865,10.933333333333335,25.449193367154674,26.598091242993704,18.44179545225307,19.767193942584043,212.3125,90.74339867378688,55.103941558220356,18.0,22.0,45.0,1075.0,3398.0,85.83293650793651,4698.0,5116.0,318.0,1959.0,586.0,58.749035200511635,30.604629631337495,2.4695139561994086,1.5485995401933104,1.0
82.0,88.0,6.583333333333333,4.694444444444445,188.0,9.274386907679233,9.246230401842864,9.066666666666666,18.630418869628187,19.399745238896838,13.503978527765705,13.689844946621355,150.765625,58.96620607778689,32.97275705110279,10.0,12.0,25.0,820.0,2957.0,55.66991341991343,3131.0,2969.0,225.0,1000.0,336.0,44.00144542202543,23.79651994628458,2.2837124536895526,2.2967348935085243,1.0
130.0,161.0,6.840277777777777,4.930555555555555,352.0,11.109027463715753,11.77798784091881,10.757142857142858,25.287870077013718,26.78267868791934,18.447236810578076,19.869476899303965,218.37824999999998,94.07587708832432,58.717814862788956,22.0,30.0,49.0,970.0,2729.0,89.65833333333333,4187.0,4496.0,355.0,1634.0,571.0,59.33897986351639,30.13776510767078,2.59891339511685,1.7359608444243912,1.0
142.0,167.0,7.138888888888889,6.027777777777778,354.0,13.241514740667453,13.918547363544452,13.000000000000002,29.505772902065566,30.52467160255393,21.160832777258076,22.53335444338824,248.9375,101.90802164082085,60.58265022283942,18.0,20.0,49.0,2012.0,8801.0,101.12386224886225,8672.0,9312.0,460.0,3466.0,840.0,67.89555551823534,35.76683431803191,2.484501414850516,1.2908708762039738,1.0
196.0,253.0,15.201388888888888,6.694444444444444,612.0,15.05305567658937,15.694055186605961,13.833333333333337,33.57094585174777,38.86831107862481,26.404518953518224,28.189921202494016,292.5567731481481,145.79187249448728,98.99243932998212,52.0,106.0,85.0,2679.0,10172.0,153.5932151182151,11005.0,11217.0,713.0,4783.0,1193.0,85.16064637094037,40.43484066464291,2.742563542388181,1.765174023063722,1.0
72.0,80.0,8.805555555555554,4.277777777777779,182.0,7.988799625043069,7.706684755924204,7.533333333333333,15.231916431223757,16.862644847335446,11.589507239869953,11.56446782612352,123.0625,52.801385397534375,31.850339556230324,14.0,22.0,25.0,520.0,1472.0,49.35952380952381,1808.0,1552.0,192.0,520.0,240.0,38.38630196339065,19.614663598237165,2.326394319529149,4.719095967816852,1.0
120.0,141.0,7.638888888888888,5.11111111111111,308.0,11.07971869811898,11.524120172544533,10.700000000000001,24.2782319154079,25.792831226993123,17.844078470807705,18.86284076134564,199.6875,86.8793387864987,53.0394464559744,20.0,26.0,43.0,1130.0,3740.0,83.01984126984127,4671.0,4789.0,339.0,2004.0,576.0,57.25484288411896,29.36270767867899,2.4923497075441454,1.735187645965186,1.0
86.0,101.0,4.055555555555555,3.472222222222222,216.0,7.8264998404949235,8.288632535927306,7.666666666666668,17.663984374917153,18.36090779997583,12.756431632059277,13.621600541389572,146.15625,61.84520741277779,37.08860183635574,12.0,14.0,30.0,451.0,1331.0,47.297222222222224,1982.0,2172.0,138.0,623.0,256.0,42.084060710247584,21.39884999023638,2.413580549133616,1.5329232361452525,1.0
60.0,69.0,3.333333333333333,2.722222222222222,146.0,5.877010097711745,6.105350962927558,5.766666666666667,12.785208992237521,13.237183443017884,9.220897726126537,9.68112730712722,106.15625,43.04032688474005,25.086407533730114,6.0,8.0,20.0,191.0,441.0,31.016666666666666,800.0,834.0,72.0,291.0,132.0,29.641857618396514,15.88877915280066,2.342923082777169,1.8857276720060383,1.0
130.0,154.0,6.388888888888889,5.194444444444444,330.0,11.703509938206668,12.393983498854867,11.433333333333337,26.44919336715467,27.598091242993707,19.148902233439618,20.474300723770593,220.3125,93.57182579853307,56.51815512059345,18.0,22.0,46.0,1263.0,4308.0,89.13935786435786,5539.0,6061.0,343.0,1989.0,623.0,62.399564912563385,31.82902958896643,2.4635744583373698,1.488042841093768,1.0
98.0,114.0,4.805555555555555,4.25,240.0,9.343336592900531,9.802453635391254,9.200000000000001,20.704392580690605,21.319666347656515,14.837311861099039,15.717330908580523,173.546875,70.19045404795385,41.10174725559473,10.0,12.0,33.0,726.0,2378.0,61.170238095238105,3133.0,3373.0,217.0,1254.0,400.0,47.47473951821092,25.38954582927717,2.4131294025176,1.5275468066640023,1.0
110.0,131.0,6.006944444444445,4.75,286.0,10.244130149287225,10.679837767517917,10.019047619047619,22.517149928923335,23.545447117219602,16.2394446895102,17.223635255871148,194.3662453703704,79.34339519925628,47.73786348126921,14.0,24.0,39.0,899.0,2924.0,72.45281385281385,3759.0,3902.0,261.0,1366.0,463.0,52.606966111080695,27.695238290496313,2.544111256189506,1.695927615482676,1.0
100.0,117.0,5.416666666666667,4.166666666666666,252.0,9.237183443017884,9.69688082639117,9.000000000000002,20.530009778701586,21.51560833835508,14.946701660840217,15.85231068469039,168.921875,72.07855288481166,43.33124252347503,14.0,18.0,35.0,638.0,1788.0,63.99523809523809,2710.0,2861.0,182.0,1109.0,368.0,47.67112166103257,24.745984587390726,2.4325993351972497,1.7614131381257916,1.0
122.0,149.0,5.888888888888889,4.777777777777778,314.0,10.754020195423491,11.435446797246708,10.533333333333335,24.570417984475043,25.47436688603576,17.61336832750688,18.98331723229142,214.484375,87.4948673318532,53.00124219220639,12.0,16.0,44.0,927.0,2780.0,81.46190476190476,4054.0,4415.0,308.0,1931.0,570.0,56.51945709972482,29.79179870467661,2.5359945381035325,1.596061600605764,1.0
116.0,134.0,6.416666666666666,5.194444444444443,284.0,11.25402019542349,11.710701925855117,11.033333333333333,24.570417984475043,25.47436688603576,17.734688671066525,18.655147833067886,204.3125,83.2522266447339,48.758601505087114,12.0,16.0,39.0,1292.0,4988.0,78.94898989898991,5499.0,5837.0,339.0,1944.0,580.0,56.815747309764674,30.339577585690837,2.3745611878342467,1.4612484798362873,1.0
122.0,140.0,9.118055555555555,5.75,316.0,11.975199522495993,12.17469815563543,11.504761904761907,25.090178451124963,27.00709514645708,18.69911639617766,19.357303337914026,201.148,88.90682900531786,53.973978167747575,24.0,36.0,43.0,1364.0,4426.0,93.0968253968254,5408.0,5330.0,482.0,1760.0,638.0,60.319948266550895,31.294534222528036,2.473336623477334,2.2685782562299774,1.0
100.0,118.0,5.416666666666666,4.194444444444444,252.0,9.25402019542349,9.710701925855117,9.033333333333335,20.57041798447505,21.474366886035764,14.906261546320337,15.826720708321702,172.3125,71.93851814574913,43.10174725559473,12.0,16.0,35.0,645.0,1844.0,63.906349206349205,2764.0,2952.0,204.0,1100.0,376.0,47.68026263831284,25.17426046349085,2.4212813345444544,1.730346178953142,1.0
148.0,174.0,7.999999999999998,6.138888888888888,374.0,13.61419354072963,14.30223178931873,13.266666666666671,30.315218770939108,31.752791781372952,22.046279043407097,23.412117648257958,251.078125,106.63359839531316,64.17500937008585,20.0,26.0,52.0,2458.0,12395.0,103.34279650088473,10702.0,11634.0,444.0,3651.0,872.0,70.47714128438143,36.858463114817546,2.4402324642741005,1.1490057146008026,1.0
190.0,243.0,12.048611111111109,6.604166666666667,558.0,15.025365235921864,15.901069430921961,14.178571428571432,34.310642802979274,37.93006804109974,25.90591769321494,27.973687232294534,299.2455787037037,139.37850934336504,91.55403581379944,42.0,72.0,78.0,2550.0,9825.0,144.85028582528582,10885.0,11541.0,667.0,4604.0,1166.0,83.55800674429567,40.583672141758086,2.7258958700180576,1.489477586229856,1.0
114.0,141.0,5.388888888888889,4.333333333333332,298.0,9.775188245478668,10.446189562472343,9.566666666666668,22.586589313612482,23.442188697915302,16.13020507991249,17.532427022345033,199.71875,81.82896228947253,50.224164750467196,14.0,16.0,42.0,722.0,2104.0,71.07142857142858,3181.0,3476.0,207.0,1502.0,447.0,52.04946004480185,26.70041984887684,2.5585976758656406,1.5744041114308645,1.0
106.0,125.0,6.277777777777777,4.361111111111111,272.0,9.647867045540842,10.105129116855034,9.333333333333334,21.396035182486028,22.67030887673433,15.722758127248062,16.66880726561812,175.6875,76.6550441073531,46.74545608584813,16.0,22.0,38.0,729.0,2089.0,69.29166666666666,3079.0,3237.0,243.0,1236.0,418.0,50.174276206100664,25.97999200294377,2.4435261521284617,1.7825956181981926,1.0
106.0,124.0,5.305555555555555,4.861111111111111,256.0,10.398178147766922,10.840838599544785,10.3,22.801380321374964,23.20500525489743,16.101695509211076,17.043687870642938,197.5625,75.55818802643292,43.52253352758731,8.0,8.0,35.0,900.0,2918.0,72.15079365079364,3784.0,3951.0,264.0,1403.0,452.0,52.037576668141384,28.033759775824777,2.447319320279126,1.6757582987993742,1.0
110.0,124.0,5.555555555555555,4.944444444444444,264.0,10.809663088089316,11.27481143646336,10.633333333333335,23.623576169143693,24.40214925229514,17.03951243369844,17.889831204877545,190.765625,78.95580490031742,45.8033784784746,14.0,16.0,36.0,1278.0,5551.0,71.40991508491508,5500.0,5913.0,236.0,1851.0,511.0,54.37242715390154,29.313491563670286,2.3088257519064905,1.308485698410131,1.0
108.0,126.0,5.916666666666667,4.694444444444444,268.0,10.25402019542349,10.710701925855117,10.033333333333335,22.570417984475046,23.474366886035767,16.320475108693433,17.24093427069479,188.3125,77.59537239524153,45.930174380340915,12.0,16.0,37.0,882.0,2780.0,72.70873015873016,3706.0,3867.0,266.0,1385.0,452.0,52.24060178230147,27.545010834223568,2.447633478289314,1.704346993137124,1.0
44.0,45.0,6.534722222222221,2.1666666666666665,132.0,4.337222523091417,4.114032450509017,3.7857142857142856,7.947411324190644,10.265706038538916,7.1072767408774915,6.839457944495577,47.0601111111111,34.0672524082861,23.077687230463567,18.0,42.0,18.0,123.0,268.0,21.78333333333333,402.0,321.0,56.0,123.0,72.0,22.37866309224389,9.936237570137338,2.2360679774997902,3.7348237213155926,1.0
126.0,165.0,5.201388888888889,4.097222222222222,354.0,9.715180613598399,10.608305521310482,9.457142857142857,23.46225287900274,24.586736697220775,16.80231310490416,18.648452960044537,217.17512499999998,90.77356468909342,57.902533157281766,18.0,24.0,50.0,625.0,1557.0,76.41071428571429,2870.0,3274.0,200.0,1606.0,471.0,54.29736945359113,27.404385446880898,2.695910405586919,1.6423487203868887,1.0
152.0,189.0,7.3125,5.444444444444445,414.0,12.566298692132575,13.471548637683535,12.18571428571429,29.205371180476497,30.897291652996568,21.24621129921886,23.078147875413293,254.6787453703704,109.94492029365182,68.98927118063364,22.0,36.0,58.0,1433.0,4744.0,106.81118326118326,6356.0,7012.0,366.0,3118.0,787.0,68.03867171977154,34.73758608230017,2.572139527442557,1.4588041843988684,1.0
152.0,183.0,7.729166666666666,6.527777777777779,388.0,14.225217314730468,14.892242137500354,13.976190476190478,31.488983053144736,32.55706022268245,22.55931825565741,23.963895572427923,273.436625,109.04911563328876,64.82451543719642,18.0,22.0,53.0,1939.0,6597.0,120.71150793650793,8299.0,8863.0,675.0,2694.0,937.0,72.82143128943225,38.54701818651264,2.5578508866148595,1.6575192058523438,1.0
112.0,141.0,5.229166666666666,4.0,308.0,9.20514391246633,9.874879162337436,8.93809523809524,21.435522704860748,22.6164131717591,15.530589328389476,16.91931223633336,188.569875,80.98329511913661,50.98055087736708,18.0,26.0,43.0,578.0,1484.0,68.11309523809524,2560.0,2818.0,194.0,1436.0,426.0,49.928993390733915,25.57218774518074,2.6077261090732407,1.7109170540392507,1.0
94.0,107.0,7.368055555555555,3.7777777777777786,260.0,8.359191910946029,8.599989504972546,7.819047619047621,17.91975309731238,20.275971309436926,14.028514638481912,14.559834660541714,135.07573611111113,69.64887988844129,44.62308529995427,24.0,46.0,36.0,672.0,2314.0,54.486111111111114,2700.0,2693.0,180.0,1001.0,332.0,44.73794995192197,21.07811701568352,2.3864444285363056,1.7418152910388571,1.0
100.0,122.0,5.868055555555555,3.847222222222222,274.0,8.61000889807586,9.05838258140971,8.271428571428572,19.312917766165413,20.785132273819617,14.31573450313415,15.286319074477914,163.54962037037035,72.78607282717145,45.75377811495274,18.0,30.0,38.0,513.0,1309.0,61.31309523809524,2184.0,2312.0,160.0,1188.0,352.0,45.86936455543128,23.374790830913053,2.535173659103002,1.882339690113154,1.0
168.0,212.0,9.284722222222221,6.208333333333333,462.0,13.951562718816849,14.829972058463763,13.457142857142857,32.03609221372003,34.05990157655739,23.34461362054556,25.32949671874239,283.31575,121.60458505136923,76.9113001695269,28.0,38.0,65.0,1924.0,6765.0,125.0847041847042,8217.0,8691.0,495.0,4024.0,959.0,75.47522439713937,37.59259110938958,2.71372361716342,1.5198140397404165,1.0
116.0,139.0,7.388888888888889,4.861111111111112,300.0,10.592224152875016,11.04101960624679,10.233333333333334,23.34287699781738,24.742526510474953,17.12504114580269,18.141230674995004,197.234375,83.77989297651577,51.114892674833726,14.0,22.0,42.0,931.0,2786.0,80.3686507936508,3868.0,3990.0,276.0,1538.0,497.0,54.977627341444254,28.458392269255903,2.499870686441043,1.8500183996425834,1.0
84.0,101.0,4.416666666666667,3.1666666666666665,220.0,7.237183443017884,7.69688082639117,7.000000000000002,16.530009778701594,17.51560833835508,12.118274536094026,13.0238835599442,136.921875,60.764844385826876,37.67438827398266,14.0,18.0,31.0,332.0,826.0,45.61190476190477,1442.0,1555.0,104.0,613.0,226.0,38.66205735932796,19.724402315946598,2.4921086443755285,1.746760303380252,1.0
96.0,114.0,7.979166666666666,3.819444444444445,272.0,8.326204387599239,8.549701093828249,7.752380952380952,17.89563346089696,20.292928927176963,13.967055271806732,14.59245453117682,141.62724074074072,71.0226312221979,46.09030444686227,22.0,44.0,38.0,554.0,1527.0,58.73571428571429,2206.0,2179.0,202.0,926.0,330.0,44.56724901010407,21.942073693480488,2.4777838148719424,2.1322902609023604,1.0
112.0,133.0,7.138888888888889,4.611111111111112,292.0,10.07971869811898,10.524120172544533,9.700000000000001,22.278231915407904,23.792831226993126,16.42986490843461,17.44862719897255,183.6875,81.22248453700631,50.211019331228215,20.0,26.0,41.0,890.0,2876.0,73.0345598845599,3719.0,3863.0,259.0,1662.0,486.0,52.694710323249026,27.218720690095683,2.4612904854986133,1.6890691920140921,1.0
108.0,128.0,5.916666666666667,4.861111111111111,268.0,10.33002980034506,10.759829655234286,10.166666666666668,22.683577054296837,23.32752760515622,16.101695509211076,17.11640102281082,197.5625,77.29720133133995,45.5738832105943,12.0,12.0,37.0,894.0,2850.0,72.23730158730159,3747.0,3895.0,275.0,1600.0,482.0,52.27839518038962,27.933533173848193,2.4762459827979955,1.6813681547709427,1.0
114.0,129.0,5.805555555555555,5.222222222222222,272.0,11.326499840494924,11.788632535927308,11.166666666666668,24.66398437491715,25.360907799975827,17.70617910036511,18.5713480096954,202.15625,81.64419728600112,46.988096772967396,12.0,14.0,37.0,1284.0,4858.0,78.34458874458875,5463.0,5803.0,367.0,1872.0,582.0,56.580914534521824,30.62615146266059,2.3497282870342207,1.4891303059110326,1.0
202.0,259.0,15.611111111111109,7.3055555555555545,610.0,16.146261263824496,16.777125408560643,14.980952380952385,35.73887053871684,40.61329117500002,27.691315489619946,29.507987203011375,309.137287037037,149.36313183618677,99.68745113426387,50.0,92.0,85.0,3128.0,12098.0,166.3793623043623,12803.0,13003.0,829.0,5403.0,1337.0,89.4966812997631,43.04459569321379,2.738893606901014,1.7864436739266625,1.0
204.0,259.0,15.249999999999998,7.6805555555555545,606.0,16.76354576263025,17.384759495204904,15.695238095238098,36.9026944957013,41.414847470719316,28.241252228142773,30.05667979840021,320.56328703703707,150.40363469784177,99.07260464371444,48.0,88.0,84.0,3483.0,14098.0,170.3258852258852,14253.0,14476.0,887.0,5876.0,1413.0,91.54771001967238,44.43002960308656,2.725963189028854,1.7390977677837418,1.0
112.0,141.0,5.229166666666666,4.0,308.0,9.20514391246633,9.874879162337436,8.93809523809524,21.435522704860748,22.6164131717591,15.530589328389476,16.91931223633336,188.569875,80.98329511913661,50.98055087736708,18.0,26.0,43.0,578.0,1484.0,68.11309523809524,2560.0,2818.0,194.0,1436.0,426.0,49.928993390733915,25.57218774518074,2.6077261090732407,1.7109170540392507,1.0
114.0,134.0,6.777777777777778,4.9444444444444455,288.0,10.685871848001627,11.129692981544617,10.4,23.45261471739692,24.596889236294558,17.02758188987998,18.02075420404923,196.3125,82.16281282489473,49.395737625721,16.0,20.0,40.0,1024.0,3396.0,77.16626984126984,4254.0,4384.0,298.0,1845.0,528.0,54.761941800139006,28.59250185474092,2.4874481983091368,1.6896095901788435,1.0
168.0,221.0,12.027777777777777,5.819444444444445,518.0,12.963233394208578,13.590765501322583,12.080952380952384,29.249151725568098,33.048547030784455,22.393977759725992,24.142213735171342,267.2420324074074,123.98503794541548,83.22461039434974,40.0,76.0,72.0,1670.0,5555.0,122.14336219336221,6968.0,7214.0,486.0,3180.0,868.0,72.88684851176102,35.275293180256256,2.7238923532875687,1.7687957566101886,1.0
118.0,142.0,7.479166666666666,4.777777777777778,318.0,10.51487388368539,10.966630871873571,10.104761904761906,23.190312827470077,24.95385137588014,17.22220002143847,18.224135998965277,196.70124074074076,85.80205397080267,53.254927413896226,18.0,34.0,44.0,973.0,3087.0,79.38650793650794,4028.0,4136.0,292.0,1786.0,528.0,55.23172641943745,28.19155867614364,2.5636575108584405,1.7840719476820155,1.0
122.0,139.0,9.638888888888888,5.638888888888889,310.0,11.896754605515328,12.11895021631898,11.366666666666669,25.0345195996128,27.093169039552773,18.8389145366979,19.471644413995616,197.203125,88.83026947354193,53.93017438034093,20.0,32.0,43.0,1566.0,6117.0,89.20099622599622,6242.0,6186.0,422.0,2088.0,638.0,60.28832962915136,31.15644790227759,2.4170257006317706,1.9629813618342653,1.0
106.0,127.0,6.277777777777778,4.416666666666666,272.0,9.681540550352057,10.132771315782927,9.400000000000002,21.476851594032944,22.5878259720957,15.641877898208302,16.61762731288073,182.46875,76.37497462922808,46.28646555008753,12.0,18.0,38.0,746.0,2203.0,68.69603174603174,3128.0,3257.0,240.0,1164.0,419.0,50.30694991075449,25.989984684518696,2.530259000176014,1.772087220235371,1.0
108.0,126.0,5.916666666666667,4.694444444444444,268.0,10.25402019542349,10.710701925855117,10.033333333333335,22.570417984475046,23.474366886035764,16.320475108693433,17.240934270694794,188.3125,77.59537239524153,45.93017438034093,12.0,16.0,37.0,882.0,2780.0,72.70873015873016,3706.0,3867.0,266.0,1385.0,452.0,52.24060178230144,27.54501083422356,2.4476334782893137,1.704346993137124,1.0
126.0,151.0,8.5,5.361111111111112,328.0,11.524075805453153,11.960010661936291,11.100000000000001,25.225073730739258,26.865048860733747,18.539254708175783,19.628157389535982,213.234375,91.17576053091514,55.994669482586914,18.0,26.0,46.0,1168.0,3618.0,91.47301587301587,4810.0,4923.0,364.0,1881.0,601.0,59.76010428786246,30.73022842927173,2.4936740687563663,1.8898170143877948,1.0
96.0,117.0,4.645833333333334,4.041666666666667,250.0,8.838170515886654,9.278209686991335,8.69047619047619,19.67704388676522,20.349553254202895,14.066696753016199,15.00311728437272,172.84699999999998,68.9464412399498,41.30140699779024,12.0,16.0,34.0,536.0,1416.0,59.7297619047619,2292.0,2441.0,222.0,837.0,343.0,45.55898548018429,24.278398575012634,2.530582621655465,1.8197070959032924,1.0
164.0,216.0,11.777777777777777,5.48611111111111,510.0,12.425228591747794,13.066201636632996,11.514285714285718,28.192572190657213,32.121966671224236,21.796260778280633,23.49737357792678,254.6170324074074,121.30569635262006,81.98854241684994,40.0,78.0,71.0,1497.0,4811.0,116.38221500721501,6269.0,6515.0,447.0,2907.0,809.0,70.59718394227032,33.60782601947054,2.722495766763672,1.7780554066827783,1.0
192.0,252.0,12.590277777777777,6.277777777777779,598.0,14.354791587262637,15.209937563714087,13.380952380952387,32.99134934364313,37.34644773390433,25.27193370732889,27.433790035250937,298.2374027777778,141.96782505132748,95.94751135235465,48.0,94.0,83.0,2185.0,7678.0,143.23235930735933,9336.0,9912.0,616.0,4213.0,1100.0,82.00677726162559,38.97606658373211,2.758504478645913,1.5850638302630837,1.0
136.0,157.0,10.999999999999998,6.499999999999998,346.0,13.383447812959858,13.576326236162013,12.833333333333337,28.01370407321903,30.101030297052482,20.810404965996483,21.57782130941246,229.21875,98.76544388167422,59.81652389771358,22.0,32.0,48.0,2073.0,8356.0,106.1857004107004,8210.0,8085.0,548.0,2706.0,800.0,67.37103590995693,34.64121388031243,2.431750497305525,2.059455461454227,1.0
108.0,124.0,5.916666666666667,4.638888888888888,268.0,10.220346690612276,10.683059726927224,9.966666666666669,22.48960157292813,23.55684979067439,16.401355337733193,17.292114223432176,181.53125,77.87544187336653,46.38916491610151,16.0,20.0,37.0,1077.0,4355.0,68.25109335109335,4616.0,4938.0,216.0,1635.0,466.0,52.32017635673268,27.548362612578394,2.3518616019455862,1.3642307337361688,1.0
114.0,134.0,6.777777777777778,4.888888888888888,288.0,10.66470379794645,11.11895021631898,10.366666666666669,23.436443388259484,24.629067424415016,17.096531575101277,18.057430851622517,195.078125,82.17186361778299,49.34438794271402,14.0,20.0,40.0,1001.0,3267.0,78.15595238095239,4178.0,4330.0,270.0,1608.0,497.0,54.74363663293585,28.52513802092018,2.4680717753449377,1.7176232727021408,1.0
90.0,99.0,5.694444444444445,4.361111111111111,214.0,9.25402019542349,9.485957054463528,9.033333333333335,19.57041798447505,20.474366886035767,14.320475108693431,14.791444527911619,154.140625,64.86745033388367,37.44489300610236,12.0,16.0,29.0,874.0,3510.0,56.337853812853815,3622.0,3748.0,200.0,1198.0,368.0,45.71633314234803,24.599198139649232,2.2608602338361674,1.5199990131390686,1.0
96.0,115.0,5.618055555555555,3.5277777777777772,266.0,8.066298692132577,8.522058894900356,7.685714285714288,18.205371180476504,19.897291652996564,13.71067739328613,14.643634483914198,146.33499537037036,70.34694054720512,44.94764062029101,22.0,36.0,37.0,446.0,1129.0,56.096428571428575,1907.0,2026.0,129.0,884.0,291.0,43.56111418900312,21.77134262576883,2.5086890217554307,1.8414814071166195,1.0
116.0,143.0,9.229166666666668,5.486111111111111,312.0,11.03927644069502,11.196040060915708,10.623809523809523,23.25772592196702,24.820314120141212,16.95214301916522,17.81234418403792,209.15949999999998,84.03050346681428,51.72219326978282,18.0,26.0,43.0,1030.0,3067.0,85.5031746031746,4032.0,3912.0,364.0,1580.0,540.0,56.059361630497285,29.194405626255595,2.575103615094042,2.38326640106813,1.0
76.0,90.0,5.305555555555555,3.4444444444444446,194.0,7.236382105218448,7.446411408544869,7.000000000000001,15.573839334717299,16.473164879336615,11.370727640387596,11.958960626227233,132.3125,54.87265092261839,33.150902635976095,10.0,14.0,27.0,353.0,926.0,43.62976190476191,1431.0,1439.0,125.0,505.0,213.0,36.94419157644083,19.289890469481737,2.4352613894467936,1.974242537512857,1.0
130.0,154.0,8.75,5.583333333333333,336.0,12.007239053047545,12.446189562472345,11.566666666666668,26.184665524965798,27.90629031305306,19.28680160388221,20.36085414709122,217.84375,94.14422239472384,57.6383783128403,20.0,28.0,47.0,1339.0,4354.0,95.85873015873017,5506.0,5626.0,406.0,2051.0,648.0,62.029084914729644,31.864112154199784,2.4741552978662753,1.8512994670118155,1.0
128.0,157.0,6.75,5.027777777777779,334.0,11.185871848001627,11.854437852936206,10.900000000000002,25.452614717396923,26.596889236294558,18.320475108693426,19.763137165645855,222.484375,92.06230776150637,56.4668054375865,16.0,20.0,47.0,1047.0,3219.0,86.93571428571428,4532.0,4881.0,324.0,1633.0,559.0,59.17961925961595,30.466468701410456,2.5368589309401357,1.6025195145267523,1.0
56.0,65.0,3.0833333333333335,2.5277777777777777,138.0,5.398178147766922,5.616093728153195,5.3,11.80138032137496,12.205005254897426,8.444841259718691,8.937343878367379,99.390625,40.20284896710556,23.723543654364004,8.0,8.0,19.0,147.0,320.0,27.466666666666665,616.0,639.0,42.0,248.0,106.0,27.36279379132643,14.60457924264222,2.3600194217335586,1.9100379782119001,1.0
70.0,81.0,4.444444444444445,3.2222222222222223,174.0,6.808861750289882,7.024342018617059,6.633333333333335,14.667405725159401,15.359705793276678,10.635111288499633,11.1680540216682,122.15625,50.43619443913941,29.966184341483288,10.0,12.0,24.0,304.0,804.0,38.72976190476191,1241.0,1252.0,101.0,439.0,181.0,34.42807947831408,18.310983329488263,2.4025488784444495,1.8712979288852585,1.0
60.0,63.0,4.722222222222222,3.4166666666666665,136.0,6.82569850269549,6.813418246689416,6.666666666666667,13.70781393093286,14.318464340957362,10.008884736352847,10.107187864889426,107.375,43.22509188821145,24.079834824110616,8.0,10.0,18.0,372.0,1210.0,35.04285714285715,1442.0,1388.0,98.0,471.0,176.0,32.36961295144278,17.356561004237285,2.166847837471963,1.9629894287398748,1.0
60.0,69.0,3.3333333333333335,2.7222222222222223,146.0,5.877010097711745,6.105350962927558,5.766666666666667,12.785208992237523,13.237183443017884,9.220897726126537,9.68112730712722,106.15625,43.04032688474005,25.086407533730114,6.0,8.0,20.0,189.0,430.0,31.1,792.0,826.0,72.0,294.0,132.0,29.639054914531386,15.71334008990635,2.336538356239439,1.9057841670919315,1.0
116.0,133.0,6.416666666666666,5.166666666666666,284.0,11.237183443017884,11.69688082639117,11.000000000000002,24.53000977870159,25.51560833835508,17.775128785586404,18.68073780943658,200.921875,83.39226138379638,48.988096772967396,14.0,18.0,39.0,1239.0,4539.0,79.6922077922078,5176.0,5376.0,336.0,1712.0,558.0,56.89344659082796,30.143170477887676,2.447071129170543,1.5810553773666758,1.0
128.0,149.0,8.590277777777777,5.097222222222222,346.0,11.349155209813961,11.816052888782677,10.800000000000002,24.89302292317038,27.305647783975243,18.878111205526864,19.850993765956527,198.81423611111114,93.79973581543878,58.91430645563601,24.0,48.0,48.0,1221.0,3995.0,90.07896825396826,5043.0,5177.0,361.0,1939.0,602.0,59.942643676537486,29.72680115939128,2.4674518918153163,1.8032195487963314,1.0
130.0,149.0,7.777777777777779,5.916666666666667,320.0,12.669035095596021,13.115871882080672,12.366666666666669,27.41220651162346,28.63813068861387,19.896449129146045,20.874771305164103,224.921875,93.61655606294198,55.282087143093676,18.0,22.0,44.0,2048.0,10034.0,90.94664502164503,8636.0,9090.0,380.0,3050.0,738.0,63.86643022563643,33.96012160259794,2.359801930005398,1.3131823119686152,1.0
100.0,121.0,6.3888888888888875,3.8055555555555554,268.0,8.558550648063802,9.013377407318897,8.166666666666668,19.26206058627047,20.82500941511358,14.377494250096264,15.363983502986201,158.453125,72.74625395565603,45.91702896110195,18.0,26.0,38.0,559.0,1580.0,59.44285714285714,2353.0,2454.0,167.0,972.0,330.0,45.94811348050861,22.913483784494627,2.520633332797319,1.7451640200896443,1.0
132.0,151.0,7.868055555555555,5.861111111111111,338.0,12.60008541037472,13.037941272008482,12.233333333333336,27.223850883725177,28.839529923413853,19.977329358185806,20.958571128536587,218.140625,95.80871595777369,57.80220757927523,24.0,36.0,46.0,2001.0,9545.0,91.70357836607837,8444.0,8894.0,396.0,2952.0,738.0,64.08958082788345,33.98757743062347,2.3452863449792627,1.3446313504844953,1.0
112.0,134.0,7.138888888888888,4.583333333333334,292.0,10.07538740046941,10.527198506782844,9.700000000000001,22.302468792043925,23.78376796279427,16.458374479136026,17.459713870177154,185.84375,81.09150059083208,49.93017438034093,16.0,24.0,41.0,819.0,2373.0,75.07857142857142,3431.0,3576.0,271.0,1380.0,461.0,52.68737650894623,27.095679214850012,2.4681027597217176,1.8272818381590226,1.0
174.0,229.0,12.888888888888888,6.013888888888888,538.0,13.37391699673154,13.999013791786444,12.414285714285716,30.115177129352546,34.203247569163715,23.17003422613384,24.958710316099072,274.0076574074074,128.56152916795693,86.63882395672283,42.0,80.0,75.0,1810.0,6026.0,129.2163780663781,7511.0,7733.0,533.0,3449.0,929.0,75.39080023090474,36.51173680267967,2.730865959947854,1.8024590139678052,1.0
206.0,264.0,16.3125,7.097222222222221,640.0,15.941083909793292,16.588482377605878,14.63333333333334,35.40793270727897,41.07827163300465,27.93721102396933,29.73911454097698,306.3177685185186,153.29103412768868,103.8946567720597,54.0,112.0,89.0,3336.0,14077.0,163.509768009768,13715.0,13995.0,809.0,5611.0,1337.0,89.93071074753628,42.8095618042431,2.731288170072029,1.6695376874222307,1.0
190.0,246.0,12.5,6.298611111111111,580.0,14.393466721857449,15.255950976003218,13.4452380952381,33.067631428816775,37.24078530120173,25.257428443221936,27.39750345027968,292.62694444444446,140.24963777299746,94.17038720163688,46.0,88.0,81.0,2209.0,7822.0,142.099025974026,9440.0,10024.0,612.0,4273.0,1100.0,81.73997956246657,38.89986364144026,2.7398479656013337,1.5649137887167905,1.0
204.0,260.0,13.86111111111111,6.881944444444445,616.0,15.749308769514018,16.62581430231355,14.678571428571432,35.83666909191687,40.51014693234007,27.597528386263935,29.71607019389117,307.37694444444446,150.77210351604464,100.82066874150975,50.0,96.0,86.0,2941.0,11429.0,159.5480130980131,12439.0,13067.0,769.0,5320.0,1310.0,88.7819947294714,42.15177087238428,2.7404679859799317,1.5306105220744795,1.0
174.0,229.0,12.888888888888888,6.013888888888888,538.0,13.373916996731538,13.999013791786444,12.414285714285718,30.115177129352542,34.203247569163715,23.170034226133836,24.958710316099065,274.0076574074074,128.56152916795696,86.63882395672286,42.0,80.0,75.0,1810.0,6026.0,129.21637806637807,7511.0,7733.0,533.0,3449.0,929.0,75.39080023090479,36.51173680267967,2.730865959947856,1.8024590139678047,1.0
198.0,260.0,13.451388888888888,6.472222222222222,618.0,14.765475189785596,15.618185854177952,13.714285714285719,33.85737474742756,38.50114827228357,26.047990173736736,28.25028661617866,305.0030277777778,146.54431627386896,99.36172491472776,50.0,98.0,86.0,2351.0,8275.0,150.6525974025974,9992.0,10551.0,666.0,4537.0,1169.0,84.51072898077322,40.2032687253858,2.762829213246186,1.6093440696774999,1.0
180.0,225.0,12.84722222222222,6.861111111111111,514.0,15.040583663398206,15.682792325900841,14.209523809523818,33.40171589591541,36.83722216537927,25.19339435625827,26.89806768997501,288.02111574074075,131.8623718877402,85.3272163424065,36.0,64.0,72.0,2711.0,11245.0,140.2554098679099,11242.0,11570.0,642.0,4658.0,1124.0,81.46854611306071,39.844016012996185,2.6635939839959284,1.5950220408447906,1.0
158.0,201.0,10.986111111111109,5.666666666666667,462.0,12.629900060875245,13.27454403543698,11.87619047619048,28.53569049213097,31.68252162700002,21.588910765104234,23.2531439843011,249.25549074074075,115.972172166214,76.25614853054103,34.0,60.0,65.0,1561.0,5220.0,113.50645743145742,6547.0,6815.0,439.0,3003.0,809.0,69.84723083586056,33.83500429521917,2.661318249700065,1.703512338534623,1.0
164.0,215.0,11.777777777777775,5.472222222222222,510.0,12.415191890615725,13.05752014905154,11.495238095238099,28.16584201651521,32.15164314576255,21.81743022057939,23.510615815812237,252.1836574074074,121.41492171927496,82.13762794880076,40.0,80.0,71.0,1489.0,4743.0,116.4615800865801,6230.0,6469.0,450.0,2928.0,810.0,70.58340616633284,33.54149480057912,2.717775268706093,1.7879223798073243,1.0
126.0,150.0,6.138888888888888,4.944444444444444,322.0,11.203509938206668,11.893983498854867,10.933333333333335,25.449193367154667,26.598091242993704,18.44179545225307,19.767193942584043,212.3125,90.7433986737869,55.103941558220356,18.0,22.0,45.0,1082.0,3453.0,85.69126984126984,4728.0,5148.0,314.0,1973.0,586.0,58.74903198806654,30.59520722043407,2.4665183235657113,1.5375649306886061,1.0
182.0,234.0,13.388888888888888,6.3888888888888875,554.0,14.309038740733078,14.951947340051454,13.2952380952381,31.991459214526195,36.34758513646112,24.75524714506676,26.47402271666829,279.5586574074074,134.61672905511747,90.0239774661734,44.0,86.0,77.0,2357.0,9053.0,137.88596403596404,9780.0,10069.0,606.0,4178.0,1058.0,79.9143391937742,38.329109351067416,2.7131304826968927,1.673963347653782,1.0
168.0,221.0,12.027777777777777,5.819444444444443,518.0,12.96323339420858,13.590765501322583,12.080952380952384,29.2491517255681,33.048547030784455,22.393977759726,24.14221373517134,267.2420324074074,123.98503794541548,83.22461039434974,40.0,76.0,72.0,1670.0,5555.0,122.1433621933622,6968.0,7214.0,486.0,3180.0,868.0,72.88684851176097,35.275293180256256,2.7238923532875683,1.7687957566101882,1.0
160.0,206.0,11.076388888888886,5.631944444444445,480.0,12.581188225148363,13.21984913556639,11.792857142857146,28.432678232815324,31.817860534240932,21.624585471509956,23.30267280715781,252.43257407407407,117.79958481119888,78.18235821320961,36.0,68.0,67.0,1553.0,5185.0,114.13979076479076,6514.0,6781.0,440.0,3006.0,810.0,70.10231816931814,33.88630802305956,2.678182185779836,1.711556084534079,1.0
186.0,235.0,13.1875,7.173611111111112,540.0,15.535695247045537,16.152661290719838,14.692857142857145,34.34391351399043,37.88512286849914,25.81769733577252,27.59243667007628,301.43720370370374,136.41491757866933,88.64519895312377,40.0,70.0,75.0,2809.0,11122.0,149.03081640581638,11590.0,11867.0,714.0,4868.0,1194.0,84.01453382805319,41.40533444590393,2.6884509027939476,1.6799845278096612,1.0
108.0,126.0,5.916666666666666,4.750000000000001,268.0,10.275188245478667,10.721444691080753,10.066666666666668,22.586589313612482,23.442188697915302,16.251525423472135,17.204257623121507,189.546875,77.58632160235322,45.98152406334792,14.0,16.0,37.0,890.0,2846.0,72.54365079365078,3733.0,3889.0,235.0,1467.0,451.0,52.24058905099662,27.486248777190617,2.438866000022243,1.6914693657793096,1.0
190.0,246.0,12.499999999999998,6.298611111111112,580.0,14.393466721857449,15.25595097600322,13.445238095238098,33.067631428816775,37.24078530120173,25.257428443221933,27.39750345027967,292.62694444444446,140.2496377729975,94.17038720163687,46.0,88.0,81.0,2209.0,7822.0,142.09902597402598,9440.0,10024.0,612.0,4273.0,1100.0,81.73997956246656,38.899863641440255,2.7398479656013333,1.5649137887167905,1.0
160.0,190.0,9.201388888888888,6.555555555555556,420.0,14.476000860295429,15.149912444873321,14.004761904761908,32.04634889510924,34.04953860547554,23.567983635443728,24.99303635797381,263.92925,116.01222590412283,71.225385867112,28.0,40.0,58.0,2866.0,14568.0,115.80890718758366,12300.0,13170.0,526.0,4227.0,1000.0,75.505187592341,39.04306349559682,2.538730620913006,1.2151904388029535,1.0
132.0,159.0,7.0,5.166666666666666,342.0,11.631030293135236,12.316052888782677,11.300000000000002,26.355626976712568,27.71155032905364,19.177411804141034,20.55810054714308,222.46875,95.17985515726586,58.28865985271317,18.0,24.0,48.0,1197.0,3825.0,91.0813492063492,5207.0,5645.0,359.0,1920.0,623.0,62.63376958614133,31.67085639008875,2.488455861369548,1.5704050078587042,1.0
82.0,91.0,5.194444444444445,3.8611111111111107,198.0,8.25402019542349,8.485957054463528,8.033333333333335,17.57041798447505,18.474366886035767,12.906261546320335,13.377230965538521,138.140625,59.210596084391284,34.61646588135617,12.0,16.0,27.0,579.0,1919.0,49.43690476190476,2405.0,2493.0,165.0,734.0,277.0,41.238791567652285,21.801796396733877,2.268191782308741,1.6759822840751575,1.0
122.0,153.0,6.340277777777778,4.499999999999999,336.0,10.136995565044467,10.793870218026935,9.804761904761907,23.31771943778262,24.73893552201789,16.94480289076257,18.40623895087434,204.569875,88.37916267353602,55.860327685120254,22.0,30.0,47.0,766.0,2100.0,78.64642857142857,3321.0,3573.0,241.0,1426.0,463.0,54.78728065457541,27.577592685949867,2.6284017608563985,1.7164906488457157,1.0
86.0,96.0,5.444444444444445,4.138888888888889,206.0,8.770856947829097,8.999778153927474,8.566666666666666,18.610826190248503,19.43312543371645,13.572928212987003,14.058747770356378,149.53125,61.898988470074976,35.801184175848974,10.0,14.0,28.0,614.0,1843.0,55.25833333333333,2494.0,2519.0,218.0,884.0,330.0,43.44752224029743,23.15880386179457,2.337747359830899,1.9092831638919918,1.0
60.0,62.0,4.722222222222222,3.333333333333333,136.0,6.787693700234704,6.788854381999832,6.6000000000000005,13.651234396021962,14.391883981397134,10.118274536094026,10.169454488831411,102.75,43.37417742016224,24.257980408983922,8.0,12.0,18.0,388.0,1326.0,34.59722222222222,1510.0,1460.0,94.0,487.0,176.0,32.35978723085015,17.273290457758044,2.1592582824229667,1.8723166918878427,1.0
128.0,149.0,8.590277777777779,5.097222222222222,346.0,11.349155209813961,11.816052888782677,10.800000000000002,24.893022923170385,27.305647783975243,18.87811120552686,19.85099376595653,198.81423611111114,93.79973581543875,58.914306455635995,24.0,48.0,48.0,1207.0,3894.0,90.42896825396825,4989.0,5125.0,359.0,1918.0,602.0,59.9422554183084,29.897339690195285,2.4760294235789995,1.8262234397839716,1.0
180.0,237.0,13.749999999999998,6.208333333333333,558.0,13.784600599254498,14.407262082250307,12.74761904761905,30.981202533136983,35.35794810754297,23.946090692541684,25.775206897026795,280.7732824074074,133.1380203904984,90.05303751909594,44.0,84.0,78.0,1982.0,6721.0,135.88466810966813,8188.0,8392.0,574.0,3768.0,992.0,77.89425176543416,37.37942520923579,2.7335428019019883,1.8119876877336873,1.0
92.0,111.0,6.756944444444445,4.125,248.0,8.608226125916318,8.80277355168092,8.257142857142858,18.33169963302943,19.74023522890088,13.578369571312008,14.233743879244185,155.59699999999998,66.97048018951939,41.46640716342456,18.0,26.0,34.0,537.0,1424.0,59.18809523809524,2152.0,2142.0,200.0,810.0,310.0,44.15576214602063,22.270985144825012,2.5077752011334713,2.2076457940799292,1.0
124.0,147.0,5.527777777777778,5.027777777777778,310.0,11.309663088089316,11.99955630785495,11.133333333333336,25.62357616914369,26.40214925229514,18.332405652511895,19.63221416647417,216.9375,88.85529983692912,52.87444629034006,14.0,16.0,43.0,1104.0,3595.0,84.82698412698412,4847.0,5306.0,339.0,1899.0,587.0,58.53548160831885,31.078556039134504,2.458121819602217,1.502427983843641,1.0
112.0,129.0,6.166666666666667,4.916666666666666,276.0,10.737183443017884,11.19688082639117,10.500000000000002,23.53000977870159,24.51560833835508,17.068022004399857,17.973631028250036,192.921875,80.5638342590502,47.5738832105943,14.0,18.0,38.0,1006.0,3242.0,77.259126984127,4244.0,4463.0,324.0,1532.0,509.0,54.508791670002616,28.953126012165217,2.402016136474373,1.6937292647908708,1.0
164.0,192.0,9.451388888888886,6.777777777777779,428.0,14.95283960607264,15.638152623053553,14.485714285714288,33.02949081689191,35.13033403525652,24.295016413238105,25.70229870584121,274.4976111111111,118.94348798225164,72.6024150606765,26.0,44.0,59.0,2841.0,12932.0,124.52198357198358,12041.0,12713.0,625.0,4528.0,1057.0,77.65689573125876,39.85184236429955,2.5017119675778727,1.3528714061856717,1.0
168.0,212.0,11.576388888888888,6.020833333333332,496.0,13.52634667028197,14.181464171412859,12.692857142857147,30.335690492130965,33.93252162700002,23.18862894814411,24.804742969841577,260.41694907407407,123.74555933170454,81.41842619070941,38.0,72.0,69.0,2039.0,7823.0,122.8863247863248,8532.0,8859.0,508.0,3658.0,930.0,74.64039452766673,36.25936101984627,2.6712042003528764,1.6019155608319786,1.0
194.0,242.0,13.687499999999998,7.645833333333333,556.0,16.518858494639932,17.13884019125589,15.659523809523812,36.30350530821697,39.92636432081845,27.272351012665496,29.03224020881806,314.0465787037037,142.21180656722422,91.70312134575023,42.0,72.0,77.0,3383.0,14135.0,159.52933455433455,13936.0,14249.0,838.0,5572.0,1338.0,88.56221129596545,43.908860587560376,2.682593261578948,1.6499243136227273,1.0
176.0,223.0,12.076388888888888,6.729166666666666,512.0,14.62501164452258,15.244413000255975,13.859523809523811,32.47788811020598,35.73042233011988,24.33453408817813,26.068833307962002,286.6715787037037,129.00999923138167,83.81677182837757,38.0,66.0,71.0,2357.0,8925.0,136.4935286935287,9784.0,10077.0,618.0,4166.0,1058.0,79.23100676161502,38.97576536896624,2.681928657540157,1.6737308977607288,1.0
132.0,173.0,6.0625,4.291666666666667,374.0,10.125864216121357,11.016553811774346,9.790476190476193,24.328278282787178,25.741437235600024,17.578369571312003,19.464949540972263,223.94074999999998,95.35005591163493,61.31674671965487,20.0,28.0,53.0,712.0,1815.0,82.18690476190477,3227.0,3631.0,231.0,1790.0,517.0,56.801127750958855,28.42585050571912,2.7065566698829997,1.6519620624854539,1.0
96.0,113.0,7.006944444444445,4.333333333333333,256.0,9.08135267237864,9.280270964635514,8.704761904761906,19.26456125311398,20.81115315575851,14.347085909317201,14.979682874684881,157.773,70.04816741998297,43.259201525628725,20.0,30.0,35.0,656.0,1886.0,62.53690476190476,2612.0,2580.0,246.0,1004.0,368.0,46.430038274471,23.698082626871177,2.476366599011519,2.1284838699546444,1.0
204.0,260.0,15.249999999999998,7.694444444444444,606.0,16.773582463762317,17.393440982786363,15.714285714285717,36.92942466984329,41.385170996180996,28.220082785844014,30.043437560514757,322.996662037037,150.29440933118687,98.92351911176364,48.0,86.0,84.0,3455.0,13868.0,170.9273643023643,14148.0,14378.0,898.0,5765.0,1412.0,91.56173230724288,44.46822321905631,2.7330673356741513,1.754558107673796,1.0
82.0,98.0,5.645833333333333,3.6666666666666665,220.0,7.687505822261288,7.885843773635597,7.404761904761906,16.438944055103,17.615211165059947,12.116375766016379,12.723382755015361,138.398,59.674787208886606,36.78706557062915,16.0,24.0,30.0,401.0,1030.0,49.00357142857143,1620.0,1625.0,162.0,669.0,260.0,39.37796027511128,20.35382805145646,2.468661744459049,2.101357936158396,1.0
88.0,102.0,3.6944444444444446,3.8055555555555554,212.0,8.432652990377573,8.894205344927391,8.366666666666667,18.83836717690617,19.164965809277263,13.354148613504647,14.193727546466246,158.78125,62.785535700666195,36.273320130848546,8.0,8.0,29.0,557.0,1798.0,51.293253968253964,2445.0,2678.0,159.0,860.0,303.0,42.77915304528492,23.121889182366793,2.3996165924313706,1.4474822413020778,1.0
112.0,130.0,6.166666666666666,4.944444444444444,276.0,10.75402019542349,11.210701925855117,10.533333333333335,23.570417984475043,24.47436688603576,17.027581889879976,17.94804105188134,196.3125,80.42379951998771,47.34438794271402,12.0,16.0,38.0,1043.0,3557.0,76.75317460317461,4370.0,4546.0,296.0,1578.0,497.0,54.520187057064696,28.759120364465222,2.447419382478767,1.6460033357725334,1.0
108.0,127.0,5.916666666666667,4.722222222222221,268.0,10.270856947829099,10.724523025319064,10.066666666666668,22.610826190248503,23.433125433716448,16.28003499417355,17.2153442943261,191.703125,77.45533765617903,45.700679112460634,10.0,14.0,37.0,900.0,2917.0,72.25873015873015,3771.0,3921.0,247.0,1444.0,451.0,52.34370357133754,26.89892068282688,2.5168652294660014,1.6825901416456779,1.0
58.0,62.0,5.083333333333334,3.027777777777778,140.0,6.198377302757664,6.197102672463695,5.933333333333334,12.517259799806402,13.546584519776388,9.480117440128774,9.571737507386041,93.515625,42.29381439321132,24.843766846610826,10.0,16.0,19.0,274.0,764.0,32.54761904761905,1049.0,995.0,91.0,364.0,150.0,30.303355519977472,16.109449862862622,2.2300108465354724,2.1666511432752094,1.0
114.0,136.0,8.618055555555555,5.333333333333333,300.0,11.028946429571347,11.219703329726242,10.60952380952381,23.224455210955856,24.86525929274181,17.16168372016728,17.865425347032645,196.796,82.75145454439078,50.388389443339236,20.0,28.0,41.0,1030.0,3024.0,84.79642857142858,4068.0,3988.0,408.0,1390.0,540.0,55.803645800581116,28.866142864796302,2.533670411844857,2.372415901644988,1.0
160.0,207.0,11.076388888888888,5.645833333333333,480.0,12.591224926280434,13.228530623147849,11.811904761904763,28.45940840695731,31.78818405970261,21.603416029211193,23.289430569272348,254.86594907407408,117.690359444544,78.03327268125882,36.0,66.0,67.0,1556.0,5217.0,114.1826479076479,6533.0,6807.0,437.0,2975.0,809.0,70.11611206768191,34.29181838633975,2.689174570085255,1.7084997410876868,1.0
114.0,136.0,6.777777777777779,5.055555555555555,288.0,10.74071340286802,11.16807794569815,10.5,23.549602458081274,24.482228143535472,16.877751975618917,17.93289760373855,204.328125,81.87369255388143,48.98809677296741,14.0,16.0,40.0,988.0,3136.0,78.1563492063492,4118.0,4256.0,314.0,1741.0,528.0,54.781355950892404,28.790581200350083,2.4828534820072212,1.7349623506911669,1.0
114.0,134.0,6.777777777777778,4.888888888888888,288.0,10.664703797946451,11.11895021631898,10.366666666666669,23.436443388259484,24.629067424415016,17.096531575101277,18.057430851622517,195.078125,82.17186361778299,49.34438794271402,14.0,20.0,40.0,981.0,3111.0,78.58214285714286,4088.0,4230.0,294.0,1548.0,497.0,54.74387079472488,28.452355848489983,2.4722465810890135,1.7552733256488855,1.0
138.0,174.0,5.951388888888889,4.777777777777778,378.0,11.171470407655114,12.07198183480113,10.871428571428574,26.35470629331383,27.698896076397723,19.025683119802327,20.83419549422701,231.9605,99.6481409081119,62.75324991211244,22.0,30.0,53.0,1011.0,3038.0,89.34404761904761,4580.0,5168.0,294.0,2297.0,636.0,62.37931830798237,30.800334246974863,2.6310331865277146,1.4911528005016,1.0
66.0,73.0,6.555555555555555,3.1388888888888893,172.0,6.502907755397976,6.499778153927474,6.066666666666666,13.208902401601822,14.897227048854207,10.365563706277799,10.52321386442364,95.65625,48.758404452610584,30.487475676864214,16.0,26.0,24.0,321.0,893.0,37.307142857142864,1210.0,1128.0,102.0,451.0,176.0,33.01962561556152,16.601661418666875,2.292088911711498,2.3261299167316234,1.0
120.0,141.0,7.638888888888889,5.111111111111111,308.0,11.07971869811898,11.524120172544535,10.700000000000001,24.2782319154079,25.792831226993123,17.844078470807705,18.86284076134564,199.6875,86.8793387864987,53.039446455974385,20.0,26.0,43.0,1130.0,3740.0,83.01984126984127,4671.0,4789.0,339.0,2004.0,576.0,57.25484288411896,29.36270767867899,2.4923497075441436,1.7351876459651865,1.0
124.0,155.0,5.979166666666666,4.861111111111111,332.0,10.759985467332722,11.413264126490965,10.53809523809524,24.5325104455451,25.501752079000006,17.502079757688055,18.952775979582327,220.5855,89.17945622236189,54.815550711732755,16.0,22.0,46.0,906.0,2659.0,82.46626984126985,3914.0,4189.0,298.0,1954.0,560.0,56.80971061584346,29.44071710533492,2.6374292377105615,1.6589604000303804,1.0
176.0,214.0,9.333333333333334,6.999999999999999,456.0,15.562881945713373,16.459788815863764,15.166666666666671,35.23782370963444,36.834072679312435,25.42005249126031,27.32294412921342,304.640625,126.61735327200785,77.31057228419729,22.0,28.0,64.0,2679.0,10483.0,138.30080475080476,11596.0,12505.0,722.0,4704.0,1191.0,81.80640539414016,42.53261112840076,2.5558105868605976,1.3989404538781116,1.0
92.0,105.0,3.9444444444444446,4.027777777777778,220.0,8.915816237971963,9.380384245463443,8.833333333333334,19.79795897113271,20.206207261596575,14.101695509211075,14.92642430402149,163.390625,65.75399756447489,37.91702896110194,10.0,10.0,30.0,673.0,2337.0,55.19527417027417,2948.0,3224.0,172.0,1182.0,360.0,44.96053619075034,24.566140141129154,2.351003274876461,1.4010053662748807,1.0
126.0,145.0,7.527777777777778,5.611111111111111,312.0,12.147867045540842,12.605129116855034,11.833333333333336,26.396035182486028,27.67030887673433,19.258292033180794,20.20434117155085,215.6875,90.79717973108401,53.81652389771358,16.0,22.0,43.0,1634.0,6759.0,88.96447441447441,6905.0,7285.0,397.0,2408.0,684.0,61.586841824507985,32.84048043990671,2.3672326597712834,1.4824630424723488,1.0
104.0,121.0,5.666666666666666,4.416666666666666,260.0,9.737183443017884,10.19688082639117,9.500000000000002,21.530009778701586,22.515608338355076,15.653808442026765,16.559417465876944,176.921875,74.90698000955784,44.74545608584812,14.0,18.0,36.0,878.0,3201.0,65.35133477633478,3760.0,4016.0,200.0,1536.0,444.0,49.9662360466302,26.422722754468168,2.37554310440328,1.4655019696459726,1.0
110.0,124.0,5.555555555555555,4.944444444444444,264.0,10.809663088089316,11.27481143646336,10.633333333333335,23.623576169143693,24.402149252295143,17.039512433698444,17.88983120487755,190.765625,78.95580490031745,45.8033784784746,14.0,16.0,36.0,1303.0,5808.0,71.20558608058607,5596.0,6002.0,248.0,2050.0,534.0,54.29103231216746,29.24030708474229,2.326398587930519,1.2825820596084851,1.0
80.0,91.0,5.555555555555555,3.5555555555555554,202.0,7.66470379794645,7.894205344927391,7.366666666666668,16.43644338825949,17.62906742441502,12.268104450355086,12.779513984093152,128.90625,58.13023305744038,35.20225231898307,14.0,20.0,28.0,456.0,1355.0,46.641269841269846,1874.0,1918.0,140.0,634.0,244.0,39.18373924447759,19.93172670429853,2.3391161848428266,1.8076033584699183,1.0
118.0,143.0,5.638888888888889,4.472222222222221,306.0,10.220346690612276,10.907804598318814,9.966666666666669,23.48960157292813,24.55684979067439,16.987141775360097,18.32739040384226,199.703125,84.94650968523199,52.046019165593876,16.0,20.0,43.0,815.0,2356.0,75.97619047619048,3581.0,3917.0,275.0,1523.0,495.0,54.30715563282517,27.953189659365044,2.533493243973595,1.5965867079724736,1.0
116.0,140.0,5.027777777777779,4.555555555555555,294.0,10.326499840494924,11.013377407318897,10.166666666666668,23.663984374917153,24.360907799975827,16.877751975618917,18.192410627732386,204.328125,83.05841084837421,49.816523897713594,12.0,14.0,41.0,785.0,2185.0,77.21428571428572,3475.0,3833.0,231.0,1485.0,467.0,53.97033777120821,28.36224303308671,2.4891082724602462,1.6380864061428786,1.0
160.0,185.0,8.75,6.861111111111111,398.0,15.097356788324023,15.788410689854784,14.733333333333336,33.27481056516565,34.794033233692275,24.208039501486624,25.559027968186292,271.6875,115.25891450861417,68.6471453250854,22.0,28.0,55.0,3118.0,15935.0,120.41576560694207,13354.0,14274.0,584.0,4932.0,1098.0,77.21408692215964,40.80473623523729,2.3823053099730873,1.2178136291109205,1.0
90.0,98.0,5.694444444444445,4.333333333333334,214.0,9.237183443017884,9.47213595499958,9.0,19.53000977870159,20.515608338355083,14.360915223213313,14.817034504280313,150.75,65.00748507294617,37.67438827398266,14.0,18.0,29.0,756.0,2498.0,58.38492063492063,3096.0,3160.0,238.0,1044.0,368.0,45.70649828903183,23.997641670575884,2.266225762158276,1.788939489896249,1.0
126.0,145.0,7.527777777777777,5.722222222222222,312.0,12.190203145651198,12.626614647306308,11.900000000000004,26.4283778407609,27.60595250049341,19.1203926627382,20.130987876404266,218.15625,90.7790781453075,53.919223263727574,20.0,22.0,43.0,1786.0,8273.0,86.92691475191475,7511.0,7877.0,341.0,2822.0,684.0,61.587072578158924,32.862120221743254,2.3423008278211155,1.3516283760694157,1.0
116.0,138.0,7.388888888888888,4.833333333333333,300.0,10.575387400469408,11.027198506782844,10.2,23.30246879204392,24.783767962794265,17.165481260322572,18.166820651363693,193.84375,83.91992771557827,51.34438794271402,16.0,24.0,42.0,954.0,2924.0,79.52460317460319,3977.0,4123.0,299.0,1579.0,506.0,54.96627845165446,28.474736953708046,2.4665386882904876,1.7984200671186878,1.0
84.0,103.0,6.256944444444445,3.638888888888889,232.0,7.615026177189854,7.807913163563407,7.271428571428572,16.345377664660894,17.728670251119883,12.144885336717795,12.807182578387849,140.55425,61.282816567619385,38.55757030274886,16.0,26.0,32.0,390.0,969.0,49.602380952380955,1560.0,1546.0,160.0,551.0,244.0,39.705907119124966,20.63622558977528,2.529727734344706,2.1782608191831354,1.0
94.0,116.0,7.368055555555555,4.097222222222222,260.0,8.535746480844884,8.72484294160873,8.123809523809525,18.23813324258733,19.85369431496082,13.606879142013424,14.317543702616671,157.75324999999998,68.57850954825216,43.23691189554425,18.0,28.0,36.0,526.0,1363.0,59.76309523809524,2092.0,2063.0,216.0,863.0,330.0,44.40618102441422,22.63735724764175,2.5357711843766033,2.268694811154623,1.0
108.0,123.0,5.916666666666667,4.61111111111111,268.0,10.203509938206668,10.669238627463278,9.933333333333337,22.449193367154674,23.598091242993704,16.441795452253075,17.31770419980087,178.140625,78.01547661242904,46.6186601839818,18.0,22.0,37.0,1091.0,4474.0,67.8946830946831,4676.0,5002.0,212.0,1663.0,466.0,52.30988259224062,27.482111123578743,2.3358298353119267,1.3468110835805414,1.0
160.0,207.0,11.076388888888888,5.645833333333334,480.0,12.591224926280432,13.22853062314785,11.811904761904765,28.45940840695732,31.788184059702612,21.60341602921119,23.28943056927236,254.86594907407408,117.69035944454399,78.03327268125885,36.0,66.0,67.0,1556.0,5217.0,114.1826479076479,6533.0,6807.0,437.0,2975.0,809.0,70.11611206768195,34.29181838633975,2.689174570085255,1.7084997410876865,1.0
120.0,143.0,7.638888888888888,5.166666666666667,308.0,11.113392202930195,11.551762371472428,10.76666666666667,24.35904832695482,25.710348322354495,17.76319824176794,18.81166080860826,206.46875,86.59926930837368,52.58045592021381,16.0,22.0,43.0,1073.0,3365.0,84.91626984126984,4447.0,4582.0,323.0,1752.0,553.0,57.256835277851906,29.661294647906615,2.4734215542353466,1.8191548886560118,1.0
60.0,67.0,5.694444444444445,3.0000000000000004,152.0,6.12589765768623,6.119172062391505,5.8,12.423693409364299,13.660043605836325,9.50862701083019,9.655537330758527,95.671875,43.90184375194411,26.61427157873053,10.0,18.0,21.0,250.0,628.0,33.70238095238095,947.0,887.0,97.0,340.0,150.0,30.536565865466148,16.051961930649306,2.2882456112707374,2.3975261918256137,1.0
96.0,116.0,5.166666666666667,4.055555555555555,244.0,8.808861750289882,9.249086890008648,8.633333333333335,19.6674057251594,20.359705793276678,14.049324850872729,15.031757326824472,172.328125,68.82097074998964,41.279892840468044,10.0,12.0,34.0,522.0,1342.0,60.45476190476191,2228.0,2366.0,152.0,953.0,329.0,45.42203938249742,24.18898307883071,2.465468280253215,1.844422604111271,1.0
80.0,89.0,5.555555555555555,3.499999999999999,202.0,7.631030293135235,7.866563145999497,7.300000000000002,16.35562697671257,17.711550329053647,12.348984679394848,12.830693936830537,122.125,58.41030253556538,35.66124285474367,18.0,24.0,28.0,484.0,1535.0,45.69761904761905,1990.0,2038.0,130.0,672.0,244.0,39.166633358827376,19.793743689290935,2.295087725842421,1.687815276940427,1.0
98.0,122.0,6.229166666666667,3.541666666666667,278.0,8.02069250059882,8.466630871873571,7.604761904761904,18.17894316994985,19.939832812198873,13.6775774071689,14.688602093032545,154.31524537037038,71.70570980022055,46.339564552579645,20.0,34.0,39.0,436.0,1078.0,56.727380952380955,1847.0,1941.0,139.0,1000.0,316.0,43.834723631182506,21.923669748846304,2.5683145534556693,1.9018502636660874,1.0
84.0,104.0,6.256944444444445,3.6527777777777777,232.0,7.625062878321925,7.816594651144866,7.290476190476191,16.37210783880289,17.698993776581567,12.12371589441903,12.793940340502393,142.98762499999998,61.173591200964495,38.40848477079807,16.0,24.0,32.0,383.0,931.0,49.92619047619047,1530.0,1514.0,164.0,537.0,244.0,39.716910390108254,20.190849111050184,2.5442992854351707,2.222452237147242,1.0
114.0,135.0,8.618055555555555,5.319444444444443,300.0,11.018909728439278,11.211021842144783,10.590476190476192,23.197725036813864,24.89493576728013,17.182853162466042,17.878667584918094,194.36262499999998,82.86067991104566,50.53747497529003,20.0,30.0,41.0,1044.0,3102.0,84.19880952380952,4128.0,4052.0,406.0,1404.0,540.0,55.79193756011527,29.39423593503055,2.5095556431816166,2.3327897693617583,1.0
82.0,92.0,5.645833333333334,3.444444444444444,220.0,7.567280126492686,7.802453635391254,7.2,16.230418869628192,17.89974523889684,12.407602210588392,12.88890378383433,123.50636574074073,60.37084478503703,37.64045812194716,18.0,36.0,30.0,474.0,1474.0,46.21150793650793,1948.0,1994.0,136.0,636.0,244.0,39.40614263744918,19.862149786043197,2.3940787433058746,1.7298108814505166,1.0
120.0,141.0,7.638888888888888,5.11111111111111,308.0,11.07971869811898,11.524120172544533,10.700000000000001,24.2782319154079,25.792831226993123,17.844078470807705,18.86284076134564,199.6875,86.8793387864987,53.0394464559744,20.0,26.0,43.0,1130.0,3740.0,83.01984126984127,4671.0,4789.0,339.0,2004.0,576.0,57.25484288411896,29.36270767867899,2.4923497075441454,1.735187645965186,1.0
80.0,97.0,6.006944444444445,3.263888888888889,224.0,7.054366005410033,7.269528199409876,6.671428571428572,15.25975958149677,16.85734990756024,11.596697178129139,12.187932397511979,126.92462037037036,58.69771826073767,37.395292642580486,16.0,30.0,31.0,332.0,816.0,44.885714285714286,1339.0,1339.0,133.0,480.0,213.0,37.40565978239009,19.041551680721884,2.511331546596787,2.111521120280521,1.0
160.0,206.0,11.076388888888886,5.631944444444445,480.0,12.581188225148363,13.21984913556639,11.792857142857146,28.432678232815324,31.817860534240932,21.624585471509956,23.30267280715781,252.43257407407407,117.79958481119888,78.18235821320961,36.0,68.0,67.0,1553.0,5185.0,114.13979076479076,6514.0,6781.0,440.0,3006.0,810.0,70.10231816931814,33.88630802305956,2.678182185779836,1.711556084534079,1.0
174.0,220.0,12.437499999999998,6.215277777777778,516.0,13.937030272804932,14.589712461876722,13.02619047619048,31.20171589591541,35.08722216537927,23.96468541455195,25.621239550769307,267.18257407407407,128.32205055424603,84.8326397530825,40.0,76.0,72.0,2199.0,8438.0,129.8983016983017,9153.0,9454.0,553.0,3955.0,993.0,77.14433327427909,37.1387894652053,2.6787014881382136,1.6356541031478655,1.0
192.0,239.0,14.048611111111109,7.131944444444444,560.0,15.830877122922285,16.48413965287664,14.826190476190483,35.02733309392639,39.28316415607784,26.902502339039323,28.584646451625364,294.55757407407407,141.52385789008858,92.71898927045517,44.0,82.0,78.0,3382.0,15608.0,150.43490896358543,14013.0,14414.0,739.0,5542.0,1265.0,86.4755313797008,42.07053227121971,2.678730338195011,1.5159182352332814,1.0
130.0,155.0,6.388888888888888,5.277777777777778,330.0,11.741514740667453,12.41854736354445,11.500000000000004,26.505772902065566,27.52467160255393,19.039512433698437,20.41203409982861,224.9375,93.42274026658228,56.34000953572016,18.0,20.0,46.0,1217.0,3973.0,90.90436507936508,5278.0,5701.0,352.0,2178.0,636.0,61.038458651197374,32.11901874888302,2.472263115858617,1.546249981787265,1.0
84.0,98.0,5.805555555555555,3.9444444444444446,210.0,8.236382105218448,8.446411408544868,8.000000000000002,17.5738393347173,18.473164879336615,12.784941202760693,13.37317418860033,148.3125,60.529505172110774,35.97932976072228,10.0,14.0,29.0,513.0,1484.0,51.78015873015873,2075.0,2085.0,179.0,668.0,277.0,41.49649928953962,22.19098418762605,2.39947083174647,1.9413473857604229,1.0
102.0,119.0,5.055555555555555,4.583333333333333,248.0,9.881341395361316,10.327017500080839,9.766666666666667,21.760972115601508,22.24624670721674,15.435028842544408,16.362171065825084,186.171875,72.86979564074923,42.33781523309452,10.0,10.0,34.0,779.0,2422.0,67.4623015873016,3294.0,3460.0,210.0,1290.0,409.0,49.74745094987577,26.595260640132306,2.429314874231334,1.6788440654899057,1.0
128.0,156.0,6.75,4.944444444444445,334.0,11.147867045540842,11.829873988246623,10.833333333333336,25.396035182486028,26.670308876734328,18.429864908434606,19.82540378958784,217.859375,92.21139329345718,56.64495102245979,16.0,22.0,47.0,1035.0,3138.0,87.30793650793652,4500.0,4872.0,328.0,1786.0,579.0,59.081815989132096,30.304370154476775,2.5173235620627166,1.611729836042809,1.0
154.0,181.0,8.86111111111111,6.305555555555555,394.0,14.008040390846983,14.696658980318645,13.566666666666672,31.140835968950086,32.94873377207152,22.862775624334827,24.254204205554377,254.453125,111.35012435691714,67.81871820033923,24.0,32.0,55.0,2715.0,14072.0,108.67940890808538,11747.0,12689.0,477.0,4049.0,933.0,72.97028074596714,37.63330490062456,2.4544623562890804,1.1510200992361834,1.0
158.0,189.0,9.11111111111111,6.833333333333334,402.0,14.638891550634943,15.284171673851345,14.300000000000002,32.35098277945623,33.68723339843289,23.201272891777954,24.74892113854628,279.71875,113.59126014674841,68.46899974021211,22.0,24.0,56.0,2774.0,13533.0,116.87581585081585,11842.0,12608.0,536.0,4269.0,996.0,75.29106744760831,39.76620567688256,2.485595923723092,1.2513818169377544,1.0
92.0,114.0,6.756944444444445,4.319444444444445,248.0,8.701072483243493,8.865722380524033,8.423809523809524,18.48526690862468,19.55215449570202,13.319149857309771,14.08362065499152,168.23762499999998,66.5322743865553,40.88062072579764,16.0,20.0,34.0,572.0,1601.0,57.03571428571428,2258.0,2202.0,222.0,707.0,314.0,45.8045757916928,23.19742141195785,2.6297679683277377,2.111439424290749,1.0
158.0,186.0,9.11111111111111,6.638888888888888,402.0,14.546045193307767,15.22122284500823,14.133333333333338,32.19741550386098,33.87531413163175,23.460492605780196,24.89904436279894,267.078125,114.02946594971252,69.054786177839,24.0,30.0,56.0,2983.0,15894.0,114.10839272956146,12812.0,13728.0,492.0,4485.0,996.0,75.26023806355823,39.13906237142561,2.4938061256951185,1.163353208384207,1.0
144.0,167.0,6.777777777777777,6.277777777777777,350.0,13.809663088089318,14.49955630785495,13.633333333333336,30.62357616914369,31.40214925229514,21.867939558444625,23.167748072406905,256.9375,102.99743546066003,59.945514102205536,14.0,16.0,48.0,2220.0,9849.0,105.71284548784548,9646.0,10468.0,508.0,3282.0,876.0,70.03015793473614,37.65318367376285,2.4176564167299746,1.2922571037913357,1.0
64.0,73.0,3.5833333333333335,2.9722222222222223,154.0,6.377010097711745,6.605350962927559,6.266666666666667,13.785208992237523,14.237183443017884,9.928004507313085,10.388234088313768,114.15625,45.86875400948624,26.50062109610321,6.0,8.0,21.0,240.0,583.0,34.892857142857146,1002.0,1042.0,92.0,426.0,170.0,31.83672939563384,17.150521478676232,2.3265270743081565,1.88483105006042,1.0
62.0,67.0,5.333333333333333,3.4166666666666665,148.0,6.757550155273627,6.732409302378916,6.533333333333334,13.590010663854736,14.440986691216157,10.008884736352847,10.17990101705731,107.375,44.964105193118435,26.131184507117606,12.0,14.0,20.0,349.0,1061.0,35.97222222222222,1334.0,1264.0,98.0,469.0,176.0,32.59253570441227,17.54458775454234,2.22084039110913,2.1171644298040766,1.0
106.0,127.0,6.277777777777779,4.472222222222221,272.0,9.702708600407234,10.143514081008565,9.433333333333334,21.493022923170383,22.555647783975243,15.572928212987003,16.580950665307437,183.703125,76.36592383633979,46.33781523309452,14.0,18.0,38.0,799.0,2587.0,67.3873015873016,3386.0,3573.0,224.0,1258.0,419.0,50.302971074517785,26.280625254685468,2.4969319422685605,1.6279502140518671,1.0
116.0,139.0,6.868055555555555,4.888888888888888,306.0,10.632664267394897,11.072203680873656,10.304761904761905,23.341956314418642,24.729872257819032,17.09463280502363,18.089156222855408,196.55425,84.00553804024251,51.33684204711369,18.0,28.0,42.0,960.0,2960.0,79.23214285714286,4012.0,4168.0,336.0,1632.0,532.0,55.016483508046406,28.662091206754,2.526687019508089,1.7989843618044228,1.0
140.0,169.0,5.138888888888888,5.388888888888889,352.0,12.382142733160752,13.30223178931873,12.266666666666671,28.717142559585792,29.2886901662352,20.303896081810475,21.99790408588487,248.953125,99.9751925395542,59.58922293245895,14.0,14.0,49.0,1562.0,6266.0,93.30225885225886,7122.0,8107.0,368.0,2616.0,721.0,65.02835814529384,34.38827527080736,2.485045339502971,1.1799217928503423,1.0
122.0,151.0,6.340277777777778,4.375,336.0,10.076335393264646,10.755485253873402,9.704761904761908,23.232101354618496,24.86761517845825,17.10372151336046,18.49409555118502,198.9402453703704,88.6224914914005,56.11226358732499,22.0,34.0,47.0,822.0,2464.0,76.81904761904762,3620.0,3968.0,228.0,1880.0,520.0,54.68873561362551,27.676013865613637,2.555162899788824,1.5709272499543911,1.0
86.0,99.0,8.708333333333334,3.7083333333333335,256.0,7.710161191580324,7.688519255099377,7.038095238095239,15.667982603356231,18.559951149059362,12.702521433551231,12.96775233086641,116.8841111111111,64.75925792645879,43.05642100380537,28.0,58.0,35.0,468.0,1208.0,53.121428571428574,1727.0,1571.0,191.0,640.0,266.0,40.7758045114923,18.908365526088208,2.4858098293709476,2.9498764614177384,1.0
74.0,84.0,4.694444444444445,3.444444444444444,182.0,7.292024997884274,7.510520919153112,7.100000000000001,15.626997519385945,16.400947245595994,11.382658184206061,11.90075077922344,126.765625,53.40465630294811,31.60989317173668,12.0,14.0,25.0,386.0,1117.0,42.11944444444445,1585.0,1619.0,119.0,535.0,213.0,36.696550115331775,19.3860664870311,2.3500874577114104,1.7794400366581633,1.0
98.0,114.0,4.805555555555555,4.25,240.0,9.343336592900531,9.802453635391254,9.200000000000001,20.704392580690605,21.31966634765651,14.837311861099039,15.71733090858052,173.546875,70.19045404795386,41.101747255594745,10.0,12.0,33.0,650.0,1864.0,63.439682539682536,2789.0,2983.0,207.0,1288.0,398.0,47.45438614919786,25.177625721381062,2.402538783835944,1.714638814742606,1.0
138.0,162.0,9.249999999999998,6.13888888888889,352.0,13.028407103102722,13.45693232769798,12.600000000000003,28.200836854103233,29.874112124932598,20.632065481034005,21.73839106189102,235.078125,99.79202585132795,60.51815512059346,22.0,28.0,49.0,2008.0,8729.0,100.13903873903874,8358.0,8672.0,462.0,2763.0,766.0,66.69157600182437,34.902835218589274,2.4185656430407056,1.5140481033706727,1.0
120.0,142.0,7.638888888888888,5.194444444444445,308.0,11.117723500579764,11.54868403723412,10.76666666666667,24.3348114503188,25.719411586553353,17.73468867106652,18.800574137403657,204.3125,86.7302532545479,52.86130087110108,20.0,24.0,43.0,1111.0,3644.0,83.93059163059164,4607.0,4750.0,317.0,1846.0,553.0,57.24626134492533,29.792645401260025,2.4601067398381877,1.7554478149706831,1.0
178.0,227.0,8.034722222222221,6.402777777777778,484.0,14.63019551377093,15.738220348927626,14.290476190476191,34.304041406151164,35.75050049979888,24.499607468916413,26.853100080856663,311.956375,128.00795179239032,79.98236798139237,24.0,30.0,68.0,2168.0,8065.0,131.2788961038961,9726.0,10859.0,570.0,4402.0,1081.0,79.28633556978428,40.81950095394679,2.7116241153048772,1.3113591878381636,1.0
108.0,123.0,5.916666666666667,4.611111111111111,268.0,10.203509938206668,10.669238627463278,9.933333333333337,22.449193367154674,23.598091242993704,16.441795452253075,17.31770419980087,178.140625,78.01547661242904,46.6186601839818,18.0,22.0,37.0,1069.0,4249.0,68.43116883116883,4611.0,4962.0,229.0,1488.0,442.0,52.2115006156731,27.350765860409034,2.336214213720682,1.3545369704069357,1.0
130.0,170.0,5.451388888888889,4.430555555555555,362.0,10.253185416059184,11.132869386000067,10.023809523809524,24.518832413913636,25.51331705678101,17.40003008634953,19.2932931172891,229.80012499999998,93.45290628188881,59.13860113478157,18.0,22.0,51.0,723.0,1875.0,81.58214285714286,3280.0,3693.0,234.0,1765.0,516.0,56.587312311661904,28.55558154876144,2.7003595692532416,1.629299178698391,1.0
108.0,127.0,7.756944444444445,5.125,280.0,10.608226125916318,10.80277355168092,10.257142857142858,22.33169963302943,23.74023522890088,16.406796696058198,17.062171003990372,187.59699999999998,78.28418868850414,47.12326141291693,18.0,26.0,38.0,944.0,2796.0,78.12976190476192,3746.0,3691.0,366.0,1286.0,494.0,53.28919184691247,28.069701159796637,2.499259549623355,2.267442468753065,1.0
134.0,154.0,8.027777777777777,6.194444444444444,328.0,13.185871848001627,13.629692981544618,12.9,28.452614717396923,29.596889236294558,20.56311579581271,21.55628810998196,236.3125,96.30494844862564,56.46680543758646,16.0,20.0,45.0,2030.0,8900.0,99.21412198912199,8491.0,8859.0,467.0,3010.0,794.0,66.1567809963233,35.26292122775838,2.4092933770810028,1.5011131896599392,1.0
128.0,155.0,6.75,4.916666666666667,334.0,11.131030293135234,11.816052888782677,10.8,25.355626976712564,26.71155032905364,18.470305022954488,19.85099376595653,214.46875,92.3514280325197,56.87444629034009,18.0,24.0,47.0,1049.0,3221.0,86.76309523809525,4573.0,4964.0,331.0,1759.0,567.0,59.06865868598278,30.42816827614934,2.4912727913156587,1.5821566149465953,1.0
122.0,146.0,5.888888888888889,4.694444444444444,314.0,10.703509938206668,11.393983498854867,10.433333333333335,24.44919336715467,25.598091242993704,17.734688671066525,19.060087161397497,204.3125,87.91497154904071,53.68972799584729,18.0,22.0,44.0,958.0,2983.0,80.43373015873017,4205.0,4598.0,281.0,1662.0,524.0,56.55730545060498,29.211101601570654,2.4857829751408094,1.5368999615126009,1.0
140.0,164.0,6.527777777777778,6.1111111111111125,342.0,13.3476678905501,14.024120172544535,13.200000000000003,29.680155704054584,30.328729611855366,21.0514429775169,22.398374667278375,253.5625,100.01992280396307,58.35315495495912,14.0,14.0,47.0,1980.0,8510.0,101.66311188811189,8563.0,9230.0,459.0,3053.0,803.0,67.6636420519554,36.24686405068356,2.4482159715520098,1.3068664081705372,1.0
40.0,43.0,3.4722222222222223,2.111111111111111,96.0,4.304530452640312,4.302675481463779,4.133333333333333,8.691642601795419,9.35064252907782,6.542300515641405,6.608330606529979,66.140625,29.09200705736878,16.957417329238147,6.0,10.0,13.0,88.0,176.0,19.15,335.0,315.0,35.0,142.0,66.0,20.971923394025087,11.18995723015805,2.193993277712658,2.2283621149350434,1.0
130.0,160.0,6.840277777777777,4.902777777777777,352.0,11.092190711310144,11.764166741454863,10.723809523809527,25.247461871240265,26.823920140238656,18.487676925097958,19.895066875672658,214.98762499999998,94.2159118273868,58.94731013066924,24.0,32.0,49.0,975.0,2755.0,89.40833333333333,4208.0,4518.0,352.0,1649.0,572.0,59.33183542244679,30.182507066235335,2.602763870241451,1.7309642602113247,1.0
140.0,179.0,6.041666666666666,4.743055555555555,396.0,11.122758571928234,12.017286934930542,10.78809523809524,26.251694033998184,27.83423498363863,19.061357826208045,20.883724317083722,235.13758333333334,101.47555355309676,64.67945959478101,24.0,38.0,55.0,997.0,2966.0,90.15952380952382,4516.0,5096.0,296.0,2265.0,636.0,62.63604488454419,30.857935061815173,2.670756723754029,1.5145756626248932,1.0
124.0,149.0,8.340277777777777,4.944444444444444,338.0,10.908720733802742,11.361058062873488,10.404761904761907,24.015930025481055,26.149793366578706,18.038696602366198,19.066222556261692,200.07624074074076,90.51857993240668,56.898636244149614,22.0,40.0,47.0,1078.0,3423.0,85.2579365079365,4441.0,4537.0,333.0,1948.0,576.0,57.72462750467129,28.996520783110014,2.5664686269650745,1.8229885179778489,1.0
148.0,176.0,7.999999999999999,6.305555555555556,374.0,13.690203145651198,14.351359518697897,13.400000000000002,30.4283778407609,31.60595250049341,21.82749944392474,23.28758440037399,260.328125,106.33542733141152,63.81871820033922,20.0,22.0,52.0,2299.0,10767.0,105.74985153735153,9918.0,10674.0,466.0,3566.0,872.0,70.49799065746011,37.32621629816832,2.4854283316191528,1.244190704913008,1.0
134.0,160.0,6.638888888888888,5.555555555555555,338.0,12.25835149307306,12.932368463008396,12.033333333333335,27.546181107839026,28.483430150234618,19.7061791003651,21.09355090464646,236.328125,96.11113265226597,57.52472783021297,16.0,18.0,47.0,1444.0,5138.0,94.0286075036075,6256.0,6754.0,420.0,2640.0,726.0,63.34645401471874,33.52978570137276,2.490077131627687,1.454283012481034,1.0
50.0,53.0,4.583333333333334,2.5,124.0,5.181540550352056,5.183281572999748,4.9,10.476851594032944,11.587825972095702,8.10634399227556,8.183113921381638,74.125,36.77699488278145,22.24483498974493,12.0,18.0,17.0,166.0,408.0,25.652380952380952,629.0,589.0,53.0,250.0,104.0,25.734574673025897,13.221782261237909,2.219936220708825,2.1712966618489173,1.0
56.0,67.0,5.895833333333334,2.4722222222222223,166.0,5.009854461667316,4.982735095054222,4.585714285714286,10.196042551823565,11.927065827718723,8.122772829015044,8.359004529671656,81.10062037037036,41.881111143324304,27.82302882279292,16.0,32.0,23.0,138.0,274.0,27.566666666666663,500.0,442.0,60.0,162.0,94.0,26.540058669068397,13.076908379430167,2.457190145463022,2.7329984932100997,1.0
166.0,215.0,11.9375,5.840277777777778,500.0,13.001908528803392,13.636778913611712,12.145238095238097,29.325433810741757,32.94288459808187,22.379472495619037,24.105927150200085,261.6315740740741,122.26685066708545,81.44748624363196,38.0,70.0,70.0,1691.0,5673.0,121.05566378066378,7058.0,7310.0,482.0,3234.0,868.0,72.62005081449936,35.21032525330106,2.6952647392386697,1.7422725462475577,1.0
54.0,58.0,4.833333333333334,2.833333333333333,132.0,5.719545352812841,5.707845437689332,5.466666666666667,11.53343112894384,12.51440633165593,8.70406097372093,8.8279540786262,86.75,39.45633647557685,23.48090296724472,12.0,16.0,18.0,216.0,570.0,29.070238095238096,820.0,770.0,68.0,312.0,126.0,28.023767145882843,14.920255163732797,2.227131462263421,2.1680936223289127,1.0
76.0,88.0,5.305555555555555,3.333333333333334,194.0,7.181540550352057,7.4080264443913375,6.900000000000001,15.476851594032947,16.587825972095704,11.520557554648656,12.046817226537911,124.296875,55.16177119363168,33.55854348872969,12.0,18.0,27.0,344.0,868.0,43.90238095238095,1392.0,1394.0,122.0,616.0,226.0,36.83424503894186,19.08065278397541,2.411205754597762,2.021521813146882,1.0
90.0,105.0,6.666666666666666,4.166666666666667,230.0,8.65139700539098,8.851581364770423,8.333333333333336,18.415627861865715,19.63692868191472,13.532488098467121,14.178584098323453,152.921875,65.23698034082645,39.67438827398266,16.0,20.0,32.0,632.0,2022.0,55.64047619047619,2527.0,2500.0,181.0,865.0,309.0,43.993711457919076,22.531119151455062,2.450609054134827,1.8660883853866523,1.0
82.0,91.0,5.194444444444445,3.8611111111111107,198.0,8.25402019542349,8.485957054463528,8.033333333333333,17.570417984475046,18.47436688603576,12.906261546320335,13.377230965538523,138.140625,59.210596084391284,34.61646588135618,12.0,16.0,27.0,606.0,2153.0,49.08935786435786,2482.0,2520.0,142.0,950.0,292.0,41.158794546389274,21.883365417475,2.3469548165184153,1.6213921160396292,1.0
50.0,57.0,2.2222222222222223,2.2777777777777777,118.0,4.9663264951887856,5.197102672463695,4.933333333333334,10.919183588453084,11.082482904638631,7.737734478532144,8.157523945012946,91.390625,35.635408537452385,20.257980408983922,4.0,4.0,16.0,107.0,206.0,24.03333333333333,462.0,497.0,32.0,166.0,76.0,24.842904137739957,13.363517381346973,2.3102768457316936,1.953023707467074,1.0
138.0,163.0,6.888888888888888,5.777777777777778,346.0,12.741514740667455,13.41854736354445,12.500000000000002,28.505772902065566,29.52467160255393,20.45372599607153,21.826247662201702,240.9375,99.07959451607466,59.16843666046634,18.0,20.0,48.0,1719.0,6820.0,97.2955377955378,7440.0,8027.0,446.0,3016.0,782.0,65.61575177913284,34.8444853739184,2.4877849508247754,1.3620312919602133,1.0
144.0,170.0,7.749999999999999,5.944444444444445,366.0,13.135361590784806,13.812974554544367,12.800000000000002,29.331390100076543,30.720613593252494,21.270222576999256,22.668334219498117,244.3125,103.79612047767867,62.81214549071973,22.0,26.0,51.0,1848.0,7243.0,103.85863303363303,7952.0,8528.0,496.0,3210.0,840.0,68.10865911796208,35.732870249182795,2.4929441305178557,1.4105357187914174,1.0
102.0,117.0,5.055555555555555,4.472222222222221,248.0,9.826499840494924,10.288632535927308,9.666666666666668,21.663984374917153,22.360907799975823,15.584858756805467,16.450027666135764,178.15625,73.15891591176253,42.74545608584812,12.0,14.0,34.0,896.0,3293.0,64.28427128427128,3862.0,4155.0,234.0,1291.0,423.0,49.82698230544728,26.644586560321184,2.3715457600996848,1.4320374244326222,1.0
82.0,92.0,5.194444444444445,3.8888888888888884,198.0,8.270856947829097,8.499778153927474,8.066666666666666,17.610826190248506,18.433125433716448,12.865821431800455,13.35164098916983,141.53125,59.07056134532879,34.38697061347588,10.0,14.0,27.0,510.0,1437.0,51.40119047619048,2078.0,2106.0,192.0,762.0,294.0,41.16816780508088,22.082853135339516,2.3429230827771717,1.9455894344710591,1.0
72.0,83.0,7.347222222222221,2.895833333333333,220.0,6.249018565639892,6.256440223102123,5.635714285714286,12.774952310848313,15.497546414099729,10.647133947032902,10.803870025245947,96.0138148148148,54.5137193890974,36.620890997328615,22.0,54.0,30.0,287.0,712.0,39.26190476190476,1070.0,984.0,114.0,407.0,176.0,33.711319587118325,15.692806505175108,2.4333526779733448,2.645740668899868,1.0
70.0,81.0,4.444444444444445,3.1666666666666665,174.0,6.787693700234705,7.013599253391421,6.6000000000000005,14.651234396021964,15.391883981397136,10.70406097372093,11.204730669241494,120.921875,50.445245232027716,29.914834658476305,8.0,12.0,24.0,291.0,728.0,39.269047619047626,1200.0,1231.0,110.0,508.0,198.0,34.33993035790453,18.36884694394101,2.360849415104415,1.933476046412383,1.0
42.0,44.0,3.111111111111111,2.5,92.0,4.931851652578137,4.918991055689499,4.866666666666666,9.882196732921877,10.122522350258794,7.071067811865477,7.143780964033362,80.0,30.0232845523689,16.19348530673794,4.0,4.0,12.0,133.0,323.0,21.642857142857142,512.0,488.0,44.0,196.0,84.0,23.038420907695826,12.932143397034864,2.154341309122883,2.017237221657055,1.0
48.0,51.0,3.9722222222222223,2.666666666666667,112.0,5.32569850269549,5.313418246689416,5.166666666666667,10.707813930932858,11.318464340957362,7.8875643927932035,7.985867521329781,83.375,34.73981051397287,19.83719413699133,8.0,10.0,15.0,168.0,413.0,25.376190476190473,643.0,609.0,59.0,240.0,104.0,25.530866287621315,13.79648638143313,2.1866992140052552,2.1324849608098977,1.0
148.0,182.0,6.090277777777779,5.583333333333332,390.0,12.760786805132156,13.663733544337267,12.53809523809524,29.488680889529387,30.544195538018467,21.078053778140664,22.846126038045472,257.194875,106.38535818455513,64.9958905992317,20.0,26.0,54.0,1591.0,5956.0,102.5458263958264,7126.0,7956.0,386.0,3405.0,828.0,67.62157229749805,35.49251802306725,2.6121506179063068,1.3186419817385624,1.0
116.0,140.0,5.027777777777779,4.555555555555555,294.0,10.326499840494925,11.013377407318897,10.166666666666668,23.663984374917145,24.360907799975823,16.877751975618917,18.19241062773239,204.328125,83.05841084837422,49.816523897713594,12.0,14.0,41.0,832.0,2475.0,75.4234126984127,3676.0,4046.0,280.0,1742.0,522.0,54.00545588740009,28.53665497934495,2.506126256009855,1.5576341635421942,1.0
134.0,155.0,7.506944444444445,6.25,334.0,13.243148714927115,13.674698155635431,13.004761904761908,28.49210223977164,29.54299353131932,20.492267340513763,21.478623681473664,239.023,96.39055877328987,56.45925954198614,18.0,24.0,45.0,2138.0,9998.0,97.83630258630258,8977.0,9407.0,439.0,3116.0,794.0,66.18841510614506,35.617646718419714,2.4723890606629406,1.4227008370436351,1.0
114.0,135.0,6.777777777777778,4.972222222222222,288.0,10.702708600407234,11.143514081008565,10.433333333333335,23.493022923170383,24.555647783975243,16.987141775360097,17.995164227680537,199.703125,82.02277808583219,49.1662423578407,14.0,18.0,40.0,953.0,2919.0,79.36309523809524,3975.0,4123.0,293.0,1564.0,506.0,54.75364363766727,28.601232210604458,2.466180629086921,1.8036094828841804,1.0
170.0,202.0,10.312499999999996,7.027777777777779,448.0,15.396215279046704,16.068903500562822,14.871428571428574,33.95128494307158,36.20009808309687,25.00037461449047,26.479963072514785,284.70124074074073,123.31651055222456,75.7937527737674,28.0,44.0,62.0,3096.0,14410.0,130.48777056277055,13042.0,13681.0,694.0,5099.0,1160.0,80.19709041975717,41.359988747466105,2.51018073205242,1.3684472369664098,1.0
104.0,124.0,5.145833333333334,4.5,266.0,9.815515146567618,10.264388587527389,9.657142857142858,21.64800533851199,22.404813270203476,15.530439138246006,16.442920823114505,187.84237037037036,74.69753877535587,44.20362443986782,12.0,18.0,36.0,730.0,2083.0,68.93928571428572,3110.0,3304.0,294.0,1189.0,444.0,50.01872991755419,27.178062567309837,2.4902755546764777,1.7908763705844475,1.0
118.0,138.0,4.666666666666666,4.805555555555555,290.0,10.88214273316075,11.577486917927141,10.76666666666667,24.717142559585795,25.288690166235202,17.59678930062393,18.841307561915144,206.78125,84.41884335345011,49.689727995847264,14.0,14.0,40.0,1194.0,4863.0,74.66095293595293,5367.0,6026.0,253.0,2015.0,549.0,56.12296612738187,29.996698774539453,2.382550314396666,1.204726625842317,1.0
116.0,140.0,5.027777777777779,4.555555555555555,294.0,10.326499840494925,11.013377407318897,10.16666666666667,23.663984374917145,24.360907799975823,16.877751975618917,18.19241062773239,204.328125,83.05841084837422,49.816523897713594,12.0,14.0,41.0,819.0,2394.0,75.89325396825399,3622.0,3991.0,274.0,1404.0,477.0,54.071860448229515,28.40868988160032,2.491776633217316,1.57834183498775,1.0
108.0,126.0,5.916666666666667,4.694444444444444,268.0,10.25402019542349,10.710701925855117,10.033333333333335,22.570417984475046,23.474366886035767,16.320475108693433,17.24093427069479,188.3125,77.59537239524153,45.930174380340915,12.0,16.0,37.0,882.0,2780.0,72.70873015873016,3706.0,3867.0,266.0,1385.0,452.0,52.24060178230147,27.545010834223568,2.447633478289314,1.704346993137124,1.0
168.0,212.0,11.576388888888888,6.020833333333332,496.0,13.52634667028197,14.181464171412859,12.692857142857147,30.335690492130965,33.93252162700002,23.18862894814411,24.804742969841577,260.41694907407407,123.74555933170454,81.41842619070941,38.0,72.0,69.0,2039.0,7823.0,122.8863247863248,8532.0,8859.0,508.0,3658.0,930.0,74.64039452766673,36.25936101984627,2.6712042003528764,1.6019155608319786,1.0
186.0,231.0,13.187499999999998,6.9375,540.0,15.420193520399325,16.075891362412776,14.492857142857149,34.16130769014195,38.128463617698586,26.126445872631475,27.76814987069764,287.79194907407407,136.9473666675471,89.3047757080821,42.0,78.0,75.0,3169.0,14614.0,143.11981849849496,13188.0,13623.0,690.0,5168.0,1194.0,83.97159263308846,41.19109991038378,2.6712374948839925,1.4844963654378687,1.0
180.0,227.0,12.326388888888888,6.979166666666666,520.0,15.125011644522576,15.744413000255975,14.359523809523814,33.477888110205996,36.73042233011989,25.04164086936468,26.775940089148556,294.67157870370374,131.83842635612785,85.23098539075069,38.0,66.0,72.0,2622.0,10369.0,141.67919302919302,10867.0,11176.0,667.0,4526.0,1125.0,81.51059508143987,40.520256618335985,2.6819471258612766,1.6490201965633924,1.0
102.0,122.0,6.027777777777778,4.138888888888888,264.0,9.164703797946448,9.61895021631898,8.866666666666667,20.436443388259487,21.629067424415016,14.975211231541634,15.936110508062882,171.078125,73.6865822435444,45.10174725559473,14.0,20.0,37.0,630.0,1748.0,64.51904761904763,2668.0,2811.0,210.0,964.0,361.0,47.99577195303928,24.733306551872413,2.488045818514202,1.79190973636108,1.0
150.0,173.0,9.999999999999998,6.861111111111111,376.0,14.511570350697118,14.943111228234034,14.066666666666672,31.160428648329773,32.915353577251906,22.79382593911353,23.885301381819357,255.6875,108.41734196462905,64.99029107559305,24.0,30.0,52.0,3028.0,16180.0,111.66098509333804,12614.0,13114.0,530.0,4363.0,974.0,73.4313129180466,38.827960670377486,2.354279234054952,1.3404024889063935,1.0
216.0,279.0,15.062499999999998,7.388888888888889,662.0,16.659322039902946,17.51261304517786,15.51428571428572,37.682991945438545,42.69709026298215,28.985807098224104,31.21369351703472,332.3780277777778,159.7461236097115,107.24807443210044,54.0,104.0,92.0,3413.0,13682.0,174.18371350871348,14336.0,14955.0,882.0,6039.0,1461.0,93.84193354870844,45.13610976706883,2.7632988209023326,1.5521936094785915,1.0
88.0,101.0,6.055555555555555,4.166666666666667,218.0,8.71954535281284,8.932590309080922,8.466666666666667,18.53343112894384,19.51440633165593,13.532488098467121,14.105870946155571,152.921875,63.49796703591946,37.62303859097567,12.0,16.0,30.0,646.0,2123.0,55.00241702741704,2606.0,2608.0,180.0,854.0,312.0,43.76933169677662,23.271937258360335,2.4072299915838795,1.8296730981529323,1.0
106.0,126.0,6.277777777777778,4.388888888888888,272.0,9.66470379794645,10.11895021631898,9.366666666666669,21.436443388259484,22.62906742441502,15.682318012728182,16.643217289249424,179.078125,76.51500936829063,46.51596081796783,14.0,20.0,38.0,744.0,2176.0,68.66904761904763,3126.0,3258.0,246.0,1403.0,438.0,50.20229996649589,26.046476914462904,2.4815376421990925,1.7596405216728224,1.0
92.0,106.0,6.305555555555555,4.444444444444445,226.0,9.236382105218448,9.446411408544868,9.000000000000002,19.5738393347173,20.473164879336615,14.19915476513379,14.787387750973425,164.3125,66.18635942160316,38.807756885468464,10.0,14.0,31.0,731.0,2394.0,59.87979797979798,2943.0,2943.0,229.0,908.0,349.0,46.05589769330993,24.701048297960703,2.401789513589677,1.8891761333287516,1.0
120.0,138.0,9.479166666666664,5.416666666666666,320.0,11.362721870796165,11.571186624279523,10.81904761904762,23.93934577669206,26.242591114617312,18.080885296820252,18.76174192314951,194.4819861111111,87.92930093174964,54.52258023656593,24.0,44.0,44.0,1426.0,5527.0,83.77958152958152,5684.0,5638.0,362.0,1802.0,564.0,58.32687268171048,29.65448119420312,2.40248747841453,1.8916119803134102,1.0
104.0,122.0,5.666666666666667,4.444444444444444,260.0,9.75402019542349,10.210701925855117,9.533333333333335,21.570417984475046,22.474366886035767,15.613368327506885,16.533827489508248,180.3125,74.76694527049534,44.51596081796782,12.0,16.0,36.0,789.0,2482.0,67.20634920634922,3324.0,3474.0,240.0,1448.0,438.0,49.97937693090417,26.15038102326422,2.474850585341381,1.663426326378973,1.0
58.0,70.0,5.534722222222222,2.916666666666667,162.0,5.669867732056247,5.621553256325349,5.371428571428572,11.442365405345248,12.614009158360794,8.58084186008364,8.855622672920894,98.398,42.60891998575585,26.83622095101051,14.0,22.0,22.0,175.0,359.0,31.4,644.0,582.0,84.0,266.0,126.0,28.53323549131553,14.463412754468134,2.427984043589976,2.7716331600918833,1.0
88.0,101.0,6.055555555555555,4.166666666666666,218.0,8.71954535281284,8.932590309080922,8.466666666666669,18.533431128943835,19.514406331655927,13.532488098467121,14.105870946155571,152.921875,63.49796703591947,37.62303859097567,12.0,16.0,30.0,612.0,1860.0,55.75476190476191,2480.0,2500.0,198.0,811.0,312.0,43.76286801579832,23.043961699069918,2.365093435181798,1.914448011641708,1.0
132.0,162.0,4.638888888888889,4.916666666666666,336.0,11.398979485566358,12.316052888782677,11.300000000000002,26.75755076535925,27.247448713915883,18.849242404917497,20.558100547143077,236.34375,94.17830355099927,56.53130053983246,12.0,12.0,47.0,1006.0,2946.0,88.85,4602.0,5253.0,358.0,1957.0,626.0,60.31404350265181,32.09563000571411,2.519427693922709,1.4710609784831008,1.0
96.0,111.0,7.527777777777777,4.194444444444445,250.0,8.986071002992368,9.210701925855117,8.533333333333335,19.168494195828362,20.93846850117352,14.527324164357323,15.119613927135152,150.4375,70.11164262726952,43.44489300610237,18.0,28.0,35.0,744.0,2485.0,59.913492063492065,3017.0,3047.0,215.0,957.0,349.0,46.47536318806433,23.71766004052871,2.3591951190398115,1.8149790196642102,1.0
108.0,131.0,6.888888888888889,4.361111111111111,284.0,9.592224152875016,10.04101960624679,9.233333333333334,21.34287699781738,22.742526510474953,15.710827583429596,16.72701711262191,181.234375,78.12303872702338,48.28646555008754,14.0,22.0,40.0,698.0,1913.0,70.6857142857143,2930.0,3058.0,244.0,1050.0,400.0,50.506077818124055,25.738454110490768,2.5103005691008566,1.8745270213586798,1.0
114.0,131.0,5.805555555555555,5.333333333333334,272.0,11.381341395361316,11.827017500080839,11.266666666666667,24.760972115601504,25.246246707216738,17.556349186104047,18.483491409384726,210.171875,81.35507701498783,46.58045592021381,10.0,10.0,37.0,1166.0,3929.0,80.94960317460317,4905.0,5143.0,381.0,1748.0,582.0,56.60173602979252,30.745451706831428,2.378905156973274,1.6534354264141977,1.0
108.0,127.0,8.277777777777779,5.222222222222222,274.0,10.61692216278033,10.798214619387817,10.266666666666667,22.378641006334508,23.676968127534888,16.28003499417355,17.028544422500147,191.703125,78.0096326665932,46.923601670721425,16.0,20.0,38.0,1080.0,3788.0,74.76825396825397,4322.0,4304.0,308.0,1372.0,472.0,53.352062864962406,27.967950499161958,2.413017227647442,1.9367830228016492,1.0
146.0,175.0,7.840277777777779,5.861111111111111,384.0,13.070516776351218,13.755485253873406,12.704761904761908,29.243471012138723,30.88163374213951,21.355450908816568,22.736736238304296,249.32624074074076,105.54726278672881,64.44184001101466,20.0,34.0,53.0,2112.0,9867.0,100.56616161616162,9225.0,10063.0,415.0,3105.0,797.0,68.46002680066859,35.8004312826824,2.552063878800816,1.208635934270481,1.0
140.0,168.0,7.499999999999999,5.75,358.0,12.669035095596021,13.340616753472261,12.366666666666669,28.412206511623463,29.63813068861387,20.482235566772946,21.91004748557419,243.09375,100.68762387480744,60.93894139258606,18.0,22.0,50.0,1470.0,4873.0,103.25281385281384,6283.0,6685.0,411.0,2589.0,745.0,65.83230661972247,34.25017602025072,2.5062789048366527,1.6098184135828066,1.0
80.0,90.0,6.006944444444443,3.0694444444444438,224.0,6.938471607291,7.1830597269272225,6.466666666666668,15.026997519385947,17.15094724559599,11.859414051999734,12.342366755126347,109.8767361111111,59.524759783062315,38.52953014478577,22.0,44.0,31.0,369.0,1029.0,43.275,1495.0,1497.0,101.0,551.0,209.0,37.32742588625635,17.78864851059616,2.405756359921102,1.870766804658996,1.0
34.0,36.0,5.423611111111111,1.875,104.0,3.5040358447538855,3.257990223662632,3.0857142857142854,6.207412209343791,7.941084391399991,5.424754756165328,5.202408005701931,41.31474074074073,26.27897050407145,17.76782893563237,14.0,32.0,14.0,62.0,111.0,15.500000000000002,192.0,143.0,36.0,62.0,42.0,17.6258375346996,8.37513065120551,2.2215832939527678,3.708324167474306,1.0
102.0,118.0,7.416666666666667,5.0,254.0,10.189401807851764,10.376145229460006,9.9,21.472207396776614,22.563509041474955,15.544418642285587,16.23763781794111,181.546875,73.57317618311421,43.73888337622863,16.0,18.0,35.0,985.0,3519.0,68.91197691197692,3975.0,3993.0,255.0,1326.0,429.0,50.8352601372378,27.123206632896537,2.3942356531280695,1.856452605931682,1.0
54.0,65.0,3.4444444444444446,2.1666666666666665,142.0,4.787693700234704,5.013599253391421,4.6,10.651234396021962,11.391883981397134,7.875633848974739,8.376303544495302,88.921875,39.13153673304294,24.257980408983922,8.0,12.0,20.0,103.0,191.0,24.499999999999996,428.0,439.0,42.0,141.0,78.0,25.398696829348584,12.869663804824842,2.4395346796976862,2.112704047936232,1.0
144.0,166.0,6.777777777777777,6.25,350.0,13.79282633568371,14.485735208391004,13.600000000000001,30.583167963370233,31.443390704614455,21.908379672964504,23.193338048775598,253.546875,103.1374701997225,60.17500937008582,16.0,18.0,48.0,2257.0,10220.0,105.29331501831501,9790.0,10603.0,508.0,3550.0,906.0,69.93863728748069,37.433133771035834,2.405818293423124,1.2675760008589094,1.0
86.0,99.0,6.416666666666666,3.75,222.0,8.075387400469408,8.302453635391254,7.7,17.302468792043925,18.783767962794265,13.04416091676293,13.596010565020881,135.671875,62.70672427998185,38.61646588135618,16.0,24.0,31.0,537.0,1649.0,51.22579365079365,2171.0,2181.0,161.0,739.0,277.0,41.68983984710371,21.084718571749885,2.3642717120635584,1.840793313010613,1.0
152.0,176.0,8.25,6.333333333333334,382.0,14.080520035918413,14.774589590390837,13.700000000000003,31.23440235939219,32.83527468601158,22.834266053633407,24.170404382181886,252.296875,109.74209499818434,66.0482134682195,24.0,30.0,53.0,2775.0,14733.0,107.36363522098816,12068.0,13099.0,442.0,4010.0,912.0,72.73257945630246,38.054339647791124,2.4275524392955665,1.1283315419757582,1.0
104.0,117.0,7.506944444444445,4.694444444444445,272.0,10.003349863289461,10.230126178662212,9.585714285714287,21.15071543421229,23.00660967829858,15.931055382559201,16.4839086040495,168.3257361111111,76.09697689387127,46.458085134319944,20.0,38.0,37.0,1006.0,3681.0,68.52907647907648,4052.0,4062.0,264.0,1462.0,450.0,50.94587935543119,26.172983633656322,2.3479716118942084,1.8105268479617698,1.0
150.0,178.0,8.61111111111111,6.083333333333333,386.0,13.524877143252588,14.210480079782593,13.100000000000003,30.181244174723542,31.90749231975221,22.115228728628395,23.521507447999138,249.84375,108.38166249310844,66.17500937008586,22.0,30.0,54.0,2356.0,11370.0,105.2387556887557,10237.0,11104.0,447.0,3660.0,873.0,70.6950092715254,36.531197622061505,2.451712729979002,1.2019182073062948,1.0
122.0,144.0,8.25,4.972222222222222,320.0,10.952397498181154,11.407804598318812,10.466666666666669,24.087677784281443,26.02095140581215,18.02241795577018,19.03449718502881,193.828125,88.77648841624477,55.217592040847705,22.0,32.0,45.0,1224.0,4579.0,81.76450216450215,5131.0,5359.0,305.0,2100.0,582.0,57.46647846711728,29.13622967671042,2.4379684000543076,1.5770312878300174,1.0
140.0,174.0,5.590277777777777,5.083333333333333,374.0,11.760786805132158,12.663733544337267,11.53809523809524,27.48868088952939,28.544195538018474,19.663840215767575,21.431912475672387,241.194875,100.72850393506278,62.16746347448553,20.0,26.0,52.0,1257.0,4355.0,91.53145743145743,5663.0,6355.0,381.0,2056.0,665.0,63.34774553484374,32.78994090283173,2.6397608607190275,1.3472759360701358,1.0
156.0,189.0,6.590277777777777,6.055555555555555,406.0,13.74395005272655,14.649912444873321,13.504761904761908,31.448272683755924,32.585436990337776,22.53270745503364,24.28592957678726,269.80425,112.18224717311007,68.05381299185817,22.0,28.0,56.0,2175.0,9627.0,109.36412198912198,9764.0,10947.0,462.0,3719.0,929.0,72.2567206488043,38.08235775344822,2.538543639575039,1.1609571857800314,1.0
106.0,126.0,6.277777777777778,4.388888888888889,272.0,9.66470379794645,10.11895021631898,9.366666666666667,21.436443388259487,22.629067424415016,15.682318012728182,16.643217289249428,179.078125,76.51500936829059,46.51596081796782,14.0,20.0,38.0,726.0,2077.0,69.49047619047619,3067.0,3225.0,237.0,1237.0,418.0,50.18395079022645,26.034025147798776,2.4566958483486547,1.7929942255770468,1.0
68.0,82.0,8.9375,3.25,224.0,6.181980515339463,5.899970437646805,5.500000000000001,11.65685424949238,14.613961030678926,9.79751257743307,9.786574704128352,97.77777777777776,52.05384842457117,35.97211435474371,24.0,60.0,30.0,266.0,589.0,39.516666666666666,882.0,713.0,134.0,266.0,156.0,32.48397799487014,15.582600028195042,2.5029575574942173,5.176410154252892,1.0
116.0,134.0,9.229166666666664,5.166666666666666,312.0,10.862721870796165,11.071186624279523,10.31904761904762,22.93934577669206,25.242591114617312,17.373778515633706,18.054635141962965,186.4819861111111,85.10087380700345,53.10836667419284,24.0,44.0,43.0,1251.0,4644.0,79.2417748917749,4999.0,4971.0,331.0,1606.0,517.0,56.047059004955564,28.505832326624617,2.402245794173885,1.9026945317494885,1.0
106.0,131.0,6.729166666666667,4.055555555555555,294.0,9.031710636090997,9.48045197133752,8.638095238095238,20.23072103324354,21.912609923560826,15.060439563358948,16.077225679036943,176.09186574074076,77.17673785750158,48.782791458896654,16.0,32.0,41.0,610.0,1648.0,65.75952380952381,2572.0,2696.0,220.0,961.0,371.0,48.499414225662576,24.48950674271162,2.5835696823104177,1.864945828866409,1.0
128.0,159.0,4.388888888888889,4.694444444444445,328.0,10.915816237971963,11.829873988246623,10.833333333333334,25.797958971132715,26.206207261596575,18.10169550921107,19.825403789587835,231.734375,91.20984168719055,54.88759170957907,10.0,10.0,46.0,877.0,2494.0,84.37063492063493,4036.0,4632.0,252.0,2034.0,571.0,58.02607604653322,30.770119282641925,2.551761966479796,1.4933377636030514,1.0
78.0,94.0,7.756944444444444,3.7916666666666665,218.0,7.484434885828628,7.432910225370588,7.0238095238095255,15.160738181282666,16.934975212900294,11.566439027493542,11.915177135632684,126.972,57.44956605273881,36.57348493643239,20.0,30.0,30.0,391.0,961.0,48.65238095238095,1438.0,1302.0,166.0,549.0,234.0,38.10047551099277,19.038769295335346,2.495963191005823,2.9604372309764804,1.0
126.0,153.0,6.138888888888888,5.083333333333333,322.0,11.275188245478668,11.946189562472345,11.066666666666668,25.58658931361248,26.442188697915302,18.25152542347213,19.65374736590467,223.71875,90.3142436637111,54.46680543758647,14.0,16.0,45.0,1069.0,3387.0,86.1861471861472,4633.0,4996.0,313.0,1633.0,551.0,58.949591201017846,30.59268466787874,2.517854473251942,1.5702590987248588,1.0
100.0,113.0,4.444444444444445,4.527777777777778,236.0,9.915816237971963,10.380384245463445,9.833333333333336,21.79795897113271,22.206207261596575,15.51590907158417,16.340637866394584,179.390625,71.41085181396726,40.74545608584812,10.0,10.0,32.0,889.0,3172.0,63.7726911976912,3844.0,4151.0,240.0,1278.0,423.0,49.60062745333137,26.900630949701178,2.320095121289771,1.4378206484186367,1.0
106.0,126.0,6.277777777777778,4.388888888888889,272.0,9.66470379794645,10.11895021631898,9.366666666666667,21.436443388259487,22.629067424415016,15.682318012728182,16.643217289249428,179.078125,76.51500936829059,46.51596081796782,14.0,20.0,38.0,726.0,2077.0,69.49047619047619,3067.0,3225.0,237.0,1237.0,418.0,50.18395079022645,26.034025147798776,2.4566958483486547,1.7929942255770468,1.0
82.0,99.0,8.006944444444445,4.125,226.0,8.022439688289412,7.957474090060172,7.590476190476191,16.21731771619356,17.861555572460524,12.164156008938912,12.560017292877246,139.59699999999998,60.128907645534206,37.80955291393218,20.0,28.0,31.0,466.0,1200.0,53.10357142857143,1719.0,1563.0,191.0,638.0,266.0,40.39012700817361,20.20379257079314,2.5015370844320204,2.9731890932028144,1.0
104.0,117.0,9.868055555555554,5.138888888888888,278.0,10.328247028185517,10.293075007505328,9.752380952380951,20.902358921160854,23.28263056023748,16.000005067780492,16.33378537979684,167.0913611111111,76.66032269717377,47.62965800957376,24.0,44.0,38.0,1152.0,4340.0,72.18593073593075,4362.0,4100.0,302.0,1447.0,456.0,51.946369603965564,26.59313090068804,2.397903448303958,2.5302293753157206,1.0
192.0,250.0,14.499999999999998,7.055555555555556,582.0,15.328424018628711,15.931825946939894,14.314285714285717,34.026412410527655,38.270509903421924,25.948932528023313,27.83426061664445,307.012287037037,141.520007685935,94.27323757189077,46.0,82.0,81.0,2596.0,9402.0,154.68157675657676,10655.0,10849.0,721.0,4659.0,1193.0,84.74386188373694,41.48295284485429,2.7387861178926447,1.8166644026733563,1.0
104.0,122.0,5.666666666666667,4.444444444444445,260.0,9.754020195423491,10.210701925855117,9.533333333333335,21.570417984475043,22.474366886035767,15.613368327506885,16.533827489508248,180.3125,74.76694527049534,44.51596081796782,12.0,16.0,36.0,777.0,2405.0,67.6329365079365,3276.0,3427.0,236.0,1135.0,397.0,50.04578676507049,26.087066180547783,2.4582595776844984,1.685148131454511,1.0
116.0,145.0,6.0,4.277777777777777,310.0,9.685871848001627,10.354437852936208,9.4,22.452614717396923,23.59688923629455,16.199154765133787,17.641816822086216,198.484375,83.57702638726781,52.224164750467196,16.0,20.0,44.0,709.0,2018.0,71.60039682539681,3104.0,3374.0,220.0,1236.0,422.0,52.36354062263597,26.57343483672429,2.58290514626605,1.6118571168612708,1.0
76.0,91.0,4.784722222222222,3.5,200.0,7.2936589721439375,7.491416582635681,7.104761904761905,15.613326857092018,16.41926917436138,11.299879185088653,11.881296197718944,135.023,54.958261247282636,33.14335674037577,12.0,18.0,27.0,331.0,795.0,44.45,1339.0,1343.0,141.0,472.0,213.0,36.96723742276444,19.38408076583026,2.4672025416779677,2.1233244077000775,1.0
168.0,221.0,12.027777777777775,5.819444444444444,518.0,12.963233394208576,13.590765501322581,12.080952380952384,29.249151725568105,33.04854703078446,22.393977759725995,24.142213735171342,267.2420324074074,123.98503794541543,83.22461039434975,40.0,76.0,72.0,1670.0,5555.0,122.14336219336218,6968.0,7214.0,486.0,3180.0,868.0,72.88684851176097,35.275293180256256,2.7238923532875687,1.7687957566101886,1.0
86.0,98.0,5.895833333333334,3.8194444444444446,228.0,8.127940298272508,8.340838599544785,7.8,17.31603695279232,18.771065582456487,12.955790369177048,13.5081539647102,137.13599537037038,62.95594309191875,38.80273578211554,18.0,32.0,31.0,556.0,1812.0,50.950036075036074,2254.0,2270.0,144.0,922.0,294.0,41.61491856888522,21.43697761459617,2.3733820667492584,1.7851330809531971,1.0
76.0,88.0,5.305555555555555,3.3888888888888893,194.0,7.2027086004072345,7.418769209616974,6.933333333333334,15.493022923170383,16.555647783975243,11.45160786942736,12.010140578964622,125.53125,55.15272040074339,33.60989317173668,14.0,18.0,27.0,362.0,976.0,43.20476190476191,1467.0,1475.0,121.0,527.0,213.0,36.92068551375441,19.046948401602847,2.397305584316351,1.9190130167463928,1.0
90.0,101.0,5.694444444444445,4.472222222222221,214.0,9.308861750289882,9.524342018617059,9.133333333333333,19.6674057251594,20.35970579327668,14.170645194432373,14.703587927600939,162.15625,64.57833006287038,37.03725215334876,10.0,12.0,29.0,728.0,2311.0,59.31984126984128,2956.0,2988.0,240.0,1028.0,368.0,45.73714835358841,24.703963691795288,2.3204606371111507,1.8738808051122355,1.0
114.0,129.0,5.805555555555555,5.222222222222221,272.0,11.326499840494924,11.788632535927308,11.166666666666668,24.66398437491715,25.360907799975827,17.70617910036511,18.5713480096954,202.15625,81.64419728600109,46.988096772967396,12.0,14.0,37.0,1490.0,6905.0,75.59661172161171,6389.0,6843.0,283.0,2256.0,582.0,56.58113914608573,30.579507993738556,2.3477795329488473,1.2683460829086168,1.0
114.0,135.0,6.777777777777778,5.027777777777778,288.0,10.723876650462412,11.154256846234201,10.466666666666669,23.509194252307818,24.523469595854785,16.9181920901388,17.95848758010724,200.9375,82.0137272929439,49.21759204084769,16.0,18.0,40.0,966.0,3006.0,78.98492063492066,4030.0,4181.0,292.0,1595.0,505.0,54.753363419663216,29.124513028129705,2.4575376601215235,1.7745664501155112,1.0
192.0,252.0,12.590277777777777,6.277777777777778,598.0,14.354791587262635,15.209937563714089,13.380952380952385,32.99134934364312,37.34644773390432,25.27193370732889,27.433790035250933,298.2374027777778,141.96782505132745,95.94751135235465,48.0,94.0,83.0,2185.0,7678.0,143.23235930735933,9336.0,9912.0,616.0,4213.0,1100.0,82.00677726162561,38.976066583732106,2.7585044786459147,1.5850638302630826,1.0
196.0,250.0,14.749999999999998,7.069444444444443,590.0,15.7129222919825,16.35505601863283,14.61428571428572,34.84380658667917,39.51385065262136,26.964787846068816,28.71708059845235,301.3670324074074,144.88088389955897,96.34702788922219,48.0,90.0,82.0,2963.0,11534.0,157.6550838050838,12175.0,12414.0,767.0,5040.0,1261.0,86.98147933194433,41.82176744166198,2.728224716700717,1.7380146172628126,1.0
228.0,289.0,16.263888888888886,7.569444444444445,708.0,17.39508504678671,18.276903562488112,16.047619047619055,39.216966541654095,45.292389724602884,30.80782684316957,32.96013325556954,332.72351388888893,169.77501724152273,114.9961385298957,62.0,130.0,98.0,4181.0,18502.0,184.2570276945277,17541.0,18275.0,1005.0,6937.0,1618.0,98.80638153507732,46.13160306415419,2.759024299545712,1.4736753860105258,1.0
68.0,74.0,6.645833333333333,2.9999999999999996,190.0,6.392865415757244,6.40288683250885,5.885714285714286,13.000569508859295,15.193488404798295,10.533420847069051,10.644951402648056,91.6851111111111,50.98403409946605,32.850386265208925,20.0,42.0,26.0,322.0,903.0,37.405952380952385,1220.0,1144.0,104.0,442.0,176.0,33.23247943848,16.288535239082776,2.2891793522481474,2.3089339299503124,1.0
130.0,155.0,9.201388888888886,5.083333333333332,358.0,11.286712265874597,11.746803766291944,10.685714285714287,24.826186706870267,27.38943039549686,18.885451333929517,19.921551351443565,203.4038611111111,95.2985398075167,60.53572565580492,24.0,48.0,50.0,1173.0,3659.0,91.7202380952381,4833.0,4949.0,373.0,1904.0,602.0,60.186064395600276,29.87426147522237,2.5001423407171393,1.8790674778170644,1.0
134.0,157.0,9.45138888888889,5.277777777777778,366.0,11.753038761063381,12.219161567364052,11.119047619047624,25.745370295323358,28.47191330013549,19.673438344155826,20.6798380853675,204.62261111111115,98.40703641038787,62.40892975393859,28.0,52.0,51.0,1408.0,4863.0,94.3547619047619,5767.0,5859.0,407.0,2450.0,678.0,62.4640360711406,30.714836132181826,2.505689805424962,1.7680968701036905,1.0
152.0,179.0,8.70138888888889,5.944444444444445,404.0,13.414834803611857,14.113588758363969,12.919047619047623,29.97291128198102,32.20375367569629,22.28308586941965,23.643244986223557,245.87261111111115,110.60729213996386,68.53791995843055,26.0,46.0,56.0,2075.0,8473.0,109.06460761460761,8882.0,9473.0,528.0,3582.0,900.0,70.82494496615276,36.2012443860775,2.5017483542361547,1.3946172280595184,1.0
52.0,61.0,5.645833333333334,2.0972222222222223,158.0,4.449194289887494,4.44435013090069,3.9857142857142858,9.110424468659438,11.055745484159079,7.574584670426388,7.739754348795789,67.47099074074075,39.29601283644259,26.66075116262454,16.0,36.0,22.0,104.0,192.0,23.916666666666664,376.0,331.0,44.0,124.0,75.0,24.240279789253368,11.335494236349861,2.43753009739526,2.7130323612216922,1.0
148.0,176.0,8.0,6.305555555555556,374.0,13.690203145651196,14.351359518697897,13.4,30.4283778407609,31.605952500493412,21.82749944392474,23.287584400373987,260.328125,106.33542733141154,63.818718200339234,20.0,22.0,52.0,2206.0,9823.0,106.999111999112,9482.0,10156.0,486.0,3336.0,870.0,70.49878956876609,37.232154928273644,2.4657152172813563,1.3031840964368744,1.0
118.0,143.0,7.479166666666666,4.888888888888888,318.0,10.565497354333143,10.996334348445645,10.185714285714285,23.249200736492206,24.8548481939781,17.08445084113934,18.14952163654005,199.89749537037036,85.66795051959306,53.15207704364231,18.0,32.0,44.0,920.0,2719.0,80.95039682539684,3833.0,3971.0,293.0,1529.0,506.0,55.220601221731556,28.730654697326635,2.4961850761430444,1.8596058438398546,1.0
174.0,229.0,12.88888888888889,6.013888888888889,538.0,13.373916996731538,13.999013791786444,12.414285714285718,30.11517712935255,34.203247569163715,23.170034226133836,24.958710316099072,274.0076574074074,128.5615291679569,86.63882395672286,42.0,80.0,75.0,1810.0,6026.0,129.21637806637807,7511.0,7733.0,533.0,3449.0,929.0,75.3908002309048,36.511736802679664,2.7308659599478586,1.8024590139678052,1.0
46.0,52.0,6.173611111111111,2.875,128.0,5.125356188313528,4.834760151969695,4.785714285714286,9.378648375672043,10.683725078519274,7.228237854529189,7.148015148640217,76.574,34.27759424258106,21.50659781834222,14.0,24.0,17.0,152.0,325.0,25.63333333333333,498.0,398.0,76.0,152.0,90.0,24.50552489732224,12.625023886295654,2.3138400518252835,4.197972966349734,1.0
40.0,43.0,5.833333333333334,2.555555555555556,102.0,4.629427617536366,4.3656243103068935,4.3,8.443286088743985,9.626663411016713,6.6112502008627025,6.4582073822773145,64.90625,29.65535286067126,18.12899020449196,10.0,16.0,14.0,122.0,259.0,21.599999999999998,398.0,317.0,58.0,122.0,72.0,21.972148061258352,11.142106483192403,2.2001218589194,3.7979077222361424,1.0
122.0,154.0,6.340277777777778,4.527777777777778,336.0,10.153832317450075,10.807691317490884,9.83809523809524,23.35812764355608,24.697694069698574,16.904362776242685,18.380648974505643,207.9605,88.2391279344735,55.63083241723996,20.0,28.0,47.0,813.0,2390.0,76.90674603174602,3538.0,3827.0,286.0,1458.0,492.0,54.84048997066219,27.995837646399767,2.663670609235539,1.6238703272035135,1.0
38.0,39.0,5.222222222222222,2.611111111111111,90.0,4.718744015013407,4.45737601984303,4.466666666666667,8.577260684959546,9.47196287263746,6.542300515641405,6.348817582536135,66.140625,27.907288762875982,16.128990204491963,8.0,12.0,12.0,131.0,300.0,20.949999999999996,434.0,353.0,56.0,131.0,72.0,21.749228380746302,11.252719553356007,2.1357792050698574,3.4998573332807723,1.0
78.0,94.0,7.756944444444445,3.7916666666666665,218.0,7.484434885828627,7.432910225370588,7.023809523809525,15.160738181282664,16.934975212900298,11.566439027493542,11.915177135632685,126.972,57.4495660527388,36.57348493643239,20.0,30.0,30.0,398.0,1005.0,48.42738095238096,1468.0,1334.0,164.0,556.0,234.0,38.10023841393371,18.584289988016195,2.4928537348544006,2.902557340144697,1.0
78.0,94.0,7.756944444444445,3.7916666666666665,218.0,7.484434885828627,7.432910225370588,7.0238095238095255,15.160738181282664,16.934975212900294,11.566439027493542,11.915177135632684,126.972,57.4495660527388,36.57348493643239,20.0,30.0,30.0,398.0,1005.0,48.42738095238096,1468.0,1334.0,164.0,556.0,234.0,38.10023841393371,18.584289988016195,2.4928537348544,2.9025573401446976,1.0
116.0,135.0,6.416666666666666,5.333333333333333,284.0,11.313193047939452,11.746008555770338,11.133333333333335,24.643168848523377,25.36876905747553,17.556349186104047,18.556204561552605,210.171875,83.09409031989482,48.6318056032208,14.0,14.0,39.0,1302.0,5093.0,78.89191919191919,5495.0,5781.0,325.0,2058.0,580.0,56.826050460955145,30.54152976545702,2.400029853483838,1.462831621146596,1.0
90.0,101.0,5.694444444444445,4.472222222222222,214.0,9.308861750289884,9.524342018617059,9.133333333333335,19.6674057251594,20.359705793276678,14.170645194432373,14.703587927600939,162.15625,64.57833006287038,37.03725215334876,10.0,12.0,29.0,810.0,2997.0,57.71958874458875,3271.0,3279.0,211.0,1011.0,349.0,45.822848580557405,24.30156951810611,2.377421606213141,1.7008323643310956,1.0
120.0,144.0,7.638888888888888,5.249999999999999,308.0,11.15139700539098,11.576326236162013,10.833333333333336,24.415627861865715,25.63692868191472,17.65380844202676,18.74939418466627,211.09375,86.45018377642289,52.4023103353405,16.0,20.0,43.0,1169.0,4082.0,82.48502886002885,4841.0,4976.0,319.0,1826.0,555.0,57.371553011166185,29.702254620152885,2.4754314310935124,1.6603456474671336,1.0
92.0,103.0,6.305555555555555,4.305555555555555,226.0,9.16470379794645,9.394205344927391,8.866666666666667,19.43644338825948,20.629067424415016,14.38942479391473,14.900834327652797,152.90625,66.61551443167895,39.44489300610236,14.0,20.0,31.0,718.0,2256.0,59.845238095238095,2898.0,2908.0,240.0,1042.0,368.0,45.94042321026242,24.221082779743824,2.3496280847918727,1.915557690394637,1.0
114.0,139.0,7.75,4.555555555555555,304.0,10.002907755397976,10.449267896710653,9.566666666666668,22.20890240160182,23.897227048854205,16.486884049837442,17.543513693549635,188.0,82.69952994956486,51.700679112460634,16.0,26.0,43.0,788.0,2193.0,76.39642857142857,3281.0,3395.0,273.0,1177.0,442.0,53.01289418873631,26.562324842931837,2.535796995254763,1.9130682849605212,1.0
102.0,122.0,6.027777777777778,4.138888888888888,264.0,9.164703797946448,9.61895021631898,8.866666666666667,20.436443388259484,21.62906742441502,14.975211231541634,15.936110508062884,171.078125,73.68658224354442,45.101747255594745,14.0,20.0,37.0,634.0,1775.0,64.41428571428571,2685.0,2829.0,213.0,968.0,360.0,47.996394850416664,24.383071110454953,2.484002278929008,1.7753160221966502,1.0
6.0,4.0,2.25,1.0,10.0,1.414213562373095,1.1547005383792517,1.3333333333333333,1.885618083164127,2.1213203435596424,1.4142135623730951,1.1547005383792517,16.0,4.47213595499958,2.0,2.0,2.0,1.0,4.0,5.0,2.5,10.0,6.0,2.0,4.0,2.0,5.356367113217142,2.8284271247461903,1.4142135623730951,1.6329931618554523,1.0
90.0,108.0,7.638888888888889,3.6666666666666674,246.0,7.913591357920935,8.132771315782929,7.400000000000001,17.07492780538626,19.051927587233457,13.141620172685643,13.789200188134545,136.59375,66.06281773650991,42.38697061347588,18.0,30.0,35.0,460.0,1182.0,54.404761904761905,1820.0,1780.0,154.0,852.0,292.0,42.06475354899916,20.566610640582347,2.4806134057757885,2.1870694593297735,1.0
142.0,169.0,10.472222222222221,5.8888888888888875,376.0,12.79060145563268,13.238122278710486,12.166666666666668,27.86013679762377,30.289111030251334,20.948304336439083,22.056113932888657,226.75,103.44629037175764,64.6449510224598,24.0,38.0,53.0,1993.0,8634.0,100.99049284049286,8204.0,8381.0,444.0,2531.0,735.0,67.2206806202105,34.04936419185367,2.514720583676611,1.543578418870464,1.0
120.0,135.0,6.666666666666666,5.361111111111112,292.0,11.703509938206668,12.169238627463276,11.433333333333335,25.44919336715467,26.598091242993707,18.563115795812713,19.43902454336051,202.140625,86.5007579866676,50.86130087110108,18.0,22.0,40.0,1597.0,7140.0,81.17216672216674,6800.0,7231.0,342.0,2108.0,607.0,59.148047894938344,31.118709550963707,2.340051457213789,1.344823303927938,1.0
146.0,179.0,10.722222222222221,6.583333333333335,384.0,13.49746222034221,13.874762701622354,13.033333333333333,29.18344267795171,30.880771375733154,21.06802200439985,22.42629761799659,261.265625,105.38925509768734,64.93894139258607,22.0,26.0,54.0,1854.0,6669.0,113.11049783549784,7494.0,7522.0,514.0,3259.0,850.0,69.38450322161336,36.25136770021734,2.543816623966472,1.8653475036771108,1.0
96.0,107.0,8.916666666666666,5.0,240.0,9.989600962842504,9.957154173770506,9.533333333333333,20.18808687520805,21.905088306353914,15.165481260322574,15.45781788458668,159.671875,70.00728735972761,42.03067944372927,18.0,26.0,33.0,1048.0,4013.0,66.42899045399045,3987.0,3767.0,265.0,1318.0,414.0,49.21977421456335,25.953404909638632,2.3328968127288228,2.4196255236679765,1.0
