canonical_smiles,target,graph_wl_hash
BrC(Br)Br,1.0,cde6b48ed870286595c1455af7aff8bd
C#CC(C)(O)CC,1.0,ada4be0df4d7d600d6729eb4a621f99a
C#CC(O)(/C=C/Cl)CC,1.0,e479099c42e5c35b241816363ccb6885
C#CC(OC(N)=O)c1ccccc1,1.0,f68d00cab57ae6aae0e78ff2dbecaeb7
C#CC1(OC(N)=O)CCCCC1,1.0,2a3423b09a914ebbb03121f8851d6f79
C#CC1(OCC(O)CN2CCN(c3ccc(F)cc3)CC2)CCCCC1,1.0,d0a1bfc8349c7263816526559f9be3c3
C#CCC1(OC(N)=O)CCCCC1,1.0,883cdfea882ecd289e885ae43ba80c94
C#CCN(C)CCCOc1ccc(Cl)cc1Cl,1.0,8e733741d9760f27aa4ba3e77115e9c9
C#CCN(C)Cc1ccccc1,1.0,a49bb376fc73c68b388bf3dc49b8dd34
C#CCN(C)[C@H](C)Cc1ccccc1,1.0,ef4f3696240e171c8f2cabd6748cc7a3
C#CCN1C(=O)CN=C(c2ccccc2)c2cc(Cl)ccc21,1.0,75032672cfd08314aedf369482d19b38
C#CCN[C@@H]1CCc2ccccc21,1.0,df2f1d9f8b8cbc26253cd841ceb38c2e
C#C[C@]1(O)CC[C@H]2C3CCC4=Cc5c(cnn5-c5ccc(F)cc5)CC4(C)[C@H]3CCC21C,1.0,85473213cb85389b1ed8f4d2766bb557
C#C[C@]1(O)CC[C@H]2[C@@H]3CCC4=CC(=O)CC[C@@H]4[C@H]3CC[C@@]21C,0.0,5dd061c23df9627e4c196c9e6cc9628c
C#C[C@]1(O)CC[C@H]2[C@@H]3CCc4cc(O)ccc4[C@H]3CC[C@@]21C,0.0,5dd061c23df9627e4c196c9e6cc9628c
C#C[C@]1(O)CC[C@H]2[C@@H]3CCc4cc(OC)ccc4[C@H]3CC[C@@]21C,0.0,9a8af1772b4a7b14b9c18dbec324dfc1
C#C[C@]1(O)CC[C@H]2[C@@H]3[C@H](C)CC4=C(CCC(=O)C4)[C@H]3CC[C@@]21C,1.0,75715313f91a551ad590842b23c639b5
C/C(=C(/CCO)SSCC1CCCO1)N(C=O)Cc1cnc(C)nc1N,1.0,b092c920d1a52d189f28bd3e766c0936
C/C(=C(/CCOC(=O)c1ccccc1)SS/C(CCOC(=O)c1ccccc1)=C(\C)N(C=O)Cc1cnc(C)nc1N)N(C=O)Cc1cnc(C)nc1N,1.0,51d948011e544006e6ed61a5a430da59
C/C(=C(\CCOC(=O)c1ccccc1)SC(=O)c1ccccc1)N(C=O)Cc1cnc(C)nc1N,1.0,3aad66e66e4e6f26d0cafdda510d7cf0
C/C(=C(\CCOP(=O)(O)O)SC(=O)c1ccccc1)N(C=O)Cc1cnc(C)nc1N,1.0,f83ff62c7a999bf6a58a04aab8272791
C/C(=C/CCN1CCC2(CC1)C(=O)NCN2c1ccccc1)c1ccc(F)cc1,1.0,bb9e71ce47a4a593dc0b09515d08c7a4
C/C(=C1/CCOC(=O)S1)N(C=O)Cc1cnc(C)nc1N,1.0,0724a5133580bfeefe7ae8cb47d6ad50
C/C=C(\CC)C(=O)NC(N)=O,1.0,43be651d540fab85718ce2edcc6d77b8
C/C=C/C(=O)N(CC)C(CC)C(=O)N(C)C,1.0,69f2176f49bc77e0cd87b327a2e025d8
C/C=C/C(=O)N(CCC)C(CC)C(=O)N(C)C,1.0,f66a3155f58a0d0d45b7776e61b1a770
C/C=C/C1=C(C(=O)O)N2C(=O)[C@@H](NC(=O)[C@H](N)c3ccc(O)cc3)[C@H]2SC1,0.0,2da603b67053026314a60192b7b30c16
C/C=C/C=C/C1OC(O)(C(CC)C(=O)NC/C=C/C=C(\C)C(OC)C(C)C2OC(/C=C/C=C/C=C(\C)C(=O)c3c(O)n(C)ccc3=O)C(O)C2O)C(O)C(OC2OC(C)C(OC3OC(C)C(OC)C(O)C3OC)C(OC)C2O)C1(C)C,0.0,da8dff199570fb019fe6eb964cdf3149
C/C=C\C1O[C@]2(C(=O)COC(=O)c3ccncc3)CC[C@@]3(O1)[C@@H]1CCC4=CC(=O)CC[C@]4(C)[C@H]1[C@@H](O)C[C@]23C,1.0,239316abb0d82a1dc9418068f1b66518
C1=C(CC2=NCNC2)CCc2ccccc21,1.0,e9f3b203edec22371d096b6b2b4d2399
C1=Cc2cccc(OCC3CNCCO3)c2C1,1.0,978df0285a6d882b5315d655f9e4fed8
C1CC1,1.0,b4844a241e7c75ea7eb690acd3c4c004
C1CCCCC1,1.0,da3c81488557dc57e6e1f0bd43d65336
C1CCc2nnnn2CC1,1.0,8e29dc0ab3e5d80bb8a4899015ace6ba
C=C,1.0,3ba4ffe16dfe637510ed1c3676ec6cb0
C=C(C)CNCC(=O)N(C)c1ccc(Cl)cc1C(=O)c1ccccc1,1.0,75b60e0a461d3bb52edd0628a1062e15
C=C(C)[C@@H]1CCC(C)=CC1c1c(O)cc(CCCCC)cc1O,1.0,baf75fd912e2af424a45def53343923d
C=C(CC)C(=O)c1ccc(OCC(=O)O)c(Cl)c1Cl,0.0,e3c7897feb9eaf8cbf8fa345c7656437
C=C1CC2C3C=CC4=CC(=O)CCC4(C)C3C(O)CC2(C)[C@@]1(O)C(=O)CO,1.0,2fa06e91869eac13c2f4a82baba044d9
C=C1CC2C3CCC4=CC(=O)C=CC4(C)C3C(O)CC2(C)C1(O)C(=O)CO,1.0,2fa06e91869eac13c2f4a82baba044d9
C=C1CC[C@@]2(O)[C@H]3Cc4ccc(O)c5c4[C@@]2(CCN3CC2CC2)[C@H]1O5,1.0,fc8da8fd63f4b1aa1be202374e36902e
C=C1C[C@H](C)[C@H]2[C@H]3Cc4ccc(O)cc4[C@@]2(CCN3CC2CCC2)C1,1.0,59fa715159615dfcf56c055d946b4ec9
C=C1C[C@H]2[C@@H]3CCC4=CC(=O)C=C[C@]4(C)[C@@]3(F)C(O)C[C@]2(C)[C@@]1(O)C(=O)CO,1.0,84bdf14a90e4deee798271c0bb2e22ab
C=C1Cc2c(CCN(CCC)CCC)ccc(O)c2N1,1.0,41e7a6ac0b66245b03c09ecdfe77dc7a
C=C1c2c(Cl)ccc(O)c2C(O)=C2C(=O)C3(O)C(=O)/C(=C(/N)O)C(=O)C(N(C)C)C3C(O)C12,0.0,d2036f8d8684735870d368823b869cf0
C=C1c2cccc(O)c2C(O)=C2C(=O)[C@]3(O)C(=O)/C(=C(/N)O)C(=O)[C@@H](N(C)C)[C@@H]3[C@@H](O)[C@H]12,0.0,78ce130f2a308578fdfc8dd293a23ad6
C=C1c2ccccc2CN(CCCN(C)C)c2ccccc21,1.0,985291b64543314184fdf6fe58ee205f
C=CC(N)CCC(=O)O,1.0,35be5fd7429870b9189c706f794a8527
C=CC1(C(C)CCC)C(=O)NC(=O)NC1=O,1.0,a9bd3b05895bf6198d5b35d51416311d
C=CC1=C(C(=O)O)N2C(=O)[C@@H](NC(=O)/C(=N\O)c3csc(N)n3)[C@H]2SC1,0.0,0d064b0ea17b18a372844f12e7ab533a
C=CC1=C(C(=O)O)N2C(=O)[C@@H](NC(=O)/C(=N\OCC(=O)O)c3csc(N)n3)[C@H]2SC1,0.0,ab0e8471239dc3ed07cc838a86679d4e
C=CC1CNCCC1CCCc1ccnc2ccc(OC)cc12,1.0,6e25e565a1af65f4094c95900256974a
C=CC1O[C@@H]2CC3C4CCC5=CC(=O)C=CC5(C)C4(F)C(O)CC3(C)[C@]2(C(=O)CO)O1,1.0,a2890873794f5c68a7d6added842d68b
C=CCC(CC)(CC)C(N)=O,1.0,993ceb8282005f59404953100f4256d8
C=CCC(N)Cc1ccccc1,1.0,a49bb376fc73c68b388bf3dc49b8dd34
C=CCC(N)c1ccccc1-c1noc2ccccc12,1.0,66c30ad9582314d4c0ae0bcd58f2f411
C=CCC1(C(C)C#CCC)C(=O)NC(=O)N(C)C1=O,1.0,d37456080a14a4ec86045fc49c22b6d8
C=CCC1(C(C)C)C(=O)NC(=O)NC1=O,1.0,d75250bacbb6b8e231b14bcc42bff08f
C=CCC1(C(C)CC)C(=O)NC(=O)NC1=O,1.0,02adc429687e233e87640dcdabff5e94
C=CCC1(C(C)CCC)C(=O)NC(=O)NC1=O,1.0,3cb4a329a1fe921af437b761bf3b9bbd
C=CCC1(C(C)CCC)C(=O)NC(=S)NC1=O,1.0,3cb4a329a1fe921af437b761bf3b9bbd
C=CCC1(C2C=CCCC2)C(=O)NC(=S)NC1=O,1.0,46b6999347b6bcf91d3423c538e17d04
C=CCC1(CC(=C)Br)C(=O)NC(=O)NC1=O,1.0,05d31c8f68f08c88576aa3dfcbebb72b
C=CCC1(CC(C)(C)C)C(=O)NC(=O)NC1=O,1.0,591a23d46ff363b163ef614169ba3f7d
C=CCC1(CC(C)C)C(=O)NC(=O)NC1=O,1.0,05d31c8f68f08c88576aa3dfcbebb72b
C=CCC1(CC(C)O)C(=O)NC(=O)NC1=O,1.0,05d31c8f68f08c88576aa3dfcbebb72b
C=CCC1(CC=C)C(=O)NC(=O)NC1=O,1.0,35284ca0cae76abdbdb060b1b1f00118
C=CCN1C(=O)C(CC(C)C)NC1=S,1.0,f696859a20d2982e4ae41fc55fdeee59
C=CCN1C(=O)OC(C)C1=O,1.0,2628b6baa990fbed4bf65fb492fb88dd
C=CCN1CCC23c4c5ccc(O)c4OC2C2(OC)C=CC3(CC2[C@](C)(O)CCC)C1C5,1.0,e9b2058ae8df40cec66ed21f27eb06ac
C=CCN1CCC23c4c5ccc(OC(C)=O)c4OC2C(OC(C)=O)C=CC3C1C5,1.0,d1d312817e291ed17db36123cc9ad8fe
C=CCN1CCCC1CNC(=O)c1cc(S(=O)(=O)NC)c(N)cc1OC,1.0,66b63f148dc1428227ea2fc01e54b0b4
C=CCN1CCCC1CNC(=O)c1cc(S(N)(=O)=O)cc(OC)c1OC,1.0,18cc8ea91966fe5f6fe7a5b04bdc81e1
C=CCN1CC[C@]23CCCC[C@H]2[C@H]1Cc1ccc(O)cc13,1.0,8d09bb5bc2a7e479f1d001c78dcb0aa8
C=CCN1CC[C@]23c4c5ccc(O)c4O[C@H]2C(=O)CC[C@@]3(O)[C@H]1C5,1.0,e9aea5573615894f5d325eb862b5210d
C=CCN1CC[C@]23c4c5ccc(O)c4O[C@H]2[C@@H](O)C=C[C@H]3[C@H]1C5,1.0,30b3e4fc0acf0ae0cb7366c484a7c78f
C=CCN1C[C@H](C(=O)N(CCCN(C)C)C(=O)NCC)C[C@@H]2c3cccc4[nH]cc(c34)C[C@H]21,1.0,ce811113c08c4e7f2407ed33632f65f9
C=CCONC1=Nc2ccc(Cl)cc2C(c2ccccc2Cl)=NC1,1.0,624da741b9165c3030e85eb1437e59b9
C=CCSCC(=O)NC1C(=O)N2C1SC(C)(C)C2C(=O)[O-],0.0,1a42f09749a5ff5e0d6cba82742d23e4
C=CC[C@@H]1/C=C(\C)C[C@H](C)C[C@H](OC)[C@H]2O[C@@](O)(C(=O)C(=O)N3CCCC[C@H]3C(=O)O[C@H](/C(C)=C/[C@@H]3CC[C@@H](O)[C@H](OC)C3)[C@H](C)[C@@H](O)CC1=O)[C@H](C)C[C@@H]2OC,0.0,189865cfd283162140e8215960b7a708
C=CC[C@H](N)c1ccccc1-c1noc2ccccc12,1.0,66c30ad9582314d4c0ae0bcd58f2f411
C=COC=C,1.0,5a8eac0760a558d4174437be478ec0aa
C=COCC(F)(F)F,1.0,2d110e301c2d1f39c0aed01790885e0f
C=C[C@@H]1CNCC[C@H]1CCCc1ccnc2ccc(OC)cc12,1.0,6e25e565a1af65f4094c95900256974a
C=C[C@H]1CN2CC[C@@H]1C[C@H]2[C@H](O)c1ccnc2ccc(OC)cc12,0.0,0ac82e90934750946a6bed9fe40e3c3d
C=C[C@H]1CN2CC[C@H]1C[C@@H]2[C@@H](O)c1ccnc2ccc(OC)cc12,1.0,0ac82e90934750946a6bed9fe40e3c3d
C=NC(C(=O)NC1C(=O)N2C1SC(C)(C)C2C(=O)O)c1ccccc1,0.0,a367bbd7584c692ce96e0a3944257bac
CC#C[C@]1(O)CC[C@H]2[C@@H]3CCC4=CC(=O)CCC4=C3[C@@H](c3ccc(N(C)C)cc3)C[C@@]21C,0.0,933b9dc82b1be8d50b70d2071d5e376e
CC(=O)C1(O)CCC2C3CCC4=CC(=O)C=CC4(C)C3C(O)CC21C,1.0,73756ca89c21451cd37841021aa511fa
CC(=O)C12OC(C)(C)OC1CC1C3CCC4=CC(=O)CCC4(C)C3CCC12C,1.0,fc2b643b6b65dc0b2a64fa51ade2e4cf
CC(=O)C1=C(O)[C@@]2(O)C(=O)c3c(c(C)c4ccc(C)c(O)c4c3O)C[C@H]2[C@@H](N)C1=O,0.0,af5847c57b57cc134dbe7af55d663e13
CC(=O)C1CCC2C3CC(C)C4=CC(=O)C=CC4(C)C3C(O)CC12C,1.0,71b99f0649498d7ad75af635a33d0561
CC(=O)C1CCC2C3CC=C4CC(OC(=O)CCC(=O)O)CCC4(C)C3CCC12C,1.0,341241a973f1a72dafbba20f94f786c5
CC(=O)CC(c1ccccc1)c1c(O)oc2ccccc2c1=O,0.0,6e0feefbe2465432945e7c9f4db95e7d
CC(=O)N1CCN(C(=O)Cc2cc(F)cc(F)c2)[C@@H](CN2CC[C@@H](O)C2)C1,0.0,dd9d7bcb64ff4e0f0313aacad7ffd065
CC(=O)N1CCN(C(=O)Cc2ccc(C(F)(F)F)cc2)[C@@H](CN2CC[C@@H](O)C2)C1,0.0,6d639fe6cf385913b71c2a2d168da8d4
CC(=O)N1CCN(C(=O)Cc2ccc(Cl)c(Cl)c2)[C@@H](CN2CCCC2)C1,1.0,7a00d84b188222bc7dd1af313f658d11
CC(=O)N1CCN(C(=O)Cc2ccc(Cl)c(Cl)c2)[C@@H](CN2CC[C@@H](O)C2)C1,0.0,0c43e4d6a51be0df08a2ae805bdb27aa
CC(=O)N1CCN(C(=O)Cc2ccc(S(C)(=O)=O)cc2)[C@@H](CN2CC[C@H](O)C2)C1,0.0,6d639fe6cf385913b71c2a2d168da8d4
CC(=O)N1CCN(C(=O)Cc2ccc([N+](=O)[O-])cc2)[C@@H](CN2CC[C@H](O)C2)C1,0.0,fb7145cb92708cad5febfbf83f27ef2d
CC(=O)N1CCN(C(=O)Cc2ccc([S@@](C)=O)cc2)[C@@H](CN2CC[C@H](O)C2)C1,0.0,fb7145cb92708cad5febfbf83f27ef2d
CC(=O)N1CCN(C(=O)Cc2cccc([N+](=O)[O-])c2)[C@@H](CN2CC[C@H](O)C2)C1,0.0,048da479381ca434f0fa0c856a2e7d51
CC(=O)N1CCN(C(=O)Cc2ccccc2)[C@@H](CN2CC[C@@H](O)C2)C1,0.0,0191038160de571b3b5f23ae283b2e93
CC(=O)N1CCN(c2ccc(OC[C@H]3CO[C@](Cn4ccnc4)(c4ccc(Cl)cc4Cl)O3)cc2)CC1,0.0,dc0b9122eaa10c9db1c7da8b3c857aca
CC(=O)NC(CCC(N)=O)C(=O)O,1.0,0c7210f29865986d4519488839296ebf
CC(=O)NCC1(c2ccccc2)CCN(CCCC(=O)c2ccc(F)cc2)CC1,1.0,4f22b5ffd8b3b8147026b4e6124c2fd0
CC(=O)NCCCN1CCN(c2cc(Cl)ccc2Cl)CC1,1.0,c47e51357d31e7c3d4178388b51f2377
CC(=O)NCCCOc1cccc(CN2CCCCC2)c1,1.0,cbbb04730f4541f03471bf30bc1a432e
CC(=O)NCCC[C@H](NC(C)=O)C(=O)O,1.0,a68995beb0b6bd3e6b07c293f7d014a0
CC(=O)NCCn1c(C)cc(C=O)c1C,1.0,bb336f6c83b8935975b3e342996e34f4
CC(=O)NNC(=O)CC(O)(c1ccccc1)c1ccccc1,1.0,144438b942c85f07c4e35731b2cb7224
CC(=O)Nc1c(I)c(NC(C)=O)c(I)c(C(=O)[O-])c1I,0.0,e3ed48ddcb7dbc861b4fe4abf73167fe
CC(=O)Nc1ccc(O)cc1,1.0,ee14ca4c1b34fb4b9888b9ff32a5e5e5
CC(=O)Nc1ccc(OC(=O)[C@@H]2CCC(=O)N2)cc1,1.0,d3eb38980fe0d8e588494be4f8a28be2
CC(=O)Nc1ccc(OC(=O)c2ccccc2O)cc1,1.0,7b4be0dd4596c7720949f061f2e09f07
CC(=O)Nc1ccc(OC(=O)c2ccccc2OC(C)=O)cc1,1.0,5ef523f4f544224f66a4e193d66e857a
CC(=O)Nc1ccc(OC(C)(C)C)cc1,1.0,4e6fe2cbdcdc380e95570f382ef64691
CC(=O)Nc1cccc(-c2csc(N=C(N)N)n2)c1,0.0,59bf764fa4823d12bd2ec32f82959096
CC(=O)Nc1cccc(O)c1,1.0,acf6f7287e0a05adf77b068fa408e46f
CC(=O)Nc1nnc(S(N)(=O)=O)s1,1.0,639922eae56384761d1375752d9280dc
CC(=O)OC(c1ccccc1)C1CCCCN1,1.0,203f761710df0943d4a06ec0a1f91cbf
CC(=O)OC1/C=C/C(C)=C/CC(O)/C=C/C(C)=C/C(NC(=O)C(C)=O)C2(C)C(=O)OC(C1)C(C)C2=O,0.0,5aacfd319556f47f8fc784080560b1d9
CC(=O)OC1CC[C@@]2(C)C([C@@H]1Br)[C@H](Br)C[C@H]1[C@@H]3CC[C@H]([C@H](C)CCCC(C)C)[C@@]3(C)CC[C@@H]12,1.0,5b09a62212bc43934e74a51c3c448c7d
CC(=O)OCC(=O)C1(O)C(C)CC2C3CC(F)(F)C4=CC(=O)C=CC4(C)C3(F)C(O)CC21C,1.0,275344f67c0b954d703769f6056365c4
CC(=O)OCC(=O)C12N=C(C)OC1CC1C3CCC4=CC(=O)C=CC4(C)[C@@]3(F)C(O)CC12C,1.0,a9e235e1be2f417d70b81c75c50542c5
CC(=O)OCC(=O)OCC/C(SC(=O)c1ccco1)=C(/C)N(C=O)Cc1cnc(C)nc1N,1.0,031758dd1a5e7e36e7482eb462da450a
CC(=O)OCC(=O)[C@@]1(O)CCC2C3CCC4=CC(=O)C=CC4(C)[C@@]3(Cl)C(Cl)CC21C,1.0,3ef79b69edab798d95cafd9ebfa828c3
CC(=O)OCC(=O)[C@@]1(O)CC[C@H]2[C@@H]3CCC4=CC(=O)C=C[C@]4(C)[C@@]3(F)[C@@H](O)C[C@@]21C,1.0,3ef79b69edab798d95cafd9ebfa828c3
CC(=O)OCC(=O)[C@@]1(O)CC[C@H]2[C@@H]3CCC4=CC(=O)C=C[C@]4(C)[C@H]3[C@@H](O)C[C@@]21C,1.0,188a7f6e72e4fc6bbf9f98ae87773911
CC(=O)OCC(=O)[C@@]1(O)CC[C@H]2[C@@H]3CCC4=CC(=O)CC[C@]4(C)[C@@]3(F)[C@@H](O)C[C@@]21C,1.0,3ef79b69edab798d95cafd9ebfa828c3
CC(=O)OCC(=O)[C@@]1(O)CC[C@H]2[C@@H]3CCC4=CC(=O)CC[C@]4(C)[C@H]3C(=O)C[C@@]21C,1.0,188a7f6e72e4fc6bbf9f98ae87773911
CC(=O)OCC(=O)[C@@]1(O)CC[C@H]2[C@@H]3CCC4=CC(=O)CC[C@]4(C)[C@H]3[C@@H](O)C[C@@]21C,1.0,188a7f6e72e4fc6bbf9f98ae87773911
CC(=O)OCC(=O)[C@@]1(O)CC[C@H]2[C@@H]3C[C@H](C)C4=CC(=O)C=C[C@]4(C)[C@H]3[C@@H](O)C[C@@]21C,1.0,ec3ee378e5001ab806b021b1f9970f69
CC(=O)OCC(=O)[C@@]1(O)CC[C@H]2[C@@H]3C[C@H](Cl)C4=CC(=O)C=C[C@]4(C)[C@H]3C(=O)C[C@@]21C,1.0,ec3ee378e5001ab806b021b1f9970f69
CC(=O)OCC(=O)[C@@]1(O)[C@@H](C)C[C@H]2[C@@H]3CCC4=CC(=O)C=C[C@]4(C)[C@@]3(F)[C@@H](O)C[C@@]21C,1.0,9a5fa35585e10c73e71fa112cc29fc43
CC(=O)OCC(=O)[C@@]1(O)[C@H](C)C[C@H]2[C@@H]3C=C(C)C4=Cc5c(cnn5-c5ccccc5)C[C@]4(C)[C@H]3[C@@H](O)C[C@@]21C,1.0,105da31bf24eec5373094dead518f57d
CC(=O)OCC(=O)[C@@]1(O)[C@H](C)C[C@H]2[C@@H]3C[C@H](F)C4=CC(=O)C=C[C@]4(C)[C@H]3[C@@H](O)C[C@@]21C,1.0,cd5d62a06d39c7a7621a6cd97942f838
CC(=O)OCC(=O)[C@@]1(O)[C@H](OC(C)=O)C[C@H]2[C@@H]3CCC4=CC(=O)C=C[C@]4(C)[C@@]3(F)[C@@H](O)C[C@@]21C,1.0,9b4c95036fce625bc978c34fb1f87a18
CC(=O)OCC(=O)[C@@]1(OC(=O)C(C)C)[C@@H](C)C[C@H]2[C@@H]3CCC4=CC(=O)C=C[C@]4(C)[C@@]3(F)[C@@H](O)C[C@@]21C,1.0,158ba1cc7a4662a0163b6868bd1f698b
CC(=O)OCC(=O)[C@@]1(OC(=O)c2ccco2)[C@H](C)C[C@H]2[C@@H]3CCC4=CC(=O)C=C[C@]4(C)[C@@]3(F)[C@@H](O)C[C@@]21C,1.0,81212643ecf13086c8209d6e8bb44155
CC(=O)OCC(=O)[C@@]1(OC(C)=O)[C@@H](C)C[C@H]2[C@@H]3C[C@H](F)C4=CC(=O)C=C[C@]4(C)[C@@]3(F)[C@@H](O)C[C@@]21C,1.0,2c494739665bb018b698be33ee37ad9e
CC(=O)OCC(=O)[C@@]12N=C(C)O[C@@H]1C[C@H]1[C@@H]3CCC4=CC(=O)C=C[C@]4(C)[C@H]3[C@@H](O)C[C@@]12C,1.0,fa29db28ffd39dbe755d1f660276f781
CC(=O)OCC(=O)[C@@]12OC(C)(C)O[C@@H]1CC1C3CC(C=O)=C4C=C(OCCCl)CCC4(C)[C@@]3(F)C(O)CC12C,1.0,aedb5ef7235e9d842ffea37de2955fb7
CC(=O)OCC(=O)[C@@]12OC(C)(C)O[C@@H]1CC1C3C[C@H](F)C4=CC(=O)C=CC4(C)[C@H]3C(O)CC12C,1.0,99f2e760ba780dd4a47caa5911fa4ca5
CC(=O)OCC(=O)[C@@]12OC(C)(C)O[C@@H]1C[C@H]1C3CC(C#N)=C4C=C(OCCCl)CCC4(C)[C@@]3(F)C(O)CC12C,1.0,aedb5ef7235e9d842ffea37de2955fb7
CC(=O)OCC(=O)[C@@]12OC(C)(C)O[C@@H]1C[C@H]1[C@@H]3C[C@H](F)C4=CC(=O)C=C[C@]4(C)[C@@]3(F)[C@@H](O)C[C@@]12C,1.0,fc410a41fa983f1ea956f1126a2a66a6
CC(=O)OCC(=O)[C@@]12OC3(CCCC3)O[C@@H]1C[C@H]1[C@@H]3CCC4=CC(=O)C=C[C@]4(C)[C@@]3(F)[C@@H](O)C[C@@]12C,1.0,64376d397384b216f707f1b5f5c075d0
CC(=O)OCC(=O)[C@H]1[C@H](C)C[C@H]2[C@@H]3C[C@H](F)C4=CC(=O)C=C[C@]4(C)C3(Cl)[C@@H](O)C[C@@]21C,1.0,fc2f2a26ca9e51fc5d4d0f06609c5110
CC(=O)OCC(CCn1cnc2cnc(N)nc21)COC(C)=O,1.0,c10b1636a1910c0316a21e17f38efaf1
CC(=O)OCC/C(SC(C)=O)=C(/C)N(C=O)Cc1cnc(C)nc1N,1.0,7f85759c1bdcd8d875684aa297aa2a62
CC(=O)OCC1=C(C(=O)O)N2C(=O)[C@@H](NC(=O)CCC[C@@H](N)C(=O)O)[C@H]2SC1,0.0,bf3086b479585f994eccec0356b8c9d6
CC(=O)OCC1=C(C(=O)O)N2C(=O)[C@@H](NC(=O)CSc3ccncc3)[C@H]2SC1,0.0,8c5a3f8f5d9e3a92fa66971be5b329a9
CC(=O)OCC1=C(C(=O)O)N2C(=O)[C@@H](NC(=O)Cc3ccccc3)[C@H]2SC1,0.0,4076422d275641fa7dd5578c80e097e7
CC(=O)OCC1=C(C(=O)O)N2C(=O)[C@@H](NC(=O)Cc3cccs3)[C@H]2SC1,0.0,08b9f2d7584d2274759f5a24c32158c7
CC(=O)OCC1=C(C(=O)O)N2C(=O)[C@@H](NC(=O)[C@H](N)c3ccccc3)[C@H]2SC1,0.0,a37dbcde6863b075d222dcfcd85aaf36
CC(=O)OCC1=C(C(=O)O)N2C(=O)[C@@H](NC(=O)c3c(-c4ccccc4Cl)noc3C)[C@H]2SC1,0.0,d074401090d04539bfb1db103efef81c
CC(=O)OCC1=C(C(=O)[O-])N2C(=O)[C@H](NC(=O)CC#N)[C@@H]2SC1,0.0,935e464345a5695ea0fd86403c71bff6
CC(=O)OCC1=CO[C@@H](OC(=O)CC(C)C)[C@H]2C1=C[C@H](OC(=O)CC(C)(C)OC(C)=O)[C@]21CO1,1.0,4ad9caa1256f7f1396760c278bef8452
CC(=O)OCC1=CO[C@@H](OC(=O)CC(C)C)[C@H]2C1=C[C@H](OC(=O)CC(C)C)[C@]21CO1,1.0,ef2d52275484c4693d734c5aaa7df129
CC(=O)OCCN1CCN(CCCN2c3ccccc3Sc3ccc(Cl)cc32)CC1,1.0,20723b1dc2f4e72e00361a0f2d9865d9
CC(=O)OCOC(=O)C1N2C(=O)C(NC(=O)Cc3ccccc3)C2SC1(C)C,0.0,63c17dc7c5cc4533db067e4706c47999
CC(=O)O[C@@H](C)C(=O)[C@@]1(O)CC[C@H]2[C@@H]3CCC4=CC(=O)C=C[C@]4(C)[C@@]3(F)[C@@H](O)C[C@@]21C,1.0,97262711902c648849fa4120bc03d55b
CC(=O)O[C@@]12CO[C@@H]1C[C@H](O)[C@@]1(C)C(=O)[C@H](O)C3=C(C)[C@@H](OC(=O)[C@H](O)[C@@H](NC(=O)OC(C)(C)C)c4ccccc4)C[C@@](O)([C@@H](OC(=O)c4ccccc4)[C@H]21)C3(C)C,0.0,85c08191885ebaf0d7ca7acdf0fd7662
CC(=O)O[C@H]1C(=O)[C@@]2(C)C([C@H](OC(=O)c3ccccc3)[C@]3(O)C[C@H](OC(=O)[C@H](O)[C@@H](NC(=O)c4ccccc4)c4ccccc4)C(C)=C1C3(C)C)[C@]1(OC(C)=O)CO[C@@H]1C[C@@H]2O,0.0,232b5350163cef29853a73ee4ab93cf9
CC(=O)O[C@H]1C[C@@H]2C(COC(=O)CC(C)C)=CO[C@@H](OC(=O)CC(C)C)[C@@H]2[C@@]12CO2,1.0,8199995bcf25d13ce21e0969d77aab0a
CC(=O)O[C@H]1C[C@@]2(C)[C@@H](C[C@@H](O)[C@H]3[C@@]4(C)CC[C@@H](O)[C@@H](C)[C@@H]4CC[C@@]32C)/C1=C(\CCC=C(C)C)C(=O)O,0.0,7e8c5cb61b0011ac4a754368fcdbbc01
CC(=O)O[C@]1(C(C)=O)CC[C@H]2[C@@H]3C[C@H](C)C4=CC(=O)C=C[C@]4(C)[C@@]3(F)[C@@H](O)C[C@@]21C,1.0,af6d8a8318a42d8bf07ea2a71d78f7d6
CC(=O)Oc1ccc2c3c1O[C@H]1[C@@H](OC(C)=O)C=C[C@H]4[C@@H](C2)N(C)CC[C@@]341,1.0,b9a9a57dffb3c10da4075f1ba4ad21b4
CC(=O)SCC(Cc1ccccc1)C(=O)NCC(=O)OCc1ccccc1,1.0,eff178a12bc148328a30c00a34b8193a
CC(=O)S[C@@H]1CC2=CC(=O)CC[C@]2(C)[C@H]2CC[C@@]3(C)[C@@H](CC[C@@]34CCC(=O)O4)[C@H]12,0.0,adbeaae26725422ff207bba9577ad56f
CC(=O)[C@@]1(O)CC[C@H]2[C@@H]3C[C@H](C)C4=CC(=O)C=C[C@]4(C)[C@@]3(F)[C@@H](O)C[C@@]21C,1.0,e0e3e77e5c5dde2ecacb5f8eed49f36d
CC(=O)[C@@]1(O)[C@@H](C)C[C@H]2[C@@H]3CCC4=CC(=O)C=C[C@]4(C)[C@@]3(F)[C@@H](O)C[C@@]21C,1.0,a91bf905ab5ccbf4eece7990bd5a75b2
CC(=O)[C@@]1(O)[C@H](O)C[C@H]2[C@@H]3CCC4=CC(=O)C=C[C@]4(C)[C@@]3(F)[C@@H](O)C[C@@]21C,1.0,a91bf905ab5ccbf4eece7990bd5a75b2
CC(=O)[C@@]1(O)[C@H](O)C[C@H]2[C@@H]3CCC4=CC(=O)CC[C@]4(C)[C@H]3CC[C@@]21C,1.0,8691424d4371c0fb08fcfcef7c32ace9
CC(=O)[C@H]1CC[C@H]2[C@@H]3CCC4=CC(=O)CC[C@]4(C)[C@H]3CC[C@]12C,0.0,87f9de10467a7dd98b50626a5d7c2744
CC(=O)[C@H]1CC[C@H]2[C@@H]3CC[C@@H]4C[C@H](O)CC[C@]4(C)[C@H]3CC[C@]12C,1.0,87f9de10467a7dd98b50626a5d7c2744
CC(=O)[C@H]1CC[C@H]2[C@@H]3CC[C@H]4C[C@H](O)CC[C@]4(C)[C@H]3C(=O)C[C@]12C,1.0,0e5f5a67825725e15d6e45c0f858f8e3
CC(=O)[C@H]1CC[C@H]2[C@@H]3CC[C@H]4C[C@](C)(O)CC[C@]4(C)[C@H]3CC[C@]12C,1.0,339c2cf2365c874da74ecfeb70d88c8b
CC(=O)[C@H]1CC[C@H]2[C@@H]3C[C@@H](O)C45CC4CC[C@]5(C)[C@H]3CC[C@]12C,1.0,e08dc0af8faf4b3249a208d01252522e
CC(=O)[C@H]1CC[C@H]2[C@@H]3C[C@H](C)C4=CC(=O)CC[C@]4(C)[C@H]3[C@@H](O)C[C@]12C,1.0,71b99f0649498d7ad75af635a33d0561
CC(=O)[C@]1(N)Cc2c(O)c3c(c(O)c2[C@@H](O[C@H]2C[C@H](O)[C@H](O)CO2)C1)C(=O)c1ccccc1C3=O,0.0,c61c51cf1d0289714e68d30b45138bbf
CC(=O)[C@]1(O)Cc2c(O)c3c(c(O)c2C(OC2CC(N)C(O)C(C)O2)C1)C(=O)c1c(O)cccc1C3=O,0.0,4b7a8000eef948b05492ea7afa299684
CC(=O)[C@]1(O)Cc2c(O)c3c(c(O)c2[C@@H](O[C@H]2C[C@H](N)[C@H](O)[C@H](C)O2)C1)C(=O)c1ccccc1C3=O,0.0,dd288a6f30bf7e8afbe9900eacd1cd22
CC(=O)c1ccc(C(O)C(CO)NC(=O)C(Cl)Cl)cc1,1.0,60c6bee45ba66f59a49e88bd91e6a29f
CC(=O)c1ccc2c(c1)N(CC(C)N(C)C)c1ccccc1S2,1.0,e604ff96bd74c08ecdf82010aaefcfac
CC(=O)c1ccc2c(c1)N(CCCN(C)C)c1ccccc1S2,1.0,8378d8b88cc3b62803b16254cb6c5542
CC(=O)c1ccc2c(c1)N(CCCN1CCC(CCO)CC1)c1ccccc1S2,1.0,ec9dc1036484dee17a1c2e17be8fef70
CC(=O)c1ccc2c(c1)N(CCCN1CCN(CCO)CC1)c1ccccc1S2,1.0,ec9dc1036484dee17a1c2e17be8fef70
CC(C(=O)O)c1cccc(C(=O)c2ccccc2)c1,1.0,bd00a629e44a0af763cb12b6bc83ba34
CC(C(=O)c1ccccc1)N(C)C,1.0,861456f063dfef9aa0d91c7902252386
CC(C)(C(=O)O)c1ccc(C(=O)CCCN2CCC(OC(c3ccccc3)c3ccccc3)CC2)cc1,0.0,0073388a836bd11cac715adf577c5b6f
CC(C)(C(=O)O)c1ccc(C(O)CCCN2CCC(C(O)(c3ccccc3)c3ccccc3)CC2)cc1,0.0,77263e713133e007b242c693cfcf0866
CC(C)(C)C(=O)NCCCC(=O)O,1.0,8733cbfb22f8e7601555e03b3a05d397
CC(C)(C)C(=O)OC1N=C(c2ccccc2)c2cc(Cl)ccc2NC1=O,1.0,66a69c13f4c13578b09f4eb5ed9911ef
CC(C)(C)C(=O)OCOC(=O)C1N2C(=O)[C@@H](N=CN3CCCCCC3)[C@H]2SC1(C)C,0.0,909d729899ac1c67baab5a15a7993e40
CC(C)(C)C(=O)OCOC(=O)[C@@H]1N2C(=O)[C@@H](NC(=O)[C@H](N)c3ccccc3)[C@H]2SC1(C)C,0.0,43026ad92f521b061ca57c1cabc0dee6
CC(C)(C)C(=O)SCC(=O)[C@@]1(O)CC[C@H]2[C@@H]3CCC4=CC(=O)CC[C@]4(C)[C@H]3[C@@H](O)C[C@@]21C,1.0,d65422f73bdfd31c64cb300575f2f649
CC(C)(C)C(O)/C=C/c1ccc2c(c1)OCO2,1.0,4e312f2cc85b2a14da227d2fc74d2f66
CC(C)(C)CC(=O)OCC(=O)[C@@]1(O)CC[C@H]2[C@@H]3CCC4=CC(=O)C=C[C@]4(C)[C@H]3[C@@H](O)C[C@@]21C,1.0,c9387123f1d4b8408fd54ecf38b0a1d3
CC(C)(C)CC(=O)OCC(=O)[C@@]12OC(C)(C)O[C@@H]1C[C@H]1[C@@H]3CCC4=CC(=O)C=C[C@]4(C)[C@@]3(F)[C@@H](O)C[C@@]12C,1.0,63847b1abfa9e4c0ad14c2541c5eebb8
CC(C)(C)N1CCC(c2ccccc2)(c2ccccc2)CC1,1.0,5e7ce46c9b8851ad32f071aeb32d6b31
CC(C)(C)NC(=O)C1CC2CCCCC2CN1CC(O)C(Cc1ccccc1)NC(=O)C(CC(N)=O)NC(=O)c1ccc2ccccc2n1,1.0,2713462d53d9ca7cea98d4e89604da35
CC(C)(C)NC(=O)[C@@H]1CN(Cc2cccnc2)CCN1C[C@@H](O)C[C@@H](Cc1ccccc1)C(=O)N[C@H]1c2ccccc2C[C@H]1O,1.0,1f4c781253d7fc43c95a16187af85e39
CC(C)(C)NC(=O)[C@@H]1C[C@@H]2CCCC[C@@H]2CN1C[C@@H](O)[C@H](Cc1ccccc1)NC(=O)[C@H](CC(N)=O)NC(=O)c1ccc2ccccc2n1,0.0,2713462d53d9ca7cea98d4e89604da35
CC(C)(C)NCC(O)COc1cccc2c1CCC(=O)N2,0.0,3916530f7c1f4bc59dab18928dad4fb3
CC(C)(C)NCC(O)COc1cccc2c1C[C@H](O)[C@H](O)C2,1.0,45f70a1b64d3e109fb9310f06232d602
CC(C)(C)NCC(O)c1ccc(O)c(CO)c1,0.0,8245d99343884fa7dcc74d86a674b56c
CC(C)(C)NCC(O)c1ccc(O)c(CO)n1,0.0,8245d99343884fa7dcc74d86a674b56c
CC(C)(C)NCC(O)c1ccc(O)c(NC(N)=O)c1,0.0,aa5796fe2b16ea8e60afe746c7fa5cd6
CC(C)(C)NCC(O)c1ccccc1F,1.0,42c2142a7d2af68c1093ca8d5f9cfae7
CC(C)(C)OC(=O)CCCc1ccc(N(CCCl)CCCl)cc1,1.0,59021053eebae767fb2ff217dfd62d2c
CC(C)(C)OC(=O)c1ncn2c1[C@@H]1CCCN1C(=O)c1c(Br)cccc1-2,1.0,472cbfc0472129790a0039af06e2e86f
CC(C)(C)[C@]1(O)CCN2C[C@H]3c4ccccc4CCc4cccc(c43)[C@@H]2C1,1.0,49ac77d32db245265e30c2e2ba296ea3
CC(C)(C)c1ccc(C(=O)CCCN2CCC(OC(c3ccccc3)c3ccccc3)CC2)cc1,0.0,075e295f9c322b49df12e55a6cc16e94
CC(C)(C)c1ccc(C(O)CCCN2CCC(C(O)(c3ccccc3)c3ccccc3)CC2)cc1,0.0,75eccb0cc8b0329f194aedea11dcff3b
CC(C)(C)c1ccc(CN2CCN(C(c3ccccc3)c3ccc(Cl)cc3)CC2)cc1,1.0,c45e271f61a2f839a3e72163b483eb9a
CC(C)(CO)[C@@H](O)C(=O)NCCCC(=O)O,1.0,a279382737c5982c7119bac482b65fd7
CC(C)(O)C(C)(O)c1ccc(Cl)cc1,1.0,24e7684b50865a3b20239b09889ec03d
CC(C)(O)C(C)(O)c1cccc(Cl)c1,1.0,422f704e6afedd5edf667e8b482b123e
CC(C)(O)CC(C)(O)c1ccc(Cl)cc1,1.0,c8d96bc715744cd5624f6664a1c71b4d
CC(C)(O/N=C(\C(=O)N[C@@H]1C(=O)N2C(C(=O)[O-])=C(C[n+]3ccccc3)CS[C@H]12)c1csc(N)n1)C(=O)O,1.0,c041910d6592474eb66a6d6cdbdfb809
CC(C)(Oc1ccc(Cl)cc1)C(=O)N[C@@H](C(=O)N[C@@H]1C(=O)N2[C@@H]1SC(C)(C)[C@@H]2C(=O)O)c1ccccc1,0.0,5b72d62ddfe2f69e5d91dabadfae218b
CC(C)(Oc1ccc(Cl)cc1)C(=O)O,0.0,ad5f96ec09ffffd7dae4d6140bfa6894
CC(C)(Oc1ccccc1)C(=O)N[C@@H]1C(=O)N2[C@@H]1SC(C)(C)[C@@H]2C(=O)O,0.0,fae2d69c2b6f7a8e112c01ebb8fa4e73
CC(C)=CCN1CC[C@@]2(C)c3cc(O)ccc3C[C@@H]1[C@H]2C,1.0,eb8beab084f469515eaa2707ac7d50d9
CC(C)=CCN1CC[C@]23c4c5ccc(O)c4O[C@H]2C(=O)CC[C@@]3(O)[C@H]1C5,1.0,50dce92894b07158667408bf10ab3c5b
CC(C)=O,1.0,cde6b48ed870286595c1455af7aff8bd
CC(C)C(=O)OCC(=O)[C@@]12O[C@H](C3CCCCC3)O[C@@H]1C[C@H]1[C@@H]3CCC4=CC(=O)C=C[C@]4(C)[C@H]3[C@@H](O)C[C@@]12C,1.0,1ac2142e28c1627f375b4c049a15db48
CC(C)C(=O)OCc1cccc(OC(=O)[C@@H]2N3C(=O)[C@@H](NC(=O)Cc4ccccc4)[C@H]3SC2(C)C)c1,0.0,4e08ae8c8548067e9708803306e429db
CC(C)C(Br)C(=O)NC(N)=O,1.0,db2539ffc07b0fd2eddee7c4022df7f2
CC(C)C(CCCCCC(=O)O)NCc1ccc(F)cc1,1.0,3a39646c5a6f040ed3d8c7432f2dd898
CC(C)C(O)C1CCCCC1,1.0,6ebcabe169082f26957143322ae6d699
CC(C)C1(C(C)C)OCC(CO)O1,1.0,b4b6c61ec7a4dfdcc166112ad8d2cb14
CC(C)C1NC(=O)[C@@H](C(C)C)OC(=O)[C@H](C(C)C)NC(=O)[C@H](C)OC(=O)[C@@H](C(C)C)NC(=O)[C@@H](C(C)C)OC(=O)[C@H](C(C)C)NC(=O)[C@H](C)OC(=O)[C@@H](C(C)C)NC(=O)[C@@H](C(C)C)OC(=O)[C@H](C(C)C)NC(=O)[C@H](C)OC1=O,0.0,50375e5817ac873dcfb6e9b933bfd373
CC(C)CC(N(C)C)C1(c2ccc(Cl)cc2)CCC1,1.0,78018ed8563d2306244e77ec1b01cd99
CC(C)CC(OC(=O)c1ccco1)C(=O)N[C@@H]1C(=O)N2[C@@H]1SC(C)(C)[C@@H]2C(=O)O,0.0,5e2d379cbe0043d1ee9d35254289b3fc
CC(C)CC1NC(=O)C(CCCN)NC(=O)C(C(C)C)NC(=O)C2CCCN2C(=O)C(Cc2ccccc2)NC(=O)C(CC(C)C)NC(=O)C(CCCN)NC(=O)C(C(C)C)NC(=O)C2CCCN2C(=O)C(Cc2ccccc2)NC1=O,0.0,c9ccddeb136eec9772a547ee9e16e5e8
CC(C)CCC(=O)CC1c2ccccc2C(=O)N1c1ccc2ccc(Cl)nc2n1,1.0,51ed8ec1fb17705b2fff5e5bdd2fb2e4
CC(C)CCNCC1COc2ccccc2O1,1.0,5ae697cb990aeddb2de21a3c12080a58
CC(C)CCOC(CN1CCCC1)c1ccccc1,1.0,31c1f22e3dd20f0014996a2d3e213295
CC(C)CO,1.0,7e799239f8573f120a2c5e15cda2e88f
CC(C)COCC(CN(Cc1ccccc1)c1ccccc1)N1CCCC1,0.0,5e28d0c660cdb97fb8e478e6b4f8ea37
CC(C)C[C@H](CN)CC(=O)O,1.0,fdd3b6bb4e98751831a8521abb71cc5e
CC(C)C[C@H]1C(=O)N2CCC[C@H]2[C@]2(O)O[C@](NC(=O)[C@@H]3C=C4c5cccc6[nH]c(Br)c(c56)C[C@H]4N(C)C3)(C(C)C)C(=O)N12,0.0,a0bd11039cb79f49a959185039813eff
CC(C)Cc1ccc(C(C)C(=O)O)cc1,0.0,fbd86b3a442cc59d893e625f054fc7f4
CC(C)N(CCNC(=O)CN1CCCC1=O)C(C)C,1.0,4fa98a72a6074dd079d43d5e2cb4ddaf
CC(C)N1CCC(N(C(=O)Cc2ccccc2)c2ccc(Cl)cc2)CC1,1.0,988e3658068611c217a6e6630b0e3e75
CC(C)N1CCN(c2ccc(OC[C@H]3CO[C@](Cn4cncn4)(c4ccc(Cl)cc4Cl)O3)cc2)CC1,0.0,dc0b9122eaa10c9db1c7da8b3c857aca
CC(C)N1CCOC(c2ccc(C(F)(F)F)cc2)C1,1.0,fbb9440c47657d78bcf00a57c9bb82dc
CC(C)N=c1cc2n(-c3ccc(Cl)cc3)c3ccccc3nc-2cc1Nc1ccc(Cl)cc1,0.0,f000e4ed513e50675679861bd6904d59
CC(C)NC(=O)OC1CCN(CCCC(=O)c2ccc(F)cc2)CC1,1.0,32bcda4e64ab1284c5342e02ce90579e
CC(C)NCC(O)COc1ccc(CC(N)=O)cc1,0.0,7e0735765fe153fef02e340dd7478805
CC(C)NCC(O)COc1cccc2[nH]ccc12,1.0,99292f59cc5b2c3bc390a35bc33d08b8
CC(C)NCC(O)c1ccc(NS(C)(=O)=O)cc1,1.0,ecd2ef39ebd7c334e6b3ccf1f004bd48
CC(C)NCC(O)c1ccc(O)c(O)c1,0.0,e311a73215ee82e640882f77e226100f
CC(C)NNC(=O)COc1ccc(Cl)cc1,1.0,bceb417ca316fbe21d755eee29f5b659
CC(C)NNC(=O)c1ccncc1,1.0,5e84466d3ee529fe4a128260c8143a72
CC(C)NS(=O)(=O)CCN1C(=O)c2ccccc2C1=O,1.0,67726f534a1d98c94dffb18b121a3762
CC(C)N[C@H]1C2CCC(CC2)[C@]1(O)c1ccc(Cl)c(Cl)c1,1.0,cf415ffbd3b66596cdc622f2f7007f7e
CC(C)Nc1cccnc1N1CCN(C(=O)c2cc3cc(NS(C)(=O)=O)ccc3[nH]2)CC1,0.0,5d10c416979e0dc0ea61d0998e8240ab
CC(C)O,1.0,cde6b48ed870286595c1455af7aff8bd
CC(C)OCC(COC(C)C)OCn1cnc2cnc(N)nc21,1.0,c10b1636a1910c0316a21e17f38efaf1
CC(C)Oc1ccccc1N1CCN(Cc2cccc(C(=O)N3CCCCC3)c2)CC1,1.0,7e241a87bf34bc72d168905de4431dda
CC(C)[C@@H](CN1CCCC1)N(C)C(=O)Cc1ccc(Cl)c(Cl)c1,1.0,28ad84803879f36cc39732db4b531c7c
CC(C)[C@@]1(O)CCN2C[C@@H]3c4ccccc4CCc4cccc(c43)[C@H]2C1,1.0,7db38925894feccd0aec6cb4a94f1d0f
CC(C)[C@H](N)C(=O)OCC(CO)OCn1cnc2c(=O)nc(N)[nH]c21,1.0,62ab15ad99b73a046ad42e55ce4a302a
CC(C)[C@H](N)C(=O)OCCOCn1cnc2c(=O)nc(N)[nH]c21,1.0,41f7bc8692c747e1a51675762da98efe
CC(C)[C@H](NC(=O)[C@H](Cc1ccccc1)NC(=O)CNC(=O)[C@@H](C)NC(=O)[C@@H](N)Cc1ccc(O)cc1)C(N)=O,0.0,4b08d819ef30b273bd45fe458ba5210c
CC(C)[N+](C)(CCOC(=O)C1c2ccccc2Oc2ccccc21)C(C)C,0.0,75fb70a98f469d7d537ac4a922c52dea
CC(C)[N+]1(C)C2CCC1CC(OC(=O)C(CO)c1ccccc1)C2,0.0,9cd701096ded4b220a79b1a697499416
CC(C)c1cccc(C(C)C)c1O,1.0,99e34b4169ec5fd3d91da8a466d88ef7
CC(C)c1ccccc1OCC1=NCCN1,0.0,2d2d10a3fa95011434a63787aaf6882b
CC(C)c1nc(-c2ncn3c2CN(C)C(=O)c2c(Cl)cccc2-3)no1,1.0,dd351f575acb7572fbfe755a3012d235
CC(C)c1nc(CN(C)C(=O)N[C@H](C(=O)N[C@@H](Cc2ccccc2)C[C@H](O)[C@H](Cc2ccccc2)NC(=O)OCc2cncs2)C(C)C)cs1,0.0,cdc7a0cbd145e09f9c4f5649950c5216
CC(C)n1c(/C=C/[C@@H](O)C[C@H](O)CC(=O)O)c(-c2ccc(F)cc2)c2ccccc21,1.0,52e076cf7f089b8e6604f2f22118eb22
CC(C)n1c(=O)c2c(-c3noc(C4CC4)n3)ncn2c2ccccc21,1.0,0bcd16f452fd73d9c55a7fd34ddd1fba
CC(C)n1cc2c3c(cccc31)C1C[C@@H](C(=O)NC3CCCCC3)CN(C)C1C2,1.0,ef4f8bbc235fe1c0cb28507d607453e9
CC(CC#N)N(C)CC(=O)N(C)c1ccc(Cl)cc1C(=O)c1ccccc1F,1.0,bd8932004eeed5d59ccbbe5412185e0a
CC(CC(C)(C)O)OC(O)C(Cl)(Cl)Cl,1.0,d45ae805a2c56c53e036d00845eb0a85
CC(CC1c2ccccc2CCc2ccccc21)CN(C)C,1.0,71102b46f93b2ce7bcedb5c7c819bc37
CC(CCN1CCN(c2ccc(F)cc2)CC1)NC(=O)c1cccnc1,1.0,27a038293c51d602d91b8e17a71b0542
CC(CCc1ccccc1)NC(C)C(O)c1ccc(O)cc1,0.0,556fb0573e409bba533a14b0b88d66ad
CC(CCc1ccccc1)NCC(O)c1ccc(O)c(C(N)=O)c1,0.0,d48eb08b3fc222a434788ed268455781
CC(CN(C)C)CN1c2ccccc2CCc2ccccc21,1.0,71102b46f93b2ce7bcedb5c7c819bc37
CC(CN(C)C)CN1c2ccccc2S(=O)(=O)c2ccccc21,1.0,e7e9f955be231ae6353f36854fc8e3d3
CC(CN(C)C)CN1c2ccccc2Sc2ccc(C#N)cc21,1.0,2140119aba3a0f97602abc10c3ae6fe3
CC(CN(C)C)CN1c2ccccc2Sc2ccc(C(F)(F)F)cc21,1.0,00d1d6c7c8761bfeba41c5d255269b9b
CC(CN(C)C)CN1c2ccccc2Sc2ccccc21,1.0,f04822b0b17f55bb9689ad4d395aa9d0
CC(CN(C)C)OC(C)(c1ccccc1)c1ccc(Cl)cc1,0.0,074d543f223592a12973e1eb71eb0f8d
CC(CN1C(=O)c2cccnc2Nc2ccccc21)N(C)C,1.0,0e91126fc63f8b6132999a13af71f463
CC(CN1CCN(CCOCCO)CC1)CN1c2ccccc2Sc2ccccc21,1.0,1e564b7f6d46e0e155c04d8b0efb7918
CC(CN1CCOCC1)C(C(=O)N1CCCC1)(c1ccccc1)c1ccccc1,1.0,acdcf760ee2ae7edbeabf1ac22e08909
CC(CN1c2ccccc2Sc2ccccc21)N(C)C,1.0,1cbcf01f5a82603437c817f69b41d88f
CC(CNC(=O)c1ccccc1)C(=O)OCC(=O)[C@@]12OC(C)(C)O[C@@H]1C[C@H]1[C@@H]3CCC4=CC(=O)C=C[C@]4(C)[C@@]3(F)[C@@H](O)C[C@@]12C,1.0,bc1b6626b886383255ac07a50dcce5cb
CC(COc1ccccc1)N(CCCl)Cc1ccccc1,0.0,7830a4d431a343e083e8e3d79da224f3
CC(COc1ccccc1)NN,1.0,0b88f84d3e55e5ce9cae2ef6f9171257
CC(C[N+](C)(C)C)OC(N)=O,0.0,46d92f8d469be32b174b88535305bb4a
CC(Cc1ccc(O)cc1)NCC(O)c1cc(O)cc(O)c1,0.0,5e25ca071b598271414cc5f59b48dcaa
CC(Cc1ccccc1)(NC(=O)CN)c1ccccc1,1.0,a59d0ecd213bd5227b30bd82a0b2667c
CC(Cc1ccccc1)N(C)C,1.0,5fb3deccac1447da45db9615d344de35
CC(Cc1ccccc1)N(C)Cc1ccccc1,1.0,8ec26034824700ca8835b204f8ca7385
CC(Cc1ccccc1)N(C)Cc1ccco1,1.0,4090a0cbb24b5eac5c28a77efa12dafc
CC(Cc1ccccc1)NC(C#N)c1ccccc1,1.0,18e158cc075981d97d966dc62bcf348c
CC(Cc1ccccc1)NCCC1c2ccccc2Sc2ccccc21,1.0,d06908d76d0144bb02bb00f02102352b
CC(Cc1ccccc1)NCCn1cnc2c1c(=O)n(C)c(=O)n2C,1.0,1c15dbe2f618282ce24916413b160389
CC(Cc1ccccc1)NN,1.0,614b4f0700a5c500437fc1f72965e18e
CC(Cc1ccccc1)NO,0.0,614b4f0700a5c500437fc1f72965e18e
CC(Cc1ccccc1)[N+](C)([O-])Cc1ccccc1,1.0,17316be0e68822997c51ed256e44a721
CC(Cc1ccccc1)n1cc([N-]C(=O)Nc2ccccc2)[o+]n1,1.0,a4e5b4bd98748b8b82a39b4652fcb4e6
CC(Cl)(Cl)Cl,1.0,c502b67eb6d91d909ba398fa39bec60c
CC(N)C(=O)OC(C)(C)Cc1ccc(Cl)cc1,1.0,6f1178c27e79ffdeb17a4e442694c855
CC(N)Cc1ccccc1,1.0,023f61083f4328fb83a5e18432765d00
CC(NC(C)(C)C)C(=O)c1cccc(Cl)c1,1.0,6ee0d62c16dc869084f0830e1f079d03
CC(NCCn1cnc2c1c(=O)n(C)c(=O)n2C)C(O)c1ccccc1,1.0,d921882eb14d756dc1a06f768871a6c3
CC(NN)c1ccccc1,1.0,f9381bcd9660ce166865d0250259b723
CC(NNC(=O)c1ccccc1)c1ccccc1,1.0,1e9b01e1179f9351d1ac63f5fdf45ba1
CC(O)Cn1cnc2c1c(=O)n(C)c(=O)n2C,1.0,6428289df0592f64c253a3b1f04cfb29
CC(OC(N)=O)C(C)C(C)OC(N)=O,1.0,e6c623827a59c6527ebe8b5ef12aba59
CC(Oc1cccc2ccccc12)/C(N)=N/O,1.0,1abd48962a28d32b3d3cee0648e6aee8
CC(Oc1ccccc1)C(=O)NC1C(=O)N2C1SC(C)(C)C2C(=O)O,0.0,9ebf2fbfa9be8d469f271026cc55de73
CC(c1noc2ccc(Cl)cc12)n1ccnc1,1.0,0ae95cce90b45cba6c6d1a65197bfcff
CC/C(=C(/CC)c1ccc(O)cc1)c1ccc(O)cc1,0.0,c0456b4fee0270c0f8f44a87a9c7d6b4
CC/C(=C(\c1ccccc1)c1ccc(OCCN(C)C)cc1)c1ccccc1,1.0,7ab2d8d4c06eae4d8c4a968848dd245f
CC/C=C(\C(=O)N[C@@H]1C(=O)N2C(C(=O)O)=C(COC(N)=O)CS[C@H]12)c1csc(N)n1,0.0,29510d2384319cfd7af78d428f37bbea
CC/C=C(\C)C1(CC)C(=O)NC(=O)NC1=O,1.0,a9bd3b05895bf6198d5b35d51416311d
CC1(C)CC(=O)N(CCCCN2CCN(c3ncccn3)CC2)C(=O)C1,1.0,72c426e1d20a924b5fda45b26178cd41
CC1(C)CCN(C(=O)Cc2ccc(Cl)c(Cl)c2)[C@@H](CN2CCCC2)C1,1.0,8e6cf21c1f0e62e1e7e89044187e5476
CC1(C)CN(CCN2CCN(c3cccc(Cl)c3)C2=O)C1,1.0,ffba8ad2a375cddbab90c58e78ecdddd
CC1(C)NC(=O)C(/C=C/c2ccccc2)O1,1.0,efa0a0a77ecb13131d75247a044248c2
CC1(C)OC(=O)NC1=O,1.0,75281f042e281c70c1489ae0365c6941
CC1(C)OC(=O)Nc2ccc(Br)cc21,1.0,888538cae5a5950b6f291e1cb57a50c5
CC1(C)O[C@@H]2CC3C4C[C@H](F)C5=CC(=O)C=CC5(C)[C@@]4(Cl)C(Cl)CC3(C)[C@]2(C(=O)CO)O1,1.0,ba15a8308ca62fd174136104706494b7
CC1(C)O[C@@H]2CC3C4C[C@H](F)C5=CC(=O)C=CC5(C)[C@@]4(Cl)[C@@H](Cl)CC3(C)[C@]2(C(=O)CF)O1,1.0,ba15a8308ca62fd174136104706494b7
CC1(C)O[C@@H]2CC3[C@@H]4C[C@H](F)C5=CC(=O)C=CC5(C)[C@H]4[C@@H](O)C[C@]3(C)[C@]2(C(=O)CO)O1,1.0,5ef2eb53fe1c234ab45d130402925c61
CC1(C)O[C@@H]2C[C@H]3C4CCC5=CC(=O)C=CC5(C)[C@H]4C(O)CC3(C)[C@]2(C(=O)CO)O1,1.0,aac2cb499ce3a6711b4c0aed48e59fde
CC1(C)O[C@@H]2C[C@H]3C4CCC5CC(=O)CCC5(C)[C@@]4(F)[C@@H](O)CC3(C)[C@]2(C(=O)CO)O1,1.0,673eaba7f806aafe059e95a0474a0c49
CC1(C)O[C@@H]2C[C@H]3C4C[C@H](F)C5=CC(=O)C=CC5(C)[C@@]4(Cl)[C@@H](Cl)CC3(C)[C@]2(C(=O)CCl)O1,1.0,ba15a8308ca62fd174136104706494b7
CC1(C)O[C@@H]2C[C@H]3C4C[C@H](F)C5=CC(=O)C=C[C@]5(C)[C@@]4(F)[C@@H](O)C[C@]3(C)[C@]2(C(=O)COC(=O)C2CC2)O1,1.0,5d86b9d90d4e5aea63a1b810fb67b17a
CC1(C)O[C@@H]2C[C@H]3[C@@H]4CCC5=CC(=O)C=C[C@]5(C)[C@@]4(F)[C@@H](O)C[C@]3(C)[C@]2(C(=O)CO)O1,1.0,673eaba7f806aafe059e95a0474a0c49
CC1(C)O[C@@H]2C[C@H]3[C@@H]4CCC5=CC(=O)C=C[C@]5(C)[C@@]4(F)[C@@H](O)C[C@]3(C)[C@]2(C(=O)COC(=O)c2cc3ccccc3o2)O1,1.0,10a7da338b31dd8ac655b4b34102bd70
CC1(C)O[C@@H]2C[C@H]3[C@@H]4CCC5=CC(=O)CC[C@]5(C)[C@@]4(F)[C@@H](O)C[C@]3(C)[C@]2(C(=O)CCl)O1,1.0,673eaba7f806aafe059e95a0474a0c49
CC1(C)O[C@@H]2C[C@H]3[C@@H]4C[C@H](F)C5=CC(=O)C=C[C@]5(C)[C@@]4(F)[C@@H](O)C[C@]3(C)[C@]2(C(=O)CO)O1,1.0,ba15a8308ca62fd174136104706494b7
CC1(C)O[C@@H]2C[C@H]3[C@@H]4C[C@H](F)C5=CC(=O)CC[C@]5(C)[C@H]4[C@@H](O)C[C@]3(C)[C@]2(C(=O)CO)O1,1.0,5ef2eb53fe1c234ab45d130402925c61
CC1(C)O[C@@H]2[C@@H](CO[C@@]3(COS(N)(=O)=O)OC(C)(C)O[C@@H]23)O1,1.0,f3d3c7579c0c8784d0af9eaec91d3361
CC1(C)SC2C(N(C(=N)c3ccncc3)[C@H](C(=O)NC(=O)CN)c3ccccc3)C(=O)N2C1C(=O)O,0.0,cbc1542445abe880b1a1b01c6d455536
CC1(C)SC2C(NC(=O)CSc3ccccc3)C(=O)N2C1C(=O)O,0.0,a613dfaa5dad978c41bd7ae617b00dc5
CC1(C)SC2C(NC(=O)Cc3ccccc3)C(=O)N2C1C(=O)O,0.0,ca4a01a3298b29b8e990220f7bb13272
CC1(C)S[C@@H]2C(NC(=O)[C@H](NC(=O)c3c[nH]c4cccnc4c3=O)c3ccccc3)C(=O)N2[C@H]1C(=O)O,0.0,f74927f5e23a906a4ba412bd187661a9
CC1(C)S[C@@H]2[C@H](N3C(=O)[C@@H](c4ccccc4)NC3(C)C)C(=O)N2[C@H]1C(=O)O,0.0,8447ef1d7490a00f21111fe1007adf88
CC1(C)S[C@@H]2[C@H](N=CN3CCCCCC3)C(=O)N2[C@H]1C(=O)O,0.0,e36e2e1549e5f4eba58756649ede9be7
CC1(C)S[C@@H]2[C@H](NC(=O)C(C(=O)O)c3ccccc3)C(=O)N2[C@H]1C(=O)O,0.0,74989e01c792d74a673ac3bc9897e958
CC1(C)S[C@@H]2[C@H](NC(=O)C(C(=O)Oc3ccc4c(c3)CCC4)c3ccccc3)C(=O)N2[C@H]1C(=O)O,0.0,ea57b93f6df5ae38ee2d4d8fbd4f0241
CC1(C)S[C@@H]2[C@H](NC(=O)C(C(=O)Oc3ccccc3)c3ccccc3)C(=O)N2[C@H]1C(=O)O,0.0,c0046570d97fcb15eb520e1f1d336368
CC1(C)S[C@@H]2[C@H](NC(=O)C(Oc3ccccc3)c3ccccc3)C(=O)N2[C@H]1C(=O)O,0.0,e5b62766751ea1d81bba7cb9a52b8c17
CC1(C)S[C@@H]2[C@H](NC(=O)C(c3ccccc3)S(=O)(=O)O)C(=O)N2[C@H]1C(=O)O,0.0,bbb7570ef0694f1a30cb6b844d5bdefa
CC1(C)S[C@@H]2[C@H](NC(=O)C3(N)CCCCC3)C(=O)N2[C@H]1C(=O)O,0.0,ef7f729dc3a5b33d59b38ce7d7e6d60c
CC1(C)S[C@@H]2[C@H](NC(=O)C34C[C@@H]5C[C@@H](CC(N)(C5)C3)C4)C(=O)N2[C@H]1C(=O)O,0.0,ebf09b50d83a92af78d30118c0b55e00
CC1(C)S[C@@H]2[C@H](NC(=O)CCC[C@@H](N)C(=O)O)C(=O)N2[C@H]1C(=O)O,0.0,eb1e1f76042e28fc37a8ba7c4b2abb3d
CC1(C)S[C@@H]2[C@H](NC(=O)COc3ccccc3)C(=O)N2[C@H]1C(=O)[O-],0.0,a613dfaa5dad978c41bd7ae617b00dc5
CC1(C)S[C@@H]2[C@H](NC(=O)Cc3ccccc3)C(=O)N2[C@H]1C(=O)O,0.0,ca4a01a3298b29b8e990220f7bb13272
CC1(C)S[C@@H]2[C@H](NC(=O)[C@@H](N=Cc3ccco3)c3ccc(O)cc3)C(=O)N2[C@H]1C(=O)O,0.0,28a92b78093ba4f5570593a9dbda4017
CC1(C)S[C@@H]2[C@H](NC(=O)[C@H](C(=O)[O-])c3ccsc3)C(=O)N2[C@H]1C(=O)[O-],1.0,f8c95acc0336db88c324f91db11ec0cb
CC1(C)S[C@@H]2[C@H](NC(=O)[C@H](N)C3=CCC=CC3)C(=O)N2[C@H]1C(=O)O,0.0,f390ef3c431cdaae27032e0b76b51217
CC1(C)S[C@@H]2[C@H](NC(=O)[C@H](N)c3ccc(O)cc3)C(=O)N2[C@H]1C(=O)O,0.0,ac422e9a9fbc169be0c84c1f958111a4
CC1(C)S[C@@H]2[C@H](NC(=O)[C@H](N)c3ccccc3)C(=O)N2[C@H]1C(=O)O,0.0,f390ef3c431cdaae27032e0b76b51217
CC1(C)S[C@@H]2[C@H](NC(=O)[C@H](N)c3ccccc3)C(=O)N2[C@H]1C(=O)OC1OC(=O)c2ccccc21,0.0,eb21ab2f46d75e270692dccf0e5dcc88
CC1(C)S[C@@H]2[C@H](NC(=O)[C@H](NC(=O)Cc3ccc(C4=NCCCN4)cc3)c3ccccc3)C(=O)N2[C@H]1C(=O)O,0.0,d48fbe5941e758f60b298058668ec876
CC1(C)S[C@@H]2[C@H](NC(=O)[C@H](NC(=O)N3CCN(S(C)(=O)=O)C3=O)c3ccccc3)C(=O)N2[C@H]1C(=O)O,0.0,559d7b4c8907a48a7e2f96e176e66ae2
CC1(C)S[C@@H]2[C@H](NC(=O)[C@H](NC(=O)Nc3cnc(Nc4ccc(S(N)(=O)=O)cc4)[nH]c3=O)c3ccc(O)cc3)C(=O)N2[C@H]1C(=O)O,0.0,2523fa38ddfceb179c4c075f7a18f78b
CC1(C)S[C@@H]2[C@H](NC(=O)[C@H](NC(=O)c3ccc(-c4ccc(S(=O)(=O)N(CCO)CCO)cc4)[nH]c3=O)c3ccc(O)cc3)C(=O)N2[C@H]1C(=O)[O-],0.0,995f94170518f1d8dbcbeb342336ae83
CC1(C)S[C@@H]2[C@H](NC(=O)[C@H](NS(=O)(=O)[O-])c3ccccc3)C(=O)N2[C@H]1C(=O)[O-],0.0,7b402bb48d1f527160598cca123143b5
CC1(C)S[C@@H]2[C@H](NC(=O)c3nc4ccccc4nc3C(=O)O)C(=O)N2[C@H]1C(=O)O,0.0,1ba21aa7fec7ffa0513da9ad8e1764c0
CC1(C)S[C@@H]2[C@H]([NH+]3C(=O)C(c4ccc(O)cc4)NC3(C)C)C(=O)N2[C@H]1C(=O)O,0.0,a9a198ee6a0ea0e8138f645c35cbb550
CC1(C)[C@H](NC(=O)/C(=N\OCC(=O)O)c2csc(N)n2)C(=O)N1OS(=O)(=O)O,0.0,796b29ef42c3cf2d987f0405f55909aa
CC1(c2ccccc2)CC(=O)N(CN2CCOCC2)C1=O,1.0,ab359b239287233b3d2e4d94904f8ac8
CC12C=CC(=O)C=C1CCC1C3CCC(O)(C(=O)CO)C3(C)CC(O)C12F,1.0,4378f21eb6061f2398d74725d722b617
CC12C=CC(=O)C=C1CCC1C3CC[C@](O)(C(=O)CO)C3(C)CC(Cl)[C@@]12Cl,1.0,4378f21eb6061f2398d74725d722b617
CC12CC(=O)[C@H]3C(CC[C@H]4C[C@H](O)CCC43C)[C@@H]1CCC2C(=O)CO,1.0,476e9bba4651db166d130643fc00af50
CC12CC3CC(C)(C1)CC(N)(C3)C2,1.0,fdc060ab4185404a9815baa783f044f3
CC12CCC(=O)C=C1CCC1C2C(O)CC2(C)C1CCC2(O)C(=O)COC(=O)CCC1CCCC1,1.0,59bd434eb6fe5a0dab126b307c67299d
CC12CCC(=O)C=C1CCC1C2CCC2(C)C1CCC2(O)C(=O)CO,1.0,511b6b430503e8e09edfbcdb79a027a8
CC12CCC(CC1=O)C2(C)C,1.0,b848938f56bd4612c15285828046acef
CC12CCCCCC(Cc3ccc(O)cc31)C2N,1.0,40d2b4b3cc2988950e05d3af3f2c30b6
CC12C[C@H](O)[C@@]3(F)C(CCC4=CC(=O)C=CC43C)[C@@H]1C[C@H]1O[C@@](C)(c3ccccc3)O[C@]12C(=O)CO,1.0,312a5756605e0656eba7d9d5570d0bda
CC12NC(Cc3ccccc31)c1ccccc12,1.0,259f4e400fd3b348c4d0348be52bc8bf
CC1=C(C(=O)O)N2C(=O)[C@@H](NC(=O)Cc3ccc(C4=NCCCN4)cc3)[C@H]2SC1,0.0,6fd221312ebef0306611c7d4c5fffb16
CC1=C(C(=O)O)N2C(=O)[C@@H](NC(=O)[C@H](N)C3=CCC=CC3)[C@H]2SC1,0.0,fa04a2919c5d11851d932de5ee362aa2
CC1=C(C(=O)O)N2C(=O)[C@@H](NC(=O)[C@H](N)c3ccc(O)c(Cl)c3)[C@H]2SC1,0.0,87341fad214e4784e59a1b2fddcdd082
CC1=C(C(=O)O)N2C(=O)[C@@H](NC(=O)[C@H](N)c3ccc(O)cc3)[C@H]2SC1,0.0,5ebea1413a14a3f7755b7a7f2378ae96
CC1=C(C(=O)O)N2C(=O)[C@@H](NC(=O)[C@H](N)c3cccc(NS(C)(=O)=O)c3)[C@H]2SC1,0.0,59cc5c070f4c8e3a4fd6a7d400d373ee
CC1=C(C(=O)O)N2C(=O)[C@@H](NC(=O)[C@H](N)c3ccccc3)[C@H]2SC1,0.0,fa04a2919c5d11851d932de5ee362aa2
CC1=C/C(O)CC(=O)Cc2nc(co2)C(=O)N2CCC=C2C(=O)OC(C(C)C)C(C)/C=C\C(=O)NC/C=C\1,0.0,a51e60e76d6dfc4eeadb09fd296af761
CC1=C2C(c3cccc(Cl)c3)=NCCN=C2N(C)N1,1.0,b31686abcb79230cc6814549a4885741
CC1=CC(=C2C=CC(=O)C=C2)NN=C1NCCN1CCOCC1,1.0,e9902ad0ed735d42a94960d4c487a5f9
CC1=CC(=O)N2CC(=O)N(C)c3ccc(Cl)cc3C2(c2ccccc2)O1,1.0,be075e48d945e9cd0cacbafcc4d9b6b2
CC1=CCC2C3Cc4ccc(O)c5c4C2(CCN3C)C1O5,1.0,ebf39f82138a033129a2c8e8f198d96e
CC1=C[C@@H]2[C@H]([C@@H](O)C[C@@]3(C)[C@H]2C[C@@H](C)[C@]3(O)C(=O)COC(=O)c2cccc(S(=O)(=O)O)c2)[C@@]2(C)Cc3cnn(-c4ccccc4)c3C=C12,1.0,fdc8439285a9fa2ffeb42ea5bb6f7482
CC1=NN(c2ccccc2)C(=O)C1,1.0,462b3b3a0cf75de96a54f2afd6e90e1a
CC1=Nc2ccccc2CC(c2ccccc2)N1C,1.0,c4b4335a53caa074e114d734891aaff0
CC1C2Cc3ccc(O)cc3C1(C)CCN2C,1.0,75c4e2e0360daa28899414b56319bd8f
CC1C2Cc3ccc(O)cc3C1(C)CCN2CC1CC1,1.0,23b566dcb07ae9b82514b89a2fd9f30a
CC1C2Cc3ccc(O)cc3C1(C)CCN2CCc1ccccc1,1.0,a33b68973abf0b1be500cbc048ae7b15
CC1CC(OC(=O)C2CCC(=O)N2)CC(C)(C)C1,1.0,b5b1179d2caff14b89d27a7e3e08162a
CC1CC2C3CC(F)(F)C4=CC(=O)C=C[C@]4(C)C3(F)C(O)CC2(C)C1(O)C(=O)CO,1.0,6a2b504d01b555c50e5186d8cbb53d07
CC1CC2C3CC(F)C4=CC(=O)C=CC4(C)C3(F)C(O)CC2(C)C1(O)C(=O)CCl,1.0,015305b9636b99b76b09c53368c59466
CC1CC2C3CC(F)C4=CC(=O)C=CC4(C)C3(F)C(O)CC2(C)C1(O)C(=O)SCF,1.0,2277728729353f3a74f7d59365e37831
CC1CC2C3CCC4=CC(=O)C=CC4(C)[C@@]3(F)C(O)CC2(C)[C@@]1(O)C(=O)CCl,1.0,84bdf14a90e4deee798271c0bb2e22ab
CC1CCCC1,1.0,8e4b273e62e3bdbcb042f56fe9c0bd31
CC1CCN(CCCC(=O)c2ccc(F)cc2)CC1,1.0,5a9fdc0b2488060cfc4accea0dac5153
CC1CN(C)CC2Cc3c(ccc4ccccc34)OC12O,1.0,2f1caa3d1001b0f9721cdf1aac101478
CC1CN(CCCn2c3ccccc3c3ccccc32)CC(C)N1,1.0,f9ce7ad89be680b6edafcf18e44a29f8
CC1COC2(c3ccccc3Cl)c3cc(Cl)ccc3NC(=O)CN12,1.0,03bc84dbbd81117dc17a45a136e11d0a
CC1COc2c(N3CCN(C)CC3)c(F)cc3c(=O)c(C(=O)O)cn1c23,1.0,1da698763a04c020584c6cb757101603
CC1NC(=O)C(NC(=O)c2ncccc2O)C(C)OC(=O)C(c2ccccc2)NC(=O)C2CC(=O)CCN2C(=O)C(Cc2ccc(N(C)C)cc2)N(C)C(=O)C2CCCN2C1=O,0.0,26d8d4111c5ec1e537cbc92e72a18ba2
CC1NC(=O)COC1c1ccccc1,1.0,06073bf1e19bc61dd09cd7a4125523ff
CC1NCCOC1c1ccccc1,1.0,0b0430b95f6955c3a6612f4183a85915
CC1OC(C)OC(C)O1,1.0,e71a205c6700942a069db4f4388a4069
CC1OC(OC2CC(O)(C(=O)CO)Cc3c(O)c4c(c(O)c32)C(=O)c2ccccc2C4=O)CC(N)C1O,0.0,9c6b4d56b27e686fc4a746db5909c12e
CC1OC(O[C@@H]2C=C3CC[C@@H]4[C@H](CC[C@]5(C)[C@@H](c6ccc(=O)oc6)CC[C@]45O)[C@@]3(C)CC2)C(O)C(O)C1O,0.0,e5d2473ad2e9c13c529bc07e33d4dc1a
CC1OC2(CCCCC2Oc2cccc(Cl)c2)NC1=O,1.0,f26ce354fee93086658d2eb970a82df1
CC1Oc2ccccc2CC1N(C)C,1.0,37e3756e0ee24c2dcbeff9a461f4d17c
CC1[C@H]2C(=O)c3ccc(O)cc3[C@]1(C)CCN2CC1CC1,1.0,c979b106a499470f90545179e3970e0f
CC=CCC(C)C(O)C1C(=O)NC(CC)C(=O)N(C)CC(=O)N(C)C(CC(C)C)C(=O)NC(C(C)C)C(=O)N(C)C(CC(C)C)C(=O)NC(C)C(=O)NC(C)C(=O)N(C)C(CC(C)C)C(=O)N(C)C(CC(C)C)C(=O)N(C)C(C(C)C)C(=O)N1C,0.0,9d405a1b5cbcacd6b4509c1cec41eea6
CCC(=O)C(CC(C)N(C)C)(c1ccccc1)c1ccccc1,1.0,b28f416458ad4e13e10fbe112d214c05
CCC(=O)C(CCN(C)C)(c1ccccc1)c1ccccc1,1.0,71c24f673548fc38cc0ba6208f2263e8
CCC(=O)C(c1ccccc1)(c1ccccc1)C(C)CN(C)C,1.0,836222cc0638c85e799a94cf71b9e9d4
CCC(=O)C1(N2CCCCC2)CCN(CCCC(=O)c2ccc(F)cc2)CC1,1.0,0f91b90741df4d89e4e71eb191b186b8
CCC(=O)C1(O)CCC2C3CCC4=CC(=O)CCC4(C)C3C(O)CC21C,1.0,e7b368259b8db3cfd366be6ee62dcc8a
CCC(=O)C1(c2cccc(O)c2)CCN(C)CC1,1.0,b8cad5c667e70ef308d5b9e1706099bb
CCC(=O)N(c1ccc(Cl)c(Cl)c1)[C@@H]1CCC[C@H]1N(C)C,1.0,d5fadaf7d7180a2b637c157582e2a16c
CCC(=O)N(c1ccccc1)C1(C(=O)OC)CCN(CCC(=O)OC)CC1,1.0,0bfed593f3323827d2f4d72b6dc6e1a6
CCC(=O)N(c1ccccc1)C1(C(=O)OC)CCN(CCc2ccccc2)CC1,1.0,475baf8d19f38d7dcb98354a665473d2
CCC(=O)N(c1ccccc1)C1(COC)CCN(CCc2cccs2)CC1,1.0,96d24966ce2c1574688f5b7ae4741d61
CCC(=O)N(c1ccccc1)C1(COC)CCN(CCn2nnn(CC)c2=O)CC1,1.0,62b5e9fc8d97351407f8ad44456c2061
CCC(=O)N(c1ccccc1)C1CCN(CCc2ccccc2)CC1,1.0,8668c60d7a698f9c5b92399af3da1710
CCC(=O)N(c1ccccc1)[C@]1(C(=O)OC)CCN(CCc2ccccc2)C[C@@H]1C,1.0,f9aca05cdf5b98f9982702be62d77b9d
CCC(=O)N(c1ccccc1F)C1(c2ccccc2)CCN(CCn2nnn(CC)c2=O)CC1,1.0,57748e1d1f43c4b884072100b61846d4
CCC(=O)N1CCN(C(=O)OC2C3=C(SCCS3)C(=O)N2c2ccc3ccc(Cl)nc3n2)CC1,1.0,9370ac224166cae74a32e17d4efc39d9
CCC(=O)Nc1ccc(O)cc1,1.0,d655787a43d89a9de736be933c3c39b0
CCC(=O)OC1(c2ccccc2)CCN(C)CC1C,1.0,edb61ca85abde964172c86953dc56308
CCC(=O)OC1CC(=O)OC(C)C/C=C/C=C\C(O)C(C)CC(CC=O)C(O[C@@H]2O[C@H](C)[C@@H](O[C@H]3C[C@@](C)(O)[C@H](OC(=O)CC)[C@@H](C)O3)[C@H](N(C)C)[C@H]2O)C1OC,0.0,22a028aaba0e2ba0558f11578802dba2
CCC(=O)OCC(=O)[C@@]1(OC(=O)CC)[C@@H](C)C[C@H]2[C@@H]3CCC4=CC(=O)C=C[C@]4(C)[C@@]3(Cl)[C@@H](O)C[C@@]21C,1.0,6d96dba732930fe6ce9a957681490c15
CCC(=O)OCC(=O)[C@@]1(OC(=O)CC)[C@@H](C)C[C@H]2[C@@H]3CCC4=CC(=O)C=C[C@]4(C)[C@@]3(F)[C@@H](O)C[C@@]21C,1.0,6d96dba732930fe6ce9a957681490c15
CCC(=O)OCC(=O)[C@@]1(OC(=O)CC)[C@H](C)C[C@H]2[C@H]3[C@H]([C@@H](O)C[C@@]21C)[C@@]1(C)C=CC(=O)C=C1C[C@H]3Cl,1.0,fb45c8d2f94929a4d23984502b7d4a66
CCC(=O)OCC(=O)[C@@]12OC(C)(C)O[C@@H]1CC1C3C[C@H](F)C4=CC(=O)C=CC4(C)[C@@]3(F)C(O)CC12C,1.0,f0253af462f279d6dffeb4501d96042d
CCC(=O)O[C@H]1[C@H](C)O[C@@H](O[C@@H]2C(C)C(=O)O[C@H](C)[C@H](C)[C@H](OC(=O)CC)[C@@H](C)C(=O)[C@]3(CO3)CC(C)[C@H](O[C@@H]3O[C@H](C)C[C@H](N(C)C)[C@H]3O)[C@H]2C)C[C@@H]1OC,0.0,aeb9fda5d47124a66209a7d84aaecf90
CCC(=O)O[C@](Cc1ccccc1)(c1ccccc1)[C@H](C)CN(C)C,1.0,07b3fc92d1ee94e01183243bb0b1c3cf
CCC(=O)O[C@]1(C(=O)CCl)[C@@H](C)C[C@H]2[C@@H]3CCC4=CC(=O)C=C[C@]4(C)[C@@]3(F)[C@@H](O)C[C@@]21C,1.0,770da325880aafdff6ce77fdd1a57986
CCC(=O)O[C@]1(C(=O)COC(C)=O)CC[C@H]2[C@@H]3CCC4=CC(=O)CC[C@]4(C)[C@H]3[C@@H](O)C[C@@]21C,1.0,fc4b1f9b4c7650be5a5a254908cff35b
CCC(=O)O[C@]1(C(=O)COC(C)=O)CC[C@H]2[C@@H]3C[C@H](C)C4=CC(=O)C=C[C@]4(C)[C@H]3[C@@H](O)C[C@@]21C,1.0,f3ebcce96931f622c458fe2c490774b2
CCC(=O)O[C@]1(C(=O)COC)[C@@H](C)C[C@H]2[C@@H]3CCC4=CC(=O)C=C[C@]4(C)[C@@]3(F)[C@@H](O)C[C@@]21C,1.0,df2299347ea3fea0fa4913398cd06f6f
CCC(=O)O[C@]1(C(=O)SC)[C@H](C)CC2C3C[C@H](F)C4=CC(=O)C=CC4(C)[C@@]3(F)[C@@H](O)C[C@@]21C,1.0,3c559b625e3cad6abf4b0509ead1279a
CCC(=O)O[C@]1(C(=O)SCCl)[C@H](C)C[C@H]2C3C[C@H](F)C4=CC(=O)C=C[C@]4(C)[C@@]3(F)[C@@H](O)C[C@@]21C,1.0,bcf84a0d4a4bc362544c0056af16e011
CCC(=O)O[C@]1(C(=O)SCF)[C@H](C)C[C@H]2[C@@H]3C[C@H](F)C4=CC(=O)C=C[C@]4(C)[C@@]3(F)[C@@H](O)C[C@@]21C,1.0,bcf84a0d4a4bc362544c0056af16e011
CCC(=O)O[C@]1(c2ccccc2)CCN(C)C[C@@H]1CC,1.0,a2e23bfb12f532437d5a9b70ee109734
CCC(=O)[C@@]1(C)[C@H](C)C[C@H]2[C@@H]3CCC4=CC(=O)C=C[C@]4(C)[C@H]3[C@@H](O)C[C@@]21C,1.0,2fa06e91869eac13c2f4a82baba044d9
CCC(=O)c1ccc2c(c1)N(CC(C)N(C)C)c1ccccc1S2,1.0,ca9a47a3ac017397bbab2893addd9280
CCC(=O)c1ccc2c(c1)N(CCCN1CCN(CCO)CC1)c1ccccc1S2,1.0,9504ce21b4ea2882000786705d6fb18c
CCC(Br)(C(N)=O)C(C)C,1.0,be8cb749990925e9bac00c77ab1f0ada
CCC(Br)(CC)C(=O)NC(=O)NC(C)=O,1.0,49deb2e67cfbfcc80084b4f037746289
CCC(Br)(CC)C(=O)NC(N)=O,1.0,2ec78144530f5de8204eed8414556a49
CCC(C(=O)NC(N)=O)c1ccccc1,1.0,a41576cc4e789c7e164c150be5d6f3ba
CCC(C(=O)OCCN1CCOC(c2ccccc2)C1C)c1ccccc1,1.0,1f096d27988c4b4a42d8c5e1e93d8966
CCC(C(N)=O)N1CCCC1=O,1.0,54587f18d42c6be3b98e7450e23685a0
CCC(C)(C)C,1.0,aaa0b19e64bf3c35281517d1fd2e9593
CCC(C)(C)C(=O)O[C@H]1C[C@@H](C)C=C2C=C[C@H](C)[C@H](CC[C@@H]3C[C@@H](O)CC(=O)O3)[C@H]21,1.0,ba928945f0457e8fafaaffd970e9a6ef
CCC(C)(C)O,1.0,aaa0b19e64bf3c35281517d1fd2e9593
CCC(C)(CC)OC(N)=O,1.0,f059ec347d4a5e3205e1232fad14bec5
CCC(C)(O)C1CC23C=CC1(OC)C1Oc4c(OC)ccc5c4C12CCN(CC1CC1)C3C5,1.0,cf9b6a5f484d915b669f50f0af6f0ed4
CCC(C)(S(=O)(=O)CC)S(=O)(=O)CC,1.0,99f61022a6866e187ca074829397e3a9
CCC(C)=O,1.0,7e799239f8573f120a2c5e15cda2e88f
CCC(C)C(C)(COC(N)=O)COC(=O)NC(C)C,1.0,96a3c36dae2f442c0a5d90c680a802cb
CCC(C)C(C)(COC(N)=O)COC(N)=O,1.0,336d185dabd2b49a5c00f59883ca8fa2
CCC(C)C(CC)C(=O)NC(N)=O,1.0,06c38e43cf057f8adc19e42370e3f0d4
CCC(C)C(CC)C(N)=O,1.0,b125a709387bdfbfcf5daafcfc981d5c
CCC(C)C(N)C1=NC(C(=O)N[C@@H](CC(C)C)C(=O)N[C@H](CCC(=O)O)C(=O)N[C@H](C(=O)NCCCC[C@@H]2NC(=O)[C@H](CC(N)=O)NC(=O)[C@@H](CC(=O)O)NC(=O)[C@H](Cc3cnc[nH]3)NC(=O)[C@@H](Cc3ccccc3)NC(=O)[C@H]([C@@H](C)CC)NC(=O)[C@@H](CCCN)NC2=O)[C@@H](C)CC)CS1,0.0,0f4cdaddd59aa2e67caf53aef35e645a
CCC(C)C1(CC)C(=O)NC(=O)NC1=O,1.0,d46c9dbe8fdba1281903142b56cb5c01
CCC(C)CC,1.0,86f7cf811774c9dc1f8ac7ebefafd51c
CCC(C)[C@H]1O[C@]2(CC[C@@H]1C)CC1C[C@@H](C/C=C(\C)[C@@H](O[C@H]3C[C@H](OC)[C@@H](OC4C[C@H](OC)[C@@H](O)[C@H](C)O4)[C@H](C)O3)[C@@H](C)/C=C/C=C3\CO[C@@H]4[C@H](O)C(C)=C[C@@H](C(=O)O1)[C@]34O)O2,0.0,d23cf4a4af6d245707d2aa63fd4bcbbd
CCC(C)n1ncn(-c2ccc(N3CCN(c4ccc(OC[C@H]5CO[C@](Cn6cncn6)(c6ccc(Cl)cc6Cl)O5)cc4)CC3)cc2)c1=O,0.0,1509b75cf2f23ecb35ffdb0404ecabab
CCC(CC)(CNC(=O)CCCO)c1cccc(OC)c1,1.0,c641d5df2182b4c104afc4d89939e6fb
CCC(N)Cc1c[nH]c2ccccc12,1.0,4035ca5934f8ab3ed5adf82f5d388c2b
CCC(NC(=O)c1c(C)c(-c2ccccc2)nc2ccccc12)c1ccccc1,1.0,e591fbdfc442e0ab50e3bb56297f5c7a
CCC(O)(COC(N)=O)c1ccccc1,1.0,3033f98f474c61accd0621318952b82b
CCC(O)C(CC(C)N(C)C)(c1ccccc1)c1ccccc1,1.0,b28f416458ad4e13e10fbe112d214c05
CCC(OC(C)=O)C(CC(C)N(C)C)(c1ccccc1)c1ccccc1,1.0,38ce2928cd1529b2cb93e04440c906e7
CCC(OC(N)=O)C1CCCCC1,1.0,f68d00cab57ae6aae0e78ff2dbecaeb7
CCC(Oc1ccccc1)C(=O)NC1C(=O)N2C1SC(C)(C)C2C(=O)O,0.0,13824b4ea3e39525c2ac41ce6f47fffc
CCC1(C)CC(=O)NC(=O)C1,1.0,fe42bee88857d6d7b7b90fd6599870a5
CCC1(C)CC(=O)NC1=O,1.0,f8c3e5305621555c424663f18b07405f
CCC1(C)OC(=O)N(C)C1=O,1.0,420e9332cd2bde0f54be083cff64460f
CCC1(C2=CCCCC2)C(=O)NC(=O)NC1=O,1.0,2cd47192d3f2ae145a379ca8d6c4e2d0
CCC1(C2=CCCCCC2)C(=O)NC(=O)NC1=O,1.0,7949be9b43601bb40f1088912e20b4c7
CCC1(CC)C(=O)C=CNC1=O,1.0,5b2c8d7f2d9ce3b4aa8e0eae1c136ee9
CCC1(CC)C(=O)NC(=O)N(C)C1=O,1.0,f73190cb30b67c1efe7d779774368abb
CCC1(CC)C(=O)NC(=O)N(c2ccccc2)C1=O,1.0,41b034041f998082459ecf353110ac53
CCC1(CC)C(=O)NC(=O)NC1=O,1.0,8dea9ff56cb418e38ca1bd4feaf330b6
CCC1(CC)C(=O)NC=C(C)C1=O,1.0,534c40edbdbb0d0db8ba1a4df57c3af7
CCC1(CC)C(=O)NCC(C)C1=O,1.0,534c40edbdbb0d0db8ba1a4df57c3af7
CCC1(CC)O[C@@H]2C[C@H]3C4CCC5=CC(=O)C=CC5(C)[C@@]4(F)[C@@H](O)CC3(C)[C@]2(C(=O)CO)O1,1.0,2a5ae0d3b0973b0ce90f9d85416226bd
CCC1(CCC(C)C)C(=O)NC(=O)NC1=O,1.0,a6bb1141d9abc6013e690b65f8bf14cb
CCC1(O)CCN2CCc3ccc(C)cc3C2C1,1.0,40f28f17182585fc50712837151fcc4f
CCC1(c2ccc(N)cc2)CCC(=O)NC1=O,1.0,eab17c7d40c067c591dbdb2d73094f0a
CCC1(c2ccccc2)C(=O)N(COC)C(=O)N(COC)C1=O,1.0,91e7d640022c21abf5d99b1d493c34cf
CCC1(c2ccccc2)C(=O)NC(=O)N(C(=O)c2ccccc2)C1=O,1.0,a8d39fc84ddf8b2903c3e01e0cfd4f5d
CCC1(c2ccccc2)C(=O)NC(=O)N(C)C1=O,1.0,828dd960f7dcd97d69b5b24d4cb0bd14
CCC1(c2ccccc2)C(=O)NC(=O)N1C,1.0,fdf880b1b0f6c920359d07fdbe09ab3f
CCC1(c2ccccc2)C(=O)NC(=O)NC1=O,1.0,2cd47192d3f2ae145a379ca8d6c4e2d0
CCC1(c2ccccc2)C(=O)NCNC1=O,1.0,3ff2748aadd12190db1bca80b2290b79
CCC1(c2ccccc2)CCC(=O)NC1=O,1.0,5ed54aebd7f42399c63021a161b726df
CCC1(c2ccccc2)NC(=O)N(C)C1=O,1.0,e12459a7ea7e4d017772860faa0371ea
CCC1(c2ccccc2)NCC(=O)NC1=O,1.0,5ed54aebd7f42399c63021a161b726df
CCC1(c2ccccc2)OCC(C2CCCCN2)O1,1.0,316aebe178a4b742fbf1b3b628d711ec
CCC12CCN(CC3CC3)C(Cc3ccc(O)cc31)C2(C)C,1.0,78f5f11a17d8fcc1d654f53dc29a08e9
CCC12CCN(CC3CCC3)C(Cc3ccc(O)cc31)C2(C)C,1.0,632fedccfc101843ea1932c46445aed7
CCC1C(=O)NC(=O)C1(C)c1ccccc1,1.0,5fec9304a03707bd07175f6545748a90
CCC1C(C)=NN=C(c2ccc(OC)c(OC)c2)c2cc(OC)c(OC)cc21,1.0,833bd8765cc09b02f76d624b1293a708
CCC1NC(=O)C(NC(=O)c2ncccc2O)C(C)OC(=O)C(c2ccccc2)NC(=O)C2CC(=O)CCN2C(=O)C(Cc2ccc(N(C)C)cc2)N(C)C(=O)C2CCCN2C1=O,0.0,524fc1b403dfebfcf13cf0b13dbd4f66
CCCC(=O)N(C)Cc1c(-c2ccc(Cl)cc2)nc2ccccn12,1.0,a2be688381f62ba9cf3917c1cc68d9b2
CCCC(=O)Nc1ccc(OCC(O)CNC(C)C)c(C(C)=O)c1,1.0,8bb8de0ef260cd2da813b221b7d1e393
CCCC(=O)O[C@]1(C(=O)CCl)[C@@H](C)C[C@H]2[C@@H]3CCC4=CC(=O)C=C[C@]4(C)[C@@]3(F)C(=O)C[C@@]21C,1.0,5b9d19138cf2bcc54be1e1dcc76467ea
CCCC(=O)O[C@]1(C(=O)CO)CC[C@H]2[C@@H]3CCC4=CC(=O)CC[C@]4(C)[C@H]3[C@@H](O)C[C@@]21C,1.0,9487fdd9fe4cc185a7e41f78447a498b
CCCC(=O)O[C@]1(C(=O)COC(=O)CC)CC[C@H]2[C@@H]3CCC4=CC(=O)CC[C@]4(C)[C@H]3[C@@H](O)C[C@@]21C,1.0,fa0b8abf975616ed21707cc1f52f36dc
CCCC(=O)O[C@]1(C(=O)COC(C)=O)CC[C@H]2[C@@H]3C[C@H](C)C4=CC(=O)CC[C@]4(C)[C@H]3[C@@H](O)C[C@@]21C,1.0,754c375bd78f4248eba5f3a7d16877cf
CCCC(=O)O[C@]1(C(=O)COC(C)=O)CC[C@H]2[C@@H]3C[C@H](F)C4=CC(=O)C=C[C@]4(C)[C@@]3(F)[C@@H](O)C[C@@]21C,1.0,32408d4741c793e8693cf88b0f853a7c
CCCC(=O)O[C@]1(C(=O)COC(C)=O)[C@H](C)C[C@H]2[C@@H]3CCC4=CC(=O)C=C[C@]4(C)[C@@]3(Cl)[C@@H](O)C[C@@]21C,1.0,39262687a9eb93a12b0a1144536c329c
CCCC(=O)O[C@]1(C(C)=O)CCC[C@H]2[C@@H]3CCC4=CC(=O)C=C[C@]4(C)[C@H]3[C@@H](O)C[C@@]21C,1.0,218b63a37d067b987dbc1c2d70b880de
CCCC(=O)c1ccc2c(c1)N(CCCN1CCN(C)CC1)c1ccccc1S2,1.0,69315f283a636e3ce3c57e0d0034fd07
CCCC(C(=O)c1ccc(C)cc1)N1CCCC1,1.0,a3c2bdcae197f52fdb0f86a3b6a459e6
CCCC(C)(COC(N)=O)COC(N)=O,1.0,e493b7b491d9c7bcabfe942c519d42e4
CCCC(C)(O)C1CC23C=CC1(OC)C1Oc4c(O)ccc5c4C12CCN(C)C3C5,1.0,c80567a19df3b6e078a6430b5c1e1585
CCCC(C)C,1.0,f619afa25c1921f996d128a1dfefef72
CCCC(C)C1(CC)C(=O)NC(=O)NC1=O,1.0,a9bd3b05895bf6198d5b35d51416311d
CCCC(C)C1(CC)C(=O)NC(=S)NC1=O,0.0,a9bd3b05895bf6198d5b35d51416311d
CCCC(C)C1(CCSC)C(=O)NC(=S)NC1=O,1.0,7274923a0f06a56bf061b74c921b9e82
CCCC(C)CC,1.0,155388a51f67e78b5cb4ef00a89a070e
CCCC(CC)C1(CC)C(=O)NC(=O)NC1=O,1.0,39c38e7de1eb0e35f095287b06975018
CCCC(CC)C1(CC)C(=O)NC(=S)NC1=O,1.0,39c38e7de1eb0e35f095287b06975018
CCCC(CCC)(CCC)C(N)=O,1.0,32da81a1cd75b39416c6f59edc94c6ae
CCCC(CCC)C(=O)O,1.0,470fb8de8a662cf9f04f24a9e5fb71e4
CCCC(CCC)C(=O)OCOC(=O)C(C)(C)C,1.0,a62e882ca6087dd354ecf8574676b7f2
CCCC(CCC)C(N)=O,1.0,470fb8de8a662cf9f04f24a9e5fb71e4
CCCC(Cc1ccccc1)N1CCCC1,1.0,6f15e59be2da618c9d0ccbc5aad30dd8
CCCC(O)Cl,1.0,f619afa25c1921f996d128a1dfefef72
CCCC1(C)COB(c2ccc(C)cc2)OC1,1.0,b2f81dcba8fa402c886f3c23bcff3aa4
CCCC1CC(C(=O)NC(C(C)O)C2OC(SC)C(O)C(O)C2O)N(C)C1,0.0,dde042ed3db19d888c8352ef83435d93
CCCC1O[C@@H]2C[C@H]3[C@@H]4CCC5=CC(=O)C=C[C@]5(C)[C@H]4[C@@H](O)C[C@]3(C)[C@]2(C(=O)CO)O1,1.0,2c5988d8026acc36cb9991b306c9033b
CCCCC,1.0,5a8eac0760a558d4174437be478ec0aa
CCCCC(=O)OC1(C(=O)CO)CCC2C3CCC4=CC(=O)C=CC4(C)C3C(O)CC21C,1.0,219ab187f09512507c8e935004727ef0
CCCCC(=O)O[C@]1(C(=O)CO)CCC2C3CC(F)C4=CC(=O)C=CC4(C)C3C(O)CC21C,1.0,2f28b06d6bb12a3a4377aa3c82479ec1
CCCCC(=O)O[C@]1(C(=O)CO)CCC2C3CCC4=CC(=O)CCC4(C)C3C(O)CC21C,1.0,219ab187f09512507c8e935004727ef0
CCCCC(=O)O[C@]1(C(=O)CO)[C@@H](C)C[C@H]2[C@@H]3CCC4=CC(=O)C=C[C@]4(C)[C@@]3(F)[C@@H](O)C[C@@]21C,1.0,e3cd3926550e104d247e8307e87921bb
CCCCC(CC)CNC(=O)CC(C)O,1.0,1d531f5deba6ec4078bae4ef8f78e2e3
CCCCC/C(=N/OCCN)c1ccc(C)c(N)c1,1.0,87b7db1d98099a984ed24128e0f45e72
CCCCC1(CCOC(N)=O)C(=O)NC(=O)NC1=O,1.0,5fb5c331d2cec04d13b7217fcdd420c5
CCCCC1C(=O)N(c2ccccc2)N(c2ccccc2)C1=O,0.0,9c644cba3b3c8292837129a10ad53e7f
CCCCCC,1.0,50803b752054f0512687e537ee7368f9
CCCCCC(=O)CC[C@]1(C)[C@@H]2Cc3ccc(O)cc3[C@@]1(C)CCN2C,1.0,5d745105ac718c4ad5de8e27987fdd07
CCCCCC(=O)OCC(=O)C1C(C)CC2C3CC(F)C4=CC(=O)C=CC4(C)C3C(O)CC21C,1.0,de2e70f77507f8c3f325383c6aca54a8
CCCCCC(C)C(C)c1cc(OC(=O)CCCN2CCCCCC2)c2c(c1)OC(C)(C)C1=C2CC(C)CC1,1.0,3fbecd83c77286a82bb8df928f6f5bce
CCCCCC(N)C(O)(c1ccccc1)c1ccccc1,1.0,b540b9694426935d7e7f30bac3367c0f
CCCCCC1CNC(C(=O)NC(C(C)Cl)C2OC(SC)C(O)C(O)C2O)C1,0.0,b5bc491633cb0e0814de98f2b6551326
CCCCCCC,1.0,bd4d5e09460e489b3a7687d2fb06fc0c
CCCCCCC(=O)OCCN1CCN(CCCN2c3ccccc3Sc3ccc(C(F)(F)F)cc32)CC1,1.0,fd8079ae830d3b5a4033b172a01fd72d
CCCCCCC(C)(C)c1cc(O)c2c(c1)OC(C)(C)[C@@H]1CCC(=O)C[C@@H]21,1.0,ddf6f1c414937ab2f66a15215aaec2e4
CCCCCCC(C)NN,1.0,57efe24c261a95c47d84258d60b16155
CCCCCCCCCC(=O)N[C@H]1[C@H](Oc2c3cc4cc2Oc2ccc(cc2Cl)[C@@H](O[C@@H]2O[C@H](CO)[C@@H](O)[C@H](O)[C@H]2NC(C)=O)[C@@H]2NC(=O)[C@H](NC(=O)[C@@H]4NC(=O)[C@H]4NC(=O)[C@@H](Cc5ccc(c(Cl)c5)O3)NC(=O)[C@H](N)c3ccc(O)c(c3)Oc3cc(O)cc4c3)c3ccc(O)c(c3)-c3c(O[C@H]4O[C@H](CO)[C@@H](O)[C@H](O)[C@@H]4O)cc(O)cc3[C@H](C(=O)O)NC2=O)O[C@H](CO)[C@@H](O)[C@@H]1O,0.0,bc1ffb41d7c1ad66c95ac35b1f29577a
CCCCCCCCCC(=O)OC1(c2ccc(Br)cc2)CCN(CCCC(=O)c2ccc(F)cc2)CC1,1.0,458dec00e67911fef37b5c12942d36a6
CCCCCCCCCC(=O)OC1(c2ccc(Cl)cc2)CCN(CCCC(=O)c2ccc(F)cc2)CC1,1.0,458dec00e67911fef37b5c12942d36a6
CCCCCCCCCC1(C)OCC(COC(N)=O)O1,1.0,9044d7334df4dc3fcc7034253ce93422
CCCCCCCCCCCCCC(=O)O[C@H]1C=C[C@H]2[C@H]3Cc4ccc(OCc5ccccc5)c5c4[C@@]2(CCN3C)[C@H]1O5,1.0,a031b8c5f21f260d5e8cd20e969b907b
CCCCCCCCCCCCCCCC(=O)OCCC1CCN(CCCN2c3ccccc3Sc3ccc(S(=O)(=O)N(C)C)cc32)CC1,1.0,2bca090d360e7774c6bdbcda9e9cc177
CCCCCCCCCCCCCCCCCC(=O)OCC(=O)OCC(=O)[C@@]1(O)CC[C@H]2[C@@H]3CCC4=CC(=O)C=C[C@]4(C)[C@H]3[C@@H](O)C[C@@]21C,1.0,32d7f5266c917e98bfaae8c6dd0842f1
CCCCCCCCCCOc1c(OC)cc(C(N)=O)cc1OC,1.0,d036ab933a74164d0432522db5563193
CCCCCCCCCNc1ncnc2[nH]ccc12,1.0,837c13abec1f430c43b8dbce2faeb132
CCCCCCCNC(=O)Oc1ccc2c(c1)[C@]1(C)CCN(C)[C@@H]1N2C,1.0,1e5faddee864e5e8fdffa7a9e1c48e6d
CCCCCCN1CCC(C(=O)N(C)CC)(c2ccccc2)CC1,1.0,3d38756b42e2f591919c622187d0a598
CCCCCCOc1nsnc1C1=CCCN(C)C1,1.0,faea8b5db2aef2cdd4e67ec239098853
CCCCCCSc1nsnc1C1=CCCN(C)C1,1.0,faea8b5db2aef2cdd4e67ec239098853
CCCCCNCC(N)=O,1.0,bd046b0fe8ad11c8cc97ed601cdd527f
CCCCCN[C@@]12C=CC(=O)[C@@H]3Oc4c(O)ccc5c4[C@@]31CCN(C)[C@@H]2C5,1.0,34728c1db64438b6a6d38f9da78aed38
CCCCC[C@H](O)/C=C/[C@H]1[C@H](O)CC(=O)[C@@H]1CCCCCCC(=O)O,0.0,044a966319483878653be582056ec3e5
CCCCCc1cc(O)c2c(c1)OC(C)(C)[C@@H]1CCC(C)=C[C@@H]21,1.0,1a5f2f9b3646a9de2558dae9682d6f03
CCCCCn1ccc(=O)c(O)c1C,1.0,1c259e8c706ac18aac432b7b8a8ab4fb
CCCCN/C(=C1/C=C(Cl)C=CC1=O)c1ccccc1Cl,1.0,723280a72f8b04b6be3b73f899776603
CCCCN1C(=O)C2C(=O)N(CCCCN3CCN(c4ccccc4OC)CC3)C(=O)C(C1=O)C2(C)C,1.0,b31a92a8386cbf4108a527f6eb2c65b8
CCCCNC(=O)NS(=O)(=O)c1ccc(C)cc1,0.0,b823bb6221df134b3826d0910a907f21
CCCCNC(=O)OCC(C)(CCC)COC(N)=O,1.0,86cd8de9b1880ede2b7c38e4a40dda7e
CCCCNCC1COc2cccc(OCC)c2O1,1.0,088d5b2f5d2562ab79622d5fb1108728
CCCCNCC1COc2ccccc2O1,1.0,c051772139eb232d7cfb4d91934aa871
CCCCNc1c(C(=O)OCC)c(C)nc2c1cnn2CC,1.0,573b00d691007edbdb7139b1a439392c
CCCCNc1c(C(=O)OCC)cnc2c1cnn2CC,1.0,3b371eda582c3228eccd97100e754f71
CCCCOC(=O)C(=O)C1C(C)CC2C3CC(F)C4=CC(=O)C=CC4(C)C3C(O)CC21C,1.0,5cea8099efd55d6c15bef4d0ae930d5e
CCCCOC(=O)C(=O)[C@H]1[C@H](C)C[C@H]2[C@@H]3C[C@H](F)C4=CC(=O)C=C[C@]4(C)[C@H]3[C@@H](O)C[C@@]21C,1.0,5cea8099efd55d6c15bef4d0ae930d5e
CCCCOCC(CN1C(=O)N(CC(COCCCC)OC(N)=O)C(=O)C(CC)(c2ccccc2)C1=O)OC(N)=O,1.0,c2ced893ad06b248f779fd56c3a6fe3d
CCCCOCC(CN1C(=O)NC(=O)C(CC)(c2ccccc2)C1=O)OC(N)=O,1.0,39ddac4312896b3c671a67052bd7a74c
CCCCOc1ccc(C(=O)CCN2CCCCC2)cc1,0.0,8d53068f89e42dcb67c6f39af1eff2c5
CCCCSc1ccc(C(SCCN(C)C)c2ccccc2)cc1,1.0,9822f49230db273c85c48951bf05cfc8
CCCC[C@@H]1CC(=O)[C@]2(O)O[C@@H]3[C@@H](NC)[C@@H](O)[C@@H](NC)[C@H](O)[C@H]3O[C@@H]2O1,0.0,f85ebcc9a16ec808e5af348b7bc7c174
CCCCc1nc(Cl)c(CO)n1Cc1ccc(-c2ccccc2-c2nn[nH]n2)cc1,0.0,25b9401edca2301becf37a0e028d024a
CCCCc1oc2ccccc2c1C(=O)c1cc(I)c(OCCN(CC)CC)c(I)c1,0.0,f0d832008a186a5116c6e7b22e819657
CCCCn1c(=O)c2c(ncn2CC(C)=O)n(CCCC)c1=O,1.0,7239df67ec7c986ed92323da8ff038fe
CCCCn1ccc(=O)c(O)c1C,1.0,f3f4c3db0ebdd5255891ac50e86ee829
CCCN(CCC)C(=O)Cc1c(-c2ccc(Cl)cc2)nc2ccc(Cl)cn12,1.0,c7f8290e8fa3ec38e7ffd68cf75a37b5
CCCN(CCC)C1Cc2cccc3cc(O)cc(c23)C1,1.0,240970602df43efbf19b928106fea9a4
CCCN(CCC)CCc1ccc(O)c2c1CC(=O)N2,1.0,41e7a6ac0b66245b03c09ecdfe77dc7a
CCCN(CCC)CCc1cccc2c1CC(=O)N2,1.0,f5bcad2c981757c039cb6b691dd592b1
CCCN(CCC)S(=O)(=O)c1ccc(C(=O)O)cc1,0.0,26523672c6f205bdc66c9c5c8781df16
CCCN(CCCCN1C(=O)CC2(CCCC2)CC1=O)C1COc2cccc(OC)c2C1,1.0,3aecbae178df6ba65f20159b7bdfb2b6
CCCN(c1ccncc1)n1ccc2ccccc21,1.0,5ecc07cb5350a227e9b9da20593753a3
CCCN1CC(NS(=O)(=O)N(CC)CC)CC2Cc3c(O)cccc3CC21,1.0,9c3cd5e458b9a7a8369709d9079787c8
CCCN1CC=C(c2c[nH]c3ccc(Cl)cc23)CC1,1.0,bf25992a12fba39e20db04d56fc4a418
CCCN1CCCC1CNC(=O)c1cc(S(N)(=O)=O)ccc1OC,1.0,0a7f1452c697347bbbbe69238df938c4
CCCN1C[C@H](CSC)C[C@@H]2c3cccc4[nH]cc(c34)C[C@H]21,1.0,7bc076016320b72bf8e2402e66ff5d29
CCCNC(=O)N1CC(c2ccccc2)OC1=O,1.0,e5c58826727795e5a67753a81224893f
CCCNC(=O)NS(=O)(=O)c1ccc(Cl)cc1,0.0,501afd256c9d15c58c0d939f21b1121e
CCCNC(=O)c1ccc2c(c1)N([C@@H](C)CN1CCCC1)c1ccccc1S2,1.0,04fd84274c838d8338aa6ab96858eee5
CCCNC(=O)c1ccc2c(c1)N([C@H](C)CN1CCCC1)c1ccccc1S2,1.0,04fd84274c838d8338aa6ab96858eee5
CCCNCC(O)COc1ccccc1C(=O)CCc1ccccc1,0.0,e240bc011d28786f34e5bbb62688da07
CCCO,1.0,69144809aea48cb46eae9c3950f24a15
CCCOC(=O)N1CCN(C(=O)Cc2ccc(Cl)c(Cl)c2)[C@@H](CN2CCCC2)C1,1.0,1630e2bd1d432aa4287c3a116bc28ae2
CCCOC(=O)c1cncn1C(C)c1ccccc1,1.0,3c092629646cc3911ba2570c983ac26c
CCCSc1ccc2[nH]c(NC(=O)OC)nc2c1,1.0,d672e7fa94e067fb4dbfae7aad62cfe7
CCCSc1ccc2nc(NC(=O)OC)[nH]c2c1,1.0,d672e7fa94e067fb4dbfae7aad62cfe7
CCCSc1ccccc1N1CCN(CCCCn2c(=O)[nH]c3ccccc3c2=O)CC1,1.0,55062db7c8e347d78e1c47c816cad00e
CCC[C@@H]1C[C@@H](C(=O)NC(C(C)Cl)[C@H]2O[C@H](SC)[C@H](O)[C@@H](O)[C@H]2O)N(C)C1,0.0,dde042ed3db19d888c8352ef83435d93
CCC[C@@H]1C[C@@H](C(=O)NC(C(C)Cl)[C@H]2O[C@H](SC)[C@H](OP(=O)(O)O)[C@@H](O)[C@H]2O)N(C)C1,0.0,988f624229e00abce082490892847386
CCC[C@@H]1O[C@@H]2C[C@H]3[C@@H]4C[C@H](F)C5=CC(=O)C=C[C@]5(C)C4(F)[C@@H](O)C[C@]3(C)[C@]2(C(=O)O[C@H](C)OC(=O)OCC)O1,1.0,0985bf6035ae475de544aee8f99f501d
CCC[C@@H]1O[C@@H]2C[C@H]3[C@@H]4C[C@H](F)C5=CC(=O)CC[C@]5(C)[C@@]4(F)[C@@H](O)C[C@]3(C)[C@]2(C(=O)CO)O1,1.0,b1e816b501dc45a0b234cbaed974a795
CCC[C@@](C)(O)[C@H]1CC23C=CC1(OC)[C@H]1Oc4c(OC(C)=O)ccc5c4C12CCN(C)C3C5,1.0,76e37cf354fa23b35eed50a4756f988f
CCC[C@]1(c2cccc(O)c2)CCN(C)C[C@@H]1C,1.0,7f3fb78a28c5746522d1e20c608e7deb
CCCl,1.0,5144181ac27497fdfa9bdb5b8b799630
CCN(C(C)=O)c1cccc(-c2ccnc3c(C#N)cnn23)c1,1.0,16f557079673963b4538b45ec0f59916
CCN(C)C(=O)Oc1cccc([C@H](C)N(C)C)c1,1.0,c05c56d808860416bb5404d59ffff359
CCN(CC)C(=O)C1CN2CCc3cc(OC)c(OC)cc3C2CC1OC(C)=O,1.0,0733ccc06089ee3ecfdf9021c56f7daf
CCN(CC)C(=O)CNC(=O)c1cc(OC)c(OC)c(OC)c1,1.0,61d5210a582115b927d0d21e3f077ca5
CCN(CC)C(=O)COc1cc2c(O)c3c(O)c(C)c4c(c13)C(=O)[C@@](C)(O/C=C/[C@H](OC)[C@@H](C)[C@@H](OC(C)=O)[C@H](C)[C@H](O)[C@H](C)[C@@H](O)[C@@H](C)/C=C/C=C(/C)C(=O)N2)O4,0.0,bbee122be068afb0eb7c329040637749
CCN(CC)C(=O)N1CCN(CCCc2nc3c(c(=O)n(C)c(=O)n3C)n2C)CC1,1.0,828afba2daeb127ceb058108a6f9d6e5
CCN(CC)C(=O)N[C@H]1C=C2c3cccc4[nH]cc(c34)C[C@H]2N(C)C1,1.0,91a12bea73c863f07b412409f03413cc
CCN(CC)C(=O)N[C@H]1C[C@@H]2c3cccc4[nH]cc(c34)C[C@H]2N(C)C1,1.0,91a12bea73c863f07b412409f03413cc
CCN(CC)C(=O)Nc1ccc(OCC(O)CNC(C)(C)C)c(C(C)=O)c1,1.0,843f1e0e1534e3f042efa4ec2d416e66
CCN(CC)C(=O)[C@H]1[C@H](C(=O)N(CC)CC)[C@H]2C=C[C@@H]1C2,1.0,07392bb88cda8eff9602afb21c0593e7
CCN(CC)C(=O)[C@]1(c2ccccc2)C[C@@H]1CN,1.0,d2f5f0d20a44b0b84e8a7bda4eb45463
CCN(CC)C(=O)c1cccnc1,1.0,5c5d603f68d37182408651962560d733
CCN(CC)C(=S)SSC(=S)N(CC)CC,1.0,18333c547c91dd6af71411274bc96dbd
CCN(CC)C(C)=NN=Cc1c2c(O)c3c(O)c(C)c4c(c3c1O)C(=O)C(C)(OC=CC(OC)C(C)C(OC(C)=O)C(C)C(O)C(C)C(O)C(C)C=CC=C(C)C(=O)N2)O4,0.0,767666a5606b8c0c399ce4ae07bc052f
CCN(CC)C(C)CN1c2ccccc2Sc2ccccc21,1.0,f3e3cfa11331ecbeb436cdc67e8cf3f4
CCN(CC)C/C=C1/c2ccccc2Nc2cc(Cl)ccc21,1.0,3329607400c8a3df60c1ebda06200b6a
CCN(CC)CC(=O)Nc1c(C)cccc1C,1.0,448c24a51e829eadf9cd4838b9eb2049
CCN(CC)CC(=O)OCC(=O)C1(O)CCC2C3CCC4=CC(=O)C=CC4(C)C3C(O)CC21C,1.0,fbb6f924ec5bfcde27866006336c5532
CCN(CC)CC(=O)OCC(=O)[C@@]1(O)CC[C@H]2[C@@H]3CCC4=CC(=O)CC[C@]4(C)[C@H]3[C@@H](O)C[C@@]21C,1.0,fbb6f924ec5bfcde27866006336c5532
CCN(CC)CC(=O)Oc1ccc(NC(C)=O)cc1,1.0,49203b0bc62b41217881ec7be4091ebc
CCN(CC)CCC(=O)N1c2ccccc2Sc2ccc(C(F)(F)F)cc21,1.0,f0716f14411a48daaeed8a5d616f76ad
CCN(CC)CCCC(C)Nc1ccnc2cc(Cl)ccc12,1.0,2cab5abc1424a36b14d048266ba8eec6
CCN(CC)CCN1C(=O)CN=C(c2ccccc2F)c2cc(Cl)ccc21,1.0,5669868c8fd71f36843aafe3ad898873
CCN(CC)CCN1c2ccccc2Sc2ccccc21,1.0,54b5496c3fe5b0b7089fafa819a71647
CCN(CC)CCNC(=O)COc1ccc(Cl)cc1,1.0,97f1a92b247a132ddcf2b8822c094c5b
CCN(CC)CCNC(=O)COc1ccc(OC)cc1,1.0,15b7fc820e00738d94c34cb58dd865b9
CCN(CC)CCNC(=O)c1cc(Br)c(N)cc1OC,1.0,3a5c4508a84b7617e40e8a894eaff516
CCN(CC)CCNC(=O)c1cc(Cl)cc(Cl)c1OC,1.0,1b66aaaad22c541c2e601f133abb71f1
CCN(CC)CCNC(=O)c1cc(S(C)(=O)=O)ccc1OC,1.0,eaaf0bc27caa5180f21727d090f59baa
CCN(CC)CCOC(=O)C(O)(c1ccccc1)c1ccccc1,1.0,6a1858e492bd6a3e135b21313a0f2373
CCN(CC)CCOC(=O)C1(C2CCCCC2)CCCCC1,0.0,105c470bdc90c6206b0c1bfafdf79b75
CCN(CC)CCOC(=O)c1ccc(N)cc1,1.0,c3d80af21e1624dea5a8a9cd85a2b1b8
CCN(CC)CCOC1(c2ccc(Cl)cc2)CCCCC1,1.0,20dbc3cdd34cd35cf67ee695b1039aeb
CCN(CC)CCn1cnc2c1c(=O)n(C)c(=O)n2C,1.0,fa20e440c424ee5e9d0f43615289ba8e
CCN(CC)S(=O)(=O)N[C@H]1C[C@@H]2c3cccc4[nH]cc(c34)C[C@H]2N(C)C1,1.0,5ee601370d5a1b2747d8b6fb342c3f3b
CCN(CC)c1ccc(NC(=O)c2ccccc2N)c(C)c1,1.0,8de720c65efa6fcb99ecad87ffb80a72
CCN(CC)c1nc2c(s1)c1c(O)c3c(O)c(C)c4c(c32)C(=O)[C@@](C)(O/C=C/[C@H](OC)[C@@H](C)[C@@H](OC(C)=O)[C@H](C)[C@H](O)[C@H](C)[C@@H](O)[C@@H](C)/C=C/C=C(/C)C(=O)N1)O4,0.0,1520d6c9ac56757d8ccacf1def453b0f
CCN(CCO)CCn1c(Cc2ccccc2)nc2c1c(=O)n(C)c(=O)n2C,1.0,bd805d3f88dad06ed9b69057f9495d78
CCN1C(=O)NC(c2ccccc2)C1=O,1.0,c0e96a9b6d1dce835cdcc5d59db0a0a5
CCN1CC(CCN2CCOCC2)C(c2ccccc2)(c2ccccc2)C1=O,1.0,5cc98559e79e1ae6e4598bc2d8b94813
CCN1CCC(=C(c2ccccc2)c2ccccc2)C1,1.0,4b2041ac18281ac0c2eed57097914757
CCN1CCCC1CNC(=O)c1cc(C(C)=O)ccc1OC,1.0,f94248d22224e7036be5ad5b99e85d4a
CCN1CCCC1CNC(=O)c1cc(S(=O)(=O)CC)c(N)cc1OC,1.0,1819dac86a88f3bf80f9006c7daf9477
CCN1CCCC1CNC(=O)c1cc(S(=O)(=O)CC)ccc1OC,1.0,5ea27c01506c933bba7609f98ce48578
CCN1CCCC1CNC(=O)c1cc(S(N)(=O)=O)ccc1OC,1.0,685c3edac22b9feaa42724ae525e5a8a
CCN1CCC[C@H]1CNC(=O)c1c(OC)ccc(Br)c1OC,1.0,84e531589601e399fe42db19550533a1
CCN1CCN(C(=O)N[C@@H](C(=O)N[C@@H]2C(=O)N3C(C(=O)O)=C(CSc4nnnn4C)CS[C@H]23)c2ccc(O)cc2)C(=O)C1=O,1.0,2f6f3a1d30ecb2ba14b02bf8cb2feeac
CCN1CCN(C(=O)N[C@@H](C(=O)N[C@@H]2C(=O)N3[C@@H]2SC(C)(C)[C@@H]3C(=O)O)c2ccccc2)C(=O)C1=O,1.0,4438c2b8f6ff1ff9e17e3cf636be8f51
CCN1CCN(c2cc(-c3ccc(F)cc3)c3c(n2)CCCCCC3)CC1,1.0,d014501dfafa800b02231f3e18060196
CCN1CCc2[nH]c3cc(F)c4scc(C)c4c3c2C1,1.0,261b9e3066246b385d8cb1b14cadf2cf
CCNC(=NC#N)NCCSCc1ncccc1Br,0.0,2b7e6a4b0ee69e516501664336f1ea2c
CCNC(=O)/C=C/c1cccc(Br)c1,1.0,2afda73f130ed5104aa3dacbbf1c4d67
CCNC(=O)N1CCN(CCCC(c2ccc(F)cc2)c2ccc(F)cc2)CC1,1.0,5787115fc0222680d8716fcc661f932c
CCNC1(c2ccccc2)CCCCC1,1.0,34b39ab97c62c3b0c81167a3baed0d09
CCNC1(c2cccs2)CCCCC1=O,1.0,76fb8b7e516c91821beec25ce39ed07d
CCNC1=NC(=O)C(c2ccccc2)O1,1.0,275a72cb579404035ab860a2c861e34a
CCNC1=Nc2ccc(Cl)cc2C(C)(c2ccccc2)O1,1.0,543e027014a67d601ad32b7ff41dc91b
CCNC1=Nc2ccc(Cl)cc2C(c2ccccc2)S1,1.0,c07b7adc17e1900c3191804492606bda
CCNC1C2CCC(C2)C1c1ccccc1,1.0,9fae4891102a230a88c9c8d85279f9b6
CCNCC(O)c1cccc(O)c1,0.0,2ee63162eb98e765eefd1f2e0e930689
CCNCc1c(CSC)cnc(C)c1O,1.0,1e902f984b85b9deda5e8d690e70fabb
CCN[C@@H]1C[C@H](N)[C@@H](O[C@H]2OC(CN)=CC[C@H]2N)[C@H](O)[C@H]1O[C@H]1OC[C@](C)(O)[C@H](NC)[C@H]1O,0.0,4af6ac50de5600af04244aa9a10ef05f
CCN[C@H](Cc1ccccc1)[C@H]1CCCO1,1.0,6f15e59be2da618c9d0ccbc5aad30dd8
CCO,1.0,5144181ac27497fdfa9bdb5b8b799630
CCOC(=O)C(C)(C)Oc1ccc(Cl)cc1,0.0,68a9551d63f5e001457aa2f3a5d0a1f3
CCOC(=O)C(c1c(O)oc2ccccc2c1=O)c1c(O)oc2ccccc2c1=O,0.0,7ddd22fd70afb32ba808a9f6682aa6bf
CCOC(=O)C1(c2cccc(O)c2)CCN(C)CC1,1.0,5c65225f25904cb2eb714ba75c8576a6
CCOC(=O)C1(c2ccccc2)CCC=CC1N(C)C,1.0,110caba03b2eb1dfc74ef3524ae7201b
CCOC(=O)C1(c2ccccc2)CCN(C)CC1,1.0,198420511967d2bf3933278decc57c2a
CCOC(=O)C1(c2ccccc2)CCN(CCCNc2ccccc2)CC1,1.0,6d78aad3b9997902c97f796a1d01f976
CCOC(=O)C1(c2ccccc2)CCN(CCc2ccc(N)cc2)CC1,1.0,03fa7e36397abebcb56c9cb99d1b2404
CCOC(=O)C1=C(C)NC(C)=C(C(=O)OC)C1c1cccc(Cl)c1Cl,0.0,99f04657d436c7613707a3f16d191ac7
CCOC(=O)C1=C(C)NC(C)=C(C(=O)OC)C1c1cccc([N+](=O)[O-])c1,0.0,f9f877a37af730e68335c0794adab07f
CCOC(=O)C1N=C(c2ccccc2F)c2cc(Cl)ccc2NC1=O,1.0,e73f82b2a749faf3af6e70cff8687f5b
CCOC(=O)C[C@@H](O)C[C@@H](O)/C=C/C1=C(c2ccc(F)cc2)c2ccccc2OC12CCCC2,1.0,fad4b4b0b64ac5e38512811274bf1bbb
CCOC(=O)N(CCN(C)C)c1cccc(C(F)(F)F)c1,1.0,34de91da673e3b8b88adcc3bf5c11df0
CCOC(=O)N(Cc1ccccc1)C1CC1,1.0,395b0c5a33e067de9378fb079ffe0fd9
CCOC(=O)N1CCC(=O)N(c2ccccc2)c2cc(Cl)ccc21,1.0,3c348529918dcc19304bb26a57d930e3
CCOC(=O)N1CCN(C(=O)Cc2ccc(Cl)c(Cl)c2)[C@@H](CN2CCCC2)C1,1.0,410d944fdce08951232cfd09e583ad96
CCOC(=O)NC(O)C(Cl)(Cl)Cl,1.0,53ed120fc57280fa7a77ad7e1a7359b3
CCOC(=O)NNC(C)c1ccccc1,1.0,f37263ba927fd8bc9530d5029e85ac3d
CCOC(=O)Nc1ccc(NCc2ccc(F)cc2)cc1N,1.0,111498fd2876159db985c8ea3f7e0fee
CCOC(=O)OC(C)OC(=O)[C@@H]1N2C(=O)[C@@H](N=CN3CCCCCC3)[C@H]2SC1(C)C,0.0,57b6c06c8bc5b6a3163977fd484c8104
CCOC(=O)OC1(C(=O)OCCl)CCC2C3CCC4=CC(=O)C=CC4(C)C3C(O)CC21C,1.0,9f48cb1edf9992d673d2bc3c25c28d66
CCOC(=O)OCC/C(SC(=O)OCC)=C(\C)N(C=O)Cc1cnc(C)nc1N,1.0,5cfae0801a5039799780bc7872fce008
CCOC(=O)O[C@]1(C(=O)COC(=O)CC)CC[C@H]2[C@@H]3CCC4=CC(=O)C=C[C@]4(C)[C@H]3[C@@H](O)C[C@@]21C,1.0,fa0b8abf975616ed21707cc1f52f36dc
CCOC(=O)[C@H](CCc1ccccc1)N[C@@H](C)C(=O)N1CCC[C@H]1C(=O)O,0.0,d935aad221aa2b7f91f9f84dd1735cdc
CCOC(=O)c1[nH]c2cc(OC)c(OC)cc2c1CCN1CCN(c2ccccc2)CC1,1.0,6b3d449cd7fc85b4a499705bcc0fb0f1
CCOC(=O)c1ccc(N)cc1,1.0,8ff2357579c5b662ecb689e17e6cc917
CCOC(=O)c1cnc2c(cnn2CC)c1NN=C(C)C,1.0,0b486a7d6c65f3149b8889ade8f383a8
CCOC(=O)c1cncn1C(C)c1ccc(F)cc1,1.0,80b50da0a826b0457098867117c62d03
CCOC(=O)c1cncn1C(C)c1ccccc1,1.0,50a76d5e9d302a52c2d3daf6cd50443d
CCOC(=O)c1ncn2c1CN(C)C(=O)c1cc(F)ccc1-2,1.0,69b1d01138360dfb05b762ecfbb9fa81
CCOC(N)=O,1.0,f619afa25c1921f996d128a1dfefef72
CCOC(OCC)C(=O)OCC(=O)C1(O)Cc2c(O)c3c(c(O)c2C(OC2CC(N)C(O)C(C)O2)C1)C(=O)c1c(OC)cccc1C3=O,0.0,98158bb53e8825b9f5ce48a442028a8a
CCOC1c2ccccc2C(=O)N(C)c2ccccc21,1.0,cf935d784a74c4c1e2e80229e6dfd8aa
CCOCC,1.0,5a8eac0760a558d4174437be478ec0aa
CCO[C@H]1CCN(C(=O)c2cc(-c3ccccc3)c(=O)n3c2-c2cc(Cl)ccc2CC3)C1,1.0,e326a8cbd095457905c049912c39a528
CCO[C@H]1C[C@@]2(C)[C@@H](CC[C@@H]3[C@@H]2[C@H](N(C)C)C[C@]2(C)[C@@H](C(C)=O)CC[C@@H]32)C[C@@H]1O,1.0,13eceb0fdbfe765cb548ff3692735bc1
CCOc1cc(N)c([N+](=O)[O-])cc1C(=O)NC1CCN(CC2CC=CCC2)CC1,1.0,7568ff6e2fbfbca6fe345dfb1159de0d
CCOc1ccc(NC(C)=O)cc1,0.0,832131c7f4c0610a55e39e2b9dcde92b
CCOc1ccc2ccccc2c1C(=O)N[C@@H]1C(=O)N2[C@@H]1SC(C)(C)[C@@H]2C(=O)[O-],0.0,4838e00c8ebb56a206f9a4b9519c1927
CCOc1ccccc1OCC1CNCCO1,1.0,5d8da9719bc456669de49a809cc391c9
CCOc1ccccc1O[C@@H](c1ccccc1)[C@@H]1CNCCO1,1.0,0c9deb13eb5a718287451858c685fccf
CCS(=O)(=O)C(C)(C)S(=O)(=O)CC,1.0,6107fc250c6955d35753300019cae9ad
CCS(=O)(=O)CCN1C(=O)CN=C(c2ccccc2F)c2cc(Cl)ccc21,1.0,2f0842f90e25f4fefd304d48467d0378
CCS(=O)(=O)CCn1c([N+](=O)[O-])cnc1C,1.0,1ec56ffc56fd942ac0982ab9a1c8bd2a
CCS(=O)(=O)c1ccc(F)cc1,1.0,90ee6f66de57a2a60bbf8dc9157de403
CCS[C@]1(SC)CC[C@H]2[C@@H]3CCC4=CC(=O)C=C[C@]4(C)[C@@]3(F)[C@@H](O)C[C@@]21C,1.0,bd96006556e685166b05f7a0057c1b9e
CCSc1ccc2c(c1)N(CCCN1CCN(C)CC1)c1ccccc1S2,1.0,e1a6d29054e503d46d7963b4be3a7bc3
CC[C@@H](CO)NCCN[C@@H](CC)CO,0.0,61a06e996752c54f3713d354a0b8be91
CC[C@@H](O)C(C[C@@H](C)N(C)C)(c1ccccc1)c1ccccc1,1.0,b28f416458ad4e13e10fbe112d214c05
CC[C@@]1(O)C(=O)OCc2c1cc1n(c2=O)Cc2cc3c(CN(C)C)c(O)ccc3nc2-1,1.0,6947ff6dd94590dcdffd3391d723a37a
CC[C@@]1(O)C[C@H](OC2CC(N(C)C)C(OC3CC(O)C(OC4CCC(=O)C(C)O4)C(C)O3)C(C)O2)c2c(cc3c(c2O)C(=O)c2c(O)cccc2C3=O)[C@H]1C(=O)OC,0.0,88e96604d548a0927506cf74d3a5916a
CC[C@@]1(O)C[C@H](O[C@H]2C[C@H](N(C)C)[C@H](O[C@H]3C[C@@H]4O[C@H]5CC(=O)[C@H](C)O[C@H]5O[C@@H]4[C@H](C)O3)[C@H](C)O2)c2c(O)c3c(c(O)c2[C@H]1O[C@H]1C[C@H](N(C)C)[C@H](O)[C@H](C)O1)C(=O)c1cccc(O)c1C3=O,0.0,dc40f625bb43b1cbebf2fde988d9c8e4
CC[C@H](C)C(=O)O[C@H]1CCC=C2C=C[C@H](C)[C@H](CC[C@@H]3C[C@@H](O)CC(=O)O3)[C@H]21,1.0,29b2e3a8af82f107e6a214003f2a4a34
CC[C@H](C)C(=O)O[C@H]1C[C@H](O)C=C2C=C[C@H](C)[C@H](CC[C@@H](O)C[C@@H](O)CC(=O)O)[C@H]21,0.0,459e076947359b2eb07c119c120f3cff
CC[C@H](NC(=O)c1c(C)c(-c2ccccc2)nc2ccccc12)c1ccccc1,1.0,e591fbdfc442e0ab50e3bb56297f5c7a
CC[C@H](NC(=O)c1c(Cn2ccnc2)c(-c2ccccc2)nc2ccccc12)c1ccccc1,0.0,12d511113c654f7adfa9119988677a23
CC[C@H](NC(=O)c1c(O)c(-c2ccccc2)nc2ccccc12)c1ccccc1,1.0,e591fbdfc442e0ab50e3bb56297f5c7a
CC[C@H](NC(=O)c1c(OCC(=O)O)c(-c2ccccc2)nc2ccccc12)c1ccccc1,0.0,879d915c8501c16a7bc456d7a07870a9
CC[C@H](NC(=O)c1c(OCCCC(=O)O)c(-c2ccccc2)nc2ccccc12)c1ccccc1,0.0,13a66d39709e209026e5a6dc1780359b
CC[C@H](NC(=O)c1c(OCCCN(C)C)c(-c2ccccc2)nc2ccccc12)c1ccccc1,1.0,13a66d39709e209026e5a6dc1780359b
CC[C@H](NC(=O)c1c(OCCNC(=O)Cc2ccccc2C(=O)O)c(-c2ccccc2)nc2ccccc12)c1ccccc1,0.0,5fdfcb9d9a15151ce2eff9a8d08ca6d9
CC[C@H](NC(=O)c1c(OCCNC(=O)Cc2ccccn2)c(-c2ccccc2)nc2ccccc12)c1ccccc1,0.0,7147bde899ae1ce15e80c2d955cf7725
CC[C@H](NC(=O)c1c(OCCNC(=O)[C@@H]2CCCN2)c(-c2ccccc2)nc2ccccc12)c1ccccc1,0.0,f0529985bc933ecb21a33734b53dcb7a
CC[C@H]1CC(=O)[C@@H]2Oc3c(OC)ccc4c3[C@@]23CCN(CC2CC2)C(C4)[C@H]13,1.0,f703c2ab4664f3fbc2e25868d9dc61e2
CC[C@H]1CN2CCc3cc(OC)c(OC)cc3[C@@H]2C[C@@H]1C[C@H]1NCCc2cc(OC)c(OC)cc21,0.0,b1ec8d495598319b6f77c5f4e26969dd
CC[C@H]1OC(=O)[C@H](C)[C@@H](OC2CC(C)(OC)C(O)C(C)O2)C(C)[C@@H](OC2OC(C)CC(N(C)C)C2O)[C@](C)(O)C[C@@H](C)/C(=N\OC)[C@H](C)[C@@H](O)[C@]1(C)O,0.0,cd39ce60a19d5eb46ab95496b0427aa1
CC[C@H]1OC(=O)[C@H](C)[C@@H](OC2CC(C)(OC)C(O)C(C)O2)C(C)[C@@H](OC2OC(C)CC(N(C)C)C2O)[C@](C)(O)C[C@@H](C)C(=O)[C@H](C)[C@@H](O)[C@H]1C,0.0,6fa2ff9b361cb138c1a708ae5d4c30bd
CC[C@H]1OC(=O)[C@H](C)[C@@H](O[C@H]2C[C@@](C)(OC)[C@@H](O)[C@H](C)O2)C(C)[C@@H](O[C@@H]2O[C@H](C)C[C@H](N(C)C)[C@H]2O)[C@](C)(O)C[C@@H](C)CN(C)[C@H](C)[C@@H](O)[C@]1(C)O,0.0,50a176cb7b99cb727e5a1f47197706fa
CC[C@H]1OC(=O)[C@H](C)[C@@H](O[C@H]2C[C@@](C)(OC)[C@@H](O)[C@H](C)O2)[C@H](C)[C@@H](O[C@@H]2O[C@H](C)C[C@H](N(C)C)[C@H]2O)[C@](C)(O)C[C@@H](C)/C(=N/OCOCCOC)[C@H](C)[C@@H](O)[C@]1(C)O,0.0,0c7833febbe81b9414f7bf296703ca8f
CC[C@H]1OC(=O)[C@H](C)[C@@H](O[C@H]2C[C@@](C)(OC)[C@@H](O)[C@H](C)O2)[C@H](C)[C@@H](O[C@@H]2O[C@H](C)C[C@H](N(C)C)[C@H]2O)[C@](C)(O)C[C@@H](C)C(=O)[C@H](C)[C@@H](O)[C@]1(C)O,0.0,89dfa625d678f11191fbb6aa331c499f
CC[C@H]1OC(=O)[C@H](C)[C@@H](O[C@H]2C[C@@](C)(OC)[C@@H](O)[C@H](C)O2)[C@H](C)[C@@H](O[C@@H]2O[C@H](C)C[C@H](N(C)C)[C@H]2O)[C@](C)(O)C[C@@H](C)[C@@H]2N[C@@H](COCCOC)O[C@H]([C@H]2C)[C@]1(C)O,0.0,5f6bceb599ec5bad3e5a89e6d909a0f8
CC[C@H]1OC(=O)[C@H](C)[C@@H](O[C@H]2C[C@@](C)(OC)[C@@H](O)[C@H](C)O2)[C@H](C)[C@@H](O[C@@H]2O[C@H](C)C[C@H](N(C)C)[C@H]2O)[C@](C)(O)C[C@](C)(F)C(=O)[C@H](C)[C@@H](O)[C@]1(C)O,0.0,a108071472b9d299d27f4b9957a5567b
CC[C@H]1OC(=O)[C@H](C)[C@@H](O[C@H]2C[C@@](C)(OC)[C@@H](O)[C@H](C)O2)[C@H](C)[C@@H](O[C@@H]2O[C@H](C)C[C@H](N(C)C)[C@H]2O)[C@](C)(OC)C[C@@H](C)C(=O)[C@H](C)[C@@H](O)[C@]1(C)O,0.0,0494739e42a87accd586620dba728750
CC[C@]1(O)C[C@H]2CN(CCc3c([nH]c4ccccc34)[C@@](C(=O)OC)(c3cc4c(cc3OC)N(C)[C@H]3[C@@](O)(C(=O)OC)[C@H](OC(C)=O)[C@]5(CC)C=CCN6CC[C@]43[C@@H]65)C2)C1,1.0,cffcf78a82126aae5886a812131fe042
CC[C@]1(O)C[C@H]2CN(CCc3c([nH]c4ccccc34)[C@@](C(=O)OC)(c3cc4c(cc3OC)N(C)[C@H]3[C@@](O)(C(N)=O)[C@H](O)[C@]5(CC)C=CCN6CC[C@]43[C@@H]65)C2)C1,0.0,d58c593e9c6fd1a2f8a2e1c547625d99
CC[C@]1(O)C[C@H]2CN(CCc3c([nH]c4ccccc34)[C@@](C(=O)OC)(c3cc4c(cc3OC)N(C=O)[C@H]3[C@@](O)(C(=O)OC)[C@H](OC(C)=O)[C@]5(CC)C=CCN6CC[C@]43[C@@H]65)C2)C1,1.0,8fc91af5bddba89305de8f215a335a94
CC[C@]12CCN(CC3(O)CC3)[C@H](Cc3ccc(O)cc31)C2(C)C,1.0,9d2107b119cdb6a55a6f7970c160e088
CC[N+](C)(C)Cc1ccccc1Br,0.0,ae69f5005638cfbf923def89e9893599
CC[N+](C)(CC)CCOC(=O)C1c2ccccc2Oc2ccccc21,0.0,3415c9ffb020f7da3d76b64602510a8d
CCc1c(C)[n+]([NH-])c(-c2ccc(OC)c(OC)c2)c2cc(OC)c(OC)cc12,1.0,16cc3880826023cdecf91d4de03930c0
CCc1c(C)[nH]c2c1C(=O)C(CN1CCOCC1)CC2,1.0,1a2072688c11a15b2af4371e3f94bb04
CCc1c(C)[nH]c2c1C(=O)[C@@H]1CN(C)CC[C@H]1C2,1.0,d4a1f23ddea18990459dbcb6fce5f9d5
CCc1c(O)c(=O)ccn1CC,1.0,f88c53c8f01c3e9d4fd336c701f965c7
CCc1c(O)c(=O)ccn1CCCCO,0.0,ba544230635e76ca8e9a49a58105527c
CCc1c(O)c(=O)ccn1CCO,0.0,d8d9ce2aaaf2dac0ea221aff4d0b61c2
CCc1c(OC)nc2nc(-c3noc(C)n3)cn2c1C,1.0,1565c7058d37fc6cc6d91e0c31f6e890
CCc1c(OC)nc2nc(C(=O)c3ccccc3)cn2c1C,1.0,7fcf4078562a20eebeeec88cb7658c1d
CCc1cc(C(N)=S)ccn1,1.0,2e381cd1c70e9020bfb5cb0821d5ebaf
CCc1cc2c(s1)-n1c(C)nnc1CN=C2c1ccccc1Cl,1.0,a24ca0d77202fa1f1814f145e893c72d
CCc1cc2c(s1)N(C)C(=O)CN=C2c1ccccc1Cl,1.0,cf1d48fbba19a8a5e923864970076072
CCc1ccc2c(c1)N(CC(C)CN(C)C)c1ccccc1S2,1.0,2140119aba3a0f97602abc10c3ae6fe3
CCc1ccccc1,1.0,b7ed9101b4ca2813c31d35330d0fcb01
CCc1ccccc1-n1c(C)nc2ccccc2c1=O,1.0,30bccb09d7668fc670e33b5f574f3538
CCc1nc(N)nc(N)c1-c1ccc(Cl)cc1,1.0,9083471dd76d33f0589bc961eb4c08c3
CCc1nn(CCCN2CCN(c3cccc(Cl)c3)CC2)c(=O)n1CC,1.0,4dd6cb0c9d7d06e2beb7ba753456ea7f
CCc1nn(CCCN2CCN(c3cccc(Cl)c3)CC2)c(=O)n1CCOc1ccccc1,1.0,e2b40d55417d9c7976e3125a379274df
CCn1c2c(c3ccccc31)CCSC2(C)CCN(C)C,1.0,2ee5ea107e4d248f985ba12c14d0949e
CCn1cc(C(=O)O)c(=O)c2cc(F)c(N3CCN(C)CC3)cc21,0.0,ab64479158319458eb42b7ed0dd614bd
CCn1cc(C(=O)O)c(=O)c2cc(F)c(N3CCNC(C)C3)c(F)c21,0.0,bb4dcf5a388768d27c92f802e29cd87d
CCn1cc(C(=O)O)c(=O)c2cc(F)c(N3CCNCC3)cc21,0.0,644f32873f442eb5803998435f967499
CCn1cc(C(=O)O)c(=O)c2cc(F)c(N3CCNCC3)nc21,0.0,644f32873f442eb5803998435f967499
CCn1cc(C(=O)O)c(=O)c2ccc(C)nc21,0.0,5dbc029596a71ce7e1fb247db8b75044
CCn1cc(C(=O)O)c(=O)c2ccc(Cc3ccccc3)nc21,1.0,edb4a3fceefbfa7dcb59bc7c4e0411d4
CCn1ccc(=O)c(O)c1C,1.0,7f2f40019da2ea7fda77c3b8b23469e1
CCn1nc(C)c2c1C(c1ccccc1)=NCC(=O)N2,1.0,65f790feada1fd836817e312e1b9d98d
CCn1nnn(CCN2CC[C@H](N(C(=O)COC)c3ccccc3F)[C@H](C)C2)c1=O,1.0,692d9e638824a900edd651900b4c6195
CN(C(=O)C(c1ccccc1)c1ccccc1)[C@H](CN1CC[C@H](O)C1)c1ccccc1,1.0,1954c60a8975b7f46e3b48b64372ea62
CN(C(=O)CN(CCO)CCO)c1ccc(Cl)cc1C(=O)c1ccccc1Cl,1.0,19dd848579718d8099b24d9fa37dadc2
CN(C(=O)CNC(=O)CN)c1ccc(Cl)cc1C(=O)c1ccccc1Cl,1.0,f50bd547323b25fc5dc9ae19a3b74b01
CN(C(=O)CNC(=O)[C@@H](N)CCCCN)c1ccc(Cl)cc1C(=O)c1ccccc1,1.0,ae25ab227f7e0ff25cca5a0dd0bc8dc5
CN(C(=O)CNC1CC1)c1ccc(Cl)cc1C(=O)c1ccccc1Cl,1.0,9172e1fb8cfdec93052958b679b57611
CN(C(=O)Cc1ccc(Cl)c(Cl)c1)C1CCCC[C@H]1N1CCCC1,1.0,a1462f5aee5d15004eb9c7397a08be6f
CN(C(=O)Cc1ccc(Cl)c(Cl)c1)[C@@H](CN1CCCC1)c1ccccc1,1.0,16eff70f5d1646ed72af291b6905a30d
CN(C(=O)Cc1ccc(Cl)c(Cl)c1)[C@H]1CC[C@@]2(CCCO2)C[C@@H]1N1CCCC1,1.0,e29ebba7d16c7eb80fb63e4d2c11da1b
CN(C(=O)Cc1ccccc1N)[C@@H](CN1CC[C@@H](O)C1)c1ccccc1,0.0,3839da62bfebf3f197add0c002af4938
CN(C)C(=O)C1(c2ccc(Cl)cc2)CCN(CCCC(=O)c2ccc(F)cc2)CC1,1.0,9f96355770ae843ee124e87894a7a6d9
CN(C)C(=O)CCNc1ccc(Br)cc1,1.0,7c9e33b9265b7631b4fd74b1814cebc4
CN(C)C(=O)COC1c2ccccc2CCc2ccccc21,1.0,593377cd5b6e0187428da4fecf1430d2
CN(C)C(=O)OC1N=C(c2ccccc2)c2cc(Cl)ccc2N(C)C1=O,1.0,2bd3df69ccc409934b38de3adb5f9d11
CN(C)C(=O)Oc1ccc[n+](C)c1,1.0,9ab3a15b04dc4a2fadbf4720301299bf
CN(C)C(=O)c1nc(CNC(=O)CN)n(-c2ccc(Cl)cc2C(=O)c2ccccc2Cl)n1,1.0,87ab80c43d705de235b437fec555e8fc
CN(C)C(C)(CO)Cc1ccc(Cl)c(Cl)c1,1.0,8e37ded02384b360187faa362afb47f7
CN(C)C/C=C(/c1ccc(Br)cc1)c1cccnc1,1.0,32be9dae4ebc1a504f300c5621a71108
CN(C)C1=NC(=O)C(c2ccccc2)O1,1.0,7d19571c3907e07d50a1e34d23f2c5ef
CN(C)C1C(=O)/C(=C(/O)NCN2CCN(C(=N)N=C(N)N)CC2)C(=O)C2(O)C(=O)C3=C(O)c4c(O)cccc4C(C)(O)C3CC12,0.0,495f2103bcb40d1c4b2f0dfc4f0b4ed1
CN(C)C1C(=O)/C(=C(/O)NCN2CCN(CCO)CC2)C(=O)C2(O)C(=O)C3=C(O)c4c(O)cccc4C(C)(O)C3CC12,0.0,504e286dd34a3b1ff6e2aac714201222
CN(C)C1CCc2[nH]c3c(F)cc(F)cc3c2C1,1.0,437e27a14e7de22c6ff140792d45323a
CN(C)C1CCc2[nH]c3ccccc3c2C1,1.0,c682ba05d1a7aacea1b92c156b22b677
CN(C)CC#CC=C1c2ccccc2C=Cc2ccccc21,1.0,7b6343a9d950f03d990cd5e681e83bc3
CN(C)CC(=O)C=C1c2ccccc2CCc2ccccc21,1.0,71102b46f93b2ce7bcedb5c7c819bc37
CN(C)CC(=O)N1c2ccccc2Sc2ccccc21,1.0,96b9c34af5dcaa56b78553233d2b7ceb
CN(C)CC(CN1c2ccccc2Sc2ccccc21)N(C)C,1.0,9e0e9ad56f545058055a4a377748702e
CN(C)CC(O)C(c1ccccc1)c1ccc(Cl)cc1,1.0,59c78e0d6b454cbcbdf23d1b62a56b64
CN(C)CC(Oc1ccccc1)Oc1ccccc1,1.0,11bd8910f12c9a9e6f9fef2cc6292ed7
CN(C)CC/C=C1/c2ccccc2COc2ccccc21,1.0,4d37c48d1e9a45fec7bf1ef46c403c4c
CN(C)CC/C=C1/c2ccccc2CSc2ccccc21,1.0,4d37c48d1e9a45fec7bf1ef46c403c4c
CN(C)CC/C=C1/c2ccccc2Sc2ccc(Cl)cc21,1.0,a7a9e333c8b37f240a549f5c83e05c32
CN(C)CC1=Cc2ccccc2Sc2ccccc21,1.0,2e030314eb255eaf80645010a40c62f0
CN(C)CC1COC2(O1)c1ccccc1COc1ccccc12,1.0,f72e6275b0f7dce57c7e0872b50807d9
CN(C)CCC(c1ccccc1)C1CCCCC1,1.0,a636dff066ec404acf7881c6fd193f80
CN(C)CCC(c1ccccc1)c1ccccn1,0.0,a636dff066ec404acf7881c6fd193f80
CN(C)CCC1(C)OCCC2=C1c1ccccc1C2,1.0,937c6629858f292ecb8efb987c0f75b6
CN(C)CCC1(c2ccccc2)C=Cc2ccccc21,1.0,a05a8ce43085345622b3f333f5403c9e
CN(C)CCC=C1c2ccccc2C(C)(C)c2ccccc21,1.0,94be44708b6bc8b97f316c1987aaa0df
CN(C)CCC=C1c2ccccc2C=Cc2ccccc21,1.0,4d37c48d1e9a45fec7bf1ef46c403c4c
CN(C)CCC=C1c2ccccc2CCc2ccccc21,1.0,4d37c48d1e9a45fec7bf1ef46c403c4c
CN(C)CCC=C1c2ccccc2COc2ccccc21,1.0,4d37c48d1e9a45fec7bf1ef46c403c4c
CN(C)CCC=C1c2ccccc2Sc2ccccc21,1.0,965e7c7643a9fcd35c89c13e89ea4d84
CN(C)CCCC1(c2ccc(F)cc2)OCc2cc(C#N)ccc21,1.0,1e71ff8489c53d46b8f07271131fea0a
CN(C)CCCC1c2ccccc2Nc2ccc(Cl)cc21,1.0,a7a9e333c8b37f240a549f5c83e05c32
CN(C)CCCN1c2ccccc2C(C)(C)c2ccccc21,1.0,94be44708b6bc8b97f316c1987aaa0df
CN(C)CCCN1c2ccccc2C(c2ccccc2)=Nc2cccnc21,1.0,bd566237742d64134bcfa73f491008f8
CN(C)CCCN1c2ccccc2C=Cc2ccccc21,1.0,4d37c48d1e9a45fec7bf1ef46c403c4c
CN(C)CCCN1c2ccccc2C=Cc2sccc21,1.0,82d109d0341df332fa6089981d2ecd88
CN(C)CCCN1c2ccccc2CC(=O)c2ccccc21,1.0,078e897d7df82e9610bdc8a0db2c3871
CN(C)CCCN1c2ccccc2CCc2ccc(C#N)cc21,1.0,c5901abc5788d2397324852d103f5a9f
CN(C)CCCN1c2ccccc2CCc2ccc(Cl)cc21,1.0,c46aa5d2e82718b03d24906f1629645d
CN(C)CCCN1c2ccccc2CCc2ccccc21,1.0,4d37c48d1e9a45fec7bf1ef46c403c4c
CN(C)CCCN1c2ccccc2Sc2ccc(C(F)(F)F)cc21,1.0,80c98295bbac114b9389fe97ff1d27a4
CN(C)CCCN1c2ccccc2Sc2ccc(Cl)cc21,1.0,a7a9e333c8b37f240a549f5c83e05c32
CN(C)CCCN1c2ccccc2Sc2ccccc21,1.0,965e7c7643a9fcd35c89c13e89ea4d84
CN(C)CCCN1c2ccccc2Sc2cccnc21,1.0,965e7c7643a9fcd35c89c13e89ea4d84
CN(C)CCCn1c(=O)c2ccccc2c2ccccc21,1.0,7ebca714a6b82b4902f2ae33fe692884
CN(C)CCCn1c(=O)n(-c2ccccc2)c2cc(Cl)ccc21,1.0,f781293f02137525273d550fb1758826
CN(C)CCCn1c2c(c3ccccc31)CCCCCC2,1.0,1c6d65bd30bce450c53e48a0154c8b2b
CN(C)CCCn1cc(-c2ccccc2)c(-c2ccccc2)n1,1.0,7156abcbf764811012420f4efdb17eb3
CN(C)CCN(C)n1cc(-c2ccccc2)c2ccccc21,1.0,fed8087163eaa48004d8b0970673027e
CN(C)CCN(Cc1cccs1)c1ccccn1,1.0,9da2e71711e6e8807c893f81fd00f86e
CN(C)CCN1C(=O)CC(c2ccccc2)Sc2ccccc21,1.0,4312810863e6d7591d36f25ac25be5fa
CN(C)CCN1C(=O)c2ccccc2N(C)c2ccccc21,1.0,a8e1d48b2acfc5a46062162d03f3f877
CN(C)CCN1CCN(c2cccc(Cl)c2)C1=O,1.0,b7fc5dddaeeb2e045807c6ec9731c73c
CN(C)CCO,1.0,f619afa25c1921f996d128a1dfefef72
CN(C)CCOC(=O)CCC1CCCCC1,1.0,5193f38550fb8fd6ed291510258e4b5e
CN(C)CCOC(=O)COc1ccc(Cl)cc1,1.0,333b9c238c01fa29fd7cfb97551ff0de
CN(C)CCOC(C)(c1ccccc1)c1ccc(Cl)cc1,1.0,b37ca04f88b9f087b4c73202841d1747
CN(C)CCOC(C)(c1ccccc1)c1ccccn1,1.0,83c8ee3cae73f49929e09d6fbbac60cc
CN(C)CCOC(c1ccccc1)c1ccc(Br)cc1,1.0,6245214179e1ba546a072fc363a777a2
CN(C)CCOC(c1ccccc1)c1ccccc1,1.0,e64e0c76e7bbed20178e6f433d2583b5
CN(C)CCOC(c1ccccc1)c1ccccc1C(C)(C)C,1.0,f973f6b36e4f2c21847ce48e58d237ca
CN(C)CCOC1(Cc2ccccc2)CC2CCC1(C)C2(C)C,1.0,e52efd543e788ce1272cf53db3485f2e
CN(C)CCOC1=Cc2ccccc2Sc2ccc(Cl)cc21,1.0,28746e407e37ca1ef5423e41f65c7aaf
CN(C)CCON=C1c2ccccc2CCc2ccccc21,1.0,7b6343a9d950f03d990cd5e681e83bc3
CN(C)CC[C@]1(c2ccccc2)CCc2ccccc2C1=O,1.0,d0e5d26a3bf9af3f929f53ac8f0b715e
CN(C)CCc1c[nH]c2ccc(O)cc12,1.0,b0048c32daa70a754db933065c22f51e
CN(C)CCc1c[nH]c2cccc(OP(=O)(O)O)c12,1.0,22eec78f529c38a6ee950e5b02beb309
CN(C)CCc1ccccn1,1.0,cdcb5f8873622178c03a976e0101418b
CN(C)CCn1cnc2c1c(=O)n(C)c(=O)n2C,1.0,108597d3bd17793cdbe872c6640ec8be
CN(C)CCn1nnnc1SCC1=C(C(=O)O)N2C(=O)[C@@H](NC(=O)Cc3csc(N)n3)[C@H]2SC1,0.0,c72b9afc2de3c261da433486c23268cb
CN(C)Cc1ccc(-c2cccc(NC3N=CC=C3[N+](=O)[O-])c2)o1,1.0,3a099168a2d6e0d695bb1c7c7963c06b
CN(C)Cc1ccc(CSCCNC2N=CC=C2[N+](=O)[O-])o1,0.0,628257b388376a7a092b6b121adbd066
CN(C)Cc1ccc(CSCCNc2[nH]cc(Cc3ccccc3)c2[N+](=O)[O-])o1,1.0,07a927b8e7b195e8bcaf343a5a76f492
CN(C)Cc1ccc(CSCCNc2nc(=O)c(Cc3ccc4ccccc4c3)c[nH]2)o1,0.0,a8dcad59ebeaeeda9b66bda6be57478e
CN(C)Cc1ccnc(-c2cccc(NC3N=CC=C3[N+](=O)[O-])c2)c1,1.0,0235c7671ddbf5c545cba6d8912d10f0
CN(C)Cc1nnc2n1-c1ccc(Cl)cc1C(c1ccccc1)=NC2,1.0,be2be7bbae5d0066beb9d72aa4994991
CN(C)N/N=C1/N=CN=C1C(N)=O,1.0,57042dd84e1485a858183f5f0ca13aa1
CN(C)S(=O)(=O)c1ccc2c(c1)N(CCCN1CCC(CCO)CC1)c1ccccc1S2,1.0,c4a8b463f96bdbf9a7f3f64b795ef88d
CN(C)[C@@H](CCOc1cccc2ccccc12)c1ccccc1,1.0,b6c9062364f66b292282a1220ab4ce18
CN(C)[C@@H]1C(=O)/C(=C(/N)O)C(=O)[C@@]2(O)C(=O)C3=C(O)c4c(O)ccc(Cl)c4[C@@](C)(O)[C@H]3C[C@@H]12,0.0,e28baeb3cc84e4f3f8cee70b997cee1b
CN(C)[C@@H]1C(=O)/C(=C(/O)NC(C(=O)O)N2CCN(CCO)CC2)C(=O)[C@@]2(O)C(=O)C3=C(O)c4c(O)cccc4[C@@](C)(O)[C@H]3C[C@@H]12,0.0,53c5d66a506daba02abdec8bba7c7a9d
CN(C)[C@@H]1C(=O)/C(=C(/O)NCN2CCCC(C(=O)O)C2)C(=O)[C@@]2(O)C(=O)C3=C(O)c4c(O)cccc4[C@@](C)(O)[C@H]3C[C@@H]12,0.0,bada4d34251b699cc34138e4e1de31d0
CN(C)[C@@H]1C(=O)/C(=C(/O)NCN2CCCC2)C(=O)[C@@]2(O)C(=O)C3=C(O)c4c(O)cccc4[C@@](C)(O)[C@H]3C[C@@H]12,1.0,2d2cde088a4e720162514658bf8af971
CN(C)[C@@H]1C(=O)/C(=C(/O)NCNC(C(=O)NC2C(=O)N3C2SC(C)(C)C3C(=O)O)c2ccccc2)C(=O)[C@@]2(O)C(=O)C3=C(O)c4c(O)cccc4[C@@](C)(O)[C@H]3C[C@@H]12,0.0,1248f79266d9240406c6e4068277a0e4
CN(C)[C@@H]1C(=O)/C(=C(/O)NCO)C(=O)[C@@]2(O)C(=O)C3=C(O)c4c(O)ccc(Cl)c4[C@@](C)(O)[C@H]3C[C@@H]12,0.0,a29696b09bccc1d9e3fcd2dd0aa32caf
CN(C)[C@@H]1C(=O)/C(=C(\N)O)C(=O)[C@@]2(O)C(=O)C3=C(O)c4c(O)ccc(Cl)c4[C@@H](O)[C@H]3C[C@@H]12,0.0,87e8d7f40de2ec7ecf21ee9521996532
CN(C)[C@@H]1C(=O)/C(=C(\N)O)C(=O)[C@@]2(O)C(=O)C3=C(O)c4c(O)ccc(Cl)c4[C@@](C)(O)[C@H]3C[C@@H]12,0.0,e28baeb3cc84e4f3f8cee70b997cee1b
CN(C)[C@@H]1C(=O)/C(=C(\N)O)C(=O)[C@@]2(O)C(=O)C3=C(O)c4c(O)ccc([N+](=O)[O-])c4C[C@H]3C[C@@H]12,0.0,d63f32ffd52b91cb287ec7c8ba93ceac
CN(C)[C@@H]1C(=O)/C(=C(\N)O)C(=O)[C@@]2(O)C(=O)C3=C(O)c4c(O)cccc4[C@@H](O)[C@H]3C[C@@H]12,0.0,ff23e0d172c26e0359b856559eb1adc3
CN(C)[C@@H]1C(=O)/C(=C(\N)O)C(=O)[C@@]2(O)C(=O)C3=C(O)c4c(O)cccc4[C@@](C)(O)[C@H]3C[C@@H]12,0.0,48ee655e6643a96b14a6d40950347ed6
CN(C)[C@@H]1C(=O)/C(=C(\N)O)C(=O)[C@@]2(O)C(=O)C3=C(O)c4c(O)cccc4[C@@](C)(O)[C@H]3[C@H](O)[C@@H]12,0.0,9fdf83d772b3faf8af558722a1af5662
CN(C)[C@@H]1C(=O)/C(=C(\N)O)C(=O)[C@@]2(O)C(=O)C3=C(O)c4c(ccc(N)c4O)C[C@H]3C[C@@H]12,0.0,fac9bdd8db4386c35a29b60febeb5356
CN(C)c1cc(-c2n[nH]c(N)n2)ccn1,0.0,4dce1623a75bf6c72fe05772c395e5db
CN(C)c1cc(-c2nc(N)n[nH]2)ccn1,0.0,4dce1623a75bf6c72fe05772c395e5db
CN(C)c1ccc(O)c2c1C[C@H]1C[C@H]3[C@H](N(C)C)C(O)=C(C(N)=O)C(=O)[C@@]3(O)C(O)=C1C2=O,1.0,d63f32ffd52b91cb287ec7c8ba93ceac
CN(C)c1cnccn1,1.0,a95dd18a873671a30a757f426a8fa77a
CN(C/C=C/c1ccccc1)CCOC(c1ccccc1)c1ccccc1,1.0,25f20cef42890340e3d3a1b33c2a77cc
CN(CCCN1c2ccccc2CCc2ccccc21)CC(=O)c1ccc(Cl)cc1,1.0,cac13f4937c7fa837852c09b156ce4f2
CN(CCN(C)CN/C(O)=C1\C(=O)[C@@H](N(C)C)[C@@H]2C[C@H]3C(=C(O)c4c(O)cccc4[C@@]3(C)O)C(=O)[C@]2(O)C1=O)CN/C(O)=C1\C(=O)[C@@H](N(C)C)[C@@H]2C[C@H]3C(=C(O)c4c(O)cccc4[C@@]3(C)O)C(=O)[C@]2(O)C1=O,0.0,d27aff4cdebaec0d2d880ff5518e29be
CN(CCc1cc2cccc3c2n1-c1ccccc1CC3)Cc1ccccc1,1.0,f10d2084bf04a34476246aa3ce42e8d7
CN(Cc1cnc2nc(N)nc(N)c2n1)c1ccc(C(=O)N[C@@H](CCC(=O)O)C(=O)O)cc1,0.0,aa1fae7044aac69cdf7fe2acc1b72b7c
CN(N=O)C(=O)N[C@@H]1[C@@H](O)[C@H](O)[C@@H](CO)O[C@@H]1O,0.0,541df4156bcdfcd3eecb6874229466dc
CN(c1nc2ccccc2s1)C1CCN(CC(O)COc2ccc(F)cc2)CC1,1.0,b3cff55e1a94c48c3c7ce53d06d4cffe
CN/C(=C\[N+](=O)[O-])NCCSCc1ccc(CN(C)C)o1,0.0,6fe9db19e0f6233550aa6ce288e67967
CN1/C(=C(/O)Nc2ccccn2)C(=O)c2ccccc2S1(=O)=O,0.0,38bbf76a7c836448f949dd95c2d740d7
CN1/C(=C(\O)Nc2ccccn2)C(=O)c2sccc2S1(=O)=O,0.0,7e31262e954b8c35d7778318f8d7fbac
CN1C(=O)C(O)N=C(c2ccccc2)c2cc(Cl)ccc21,1.0,157ff8e9094c0c55ee2aef6396596c42
CN1C(=O)C(O)N=C(c2ccccc2Cl)c2cc(Cl)ccc21,1.0,d2f6ec282a5d2985bc1a456efb17d0ec
CN1C(=O)C(O)N=C(c2ccccc2F)c2cc(Cl)ccc21,1.0,d2f6ec282a5d2985bc1a456efb17d0ec
CN1C(=O)CC(=O)N(c2ccccc2)c2cc(C(F)(F)F)ccc21,1.0,948396e3949b7152ef0cecb4a5587b28
CN1C(=O)CC(=O)N(c2ccccc2)c2cc(Cl)ccc21,1.0,5943cca6ba6617453c55a90972c048bc
CN1C(=O)CC(C)(c2ccccc2)C1=O,1.0,6cdc2a46058b4c8e6cd1296e1c440bb0
CN1C(=O)CC(c2ccccc2)C1=O,1.0,25a5dd3f9c88206b5406f193dee72fbd
CN1C(=O)CC2(CCN(CCCC(=O)c3ccc(F)cc3)CC2)C1=O,1.0,4cbdc1f88a3be11103f472a57239ceac
CN1C(=O)CCC1c1cccnc1,1.0,39164dc68ed422c1250dd061ffdc5912
CN1C(=O)CCS(=O)(=O)C1c1ccc(Cl)c(Cl)c1,1.0,69bbd9c643f645998301b791841148b8
CN1C(=O)CCS(=O)(=O)C1c1ccc(Cl)cc1,1.0,d212a6febf92de691552ce0ecde18a94
CN1C(=O)CN(C(N)=O)C(c2ccccc2)c2cc(Cl)ccc21,1.0,c2a514495ce2d01cd3621fd40e3eb6a2
CN1C(=O)CN2CCc3ccccc3C2c2cc(Cl)ccc21,1.0,6e4dda133a71617f27c93361c332293c
CN1C(=O)CN=C(C2=CCCCC2)c2cc(Cl)ccc21,1.0,a113e35766a9c52636983625068be0f3
CN1C(=O)CN=C(C2=CCCCC2)c2cc([N+](=O)[O-])ccc21,1.0,d526575fef70c528bf9a04df9a1279d0
CN1C(=O)CN=C(c2ccccc2)c2cc(Cl)ccc21,1.0,a113e35766a9c52636983625068be0f3
CN1C(=O)CN=C(c2ccccc2)c2cc([N+](=O)[O-])ccc21,1.0,d526575fef70c528bf9a04df9a1279d0
CN1C(=O)CN=C(c2ccccc2F)c2cc(Cl)ccc21,1.0,29b2219e41f5da3e32add13ea851c5fe
CN1C(=O)CN=C(c2ccccc2F)c2cc([N+](=O)[O-])ccc21,1.0,8fd2102f7788e0f9eb8d8b28333a4f80
CN1C(=O)NC(=O)C(C)(C2=CCCCC2)C1=O,1.0,24dc5dc950ea4f990830b1d23616eb4c
CN1C(=O)OC(C)(C)C1=O,1.0,74598743be52077b96086a6bd24e1d11
CN1C(=S)CN=C(c2ccccc2)c2cc(Cl)ccc21,1.0,a113e35766a9c52636983625068be0f3
CN1C(CC(=O)c2ccccc2)CCCC1CC(O)c1ccccc1,1.0,176d6f5d352c6872e45c59b516b4ec24
CN1C(CCl)Nc2cc(Cl)c(S(N)(=O)=O)cc2S1(=O)=O,0.0,4146d5bdcd58d3475176c895346f4187
CN1C(CSCC(F)(F)F)Nc2cc(Cl)c(S(N)(=O)=O)cc2S1(=O)=O,0.0,9192811f9cb86b7df281f8bcc2010619
CN1C2CCC1CC(OC(=O)C(C)(CO)c1ccccc1)C2,1.0,5aef67e0beabfcf69bde93def7e17c77
CN1C2CCC1CC(OC(=O)C(O)c1ccccc1)C2,0.0,7b9eb30c2af7f0c44a68710ba33801aa
CN1C2CCC1CC(OC(=O)[C@H](CO)c1ccccc1)C2,1.0,9429dd492cf9667b8b31f9ac23841747
CN1C2CCC1CC(OC(c1ccccc1)c1ccccc1)C2,1.0,b25c0f965af64cdf5f25fd711657f289
CN1CC(=O)N=C1NC(=O)Nc1cccc(Cl)c1,1.0,2889ff2404aa888e1fa95ffb7bc017aa
CN1CC(CSc2ccccn2)C=C2c3cccc4[nH]cc(c34)CC21,1.0,0bbae5f38bc901d0264474f38ad6c260
CN1CC2c3ccccc3Oc3ccc(Cl)cc3C2C1,1.0,cb03c67835b749f4fa5573b734457757
CN1CC=C(c2ccccc2)CC1,1.0,af3311e830bfd4e2b7b92912e1a7d8c7
CN1CCC(=C2c3ccccc3C(O)c3ccccc32)CC1,1.0,b6a9f7165f204628f795c422e7aa6e69
CN1CCC(=C2c3ccccc3CCc3sccc32)CC1,1.0,9f3aca36e9057ccc827f6231b9e61fd3
CN1CCC(=C2c3ccccc3Oc3ccc(Cl)cc32)CC1,1.0,edd295098965c31b90a9dcff6e0e4df3
CN1CCC(=C2c3ccccc3Sc3ccccc32)CC1,1.0,906c6a787ff42094e72631150683d2e7
CN1CCC(C)(CN2c3ccccc3Sc3ccccc32)C1,1.0,50f9b9adc5d0e812574e3ef7ed322eb8
CN1CCC(OC2c3ccccc3CCc3ccccc32)CC1,1.0,90e0304b6073313012ad923facba3e1d
CN1CCC2(C)CC(Cc3ccc(O)cc32)C1,1.0,a91c8003e0f7d96204659500bf82e9b9
CN1CCC23c4c5ccc(O)c4OC2C(O)CCC3C1C5,1.0,ebf39f82138a033129a2c8e8f198d96e
CN1CCC23c4c5ccc(O)c4OC2CCCC3C1C5,1.0,de68fb54b914256a0687f70632f7b4ee
CN1CCC2=C(C1)c1ccccc1Cc1ccccc12,1.0,06c867fc765ea4d3bc7f104f3b15e02b
CN1CCC2=C(CC1)c1cc(C#N)ccc1Sc1ccccc12,1.0,f8d5f8046f5f07c8a421a07a2b12047b
CN1CCC2=C(CC1)c1ccccc1N(C)c1ccccc12,1.0,4daf0aa92f34f0ec2621e715e7ac2d6d
CN1CCC2=C(CC1)c1ccccc1Oc1ccccc12,1.0,bf47d4c791d112ee3661eb5050b17c0f
CN1CCCC(CN2c3ccccc3Sc3ccccc32)C1,1.0,cd2abedc7930ae5807737f1c9dd8edc4
CN1CCCCC1CCN1c2ccccc2Sc2ccc(S(C)(=O)=O)cc21,1.0,39603aed1c2d3292e1d5f5c305124999
CN1CCCCC1CCN1c2ccccc2Sc2ccc(S(C)=O)cc21,1.0,501f8265746d7743e956da5973c8a415
CN1CCCN(C(c2ccccc2)c2ccc(Cl)cc2)CC1,1.0,7d268d24ef52893cc9993b2475be1134
CN1CCC[C@H]1c1cccnc1,1.0,2bd71772220b1d36d782f5b4958deba7
CN1CCCc2cccc(OCC3CNCCO3)c21,1.0,6d96826b3231d600339e520f4ff3f0a3
CN1CCN(/C=C2\N=C3CN=C(c4ccccc4Cl)c4cc([N+](=O)[O-])ccc4N3C2=O)CC1,1.0,89d33f31827f7e9685f10a8a2c14a4d5
CN1CCN(C(=O)Cc2ccc(Cl)c(Cl)c2)[C@@H](CN2CCCC2)C1,1.0,001c1d9bc3e0d3cf18fd26b0505400a7
CN1CCN(C(=O)OC2C3=C(SCCS3)C(=O)N2c2ccc3ccc(Cl)nc3n2)CC1,1.0,6baf340a8b51215e495667769888691c
CN1CCN(C(=O)OC2c3nccnc3C(=O)N2c2ccc(Cl)cn2)CC1,1.0,36eeb1cee0e04dbdd250e2431775360f
CN1CCN(C(c2ccccc2)c2ccc(Cl)cc2)CC1,1.0,57c7c64cf35f320bc9e904fc57cd92e8
CN1CCN(C2=Cc3cc(Cl)ccc3/C(=C\C#N)c3ccccc32)CC1,1.0,d42e386f101b2204166c9965cec9e360
CN1CCN(C2=Nc3cc(F)ccc3Cc3ccccc32)CC1,1.0,b8ba035492b5896b258cee621ac8b167
CN1CCN(C2=Nc3ccccc3Cc3ccccc32)CC1,1.0,93a2ae09c6e697df099edb494c67ba7e
CN1CCN(C2=Nc3ccccc3Oc3ccc(Cl)cc32)CC1,1.0,2831c6038b4546aabe7d8567922c899c
CN1CCN(C2=Nc3ccccc3Sc3ccc(Cl)cc32)CC1,1.0,2831c6038b4546aabe7d8567922c899c
CN1CCN(C2=Nc3ccccc3Sc3nccn32)CC1,1.0,b4c358ea4c8a18e4c8fea8b13e8bf98b
CN1CCN(C2=Nc3cscc3/C(=C/C#N)c3cscc32)CC1,1.0,6a005261d13b7dc3971993e91f26ee28
CN1CCN(C2=c3ccccc3=Nc3ccc(Cl)cc3N2)CC1,1.0,b8ba035492b5896b258cee621ac8b167
CN1CCN(C2Cc3ccccc3Sc3ccc(Cl)cc32)CC1,1.0,2831c6038b4546aabe7d8567922c899c
CN1CCN(CC(=O)N2c3ccccc3C(=O)Nc3cccnc32)CC1,1.0,58257d1de46c953497a627388f55e127
CN1CCN(CC(=O)[C@@]2(O)CC[C@H]3[C@@H]4CCC5=CC(=O)C=C[C@]5(C)[C@H]4[C@@H](O)C[C@@]32C)CC1,1.0,416940b0a7a9eb1f93c8e804be388001
CN1CCN(CC/C=C2\c3ccccc3Sc3ccc(S(=O)(=O)N(C)C)cc32)CC1,1.0,0ad5d6108656cd01d5de6303e812e009
CN1CCN(CCC(=O)N2c3ccccc3Sc3ccc(C(F)(F)F)cc32)CC1,1.0,dfce877e1e252bb57cbc9b5eda0b2bc2
CN1CCN(CCCN2c3ccccc3Sc3ccc(C(F)(F)F)cc32)CC1,1.0,cf0e61847539aea39ffd791ff7f21447
CN1CCN(CCCN2c3ccccc3Sc3ccc(Cl)cc32)CC1,1.0,b29d7547d71be79039c386c89a6c6e41
CN1CCN(CCCN2c3ccccc3Sc3ccc(S(=O)(=O)N(C)C)cc32)CC1,1.0,0ad5d6108656cd01d5de6303e812e009
CN1CCN(CCN2CCN(CCCN3c4ccccc4Sc4ccc(Cl)cc43)CC2)C1=O,1.0,d1130d9643b95b4a757fecdbe51eef98
CN1CCN(c2c(F)cc3c(=O)c(C(=O)O)cn(CCF)c3c2F)CC1,0.0,a4aa8bec2ec2dc6a34bdbcbe3100e954
CN1CCN(c2c(F)cc3c(=O)c(C(=O)O)cn4c3c2SCC4)CC1,0.0,d1331d67cfca6ce1211ffb1ac91f912f
CN1CCN(c2cc3c(cc2F)c(=O)c(C(=O)O)cn3-c2ccc(F)cc2)CC1,0.0,ae86ad6cec7d002a274bac41a4c64e98
CN1CCN(c2cc3c(nn2)Oc2ccccc2N3C)CC1,1.0,c73b836161b8255133b541f05708d677
CN1CCN(c2ccccc2Cc2ccccc2)CC1,1.0,aa646697ef244a1124db7a5c791cd6a0
CN1CCN(c2ncc(-c3cc(Cl)cc(Cl)c3Cl)c(N)n2)CC1,1.0,d042022514d174a62f8314dfea757c17
CN1CCN2c3cc(F)ccc3C(c3cccs3)=NCC2C1,1.0,148b8bfdb0aa6bed476633e595271213
CN1CCN2c3ccccc3Cc3ccccc3C2C1,1.0,06c867fc765ea4d3bc7f104f3b15e02b
CN1CCN2c3ccccc3Cn3cccc3C2C1,1.0,9a379a1cf97f793ede0bc46c93e10c60
CN1CCN2c3ncccc3Cc3ccccc3C2C1,1.0,06c867fc765ea4d3bc7f104f3b15e02b
CN1CCN=C(c2ccccc2)c2cc(Cl)ccc21,1.0,4db6d03c40ede39fc5f497e31fa9c15c
CN1CCOC(c2ccccc2)c2ccccc2C1,1.0,88d2bd908d7d55c799d44fae3f43b525
CN1CC[C@@H]2c3cc(Cl)ccc3Oc3ccccc3[C@H]2C1,1.0,7789e4f9d7fe2fd95516df0bae56ef72
CN1CC[C@@]2(C)c3cc(OC(=O)N4CCc5ccccc5C4)ccc3N(C)[C@@H]12,1.0,45ad67f56af7a03cfacd2521b7444989
CN1CC[C@@]2(C)c3cc(OC(=O)Nc4ccccc4)ccc3N(C)[C@@H]12,1.0,553a0ce7ba7ddb7b616db07ee3c7a41d
CN1CC[C@@]23CCCC[C@@H]2[C@@H]1Cc1ccc(O)cc13,1.0,1fa1da3ddfe0ac05033957772bef5e03
CN1CC[C@]23CCCC[C@H]2[C@H]1Cc1ccc(O)cc13,1.0,1fa1da3ddfe0ac05033957772bef5e03
CN1CC[C@]23NC(=O)CC(c4cc(Cl)ccc4O2)C3C1,1.0,2d91341613e8fb456c18a33a909eed22
CN1CC[C@]23c4c5ccc(O)c4O[C@@]2(C)C(=O)CC[C@H]3[C@H]1C5,1.0,587c722c20a24a78b98be7db57f71ff4
CN1CC[C@]23c4c5ccc(O)c4O[C@H]2C(=O)CC[C@@]3(O)[C@H]1C5,1.0,6b4e4f2199041c24969b4a1791b71a67
CN1CC[C@]23c4c5ccc(O)c4O[C@H]2C(=O)CC[C@H]3[C@H]1C5,1.0,ebf39f82138a033129a2c8e8f198d96e
CN1CC[C@]23c4c5ccc(O)c4O[C@H]2C(O)C=C[C@H]3[C@H]1C5,1.0,ebf39f82138a033129a2c8e8f198d96e
CN1CC[C@]23c4c5ccc(O)c4O[C@H]2[C@@H](O)CC[C@@]3(O)[C@H]1C5,1.0,6b4e4f2199041c24969b4a1791b71a67
CN1CC[C@]23c4c5ccc(OC(=O)c6cccnc6)c4O[C@H]2[C@@H](OC(=O)c2cccnc2)C=C[C@H]3[C@H]1C5,1.0,7c43493252c493c9dd8cfac54419b300
CN1CCc2cc(Cl)c(O)cc2[C@@H](c2cc(Br)cc3c2OCC3)C1,1.0,e0e54e7d2dacbb4f7272e0aa2448f549
CN1CCc2cc(Cl)c(O)cc2[C@@H](c2cccc3c2OCC3)C1,1.0,4752050156dc699a2d02351e1df73a1a
CN1CCc2cccc3c2[C@H]1Cc1ccc(O)c(O)c1-3,1.0,1f25cb977f38fc991bfc2b79203ff934
CN1C[C@@H](CC#N)CC2c3cccc4[nH]cc(c34)C[C@H]21,1.0,3fcdae306a2cb829f9cc5046837d75f2
CN1C[C@@H](NS(=O)(=O)N(C)C)C[C@@H]2c3cccc4c3c(cn4C)C[C@H]21,1.0,107dfcbb49ba6de3902c1b7fac273859
CN1C[C@@H]2Cc3ccc(Cl)cc3[C@@H](c3ccccc3)[C@@H]2C1,1.0,7a72dd71fda03b015bec38d5a26ac875
CN1C[C@@H]2c3cc(Cl)ccc3Oc3ccccc3[C@@H]2C1,1.0,cb03c67835b749f4fa5573b734457757
CN1C[C@H](C(=O)N[C@]2(C)O[C@@]3(O)[C@@H]4CCCN4C(=O)[C@H](Cc4ccccc4)N3C2=O)C[C@@H]2c3cccc4[nH]cc(c34)C[C@H]21,0.0,27452535d662d6325a6a40eb825815f6
CN1C[C@H](CN2CC(=O)NC(=O)C2)C=C2c3cccc4[nH]cc(c34)C[C@H]21,1.0,98da6d64a5903b982206e07b81f3f90d
CN1Cc2c(-c3noc(C(C)(C)O)n3)ncn2-c2cccc(Cl)c2C1=O,0.0,548847041ddc78b5a5d5b5693d0d8765
CN1Cc2c(-c3noc(C(C)(CO)CO)n3)ncn2-c2cccc(Cl)c2C1=O,0.0,417384efb931c59c5fdd6c7a6f3d23eb
CN1Cc2c(-c3noc(C(C)(O)CO)n3)ncn2-c2cccc(Cl)c2C1=O,0.0,d9437e4f1aa9171bfaa70513223d138f
CN1Cc2c(-c3noc([C@](C)(O)CO)n3)ncn2-c2cccc(Cl)c2C1=O,0.0,d9437e4f1aa9171bfaa70513223d138f
CN1Cc2c(C(=O)OC(C)(C)C)ncn2-c2ccsc2C1=O,1.0,e90e97de590a1b84a3a302329de21c6d
CN1Cc2c(N)cccc2C(c2ccccc2)C1,1.0,54dc5d3e9c9fc9a3b01c91ef94ae9323
CN1[C@@H]2CC(OC(=O)[C@H](CO)c3ccccc3)C[C@H]1[C@@H]1O[C@@H]12,0.0,bd0ad762ae10da9b956fd10f58457769
CN1[C@@H]2CCC[C@H]1CC(NC(=O)c1nn(C)c3ccccc13)C2,1.0,36b01eeb2d9f470abe3f77cfd63be3ca
CN1[C@@H]2CC[C@H]1CC(NC(=O)N1CC(C)(C)c3ccccc31)C2,1.0,a1a0dc011a69baed1bd92c28a86008ed
CN1[C@@H]2CC[C@H]1CC(NC(=O)c1cn(C3CCCCC3)c3ccccc3c1=O)C2,1.0,9548c804e51b6c702263d8a0dc62f2b0
CN1c2cc(F)ccc2C(c2ccccc2)=NCC1CNC(=O)c1ccoc1,1.0,210fbc626c52ff24ec2eb7c647221a8a
CN1c2ccccc2C(NCCCCCCC(=O)O)c2ccc(Cl)cc2S1(=O)=O,1.0,ee3f668de4b3062a4c8c2df33661e07e
CN1c2ccccc2C(c2ccccc2Cl)=NCC1(Cl)CO,1.0,3030433770a407586e9883a302fc4497
CN1c2ccccc2C(c2ccccc2F)=NCC1CNC(=O)c1ccsc1,1.0,bfb5d0597f078706ee8fb09be29b98b1
CN=C(Cc1ccc2ccccc2c1)[NH2+]C,1.0,81eb543a32ba1e0a6892635621f8857a
CN=C(NC#N)NCCSCc1csc(N=C(N)N)n1,1.0,b72e3c40fa9364dc42417ee5ddb068cf
CN=C(NC#N)NCCSCc1nc[nH]c1C,0.0,8cd62c23b7e65c7b994b37ed72500c29
CN=C1CN(O)C(c2ccccc2)=c2cc(Cl)ccc2=N1,1.0,7149dd4530efc8a21d0873e75bec3003
CNC(=NC#N)Nc1cccc(-c2csc(N=C(N)N)n2)c1,0.0,f46aaec053e2d902a5c0f38d40c03cb1
CNC(=O)CCN1CCN(CCC=C2c3ccccc3Sc3ccc(Cl)cc32)CC1,1.0,4373eb5732bf1cc22f297bcd0b68946d
CNC(=O)C[C@@H](N)C(=O)N[C@@H](C(=O)N[C@@H]1C(=O)N2[C@@H]1SC(C)(C)[C@@H]2C(=O)O)c1ccc(O)cc1,0.0,a75442fc10fedbac1b195f1dabb03fde
CNC(=O)N1CC(Oc2cccc(C(F)(F)F)c2)C1,1.0,bf9eac31c7a38b15f5ba839a3c83a3f4
CNC(=O)NC(O)C(Cl)(Cl)Cl,1.0,f30df9738d90120673ced555d58f3d0b
CNC(=O)O[C@H]1OC(=O)[C@@]2(C)[C@@H]1[C@H]1C=C[C@@H]2C1,1.0,ad0ed3034ddfe4d1647325d8ef0b6f79
CNC(=O)Oc1ccc2c(c1)[C@]1(C)CCN(C)[C@@H]1N2C,1.0,90262d57b1fd6dfe0ae421da674fd257
CNC(C)C(=O)c1ccc(OC)cc1,0.0,d7caf0f72c9bbd786f655166373b8bc5
CNC(C)C(O)c1ccc(O)cc1,0.0,c80aa1200499132d1ef897ce3ec34750
CNC(C)C1CCC(N)C(OC2C(N)CC(N)C(OC3OCC(C)(O)C(NC)C3O)C2O)O1,0.0,8ad2f1a095e5be1b8e3e647015513525
CNC/C=C(/c1ccc(Br)cc1)c1cccnc1,1.0,b59761a531c7a617ed9252af355f36d2
CNC1(c2ccccc2Cl)CCCCC1=O,1.0,0acf02fa45fe46f93f58289a516ede1c
CNC1C(O)C(OC2C(NC(=O)C(O)CN)CC(N)C(OC3OC(CN)C(O)C(O)C3O)C2O)OCC1(C)O,0.0,e7df2b18efff001711ba0dbcdd558623
CNC1CCC(c2ccccc2)c2ccccc21,1.0,36cac28cebb99425ed41214caddf8eb7
CNC1CCN2c3ccccc3CCc3cccc1c32,1.0,8e1737412b8d708eb46ef42e041edde4
CNC1CCc2ncsc2C1,1.0,5de19fd65059b2e743160f7dfca7a769
CNC1Cc2ccccc2N(C)c2ccccc21,1.0,cbacd1acb4f0108c086f57ff4e622449
CNCC(O)c1ccc(O)c(O)c1,0.0,215f332066f5e7d372dcb8ca62545332
CNCC(O)c1ccc(OC(=O)C(C)(C)C)c(OC(=O)C(C)(C)C)c1,0.0,2d55c3133ca4b6ae72ad4fc60b8b5f2a
CNCC(O)c1cccc(OC(=O)C(C)(C)C)c1,0.0,991b165ccee7ffecf43f2b6ca13c3b7f
CNCC12CCC(c3ccccc31)c1ccccc12,1.0,9abee97870f86baed25c3ae605aa4ba3
CNCCC(Oc1ccc(C(F)(F)F)cc1)c1ccccc1,1.0,5b1fefce454441837a16ab38249c805d
CNCCC(Oc1cccc2ccccc12)c1cccs1,1.0,dc690e6e648e48b4864cc349943e1b17
CNCCC(Oc1ccccc1OC)c1ccccc1,1.0,0c9c50856c23ebc2b61e4b66a6545f75
CNCCC=C1c2ccccc2C(C)(C)c2ccccc21,1.0,6b136c1ca34bb5fa002cf5ec0a63d056
CNCCC=C1c2ccccc2C2CC2c2ccccc21,1.0,ab169031967bd004af6adcb4ec172d0a
CNCCC=C1c2ccccc2CCc2ccccc21,1.0,9174fb18628a2e41aef32671dce9b82b
CNCCCC1(C)C(=O)N(c2ccccc2)c2ccccc21,1.0,13336290416d2e3e1c894ae7e5b94492
CNCCCC1(C)CN(c2ccccc2)c2ccccc21,1.0,521e6d176e326322bf4b57ad967765b0
CNCCCC1(c2ccccc2)OC(C)(C)c2ccccc21,1.0,423ff9176b36144adc0a6ba27c219630
CNCCCC1(c2ccccc2)SC(C)(C)c2ccccc21,1.0,423ff9176b36144adc0a6ba27c219630
CNCCCC12CCC(c3ccccc31)c1ccccc12,1.0,8e83368c86074151378c5d1fe50e250d
CNCCCC1c2ccccc2C=Cc2ccccc21,1.0,9174fb18628a2e41aef32671dce9b82b
CNCCCCOc1ccccc1Cc1ccccc1,1.0,a5b63be8caaf189c3aafc777076a14a2
CNCCCN1Cc2ccccc2Cc2ccccc21,1.0,cd6239047dae240afdf01293841d808d
CNCCCN1c2ccccc2C(C)(C)c2ccccc21,1.0,6b136c1ca34bb5fa002cf5ec0a63d056
CNCCCN1c2ccccc2CCc2ccccc21,1.0,9174fb18628a2e41aef32671dce9b82b
CNCCCN1c2ccccc2Sc2ccc(Cl)cc21,1.0,7cf41ce7d82c0920779b8ff1a52f047b
CNCCCN1c2ccccc2Sc2ccccc21,1.0,6d3cf553bb88353db443423f59f3639d
CNCCOC(c1ccccc1)c1ccccc1C,1.0,8d0d289214694f343653500dcdea6e4f
CNCCON=c1c2ccccc2ccc2ccccc12,1.0,be121de29e56c51d65a607328ceedd83
CNCCSC1=Cc2cc(F)ccc2Oc2ccccc21,1.0,d193ce4e778ac8b3f4aa90e72326f56f
CNCC[C@@H](O)[C@@H]1C[C@H](SC2=C(C(=O)O)N3C(=O)[C@H]([C@@H](C)O)[C@H]3[C@H]2C)CN1,0.0,7f8f508a42968905f2d3d63c4e5fa707
CNCC[C@@H](Oc1ccccc1C)c1ccccc1,1.0,a2b57cb6283f9613694b8e3052e181de
CNCCc1ccccn1,1.0,949642de8ee5e7ad5475d2650121814b
CNC[C@@H]1CN(c2ccc(OCc3cccc(Cl)c3)cc2)C(=O)O1,1.0,243a0706f6241a17e376e544e5d1dd9a
CNC[C@H](O)CC12CCC(c3ccccc31)c1ccccc12,1.0,6763b3199e884a7b44f310be1d58cfd4
CNC[C@H](O)c1ccc(O)c(O)c1,0.0,215f332066f5e7d372dcb8ca62545332
CNNCc1ccc(C(=O)NC(C)C)cc1,1.0,7a40c73670523a172ca17c78e1e0c851
CN[C@@H](C)Cc1ccccc1,1.0,614b4f0700a5c500437fc1f72965e18e
CN[C@@H](C)[C@H](O)c1ccccc1,0.0,c307c6018f20b81687965c6b56932a0f
CN[C@@H]1C[C@@H](c2ccc(Cl)c(Cl)c2)c2ccccc21,1.0,3a9a4fe1b9325a460d3718e18ab7b42a
CN[C@@H]1[C@@H](O)[C@@H](O[C@@H]2[C@@H](O)[C@H](O[C@H]3OC(CN)=CC[C@H]3N)[C@@H](N)C[C@H]2N)OC[C@]1(C)O,0.0,819e4426b0a50ce20feb577465e50c50
CN[C@@H]1[C@@H](O[C@H]2O[C@H](CO)[C@@H](N)[C@H](O)[C@H]2O)O[C@H]2C[C@@H](N)[C@H](O[C@H]3[C@H](O)[C@@H](O)[C@H](N)C[C@@H]3N)O[C@@H]2[C@@H]1O,0.0,daed7c41524e40cec11ab84708d76960
CN[C@@H]1[C@H](O[C@H]2[C@H](O[C@@H]3[C@@H](O)[C@H](O)[C@@H](N=C(N)N)[C@H](O)[C@H]3N=C(N)N)O[C@@H](C)[C@]2(O)CO)O[C@@H](CO)[C@H](O)[C@H]1O,0.0,a9179ff5a081282eb90517c2cab54036
CN[C@@H]1[C@H](O[C@H]2[C@H](O[C@H]3[C@H](O)[C@@H](O)[C@H](N=C(N)N)[C@@H](O)[C@@H]3N=C(N)N)O[C@@H](C)[C@]2(O)C=O)O[C@@H](CO)[C@H](O)[C@H]1O,0.0,a9179ff5a081282eb90517c2cab54036
CN[C@H](CC(C)C)C(=O)NC1C(=O)N[C@@H](CC(N)=O)C(=O)N[C@H]2C(=O)N[C@H]3C(=O)N[C@H](C(=O)N[C@@H](C(=O)O)c4cc(O)cc(O)c4-c4cc3ccc4O)[C@H](O)c3ccc(c(Cl)c3)Oc3cc2cc(c3O[C@@H]2O[C@H](CO)[C@@H](O)[C@H](O)[C@H]2O[C@H]2C[C@](C)(N)[C@H](O)[C@H](C)O2)Oc2ccc(cc2Cl)[C@H]1O,0.0,74f203f159e3fb25d20ac1b3f4d927c3
CN[C@H]1CC[C@@H](c2ccc(Cl)c(Cl)c2)c2ccccc21,1.0,76c0b5d0358df8156a31969998f3ce49
CNc1cc(OC)c(C(=O)N[C@@H]2CCN(Cc3ccccc3)[C@@H]2C)cc1Cl,1.0,f1866e1a9bcc515a50036a72aa4ce063
CNc1nc(Cl)c(SC)c(N2CCN(C)CC2)n1,1.0,db02f96238d4d572790961008bcceead
CO/N=C(/C(=O)N[C@@H]1C(=O)N2C(C(=O)O)=C(CSc3nc(C)c(CC(=O)O)s3)CS[C@H]12)c1csc(N)n1,0.0,a6591c5609d5f79eec674d42ae1dac02
CO/N=C(\C(=O)NC1C(=O)N(OCC(=O)O)[C@H]1C)c1csc(N)n1,0.0,cddc3d3deb8d219464e1ac0930018a64
CO/N=C(\C(=O)NC1C(=O)N2C(C(=O)O)=C(/C=C\c3scnc3C)CS[C@H]12)c1csc(N)n1,0.0,c7beb6abb33b8f74dca6140d1a6d9195
CO/N=C(\C(=O)N[C@@H]1C(=O)N(OCC(=O)OCC(=O)OC(C)(C)C)[C@H]1C)c1csc(N)n1,0.0,ffa8fc461475e115fc4b4280d31b630b
CO/N=C(\C(=O)N[C@@H]1C(=O)N2C(C(=O)O)=C(/C=C/Sc3n[nH]c(=O)c(=O)n3CC=O)CS[C@H]12)c1csc(N)n1,0.0,a91583ba8068b7f8140e2ae1b49ff29e
CO/N=C(\C(=O)N[C@@H]1C(=O)N2C(C(=O)O)=C(C)CS[C@H]12)c1csc(N)n1,0.0,fe8a97f1ca4a9ff46ff7aab14fecad57
CO/N=C(\C(=O)N[C@@H]1C(=O)N2C(C(=O)O)=C(COC(C)=O)CS(=O)[C@H]12)c1csc(N)n1,0.0,02fad1e64ce64911563f79f38fcda763
CO/N=C(\C(=O)N[C@@H]1C(=O)N2C(C(=O)O)=C(COC(C)=O)CS[C@H]12)c1ccco1,0.0,87006a17d1ae6fadbcc624c9334f941b
CO/N=C(\C(=O)N[C@@H]1C(=O)N2C(C(=O)O)=C(COC(N)=O)CS[C@H]12)c1ccco1,1.0,87006a17d1ae6fadbcc624c9334f941b
CO/N=C(\C(=O)N[C@@H]1C(=O)N2C(C(=O)O)=C(CSC(=O)c3ccco3)CS[C@H]12)c1csc(N)n1,0.0,dde703bd58bac04556c02d27eab59b12
CO/N=C(\C(=O)N[C@@H]1C(=O)N2C(C(=O)O)=C(CSc3cnns3)CS[C@H]12)c1csc(N)n1,0.0,1b0dfdad3a159cac91808c5199ffa5b7
CO/N=C(\C(=O)N[C@@H]1C(=O)N2C(C(=O)O)=C(CSc3nc(=O)c(=O)[nH]n3C)CS[C@H]12)c1csc(N)n1,1.0,1015f68afee301c67e1447332af57951
CO/N=C(\C(=O)N[C@@H]1C(=O)N2C(C(=O)O)=C(CSc3nnnn3C)CS[C@H]12)c1csc(N)n1,0.0,c7beb6abb33b8f74dca6140d1a6d9195
CO/N=C(\C(=O)N[C@@H]1C(=O)N2C(C(=O)O)=C(Cn3nnc(C)n3)CS[C@H]12)c1csc(N)n1,0.0,11c3385b1310efaa234431e810f2b37a
CO/N=C(\C(=O)N[C@@H]1C(=O)N2C(C(=O)O)=CCS[C@H]12)c1csc(N)n1,0.0,87e4c7c40ff14dee927ecb9a7025524c
CO/N=C(\C(=O)N[C@@H]1C(=O)N2C(C(=O)OC(C)OC(C)=O)=C(COC(N)=O)CS[C@H]12)c1ccco1,0.0,37804754984d06a565a44c88b5c0f1d3
CO/N=C(\C(=O)N[C@H]1C(=O)N2C(C(=O)[O-])=C(COC(C)=O)CS[C@@H]12)c1csc(N)n1,1.0,29510d2384319cfd7af78d428f37bbea
CO/N=C/C1=CCCN(C)C1,1.0,223f411660dee9e6df4837baa5d9c5cc
COC(=O)C(c1ccccc1)C1CCCCN1,1.0,9a751cc41d4a1d9d216b048fcb2f3fbb
COC(=O)C1=C(C)NC(C)=C(C(=O)OC)C1c1ccccc1[N+](=O)[O-],0.0,34031165c8040845d7dca855a138ce1e
COC(=O)C1=C(C)NC(C)=C(C(=O)OCCN(C)Cc2ccccc2)C1c1cccc([N+](=O)[O-])c1,0.0,b5a19b89c1a67899bcf89ff3c644df32
COC(=O)C1=CCCN(C)C1,1.0,0dc811a465203aba826de4a2540ed964
COC(=O)C1C2CC3c4[nH]c5cc(OC)ccc5c4CCN3CC2CC(OC)C1OC,1.0,7f3ef20a59dc416bee1b482f79f24bc7
COC(=O)N1CCN(C(=O)Cc2ccc(Cl)c(Cl)c2)[C@@H](CN2CCCC2)C1,1.0,0bc9a1028627955e9698a0903ad8386a
COC(=O)[C@@H]1C2CCC(C[C@@H]1OC(=O)c1ccccc1)N2C,1.0,e263b3e040c880e26d1c5180232125d6
COC(=O)[C@@H]1[C@H]2C[C@H]3c4[nH]c5ccccc5c4CCN3C[C@@H]2CC[C@@H]1O,0.0,31616a2e8d8df3b7cf9c18601aa2a1a3
COC(=O)[C@@]1(O)CC[C@H]2C3CCC(=O)C4C(=O)C=CC4(C)[C@H]3C(O)CC21C,1.0,996a4e2942f06a7846951aebb3b70696
COC(=O)[C@H]1[C@H]2C[C@@H]3c4[nH]c5cc(OC)ccc5c4CCN3C[C@H]2C[C@@H](OC(=O)/C=C/c2cc(OC)c(OC)c(OC)c2)[C@@H]1OC,1.0,b11d00d240cc8f647e097dcceeda127c
COC(=O)[C@H]1[C@H]2C[C@@H]3c4[nH]c5cc(OC)ccc5c4CCN3C[C@H]2C[C@@H](OC(=O)c2cc(OC)c(OC)c(OC)c2)[C@@H]1OC,1.0,04ba7218ceac4e2f0664cc43dfc9928c
COC(=O)[C@H]1[C@H]2C[C@@H]3c4[nH]c5ccc(Cl)cc5c4CCN3C[C@H]2C[C@@H](OC(=O)c2cc(OC)c(OC)c(OC)c2)[C@@H]1OC,1.0,e60b52d140d9474739b4896fc2482fe6
COC(=O)[C@H]1[C@H]2C[C@@H]3c4[nH]c5ccccc5c4CCN3C[C@H]2C[C@@H](OC(=O)c2cc(OC)c(OC)c(OC)c2)[C@@H]1OC,1.0,3a2603d79aea5d38fd40d1ef0c802797
COC(=O)c1ccc(C(=O)OC)cc1,1.0,ae9f3b587ddaf973e98f9713c1da1fe5
COC(=O)c1cncn1C(C)c1ccccc1,1.0,60b1dd8f106e02d143018ce47da94711
COC(C(=O)N[C@@H]1C(=O)N2[C@@H]1SC(C)(C)[C@@H]2C(=O)O)c1ccc(Cl)c(Cl)c1,0.0,4055ffb0acb5407f7543c8c1cfba4cfb
COC(F)(F)C(Cl)Cl,1.0,d8b8b69c1cbb3bc7aa2f208ce312a5cb
COC(F)(F)C(F)Br,1.0,d8b8b69c1cbb3bc7aa2f208ce312a5cb
COC(OC)C(=O)[C@@]12OC(C)(C)O[C@@H]1CC1C3C[C@H](F)C4=CC(=O)C=CC4(C)[C@@]3(F)C(O)CC12C,1.0,42ace5266344e1e7f9aa23d5345dbc9b
COC1(F)C(F)(F)C1(F)Cl,1.0,02a2a5ea38c1d4c94940558268c999d6
COC12C=CC3(CC1C(C)(C)O)[C@@H]1Cc4ccc(O)c5c4[C@]3(CCN1CC1CC1)[C@@H]2O5,1.0,24853536699b73ef768716b08ae2ea37
COC1=C(C(=O)O)N2C(=O)C(NC(=O)C(N)C3C=CCC=C3)C2SC1,0.0,56eae4cfd57811175e8f7827f0291cf0
COC1=CC(=O)OC1C(O)c1ccccc1Cl,1.0,e2229a2e4dc2f3d359fc2026260a4555
COC1=CC=C2[C@H]3Cc4ccc(OC)c5c4[C@@]2(CCN3C)[C@H]1O5,1.0,870b19b0eb42be241d7888786ab1a84c
COC1C(O)CC(=O)OC(C)C/C=C/C=C/C(OC2CCC(N(C)C)C(C)O2)C(C)CC(CC=O)C1OC1OC(C)C(OC2CC(C)(O)C(O)C(C)O2)C(N(C)C)C1O,0.0,ccf6f780e940b60867bacf838ac7448a
COC1C=COC2(C)Oc3c(C)c(O)c4c(O)c(c(C=NN5CCN(C)CC5)c(O)c4c3C2=O)NC(=O)C(C)=CC=CC(C)C(O)C(C)C(O)C(C)C(OC(C)=O)C1C,0.0,dc10e8e65ad52d3882d2fd63df0437f3
COC1C=COC2(C)Oc3c(C)c(O)c4c(c3C2=O)C(=O)C(=CNN2CCN(C)CC2)C(=C4O)NC(=O)C(C)=CC=CC(C)C(O)C(C)C(O)C(C)C(OC(C)=O)C1C,0.0,dc10e8e65ad52d3882d2fd63df0437f3
COC1CC(O[C@H]2[C@H](C)[C@@H](OC3OC(C)CC(N(C)C)C3O)[C@@H](C)C[C@]3(CO3)C(=O)[C@H](C)[C@@H](O)[C@@H](C)[C@@H](C)OC(=O)[C@@H]2C)OC(C)C1O,0.0,11b561db42497cc1e38ebcdef2853ea4
COC1CCCC2C1=C(C(=O)[O-])N1C(=O)C(C(C)O)C21,0.0,e48d0bd6cc725f232757fe99c42680ac
COCC(=O)N(c1ccccc1F)C1CCN(CCc2ccccc2)CC1,1.0,de53cba0a8a61b268bfd6a853be38348
COCC(=O)O[C@]1(CCN(C)CCCc2nc3ccccc3[nH]2)CCc2cc(F)ccc2[C@@H]1C(C)C,0.0,d5ea82bda2d40227b444f03ab252ce08
COCC1=C(C(=O)O)N2C(=O)[C@@H](NC(=O)/C(=N\O)c3csc(N)n3)[C@H]2SC1,0.0,36ca80c3cf652edaba90b227febf38c5
COCC1=C(C(=O)[O-])N2C(=O)[C@@H](NC(=O)/C(=N\OC)c3csc(N)n3)[C@H]2SC1,0.0,0edfa122fd7c0ed83ee54bae18d1db8a
COCC1CN(c2ccc(OCc3cccc(C#N)c3)cc2)C(=O)O1,1.0,c02c2b0f1b5baa9b67f668236f6105f6
COCC1CN=C(c2ccccc2Cl)c2cc(Br)ccc2N1C,1.0,6fd9aac91b4339098ae9d5dd975018d3
COCCCC(=O)OC(C)OC(=O)C1=C(COC(N)=O)CS[C@@H]2[C@H](NC(=O)/C(=N\OC)c3ccco3)C(=O)N12,0.0,80ce9ce11e86f2bbd0e7edbf63517579
COCCCC/C(=N\OCCN)c1ccc(C(F)(F)F)cc1,1.0,fae0016219038fd0492125eb424756e1
COCCCC/C(=N\OCCN)c1ccc(Cl)cc1,1.0,9b3ea9e43334d2a1dc4fdf20084671d1
COCCN1CC[C@]23c4c5ccc(O)c4O[C@H]2C(=O)CC[C@@]3(O)[C@H]1C5,1.0,479183ba41baffb2a7733bfe5fe4f9ae
COCCc1ccc(OCC(O)CNC(C)C)cc1,1.0,4020f145a70ae4cf48ac23996cb772c2
COCN1C(=O)CN=C(c2ccccc2)c2cc([N+](=O)[O-])ccc21,1.0,268f1a4281cc5311291ee029b2604193
COCOC(=O)C1N2C(=O)C(N3C(=O)C(c4ccc(O)cc4)NC3(C)C)C2SC1(C)C,0.0,4616f4d7ea84b5956899dd9a28cc4d08
COCOC(=O)[C@@H]1N2C(=O)[C@@H](N3C(=O)C(c4ccccc4)NC3(C)C)[C@H]2SC1(C)C,0.0,16d353d09ac5abc4de1f6ca5cdd9d8c1
COC[C@H]1CN(c2ccc(OCC[C@@H](O)C(F)(F)F)cc2)C(=O)O1,1.0,ee83c269778985f448cf066cd396f02a
COCc1c(C(=O)OC(C)C)ncc2[nH]c3cccc(Oc4ccc(Cl)cc4)c3c12,1.0,7a32df1677b6f83f73d8a1255bff2aff
COCc1c(C(C)C)nc(C(C)C)c(/C=C/[C@@H](O)C[C@@H](O)CC(=O)O)c1-c1ccc(F)cc1,1.0,5bd9825e7e24d77014bab97efdbc1603
CON=C(C#N)C1CN2CCC1CC2,1.0,060cc9b2a9675d9bd5373c550634dfe6
CO[C@@H]1O[C@H]2O[C@@]3(CN4CCCCC4)[C@@H]1[C@H](C[C@@H]3O)[C@H]2C,1.0,4f3b509f6f80f936d6c7d36d25a7276b
CO[C@@H]1[C@@H](OC(N)=O)[C@@H](O)[C@H](Oc2ccc3c(=O)c(NC(=O)c4ccc(O)c(CC=C(C)C)c4)c(O)oc3c2C)OC1(C)C,0.0,8070faaa76fee5e30b30f725c969afc1
CO[C@@H]1[C@@H](O[C@@H]2O[C@H](C)[C@@H](O[C@H]3C[C@@](C)(O)[C@@H](OC(=O)CC(C)C)[C@H](C)O3)[C@H](N(C)C)[C@H]2O)[C@@H](CC=O)C[C@@H](C)[C@@H](O)/C=C/C=C/C[C@@H](C)OC(=O)C[C@H]1OC(C)=O,0.0,787b129524474dbf2c0ab975f6cbec8f
CO[C@@]1(NC(=O)C(C(=O)O)c2ccc(O)cc2)C(=O)N2C(C(=O)O)=C(CSc3nnnn3C)CO[C@@H]21,0.0,7159845f7708177ecf49cc3ecc51e7b2
CO[C@@]1(NC(=O)C(C(=O)O)c2ccsc2)C(=O)N2[C@@H](C(=O)O)C(C)(C)S[C@@H]21,0.0,f06f79cd66745efb36716eab3770b127
CO[C@@]1(NC(=O)C2SC(=C(C(N)=O)C(=O)O)S2)C(=O)N2C(C(=O)O)=C(CSc3nnnn3C)CS[C@@H]21,0.0,580f6488033d77ab3aacd6fcdb60aac1
CO[C@@]1(NC(=O)CSC(F)(F)F)C(=O)N2C(C(=O)O)=C(CSc3nnnn3CCO)CO[C@@H]21,0.0,3dd72476986c3087280657dbdf89cc6c
CO[C@@]1(NC(=O)CSCC#N)C(=O)N2C(C(=O)O)=C(CSc3nnnn3C)CS[C@@H]21,0.0,27ba39b07c61959168ab42d774c1c028
CO[C@@]1(NC(=O)CSC[C@@H](N)C(=O)O)C(=O)N2C(C(=O)O)=C(CSc3nnnn3C)CS[C@@H]21,0.0,4ad69e6b1ee76bf364ef16cf8ca7ee13
CO[C@@]1(NC(=O)Cc2cccs2)C(=O)N2C(C(=O)O)=C(COC(N)=O)CS[C@@H]21,1.0,5939d60be58ca7b4dac74e8d54e69967
CO[C@@]12[C@H](COC(N)=O)C3=C(C(=O)C(C)=C(N)C3=O)N1C[C@@H]1N[C@@H]12,0.0,1837b611d5070a3daeeece10ed9a1610
CO[C@H](C(=O)[C@@H](O)[C@@H](C)O)[C@@H]1Cc2cc3cc(O[C@H]4C[C@@H](O[C@H]5C[C@@H](O)[C@H](O)[C@@H](C)O5)[C@H](O)[C@@H](C)O4)c(C)c(O)c3c(O)c2C(=O)[C@H]1O[C@H]1C[C@@H](O[C@H]2C[C@@H](O[C@H]3C[C@](C)(O)[C@H](O)[C@@H](C)O3)[C@H](O)[C@@H](C)O2)[C@H](O)[C@@H](C)O1,1.0,ae3610db6c9dca22551503a3da6900b3
CO[C@H]1/C=C/O[C@@]2(C)Oc3c(C)c(O)c4c(O)c(c5c(nc6cc(C)ccn65)c4c3C2=O)NC(=O)/C(C)=C\C=C\[C@H](C)[C@H](O)[C@@H](C)[C@@H](O)[C@@H](C)[C@H](OC(C)=O)[C@@H]1C,0.0,15b269845426416c15e39dd656794fe2
CO[C@H]1/C=C/O[C@@]2(C)Oc3c(C)c(O)c4c(O)c(cc(O)c4c3C2=O)NC(=O)/C(C)=C\C=C\[C@H](C)[C@H](O)[C@@H](C)[C@@H](O)[C@@H](C)[C@H](OC(C)=O)[C@@H]1C,0.0,fa7c285eab7f85e6e3fbcdc876fab12f
CO[C@H]1/C=C/O[C@@]2(C)Oc3c(C)c(O)c4c(c3C2=O)C(=O)/C(=C/NN2CCN(C3CCCC3)CC2)C(=C4O)NC(=O)/C(C)=C\C=C\[C@H](C)[C@H](O)[C@@H](C)[C@@H](O)[C@@H](C)[C@H](OC(C)=O)[C@@H]1C,0.0,60a546df34104971ba4e93982094d1a4
CO[C@H]1/C=C/O[C@@]2(C)Oc3c(C)c(O)c4c(c3C2=O)C2=NC3(CCN(CC(C)C)CC3)NC2=C(NC(=O)/C(C)=C\C=C\[C@H](C)[C@H](O)[C@@H](C)[C@@H](O)[C@@H](C)[C@H](OC(C)=O)[C@@H]1C)C4=O,0.0,651b4eb11e52cfd74c89a050fb573ce3
CO[C@H]1CC[C@H]2[C@H]3Cc4ccc(O)c5c4[C@@]2(CCN3C)[C@H]1O5,1.0,ab84c7a01da9749992af22fe39b92155
CO[C@H]1C[C@H](O[C@H]2[C@H](C)[C@@H](O[C@@H]3O[C@H](C)C[C@H](N(C)C)[C@H]3OC(C)=O)[C@@H](C)C[C@@]3(CO3)C(=O)[C@H](C)[C@@H](OC(C)=O)[C@@H](C)[C@@H](C)OC(=O)[C@@H]2C)O[C@@H](C)[C@@H]1OC(C)=O,0.0,541b631821bf4e20b6abf9093e72cdbd
CO[C@H]1[C@@H](O)[C@H](N)[C@@H](O[C@H]2O[C@H](C(C)N)CC[C@H]2N)[C@H](O)[C@@H]1N(C)C(=O)CN,0.0,9085ce0e9ced171204f31597a24afa0b
CO[C@]12CC[C@@]3(C[C@@H]1C(C)(C)O)[C@H]1Cc4ccc(O)c5c4[C@@]3(CCN1CC1CC1)[C@H]2O5,1.0,24853536699b73ef768716b08ae2ea37
CO[C@]12CC[C@@]3(C[C@@H]1[C@](C)(O)C(C)(C)C)[C@H]1Cc4ccc(O)c5c4[C@@]3(CCN1CC1CC1)[C@H]2O5,1.0,6e52c507dc58330388533314f48395af
COc1cc(/C=C/C(=O)N2CCCCCCC2)cc(OC)c1OC,1.0,0e0c779f8feb0a53801a3a5e7673b0cb
COc1cc(/C=C/C(N)=O)cc(OC)c1OC,1.0,b485f9bc4503fe02086db5049d04b64d
COc1cc(Br)c2oc(C3CCNCC3)cc2c1,1.0,77fb5a84a6c096f8e0bbae003eab074c
COc1cc(C(=O)/C=C/N2CC=CC2)cc(OC)c1OC,1.0,25ef6d40d5f9c74b9ec3458e95598e4a
COc1cc(C(=O)N2CCCCCCC2)cc(OC)c1OC,1.0,e692380eae48e553b6e728fdcb6c2c9c
COc1cc(C(=O)N2CCOCC2)cc(OC)c1OC,1.0,ec235cd3a29640b2523fc4ab38f0039f
COc1cc(C(=O)OCCN2CCN(CCCN3c4ccccc4Sc4ccc(Cl)cc43)CC2)cc(OC)c1OC,1.0,e054fcf8808fba5499dbef5543bde2f3
COc1cc(C(C)=O)ccc1OCCCN1CCC(c2noc3cc(F)ccc23)CC1,1.0,dad216b4ec4fa62c422af55af86b22a2
COc1cc(CCN)cc(OC)c1OC,1.0,ac19130888ef34ec750279c7a391ac13
COc1cc(Cc2cnc(N)nc2N)cc(OC)c1OC,1.0,800b0d5a906589485a02a6363b3c92bb
COc1cc(N)c(Cl)cc1C(=O)NC1CCN(CCCOc2ccc(F)cc2)CC1OC,1.0,358884d4b96701917663f98f98d48d38
COc1cc(N)c(Cl)cc1C(=O)NC1CCN(Cc2ccccc2)CC1,1.0,803224ef50178032108091657e25a12d
COc1cc([C@@H]2c3cc4c(cc3[C@@H](OC3OC5COC(c6cccs6)OC5C(O)C3O)[C@H]3COC(=O)[C@H]23)OCO4)cc(OC)c1O,1.0,1837dd1bff60de9cfe01c93747a58be5
COc1cc([C@@H]2c3cc4c(cc3[C@@H](O[C@@H]3O[C@@H]5CO[C@@H](C)O[C@H]5[C@H](O)[C@H]3O)C3COC(=O)[C@@H]32)OCO4)cc(OC)c1O,0.0,5beda72c0752c9a1dce6319aabb242c2
COc1cc2[nH]c(C)c(CCN3CCN(c4ccccc4)CC3)c2cc1OC,1.0,5ac5e93c321621639ed9634553c59379
COc1cc2[nH]c(C)c(CCN3CCN(c4ccccc4OC)CC3)c2cc1OC,1.0,24c0c0515d81f04a5e2e1c6524e82fb9
COc1cc2c(c(CN[C@@H]3CCCN[C@H]3c3ccccc3)c1)OCC2,1.0,1f7f1b5ab66803841c1072e6f2a2918d
COc1cc2c(c(OC)c1OC)-c1ccc(OC)c(=O)cc1C(NC(C)=O)CC2,1.0,f6910064aad7b60b3146ae6e4b04747b
COc1cc2c(c(OC)c1OC)-c1ccc(OC)c(=O)cc1[C@@H](NC(C)=O)CC2,0.0,f6910064aad7b60b3146ae6e4b04747b
COc1cc2c(cc1OC)C(=O)C(CC1CCN(Cc3ccccc3)CC1)C2,1.0,ae484cf5cc1e8d5ddd04acb3d6dc7ede
COc1cc2c(cc1OC)C(c1ccc(N)cc1)=NN=C(C)C2,1.0,71d81ef0d34efc59a76f090a2c41ed09
COc1cc2c(cc1OC)C(c1cccc(Cl)c1)=NN=C(C)C2,1.0,3788b68e29f782dfcebd6449f4c684d3
COc1cc2c(cc1OC)C1CC(=O)C(CC(C)C)CN1CC2,1.0,21c29d1917650a9ba697cce10e4acc1c
COc1cc2c(cc1OC)S(=O)(=O)OC(C(=O)NC(C)CC(C)(C)N(C)C)C2,1.0,19c73a5cb26c8e962766d63156d494a8
COc1cc2c(cc1OC)[C@@H](c1ccccc1)CN(C)CC2,1.0,4ed794fbf6254012fdbeff00207645ab
COc1cc2c3c(c1O)C1(C=CC(=O)C=C1)CC3N(C)CC2,1.0,ddd5d71810287fe57b9333763dcddbfb
COc1cc2oc(=O)c(C)c(C)c2cc1OCCCN1CCN(c2ccccc2OC)CC1,1.0,0a7a6ef0c2ed5529c1a5b08b4f88ba88
COc1ccc(-c2cc(=O)c3c(O)cc(O[C@@H]4O[C@H](CO[C@@H]5O[C@@H](C)[C@H](O)[C@@H](O)[C@H]5O)[C@@H](O)[C@H](O)[C@H]4O)cc3o2)cc1O,0.0,78a57b69e214c01aab3549d5d79b14ab
COc1ccc(C#N)cc1C(=O)NCCN1CCC(C(=O)c2ccc(F)cc2)CC1,1.0,297ab58079a202b73264b4b64825029e
COc1ccc(C(=O)N2CCCC2=O)cc1,1.0,352d759adf0d03917f1da23b97c2c95b
COc1ccc(C(CN(C)C)C2(O)CCCCC2)cc1,1.0,85fb16bc4af5113a7b5cf8a26fbffc30
COc1ccc(C(O)CN2CCN(C(c3ccccc3)c3ccccc3)CC2)cc1OC,1.0,a94b509787abc3733eb1ae421aabc4a4
COc1ccc(C2CNC(=O)C2)cc1OC1CCCC1,1.0,cbd14ac4ad32c2873ffdd4e01cefde68
COc1ccc(CC(=O)N2CCN(C(C)=O)C[C@@H]2CN2CC[C@@H](O)C2)cc1,0.0,5773a0e93fb02bbedc516dc13f26a2f3
COc1ccc(CCN(C)CCCC(C#N)(c2ccc(OC)c(OC)c2)C(C)C)cc1OC,0.0,32ad20d5ca2aaa190481eafe8bc5340c
COc1ccc(CCN2CCC(Nc3nc4ccccc4n3Cc3ccc(F)cc3)CC2)cc1,0.0,0f153b40ee82a464152e38c69e1f42c0
COc1ccc(CCN2CCN(c3cccc(Cl)c3)CC2)cc1OC,1.0,e17216040ac13341e4efce15e88c878a
COc1ccc(CN(CCN(C)C)c2ccccn2)cc1,0.0,d46b0c1c18795b784af56fccdfd77a00
COc1ccc(C[C@H](N)C(=O)NC2[C@@H](O)[C@H](n3cnc4c(N(C)C)ncnc43)O[C@@H]2CO)cc1,0.0,45953e158571dab1e831604f43ba7514
COc1ccc(Cc2nccc3cc(OC)c(OC)cc23)cc1OC,0.0,39870a06a774eda037b0b56b1c5db992
COc1ccc(Cl)c2c1CCCC2N(C)C,1.0,3d1845a5b306e197a3b9971835d966e4
COc1ccc(Cl)cc1C(=O)NCCc1ccc(S(=O)(=O)NC(=O)NC2CCCCC2)cc1,1.0,4617a153bc030cf8c0f369be6a33da60
COc1ccc(Cn2c(C)c(CCN)c3cc(O)ccc32)cc1,1.0,fe27cc372e77f3ddddd740ce27b9ccfe
COc1ccc(N2C[C@H](CN3CCC(O)(c4ccc5c(c4)OCO5)CC3)OC2=O)cc1,1.0,d885afa37093139759c3d5c62b89dd38
COc1ccc(OCC2CN(C)CCC2c2ccccc2)cc1,1.0,3ba2da54c350759899253f125e9d66ac
COc1ccc(S(N)(=O)=O)cc1C(=O)NCC1CCCN1C,1.0,0db5ce1cd08f385987da5ca42943d603
COc1ccc(S(N)(=O)=O)cc1C(=O)NCC1CCCN1Cc1ccc(F)cc1,1.0,33d58c686238e2f6d9235f03ee1d1df0
COc1ccc([C@@H]2Sc3ccccc3N(CCN(C)C)C(=O)[C@@H]2OC(C)=O)cc1,1.0,6efd18c0e56b5f45c3688340b24c3502
COc1ccc([C@H](O)CN2CCN(c3cccccc3=O)CC2)cc1OC,1.0,46f91527340edbebaadfe14c73fbd541
COc1ccc2c(C3CCN(CCCC(=O)c4ccc(F)cc4)CC3)c(C)[nH]c2c1,1.0,86b374eb47e439f41df05827e44eabed
COc1ccc2c(c1)/C(=C/CCN(C)C)c1ccccc1O2,1.0,4add5c3b362d73e2f69e70cbd877a120
COc1ccc2c(c1)C(N1CCN(C)CC1)=Cc1ccccc1O2,1.0,ad5db179fb037d3f48b1112cf46c6e01
COc1ccc2c(c1)C(O)(CCCN(C)C)c1ccccc1S2,1.0,94b7b32a4da166671e950fb9ff0f5da3
COc1ccc2c(c1)CN(C)CC2c1ccc(Cl)c(Cl)c1,1.0,2ca34c7e383999fcdc6f3fe2327d00a4
COc1ccc2c(c1)N(CC(C)CN1CCC(O)CC1)c1ccccc1S2,1.0,fe99c0db828b7ad5f1a927c5b4eaecd5
COc1ccc2c(c1)N(CCC1CCCCN1C)c1ccccc1S2,1.0,9c825b6403f1a39c0f35d1c56026f5ef
COc1ccc2c(c1)N(CCCN(C)C)c1ccccc1S2,1.0,4add5c3b362d73e2f69e70cbd877a120
COc1ccc2c(c1)N(C[C@H](C)CN(C)C)c1ccccc1S2,1.0,2140119aba3a0f97602abc10c3ae6fe3
COc1ccc2c(c1)[C@]13CCCC[C@@H]1[C@H](C2)N(C)CC3,1.0,0ebac53c47f00650a77a9822e45cde7c
COc1ccc2c(c1)c1c3n2CCN(C)C3=NCC1,1.0,40cd7ac86881ab6d1acb805ff7c075da
COc1ccc2c(c1OC)C(=O)O[C@@H]2[C@H]1c2c(cc3c(c2OC)OCO3)CCN1C,1.0,602902699514b091b67300a63035c0bf
COc1ccc2c(c1OC)[C@]13CCN(C)[C@H](C2)[C@]1(O)CC[C@@H](O)C3,1.0,49dc3b8c6efbaab9f5c919fd6e82274e
COc1ccc2c3c1OC1C(O)C=CC4C(C2)NCCC341,1.0,1cae6a609432e4751e7d1bfd21922670
COc1ccc2c3c1OC1C(OC(=O)c4cccnc4)CCC4C(C2)N(C)CCC341,1.0,6c1f3c97d8ba1af01bd8cb16bc1aa980
COc1ccc2c3c1OC1C(OC(C)=O)=CCC4C(C2)N(C)CCC314,1.0,dd98d7e9581e679321dbdf687a26f903
COc1ccc2c3c1O[C@H]1C(=O)CC[C@@]4(O)[C@@H](C2)N(C)CC[C@]314,1.0,9cb556f739b76a6cddb6cc111b671565
COc1ccc2c3c1O[C@H]1C(=O)CC[C@H]4[C@@H](C2)N(C)CC[C@]314,1.0,29d3501839c508e5c6c1a1074a6849ad
COc1ccc2c3c1O[C@H]1C[C@@H](O)C=C[C@@]31CCN(C)C2,1.0,4a3f64be1bbf3c92a65d4571f9f76173
COc1ccc2c3c1O[C@H]1[C@@H](O)C=C[C@H]4[C@@H](C2)N(C)CC[C@@]341,1.0,29d3501839c508e5c6c1a1074a6849ad
COc1ccc2c3c1O[C@H]1[C@@H](O)CC[C@H]4[C@@H](C2)N(C)CC[C@@]341,1.0,29d3501839c508e5c6c1a1074a6849ad
COc1ccc2nc(S(=O)Cc3ncc(C)c(OC)c3C)[nH]c2c1,0.0,44f1bf3c2c57e8386b818c6b9c3eac87
COc1cccc(C(=O)NC2C[C@H]3CC[C@@H](C2)N3Cc2ccccc2)c1OC,1.0,3a2b9f0bc5e373c35e1de2abd637cd17
COc1cccc(CC(=O)N2CCN(C(C)=O)C[C@@H]2CN2CC[C@@H](O)C2)c1,0.0,1a98f7690598a203b1b2a722d7c9f619
COc1cccc(OC)c1C(=O)N[C@@H]1C(=O)N2[C@@H]1SC(C)(C)[C@@H]2C(=O)O,0.0,137647cf1930c835783a8b24ba16e505
COc1cccc([C@@]2(O)CCCC[C@@H]2CN(C)C)c1,1.0,fb8e965ce690f6d9fb7ef8973689474c
COc1cccc2c1C(=O)c1c(O)c3c(c(O)c1C2=O)CC(O)(C(=O)CO)CC3O,0.0,ddc869f2a99a77afcdc6fa4c0173f3f8
COc1cccc2c1C(=O)c1c(O)c3c(c(O)c1C2=O)C[C@@](O)(/C(C)=N/NC(=O)c1ccccc1)C[C@@H]3O[C@H]1C[C@H](N)[C@H](O)[C@H](C)O1,0.0,db35c09abfe5fc0f53aa1a0f4b5553c4
COc1cccc2c1C(=O)c1c(O)c3c(c(O)c1C2=O)C[C@@](O)(C(=O)CO)C[C@@H]3O[C@H]1C[C@H](N)[C@H](O)[C@H](C)O1,0.0,bab2a39097e8d617f04965a5ad978b86
COc1cccc2c1C(=O)c1c(O)c3c(c(O)c1C2=O)C[C@@](O)(C(=O)CO)C[C@@H]3O[C@H]1C[C@H](N)[C@H](O[C@H]2CCCCO2)[C@H](C)O1,0.0,7c8104316b5afef66fd97f4c440704c4
COc1cccc2c1C(=O)c1c(O)c3c(c(O)c1C2=O)C[C@@](O)(C(=O)CO)C[C@@H]3O[C@H]1C[C@H](NC(=O)[C@@H](N)CC(C)C)[C@H](O)[C@H](C)O1,0.0,dda20aefe765c49240b9d214c6bab20b
COc1cccc2c1C(=O)c1c(O)c3c(c(O)c1C2=O)C[C@@](O)(C(C)=O)C[C@@H]3O[C@H]1C[C@H](N)[C@H](O)[C@H](C)O1,0.0,45f920e55739ad1e78743ea8dab96423
COc1cccc2c1C(=O)c1c(O)c3c(c(O)c1C2=O)C[C@](O)(C(=O)CO)C[C@H]3OC1CC(N)CC(C)O1,0.0,7096756eab4c6a4b23c4a5b659011fa3
COc1ccccc1N1CCN(CC(O)COc2cc(OC)c(OC)c(OC)c2)CC1,1.0,156200d1ee861ac0992710415c6803e2
COc1ccccc1N1CCN(CCCC(=O)c2ccc(F)cc2)CC1,1.0,45a61f1bc42e15f60af21d1fed48271f
COc1ccccc1N1CCN(CCCC(O)c2ccc(F)cc2)CC1,1.0,45a61f1bc42e15f60af21d1fed48271f
COc1ccccc1N1CCN(CCc2oc(=O)[nH]c2-c2ccc(F)cc2)CC1,1.0,c0df704953a4f2edfff6b308227b83a3
COc1ccccc1OCC(O)COC(N)=O,1.0,f601b9988b0aa31794740322bde8a570
COc1ccccc1OCC1CNC(=O)O1,1.0,d01857cbcc28aec4ccf22dd1eac04d64
COc1cccnc1CCCCNc1ncc(Cc2ccc(C)nc2)c(=O)[nH]1,0.0,bb5bbbe7b09532bbfcbe015790e967e8
COc1nc2nc(-c3noc(C)n3)cn2c2c1CCCC2,1.0,5c811deab09d38899594e251bf15201c
CP(C)(=O)CN1C(=O)CN=C(c2ccccc2)c2cc(Cl)ccc21,1.0,94c936171247a981fa3d3ecd0c429a0b
CS(=O)(=O)OCCCCOS(C)(=O)=O,1.0,dcf177fe4a0311ba3dfa183ca286b5e9
CS(=O)(=O)c1ccc([C@@H](O)[C@@H](CF)NC(=O)C(Cl)Cl)cc1,1.0,5e2f5ac2697db8a089db28fd79fe230c
CS(=O)(=O)c1ccc([C@@H](O)[C@@H](CO)NC(=O)C(Cl)Cl)cc1,1.0,5e2f5ac2697db8a089db28fd79fe230c
CS(=O)(=O)c1ccc2c(c1)N(CCCN1CCC(C(N)=O)CC1)c1ccccc1S2,1.0,074cc809e1d2971a7c8a341278b868ad
CSC(=O)C1(O)C(C)CC2C3CCC4=CC(=O)C=CC4(C)C3(F)C(O)CC21C,1.0,84bdf14a90e4deee798271c0bb2e22ab
CSC(=O)C1(OC(C)=O)[C@@H](C)C[C@H]2[C@@H]3CCC4=CC(=O)C=C[C@]4(C)C3(F)[C@@H](O)C[C@@]21C,1.0,fc82692784a3f73b725e493abfa13f3b
CSCC[C@H](NC(C)=O)C(=O)Oc1ccc(NC(C)=O)cc1,1.0,c6e22a8ba9de930ec0e0f62f0ddb93bd
CSc1c(Cl)nc(NC(C)C)nc1N1CCN(C)CC1,1.0,40f7ba324e5ac8810d94b35af58ab5b5
CSc1ccc(CC(=O)N2CCN(C(C)=O)C[C@@H]2CN2CC[C@@H](O)C2)cc1,0.0,5773a0e93fb02bbedc516dc13f26a2f3
CSc1ccc2c(c1)C(N1CCN(C)CC1)Cc1ccccc1S2,1.0,ad5db179fb037d3f48b1112cf46c6e01
CSc1ccc2c(c1)N(CC(C)CN(C)C)c1ccccc1S2,1.0,2140119aba3a0f97602abc10c3ae6fe3
CSc1ccc2c(c1)N(CCC1CCCCN1C)c1ccccc1S2,1.0,9c825b6403f1a39c0f35d1c56026f5ef
CSc1ccc2c(c1)N(CCC1CCCNC1)c1ccccc1S2,1.0,f6401401d42f838ed68482d18fd76664
C[C@@H](CN1CC(=O)NC(=O)C1)N1CC(=O)NC(=O)C1,0.0,30d4cbe76970f3d4568e29bee1a3bdd8
C[C@@H](O)[C@H]1C(=O)N2C(C(=O)O)=C(SC3CCS(=O)C3)S[C@H]12,0.0,f0d256211b7d3c1bae0fb6a6b986d36f
C[C@@H](O)[C@H]1C(=O)N2C(C(=O)O)=C([C@H]3CCCO3)S[C@H]12,0.0,0461ea8b1f4a3a3752b8c84a2081e58a
C[C@@H](O)[C@H]1C(=O)N2C(C(=O)[O-])=C(COC(N)=O)S[C@H]12,0.0,5c831651e0288763c6b7cb32d9b1ee36
C[C@@H]1CC2C3CCC4=CC(=O)C=CC4(C)[C@@]3(Cl)C(Cl)CC2(C)[C@@]1(O)C(=O)CO,1.0,84bdf14a90e4deee798271c0bb2e22ab
C[C@@H]1CC2C3C[C@H](F)C4=CC(=O)C=CC4(C)[C@@]3(Cl)C(O)CC2(C)C1C(=O)CO,1.0,5259f82f8240d75a8c64df41c906304a
C[C@@H]1CC2C3C[C@H](F)C4=CC(=O)C=CC4(C)[C@@]3(Cl)C(O)CC2(C)C1C(=O)COC(=O)C(C)(C)C,1.0,930c488203d1c4fcdc01c82d5b03d46a
C[C@@H]1CC2C3C[C@H](F)C4=CC(=O)C=CC4(C)[C@@]3(F)C(O)CC2(C)C1C(=O)CO,1.0,5259f82f8240d75a8c64df41c906304a
C[C@@H]1CC2[C@@H]3C[C@H](F)C4=CC(=O)C(Cl)=C[C@]4(C)[C@@]3(F)[C@@H](O)C[C@]2(C)[C@@]1(O)C(=O)CO,1.0,d3284759dfeffccbdf03572645c9aa9d
C[C@@H]1CN(c2c(F)c(N)c3c(=O)c(C(=O)O)cn(C4CC4)c3c2F)C[C@H](C)N1,0.0,8748909ddcd80ecd7fbf232439916535
C[C@@H]1CN2CC(=O)Nc3ccc(Cl)cc3[C@]2(c2ccccc2)O1,1.0,0df61a0e7b056662d4fcecfafee6a5a6
C[C@@H]1C[C@H]2C3C[C@H](F)C4=CC(=O)C=CC4(C)[C@@]3(F)[C@@H](O)CC2(C)[C@@]1(O)C(=O)COC(=O)C(C)(C)C,1.0,cc0ca6f49b16e0cc0538137f66bfaa22
C[C@@H]1C[C@H]2[C@@H]3CCC4=CC(=O)C=C[C@]4(C)[C@@]3(Cl)[C@@H](O)C[C@]2(C)[C@@]1(O)C(=O)CCl,1.0,84bdf14a90e4deee798271c0bb2e22ab
C[C@@H]1C[C@H]2[C@@H]3CCC4=CC(=O)C=C[C@]4(C)[C@@]3(F)[C@@H](O)C[C@]2(C)[C@@]1(C)C(=O)CO,1.0,84bdf14a90e4deee798271c0bb2e22ab
C[C@@H]1C[C@H]2[C@@H]3CCC4=CC(=O)C=C[C@]4(C)[C@@]3(F)[C@@H](O)C[C@]2(C)[C@H]1C(=O)CO,1.0,569454d660b7a746fb846e7b6ee4e801
C[C@@H]1C[C@H]2[C@@H]3C[C@H](F)C4=CC(=O)C=C[C@]4(C)C3(Cl)[C@@H](F)C[C@]2(C)[C@H]1C(=O)CO,1.0,5259f82f8240d75a8c64df41c906304a
C[C@@H]1C[C@H]2[C@@H]3C[C@H](F)C4=CC(=O)C=C[C@]4(C)[C@@]3(F)[C@@H](O)C[C@]2(C)[C@@]1(O)C(=O)CO,1.0,015305b9636b99b76b09c53368c59466
C[C@@H]1C[C@H]2[C@@H]3C[C@H](F)C4=CC(=O)C=C[C@]4(C)[C@@]3(F)[C@@H](O)C[C@]2(C)[C@H]1C(=O)COC(=O)C(C)(C)C,1.0,930c488203d1c4fcdc01c82d5b03d46a
C[C@@H]1C[C@H]2[C@@H]3C[C@H](F)C4=CC(=O)C=C[C@]4(C)[C@H]3[C@@H](O)C[C@]2(C)[C@@]1(O)C(=O)CO,1.0,9a945fb722fc251096852065c50bc6f7
C[C@@H]1C[C@H]2[C@@H]3C[C@H](F)C4=CC(=O)C=C[C@]4(C)[C@H]3[C@@H](O)C[C@]2(C)[C@H]1C(=O)CO,1.0,ccd795b394a77d18449383929910e70d
C[C@@H]1C[C@H]2[C@H]3[C@H]([C@@H](O)C[C@]2(C)[C@@]1(O)C(=O)CO)[C@@]1(C)C=CC(=O)C=C1C[C@H]3Cl,1.0,2dc3eacae0259d0de71fd66756259fc6
C[C@@H]1N=C(c2ccccc2Cl)c2cc([N+](=O)[O-])ccc2NC1=O,1.0,cc7f52a7a02ff271d7f3aa9247f39a8e
C[C@@H]1O[C@@H]1P(=O)(O)O,1.0,3bff779ab60a2b0177277978029588c0
C[C@@H]1[C@H](O)[C@@H](C)/C=C\C=C/C=C\C=C/C=C\C=C/C=C\[C@H](O[C@@H]2O[C@H](C)[C@@H](O)[C@H](N)[C@@H]2O)C[C@@H]2O[C@](O)(C[C@@H](O)C[C@@H](O)[C@H](O)CC[C@@H](O)C[C@@H](O)CC(=O)O[C@H]1C)C[C@H](O)[C@H]2C(=O)O,0.0,adf7b07afb1c5a1084005be87bd72a7f
C[C@@](Cc1ccc(O)c(O)c1)(NN)C(=O)O,0.0,8e37ded02384b360187faa362afb47f7
C[C@H](CCC(=O)O)[C@H]1CC[C@H]2[C@@H]3C(=O)C[C@@H]4CC(=O)CC[C@]4(C)[C@H]3CC(=O)[C@]12C,0.0,7d02ef9549dbdcc2c423d54530663a16
C[C@H](N)C(=O)c1ccccc1,1.0,6ebcabe169082f26957143322ae6d699
C[C@H](N)Cc1ccccc1,1.0,023f61083f4328fb83a5e18432765d00
C[C@H](N)[C@H](O)c1cccc(O)c1,0.0,bc447fc131d1dac3550384b2334c632c
C[C@H](O)C1C(=O)N2C(C(=O)O)=C(S[C@@H]3CN[C@H](C(=O)N(C)C)C3)[C@H](C)C12,0.0,c50ca04b105d158f58d04d863a0f1fc6
C[C@H](O)[C@H]1C(=O)N2C(C(=O)O)=C(SCCN=CN)C[C@H]12,0.0,cd32bd349919ee88453ac901bd5e9c7a
C[C@H]1CCCC[C@@]1(c1cccs1)N1CCCCC1,1.0,f623241cca17ec49b266e8e1cc46ee66
C[C@H]1COc2c(N3CCN(C)CC3)c(F)cc3c(=O)c(C(=O)O)cn1c23,1.0,1da698763a04c020584c6cb757101603
C[C@H]1C[C@@H]2[C@H]([C@@H](O)C[C@@]3(C)[C@H]2CC[C@]3(O)C(=O)COC(=O)CCC(=O)O)[C@@]2(C)C=CC(=O)C=C12,1.0,c794b6bb997deac1cf39197a69aab694
C[C@H]1C[C@H]2[C@@H]3CCC4=CC(=O)C=C[C@]4(C)[C@@]3(Cl)[C@@H](O)C[C@]2(C)[C@@]1(O)C(=O)CO,1.0,84bdf14a90e4deee798271c0bb2e22ab
C[C@H]1C[C@H]2[C@@H]3CCC4=CC(=O)C=C[C@]4(C)[C@@]3(F)C(=O)C[C@]2(C)[C@@]1(O)C(=O)CCl,1.0,84bdf14a90e4deee798271c0bb2e22ab
C[C@H]1C[C@H]2[C@@H]3CCC4=CC(=O)C=C[C@]4(C)[C@@]3(F)[C@@H](O)C[C@]2(C)[C@@]1(O)C(=O)CO,0.0,84bdf14a90e4deee798271c0bb2e22ab
C[C@H]1C[C@H]2[C@@H]3CCC4=CC(=O)C=C[C@]4(C)[C@@]3(F)[C@@H](O)C[C@]2(C)[C@@]1(OC(=O)c1ccccc1)C(=O)CO,1.0,5e5807acfb2b7b8d805a9a06c52aa91f
C[C@H]1C[C@H]2[C@@H]3CCC4=CC(=O)C=C[C@]4(C)[C@H]3C(=O)C[C@]2(C)[C@@]1(O)C(=O)CO,1.0,2fa06e91869eac13c2f4a82baba044d9
C[C@H]1O[C@@H](O[C@H]2[C@@H](O)C[C@H](O[C@H]3[C@@H](O)C[C@H](O[C@H]4CC[C@@]5(C)[C@H](CC[C@@H]6[C@@H]5CC[C@]5(C)[C@H](C7=CC(=O)OC7)CC[C@]65O)C4)O[C@@H]3C)O[C@@H]2C)C[C@H](O)[C@@H]1O,0.0,a265609c34433f629917bcdbc79738ae
C[C@H]1O[C@@H](O[C@H]2[C@@H](O)C[C@H](O[C@H]3[C@@H](O)C[C@H](O[C@H]4CC[C@@]5(C)[C@H](CC[C@@H]6[C@@H]5C[C@@H](O)[C@]5(C)[C@@H](C7=CC(=O)OC7)CC[C@]65O)C4)O[C@@H]3C)O[C@@H]2C)C[C@H](O)[C@@H]1O,0.0,19a90dcc56eb6adb644de330cb9190c6
C[C@H]1[C@H](NC(=O)/C(=N\OC(C)(C)C(=O)O)c2csc([NH3+])n2)C(=O)N1S(=O)(=O)[O-],0.0,d3ffd94c83c6bcb69059a4e1a616e3fd
C[C@H]1[C@H](c2ccccc2)OCCN1C,1.0,eae49cf4bfc3bf94394937b2d80a00b8
C[C@H]1c2cccc(O)c2C(O)=C2C(=O)[C@]3(O)C(=O)/C(=C(/N)O)C(=O)[C@@H](N(C)C)[C@@H]3[C@@H](O)[C@@H]21,0.0,78ce130f2a308578fdfc8dd293a23ad6
C[C@H]1c2ccccc2[C@@H](CCCN(C)C)c2cc(C(F)(F)F)ccc21,1.0,7e889b8ce9045dae8c111ad1bc79b750
C[C@](N)(Cc1ccc(O)c(O)c1)C(=O)O,0.0,9b5bcdebe975e3820a074e62b96c4e0e
C[C@]1(Cn2ccnn2)[C@H](C(=O)O)N2C(=O)C[C@H]2S1(=O)=O,0.0,ad5115faf0e9708bace68f099ead22f9
C[C@]12C=C(Br)C(=O)C=C1[C@H](F)C[C@H]1[C@@H]3CCC(O)(C(=O)CO)[C@@]3(C)C[C@H](O)C12F,1.0,84c24d0f6f27c83fe3f6ad86a05fe89b
C[C@]12C=CC(=O)C=C1C(Cl)=C[C@@H]1[C@@H]2[C@@H](O)C[C@@]2(C)[C@H]1CC[C@]2(O)C(=O)CO,1.0,dfdddfe4dfa568eaad01dbdf0768750d
C[C@]12C=CC(=O)C=C1CC[C@@H]1[C@@H]2C(=O)C[C@@]2(C)[C@H]1CC[C@]2(O)C(=O)CO,0.0,e7b368259b8db3cfd366be6ee62dcc8a
C[C@]12C=CC(=O)C=C1CC[C@@H]1[C@@H]2CC[C@]2(C)OC(=O)CC[C@@H]12,0.0,8de089f25ed6d294da2f48d4762f22ae
C[C@]12C=CC(=O)C=C1CC[C@@H]1[C@@H]2[C@@H](O)C[C@@]2(C)[C@H]1CC[C@]2(O)C(=O)CO,0.0,e7b368259b8db3cfd366be6ee62dcc8a
C[C@]12C=CC(=O)C=C1CC[C@@H]1[C@@H]2[C@@H](O)C[C@@]2(C)[C@H]1CC[C@]2(O)C(=O)COC(=O)CCC(=O)[O-],1.0,b05d99b8e1b7cd66415b31e7c4f8069f
C[C@]12C=CC(=O)C=C1CC[C@H]1[C@@H]3C[C@@H](O)[C@](O)(C(=O)CO)[C@@]3(C)C[C@H](O)[C@@]12F,0.0,84bdf14a90e4deee798271c0bb2e22ab
C[C@]12C=CC(=O)C=C1CC[C@H]1[C@@H]3C[C@H]4Cc5ccccc5C[C@@]4(C(=O)CO)[C@@]3(C)C[C@H](O)[C@@]12F,1.0,4ac260a4daccc9dd6afc0ae91f81fe47
C[C@]12C=CC(=O)C=C1[C@@H](F)C[C@@H]1[C@@H]2[C@@H](O)C[C@@]2(C)[C@H]1CC[C@]2(O)C(=O)CO,1.0,dfdddfe4dfa568eaad01dbdf0768750d
C[C@]12C=CC(=O)C=C1[C@@H](F)C[C@H]1[C@@H]3C[C@@H](O)[C@](O)(C(=O)CO)[C@@]3(C)C[C@H](O)[C@@]12F,1.0,015305b9636b99b76b09c53368c59466
C[C@]12CCC(=O)C=C1CC[C@@H]1[C@@H]2C(=O)C[C@@]2(C)[C@H]1CC[C@]2(O)C(=O)CO,0.0,e7b368259b8db3cfd366be6ee62dcc8a
C[C@]12CCC(=O)C=C1CC[C@@H]1[C@@H]2CC[C@@]2(C)[C@H]1CC[C@]2(C)O,0.0,410b54e90493830145c5c2fd96e5d574
C[C@]12CCC(=O)C=C1CC[C@@H]1[C@@H]2[C@@H](O)C[C@@]2(C)[C@H]1CC[C@]2(O)C(=O)CO,0.0,e7b368259b8db3cfd366be6ee62dcc8a
C[C@]12CCC(=O)C=C1CC[C@@H]1[C@@H]2[C@@H](O)C[C@@]2(C)[C@H]1CC[C@]2(O)C(=O)COC(=O)CCC(=O)O,1.0,b05d99b8e1b7cd66415b31e7c4f8069f
C[C@]12CCC(=O)C=C1CC[C@@H]1[C@@H]2[C@@H](O)C[C@@]2(C)[C@H]1CC[C@]2(O)C(=O)CS,1.0,e7b368259b8db3cfd366be6ee62dcc8a
C[C@]12CCC(=O)C=C1CC[C@@H]1[C@@H]2[C@@H](O)C[C@]2(C=O)[C@@H](C(=O)CO)CC[C@@H]12,0.0,b9e317eae38aedb3015aacd9f5927772
C[C@]12CCC(=O)C=C1CC[C@H]1[C@@H]3CC[C@](O)(C(=O)CO)[C@@]3(C)C[C@H](O)[C@@]12F,1.0,4378f21eb6061f2398d74725d722b617
C[C@]12CC[C@@H]3c4ccc(O)cc4CC[C@H]3[C@@H]1CCC2=O,0.0,c0bcf2292f855ab0259190425ded54f9
C[C@]12CC[C@@H]3c4ccc(O)cc4CC[C@H]3[C@@H]1CC[C@@H]2O,0.0,c0bcf2292f855ab0259190425ded54f9
C[C@]12CC[C@H]3[C@@H](CCC4=CC(=O)CC[C@@H]43)[C@@H]1CC[C@@H]2O,0.0,c0bcf2292f855ab0259190425ded54f9
C[C@]12CC[C@H]3[C@@H](CCC4=CC(=O)CC[C@@]43C)[C@@H]1CC[C@@H]2O,0.0,ab6a1a7e7945b8f24debe1bf4c87bbc3
C[C@]12COC(=O)C[C@@H]1CC[C@@H]1[C@@H]2CC[C@@]2(C)[C@H]1CC[C@]2(C)O,0.0,410b54e90493830145c5c2fd96e5d574
C[C@]12C[C@H](O)[C@H]3[C@@H](CCC4=CC(=O)CC[C@@]43C)[C@@H]1CC[C@@H]2C(=O)CO,0.0,476e9bba4651db166d130643fc00af50
C[C@]12Cc3cn[nH]c3C[C@@H]1CC[C@@H]1[C@@H]2CC[C@@]2(C)[C@H]1CC[C@]2(C)O,0.0,e4a699eed9fcfac0f5cda11fe5b40327
C[N+](C)(C)CCO,1.0,1f4bbfe7446d68943a04b00ebacd5a62
C[N+](C)([O-])CC/C=C1/c2ccccc2C=Cc2c(Cl)cccc21,1.0,340e3c4279dda08e4d1ca925ffdabb3f
C[N+](C)([O-])CCC=C1c2ccccc2CCc2ccccc21,1.0,2b4445f5477c2540bc3d27e469920db1
C[N+](C)([O-])CCCN1c2ccccc2CCc2ccccc21,1.0,2b4445f5477c2540bc3d27e469920db1
C[N+]1(C)CCC(OC(=O)C(O)(c2ccccc2)C2CCCC2)C1,0.0,04468b1dd15f09b19e05cd660bf8a757
C[N+]1(C)CCCC(OC(=O)C(O)(c2ccccc2)c2ccccc2)C1,0.0,65cc3ee693dc4bf5256d50f692322a8d
C[N+]1([O-])C2CCC1CC(OC(=O)C(CO)c1ccccc1)C2,1.0,ccb994f9d1332fe3001700fda36a5ac1
C[N+]12CCC(CC1)C(OC(=O)C(O)(c1ccccc1)c1ccccc1)C2,0.0,87ce4739a6f85e0a716dc69d91e4ead3
C[S+](CC[C@H](N)C(=O)[O-])C[C@H]1O[C@@H](n2cnc3c(N)ncnc32)[C@H](O)[C@@H]1O,1.0,dea42cbd7ec3c4424d306bf43460cd87
Cc1[nH]ccc2c1[nH]c1cc(=O)ccc12,1.0,b1e5963ad7f505d45d6f6e327e7b64a8
Cc1[nH]nc2c1N(c1ccccc1)C(=O)CC(=O)N2C,1.0,c0a08b8457c5539615f1b67e901c7517
Cc1c(C)c2c(c(C)c1O)CC[C@@](C)(CCC[C@H](C)CCC[C@H](C)CCCC(C)C)O2,1.0,3efd062ece84ee43506158a8ea472d49
Cc1c(C)c2ccc(OCc3nnc(C(C)C)s3)cc2oc1=O,1.0,67692da866518cec48171d1b2d6e950f
Cc1c(F)c(N2CCNC(C)C2)cc2c1c(=O)c(C(=O)O)cn2C1CC1,0.0,98e4f75bbf7b970dbfc7510f2addb47f
Cc1c(N(C)C)c(=O)n(-c2ccccc2)n1C,1.0,45bb0f99e0da275483675abe9cfb1790
Cc1c(O)c(=O)ccn1C,1.0,255cebe15b1ee4cc26a99295995b079c
Cc1c(O)c(=O)ccn1CCCO,0.0,f3f4c3db0ebdd5255891ac50e86ee829
Cc1c(O)cccc1C(=O)N[C@@H](CSc1ccccc1)[C@H](O)CN1C[C@H]2CCCC[C@H]2C[C@H]1C(=O)NC(C)(C)C,0.0,49c748329555ebbf4b47939c9fbe2ac1
Cc1c2c(cn1C)NC(=O)CN=C2c1ccccc1,1.0,42e8d70609201d15ce968bab12d7a59e
Cc1c2oc3c(C)ccc(C(=O)NC4C(=O)NC(C(C)C)C(=O)N5CCCC5C(=O)N(C)CC(=O)N(C)C(C(C)C)C(=O)OC4C)c3nc-2c(C(=O)NC2C(=O)NC(C(C)C)C(=O)N3CCCC3C(=O)N(C)CC(=O)N(C)C(C(C)C)C(=O)OC2C)c(N)c1=O,0.0,a23bb3ff6e2e44169a9d1938f985ee36
Cc1c[nH+][o+]c(C([NH])CC(C)C(C)(C)N(C(C)(C)C)C(C)(N)N)c1[O-],1.0,48af3ec406d6abfb51f5e9fa9ae9fd2b
Cc1cc(-c2ccccc2)nnc1NCCN1CCOCC1,1.0,012f4eddbd491ea928195306d3644a91
Cc1cc(=O)c(C(=O)N[C@@H](C(=O)NC2C(=O)N3C(C(=O)O)=C(CSc4nnnn4C)CS[C@H]23)c2ccc(O)cc2)c[nH]1,0.0,beb40d69db7c237710a82c003d138c40
Cc1cc(=O)n(-c2ccccc2)n1C,1.0,2958c05c26e86b1b03cd81cdb60c092f
Cc1cc(=O)oc2cc(O)ccc12,0.0,e346ea6779348ec3fd6a4ee50637180b
Cc1cc(Br)cc(C(N)=O)c1O,1.0,a0d47c316eb5f59d7306f9bf3872b845
Cc1cc(C(=O)NNCc2ccccc2)no1,1.0,37d6f35ee35cccc5d30bfda6f6465623
Cc1cc(C(C)(C)SC(C)(C)CNc2[nH]ccc2[N+](=O)[O-])nc(C)c1C,1.0,9396b8ad285d3d05e1ac5681ce11cea6
Cc1cc(C)c(=O)[nH]n1,1.0,e60ca187b2aa1b0a553cfc8d9bd214a9
Cc1cc(C)cc(OCC2CNC(=O)O2)c1,1.0,4617cebfe08b3dc90722e3e00dc726f4
Cc1cc(CCN2CCN(c3cccc(Cl)c3)CC2)n[nH]1,1.0,c9d6665999a1ce35fa1c01112da9a019
Cc1cc(N(C)C)ccc1C[C@H](C)N,1.0,9598fa36ac37e469ee958623a8540cf9
Cc1cc(N/C(O)=C2\C(=O)c3ccccc3S(=O)(=O)N2C)no1,0.0,3118ef7d19c64e85d780adcd6601b972
Cc1cc(NC(=O)c2c(C)cccc2C)no1,1.0,109351e3172c3d437e1d524309c76f9c
Cc1cc(NS(=O)(=O)c2ccc(N)cc2)no1,1.0,20ca170a4ba9327ffa750611d1094ff1
Cc1cc2c(s1)=Nc1ccc(F)cc1NC=2N1CCN(C)CC1,1.0,798dc572ff96fd02d21a5af0b5767837
Cc1cc2c(s1)=Nc1ccccc1NC=2N1CCN(C)CC1,1.0,c7597f6b143f1f444ef6c8b419baff42
Cc1ccc(-c2nc3ccc(C)cn3c2CC(=O)N(C)C)cc1,1.0,49aafc4d5fb5b039c84c3ec1a5f29777
Cc1ccc(C(=O)c2cc(O)c(O)c([N+](=O)[O-])c2)cc1,0.0,310b8cddcaf37ba746f8516682806af0
Cc1ccc(C(C)C)c(OCC2=NCCN2)c1,0.0,2d2fae7c9c47354add448338bf12e11c
Cc1ccc(C)cc1,1.0,e396601f6c53c7d8fc72e0c242851c62
Cc1ccc(C2(O)CCN(CCCC(=O)c3ccc(F)cc3)CC2)cc1,1.0,e990380f5bc848de420cd4b440aeb313
Cc1ccc(CC2=CNC(NCCSCc3ccc(CN(C)C)o3)=NC2)cn1,0.0,3e688a481ca97d47b080a65b32aac0c9
Cc1ccc(Cc2ccccc2)c(N2CCNCC2)c1,1.0,1ed885cc7a287a94a32a915c87a5336b
Cc1ccc(Cc2cnc(NCCCCc3ncc(Br)cc3C)[nH]c2=O)cn1,0.0,6f6428749500003acf2e121f24eb4c75
Cc1ccc(Cc2cnc(NCCSCc3ccc(C(C)(C)N)o3)[nH]c2=O)cn1,0.0,6eb50e79dc23ec1f8d337e2dba4df9b3
Cc1ccc(Cl)c(Nc2ccccc2C(=O)O)c1Cl,0.0,3b82fa527ccdf5a88b4b3a811192dce6
Cc1ccc(S(=O)(=O)CCN2C(=O)CN=C(c3ccccc3Cl)c3cc(Cl)ccc32)cc1,1.0,b3ac11ef7680ca8bf904846e5b88d70a
Cc1ccc(S(=O)(=O)NC(=O)NN2CCCCCC2)cc1,0.0,893a2a16025b11b6d16b5a9ffb498258
Cc1ccc2c(c1)C(N1CCN(C)CC1)=Nc1ccccc1S2,1.0,2831c6038b4546aabe7d8567922c899c
Cc1ccc2c(c1)C1CN(C)CCC1N2,1.0,c1cbc743f8a418e31fa4256a7a55611c
Cc1ccc2c(c1)[C@]13CCCC[C@@H]1[C@H](C2)N(C)CC3,1.0,1fa1da3ddfe0ac05033957772bef5e03
Cc1ccc2c(c1)c1c3n2CCNC3CCC1,1.0,6d0216c6ec869842077c665b37822a3c
Cc1cccc(/C=N/N2CCN(C(c3ccccc3)c3ccccc3)CC2)n1,1.0,5838528baa1699700b59a37514248ba0
Cc1cccc(C)c1,1.0,668f90355fba57bcb4fb60386433c90f
Cc1cccc(C)c1NC(=O)CN1CCCC1=O,1.0,8b20be2947099ec6e2bfe0c94a050322
Cc1cccc(C)c1NC(=O)c1ccc(N)cc1,1.0,5753e04ece28f72dbb149977ee7127be
Cc1cccc(C)c1NC1=NCCCS1,1.0,2de1d1cd91e962148a1970c8dda466c4
Cc1cccc(C)c1OCC(C)N,1.0,c15a240311f46e1f3656e04023b1a426
Cc1cccc(Cc2cnc[nH]2)c1C,1.0,d33a551b8b48099f8b6fa3388b7d3e1f
Cc1cccc(Cl)c1NC(=O)/C=C1\SCC(=O)N1C,1.0,fc1f9cbfbe0d66827dc60648ce9f4b39
Cc1cccc(N2CC(CO)OC2=O)c1,1.0,e57b739ed0333f4587d17eba07d4381f
Cc1cccc(N2CCN(CCc3cc(C)[nH]n3)CC2)c1,1.0,c9d6665999a1ce35fa1c01112da9a019
Cc1cccc(Nc2ccccc2C(=O)O)c1C,0.0,dcb1d0dbd05f804420400e3b5c48ae1f
Cc1cccc(O[C@H]2CCNC[C@H]2O)c1C,1.0,a857f0e2a89ce485613bf5f25878e020
Cc1cccc2c1Oc1ccccc1C1(O)CCN(C)CC21,1.0,58ea39757fe3ac36a972e21795c0315c
Cc1cccc2c1Oc1ccccc1C1(O)CCNCC21,1.0,391c9b59d10fa4fbf1bdc2cafe7db10b
Cc1cccc2c1Oc1ccccc1[C@@]1(O)CCN(C)C[C@@H]21,1.0,58ea39757fe3ac36a972e21795c0315c
Cc1cccc2c1Oc1ccccc1[C@@]1(O)CCN(C)C[C@H]21,1.0,58ea39757fe3ac36a972e21795c0315c
Cc1cccc2c1Oc1ccccc1[C@@]1(O)CCNC[C@H]21,1.0,391c9b59d10fa4fbf1bdc2cafe7db10b
Cc1ccccc1,1.0,199bc20adfdca6d6b6a06391ec8e4ac2
Cc1ccccc1-n1c(/C=C/c2ccccn2)nc2ccccc2c1=O,1.0,846312995cd1b94c79a0acab886adadc
Cc1ccccc1-n1c(C)nc2ccccc2c1=O,1.0,0b0f30fcb0bef6f7a3d2765e62ca171e
Cc1ccccc1C,1.0,eff0807335aaee6290e89d2ebae38828
Cc1ccccc1C(OCCN(C)C)c1ccccc1,1.0,a16e3ef418e633183c3177a36cf67cf4
Cc1ccccc1N1CCN(CCCOc2ccccn2)CC1,1.0,5cb05eecbdec86f0b525423afa17c3a6
Cc1ccccc1OCC(COC(O)C(Cl)(Cl)Cl)OC(O)C(Cl)(Cl)Cl,1.0,9207f0dad5f980eb5175ea8259e87e6c
Cc1ccnc2c1NC(=O)c1cccnc1N2C1CC1,1.0,f18765b5aed15d2bce2c4b856eb55e71
Cc1ccsc1C(=CCCN1CCC[C@@H](C(=O)O)C1)c1sccc1C,1.0,127481d00a80ce3694d82aa833aae2d2
Cc1cn([C@H]2C=C[C@@H](CO)O2)c(=O)[nH]c1=O,1.0,3bc913e70715eb92a940ae32fa64dcfd
Cc1cn([C@H]2C[C@H](F)[C@@H](CO)O2)c(=O)[nH]c1=O,1.0,7b45a86e36ea37ff77cc1fdb034ccdf6
Cc1cn([C@H]2C[C@H](N=[N+]=[N-])[C@@H](CO)O2)c(=O)[nH]c1=O,0.0,6d225b8650bef48f6012595842620bb2
Cc1cnc(N/C(O)=C2/C(=O)c3ccccc3S(=O)(=O)N2C)s1,0.0,3118ef7d19c64e85d780adcd6601b972
Cc1cnn(-c2c(Cl)cccc2Cl)c1C(=O)N[C@@H]1C(=O)N2[C@@H]1SC(C)(C)[C@@H]2C(=O)O,0.0,b88bf88933d44734f4dbeab60b3d31f5
Cc1csc(N=C(N)N)n1,1.0,77a4334480190ec4060f3f0649469416
Cc1csc2ccc3[nH]c4c(c3c12)CN(C)CC4,1.0,26ea3e867130391c3e71950156b1af58
Cc1nc(C)c2c(n1)N(Cc1ccc(-c3ccccc3-c3nn[nH]n3)cc1)C(=O)CC2,1.0,c53279c8468f6ea95f97b4ce1594425a
Cc1nc2c(C)cccn2c(=O)c1CCN1CCC(c2noc3cc(F)ccc23)CC1,1.0,2e1208f1ddcda8ed3cf22c776121aba8
Cc1nc2ccccc2c(=O)n1-c1ccccc1Cl,1.0,0b0f30fcb0bef6f7a3d2765e62ca171e
Cc1nc2n(c(=O)c1CCN1CCC(C(=O)c3ccc(F)cc3)CC1)CCS2,1.0,9ded5a94b71c27fd04bb7406f40e6733
Cc1nc2n(c(=O)c1CCN1CCC(c3noc4cc(F)ccc34)CC1)CCCC2,1.0,544df12405e6516a23f27ab168d559a8
Cc1nc2n(c(=O)c1CCN1CCC(c3noc4cc(F)ccc34)CC1)CCCC2O,1.0,2e1208f1ddcda8ed3cf22c776121aba8
Cc1nc2n(c(=O)c1CCN1CCC(c3noc4cc(F)ccc34)CC1)CCC[C@H]2O,1.0,2e1208f1ddcda8ed3cf22c776121aba8
Cc1nc2n(n1)C(N1CCN(C)CC1)=Nc1ccccc1C2,1.0,c7597f6b143f1f444ef6c8b419baff42
Cc1ncc(CSSCc2cnc(C)c(O)c2CO)c(CO)c1O,1.0,7b65f260fad4b6d31d20741c69e5a4a7
Cc1ncc([N+](=O)[O-])n1CC(O)CCl,1.0,87f3e53d30584196eac62fa3d8dfda32
Cc1ncc([N+](=O)[O-])n1CCO,1.0,f1f07922506f305cb9565f89f5ae967e
Cc1ncc2n1-c1ccc(Cl)cc1C(c1ccccc1Cl)=NC2,1.0,163e1da37de365e5a9a3753c83c74461
Cc1ncc2n1-c1ccc(Cl)cc1C(c1ccccc1F)=NC2,1.0,163e1da37de365e5a9a3753c83c74461
Cc1ncc2n1-c1ccc(Cl)cc1C(c1ccccc1F)=NC2O,1.0,e30554a04557bb1fbac3e692938984f9
Cc1nccc2c1[nH]c1ccccc12,1.0,4d4671fc0f582d63a4c8ac434c69c010
Cc1nccn1C(C)c1ccccc1,1.0,fd323bb0b000635532e9d57832a9323f
Cc1nccn1CC1CCc2c(c3ccccc3n2C)C1=O,1.0,f1bce8e84ea37cd3f5df8a9e7b1e4019
Cc1nccnc1N1CCCCC1,1.0,0b0430b95f6955c3a6612f4183a85915
Cc1ncsc1CCCl,1.0,aea26c98f4d6db1c07d9cb771a023761
Cc1nn(C)c2c1C(c1ccccc1F)=NCC(=O)N2C,1.0,3e9d8d23311401cf0ea7e5239aa88f08
Cc1nn(C)c2c1N(c1ccccc1)C(=O)CC(=O)N2C,1.0,4582acd04150bff8ccf6ca9f0bafa2f7
Cc1nnc(SCC2=C(C(=O)O)N3C(=O)[C@@H](NC(=O)C(N)c4ccc(O)cc4)[C@H]3SC2)s1,0.0,bfb2ec6f0fccd871fe4b8c762affcbab
Cc1nnc(SCC2=C(C(=O)O)N3C(=O)[C@@H](NC(=O)Cn4cc(Cl)c(=O)c(Cl)c4)[C@H]3SC2)s1,0.0,d36685b27afc3773a99ea346f5477e4f
Cc1nnc(SCC2=C(C(=O)O)N3C(=O)[C@@H](NC(=O)[C@H](O)c4ccccc4)[C@H]3SC2)s1,0.0,90588d84f3f9f8627eca4295f2b94e2b
Cc1nnc(SCC2=C(C(=O)OCc3oc(=O)oc3C)N3C(=O)C(NC(=O)C(OC(=O)C(C)N)c4ccccc4)C3SC2)s1,0.0,d99fa4552d21ccf197ed900f150b7447
Cc1nnc(SCC2=C(C(=O)[O-])N3C(=O)[C@@H](NC(=O)Cn4cnnn4)[C@H]3SC2)s1,0.0,2a042efa25a40a7109ce71e9dd3bbacf
Cc1nnc2n1-c1ccc(Cl)cc1C(c1ccccc1)=NC2,1.0,eca0239c855f827c9f0d309144665eae
Cc1nnc2n1-c1ccc(Cl)cc1C(c1ccccc1Cl)=NC2,1.0,163e1da37de365e5a9a3753c83c74461
Cc1nnc2n1-c1sc(Br)cc1C(c1ccccc1Cl)=NC2,1.0,e2c958558d14f1f1c13e94ec8be3fc83
Cc1noc(NS(=O)(=O)c2ccc(N)cc2)c1C,1.0,a2fdcfe960cf759acc4bb293fd3a3620
Cc1oc(=O)oc1COC(=O)[C@@H]1N2C(=O)[C@@H](NC(=O)[C@H](N)c3ccccc3)[C@H]2SC1(C)C,0.0,f6c7b07fa75274fa5c9247a7291fa230
Cc1oc(C(C)(C)N(C(C)(C)N)C(C)(C)N)c(C)c1C,1.0,afb542f4ec72e34753af0f61008f4dfa
Cc1onc(-c2c(Cl)cccc2Cl)c1C(=O)N[C@@H]1C(=O)N2[C@@H]1SC(C)(C)[C@@H]2C(=O)O,0.0,b88bf88933d44734f4dbeab60b3d31f5
Cc1onc(-c2c(F)cccc2Cl)c1C(=O)N[C@@H]1C(=O)N2[C@@H]1SC(C)(C)[C@@H]2C(=O)O,0.0,b88bf88933d44734f4dbeab60b3d31f5
Cc1onc(-c2ccccc2)c1C(=O)N[C@@H]1C(=O)N2[C@@H]1SC(C)(C)[C@@H]2C(=O)O,0.0,1128a9b2961a5a5ca7d783091475aee8
Cc1onc(-c2ccccc2Cl)c1C(=O)N[C@@H]1C(=O)N2[C@@H]1SC(C)(C)[C@@H]2C(=O)O,1.0,0cb1970fabeb6965c279c9fae18bc172
Cl/C(=C\n1cncn1)c1ccc(Cl)cc1Cl,1.0,31ef284f5c8eb236a39ccf9734adf712
ClC(Cl)Cl,1.0,cde6b48ed870286595c1455af7aff8bd
ClC=C(Cl)Cl,1.0,7e799239f8573f120a2c5e15cda2e88f
ClCCl,1.0,5144181ac27497fdfa9bdb5b8b799630
Clc1ccc(C(OCCN2CCOCC2)c2ccccc2)cc1,1.0,08f6186f236543b06020f35ca877e153
Clc1ccc(COC(Cn2ccnc2)c2ccc(Cl)cc2Cl)cc1,0.0,5bc3aba36ff1f0271030cca49d766bf3
Clc1ccc(N2CCN(C/C=C/c3ccccc3)CC2)nn1,1.0,79b57ccc09cbe0d1a8b3fa03ed026623
Clc1ccc(OCC2=NCCN2)cc1Cl,1.0,e33a96f5f86acd039ac16b3fd658bf83
Clc1ccc([C@@H]2[C@H]3CC[C@@H](C3)C23CCC(N2CCOCC2)=N3)cc1,1.0,7cf916df75e1cbdb1f8cd18b078eca65
Clc1ccc2c(c1)/C(=C/C1CN3CCC1CC3)c1ccccc1S2,1.0,ba40af1f86572463cf7c4b091c0cf4e0
Clc1ccc2c(c1)C(N1CCNCC1)=Nc1ccccc1O2,1.0,9c884fcf88e85e2f4e323c82ab26fd61
Clc1ccc2c(c1)C(c1ccccc1)=NCc1nncn1-2,1.0,de0d9fbd38bc5be8166e5b3c0ec1135e
Clc1ccc2c(c1)C1CNCC1c1ccccc1O2,1.0,3023e4a604c0832352192d04c8490416
Clc1ccc2c(c1)[C@H]1CCNC[C@@H]1c1ccccc1O2,1.0,b522fc5e6db0e433b84a5b709d58ce7f
Clc1ccc2c(c1)[C@H]1CNC[C@H]1c1ccccc1O2,1.0,3023e4a604c0832352192d04c8490416
Clc1cccc(Cl)c1NC1=NCCN1,1.0,d7d3db9ccdf5a583ba16590e8f72ea29
Clc1cccc(Cl)c1NC1=NCCO1,1.0,d7d3db9ccdf5a583ba16590e8f72ea29
Clc1ccccc1C(c1ccccc1)(c1ccccc1)n1ccnc1,0.0,66bcb4ee80f2da6275f7a8e8cb87badc
Clc1ccccc1C1=NCc2nnc(C3CCCCC3)n2-c2sc(Br)cc21,1.0,680f5613b09eb84ab20db69cd1790abf
Clc1cnn(CCCCN2CCN(c3ncccn3)CC2)c1,1.0,17877d527e47cffd2592ba36805c04a2
Cn1c(=O)[nH]c2ncn(C)c2c1=O,1.0,0833d99f542dff490fb400a0f9f918cb
Cn1c(=O)c2[nH]cnc2n(C)c1=O,0.0,99eb8b6b9096585ee8b538c786c3b02e
Cn1c(=O)c2c(ncn2C)n(C)c1=O,1.0,9d0831df317b09483f7fbdb75f49a427
Cn1c(=O)c2c(ncn2CCN2CCC(c3c[nH]c4ccccc34)CC2)n(C)c1=O,1.0,0d9c89a85747eea91deb25ecf983f02e
Cn1c(=O)c2c(ncn2CCNCC(O)c2ccc(O)c(O)c2)n(C)c1=O,0.0,42019108c1183d9af722e2feb8ce319d
Cn1c(=O)c2nc[nH]c2n(C)c1=O,1.0,99eb8b6b9096585ee8b538c786c3b02e
Cn1cc(CCN2CCN(c3ccccc3Cl)CC2)cn1,1.0,e69066b8dc80d22565f8660a6b03151d
Cn1cnc2c1c(=O)[nH]c(=O)n2C,1.0,281532eff0d072fa009e595a8d15f28a
Cn1nc(-c2cccc(F)c2)n(C)c1=S,1.0,732f2ec72d8a230d9c504e3ca652c62b
Cn1nc(-c2cccnc2)nc1-c1ccccc1CO,1.0,7d0023fe872aa19ef0a3828809aef45f
Cn1nnnc1SCC1=C(C(=O)O)N2C(=O)[C@@H](NC(=O)CS/C=C\C#N)[C@H]2SC1,0.0,a1960f24eb01bb73f491537e24340327
Cn1nnnc1SCC1=C(C(=O)O)N2C(=O)[C@@H](NC(=O)[C@H](O)c3ccccc3)[C@H]2SC1,1.0,74570477534bb2207959a84e2bf0bb2c
Cn1nnnc1SCC1=C(C(=O)[O-])N2C(=O)[C@@H](NC(=O)CSC(F)(F)F)[C@H]2SC1,0.0,b86c4e08b2a583c6e1339a4fbce4c693
FC(Br)C(F)(F)F,1.0,f848d40cbfa43815a8aa73d15a4c0574
FC(F)(Cl)C(F)(F)Cl,1.0,794ac3703ee6c9480d889a65e5127745
FC(F)(F)C(Cl)Br,1.0,f848d40cbfa43815a8aa73d15a4c0574
FC(F)(F)CCl,1.0,aaa0b19e64bf3c35281517d1fd2e9593
FC(F)(F)c1ccc(N2CCNCC2)nc1Cl,1.0,ce29b214ad62a9cc2e6376aea62cf60f
FC(F)(F)c1ccc2c(c1)N(CCCN1CCN(C3CC3)CC1)c1ccccc1S2,1.0,4384abd7a276e2a6a1f0ee0d9e9d6e58
FC(F)(F)c1ccc2c(c1)N(CCCN1CCN(CCC3OCCCO3)CC1)c1ccccc1S2,1.0,9d6169d9062b0f495264949238631eb4
FC(F)(F)c1cccc(C2=CCN(CCc3ccc4ccccc4c3)CC2)c1,1.0,ccee3cb7cbae33cfbd2d946edd5effd7
FC(F)(F)c1cccc(N2CCN(CCc3nnc4n3C[C@H]3CCC[C@@H]43)CC2)c1,1.0,6601d1299f025cc5cf41f566378b2c15
FC(F)OC(Cl)C(F)(F)F,1.0,04caabe4b9a568ac58c543cca9a14814
FC(F)OC(F)(F)C(F)Cl,1.0,d0117373b9ee61b6185d94f03eb4cb03
FC(F)OC(F)C(F)(F)F,1.0,04caabe4b9a568ac58c543cca9a14814
FCC(F)(F)F,1.0,aaa0b19e64bf3c35281517d1fd2e9593
FCOC(C(F)(F)F)C(F)(F)F,1.0,d2d86a75e3d261a1b05892ccb228ea4f
Fc1ccc(-c2ccc(CN3CCN(c4cccc5ccoc45)CC3)[nH]2)cc1,1.0,cd645ec365e7fe62757fc42dcd90c1bd
Fc1ccc(C(CCCN2CCN(CCNc3ccccc3)CC2)c2ccc(F)cc2)cc1,1.0,39f6bfd59e4831c131d34f2035e4bb2e
Fc1ccc([C@@H]2CCNC[C@H]2COc2ccc3c(c2)OCO3)cc1,1.0,22bf7a5f8b2665a3ef236fb869916779
Fc1ccc2[nH]c3c(c2c1)CN(CCCc1cccnc1)CC3,1.0,f9370218bd7193bee2ddb915c783e768
Fc1ccc2[nH]c3c(c2c1)CN(CCc1ccncc1)CC3,1.0,827fadc01b7bfba3a26d5de123cd57cc
Fc1cccc(Br)c1NC1=NCCN1,1.0,d7d3db9ccdf5a583ba16590e8f72ea29
Fc1ccccc1C1=NCC(=S)N(CC(F)(F)F)c2ccc(Cl)cc21,1.0,0eb569dd3ba49a478a74b23773977997
Fc1ccccc1C1=NCCN(CC(F)(F)F)c2ccc(Cl)cc21,1.0,4faedcf34ad48acd4b61b7f0072eb098
N#CC(CCN1CCC(C(N)=O)(N2CCCCC2)CC1)(c1ccccc1)c1ccccc1,1.0,eca57ccf1be6cec58b7e218d9194e29d
N#CCCN1C(=O)C(O)N=C(c2ccccc2F)c2cc(Cl)ccc21,1.0,dbaba5615601a2f1b7410162461444ff
N#Cc1cc(-c2ccccc2)nnc1NCCN1CCOCC1,1.0,f4c9a5e767f393f582df39cb33995a78
N#Cc1ccc2c(c1)C1=C(CCN(CC3CCCC3)CC1)c1ccccc1O2,1.0,d6a7bd6fbfb4854b822952194fc76b30
N#Cc1ccc2c(c1)N(CCCN1CCC(O)CC1)c1ccccc1S2,1.0,5f3bc43bb08f114aafdd52d695990f9f
N/C(N=O)=C1\NNc2ccccc2N(Cc2ccccc2)C1=O,1.0,5354b7ab1f83e09432d277ca3c949893
N=C(N)NCCCOc1ccccc1,1.0,96947bdb9d61c04ef05c8f9151ace057
N=C(N)c1ccc(-c2ccccc2[N+](=O)[O-])o1,1.0,c5c5dd20f99c77565038c2cdd6b997db
N=C1SCCN1c1ccc(Cl)cc1N,1.0,4575e1927cb4c02ca9c2b47e8a0d41d2
NC(=O)C1(N2CCCCC2)CCN(CCCC(=O)c2ccc(F)cc2)CC1,1.0,d93e44b73793ba67caec3c4aa7553843
NC(=O)C1(N2CCCCC2)CCN(CCCN2c3ccccc3CCc3ccc(Cl)cc32)CC1,1.0,f48d4deb7177b8b543bf1436ee93bf75
NC(=O)C1(N2CCCCC2)CCN(CCCN2c3ccccc3CCc3ccccc32)CC1,1.0,f8f6425f8a11760c135387eb761bf7d7
NC(=O)C1CCCCO1,1.0,a95dd18a873671a30a757f426a8fa77a
NC(=O)C1c2ccccc2C=Cc2ccccc21,1.0,9f60b914e62e209bb367a368be68d265
NC(=O)C1c2ccccc2CCc2ccccc21,1.0,9f60b914e62e209bb367a368be68d265
NC(=O)CCCN/C(=C1\C=C(F)C=CC1=O)c1ccc(Cl)cc1,1.0,fcb01be762e4e47779e73ace71424241
NC(=O)CN1C(=O)C(c2ccccc2)c2ccccc21,1.0,6f77bf441984dea09be948849dfc486e
NC(=O)CN1C(=O)COc2ccccc21,1.0,c249925b912ccded8905b1fce94aa670
NC(=O)CN1CC(O)CC1=O,1.0,21b28f4ee2d567ccc0530bd7940e627e
NC(=O)CN1CCCC1=O,1.0,23f0210a1db50e38bc33d6a46ab5c936
NC(=O)CN1Cc2ccccc2OC1=O,1.0,60896546dc0a5aa27b6b68751ffb5c0b
NC(=O)CS(=O)C(c1ccccc1)c1ccccc1,1.0,6ca5746b41988b450801705fefcae7d9
NC(=O)N1CC(Oc2cccc(C(F)(F)F)c2)C1,1.0,0509beab854ab00986e6a68b46db9ddf
NC(=O)N1c2ccccc2C2OC2c2ccccc21,1.0,298bc0bd0dff2a45cfdf7b6e4f9f092d
NC(=O)N1c2ccccc2C=Cc2ccccc21,1.0,9f60b914e62e209bb367a368be68d265
NC(=O)N1c2ccccc2CC(=O)c2ccccc21,1.0,371d69377b44d0d3d11f05372d3746f3
NC(=O)NC(=O)Cc1ccccc1,1.0,b53ab5d889d25f329f861fb7985729ae
NC(=O)NCCN1CCN(c2cccc(C(F)(F)F)c2)CC1,1.0,e69e8b863e1bfac51e58f2986cf4247d
NC(=O)NO,1.0,7e799239f8573f120a2c5e15cda2e88f
NC(=O)OCC(COC(N)=O)c1ccccc1,1.0,ac7038237c7d34c16aa4a82401256fea
NC(=O)OCC(O)COc1ccc(Cl)cc1,1.0,bceb417ca316fbe21d755eee29f5b659
NC(=O)OCC1[C@H](NC(=O)/C(=N\OCC(=O)O)c2csc(N)n2)C(=O)N1S(=O)(=O)O,0.0,162061a1267ea6a7fbdae5be349b7440
NC(=O)OCCCc1ccccc1,1.0,72ae20f1e17bbe928bc53071c303deb6
NC(=O)c1ccc(F)c2c1C[C@@H](N(C1CCC1)C1CCC1)CO2,1.0,95bc0edfe41cd1fedd0c6b9cd3ee4993
NC(=O)c1ccccc1O,1.0,5df49823493265a811f2bd7691e4a406
NC(=O)c1cccnc1,1.0,a95dd18a873671a30a757f426a8fa77a
NC(=O)c1cn(Cc2c(F)cccc2F)nn1,1.0,638d7ff5a588f950482f7dade31cfd73
NC(=O)c1cnccn1,1.0,a95dd18a873671a30a757f426a8fa77a
NC(=O)c1ncn([C@@H]2O[C@H](CO)[C@@H](O)[C@H]2O)n1,0.0,7257fe900244c04e52edff00874e27b0
NC(C(=O)N[C@@H]1C(=O)N2C(C(=O)O)=C(CSc3cn[nH]n3)CS[C@H]12)c1ccc(O)cc1,0.0,cbe3cd578a4ea01594a1995a6fdcda6c
NC(CO)(CO)CO,0.0,2fce5c033589d2dfe24fa67dc6885386
NC(CO)C(=O)NNCc1ccc(O)c(O)c1O,0.0,23907be58feb50fd4a9c7b0ef1357df6
NC(Cc1c[nH]c2ccc(O)cc12)C(=O)O,1.0,04e0a83d0666dfa47079ef3ed8ee6f00
NC(Cc1ccc(N(CCCl)CCCl)cc1)C(=O)O,0.0,372d353d8e789c2e843acc53cda65198
NC(N)=N/N=C/c1c(Cl)cccc1Cl,0.0,6c176d661e06d85d1ff3b1eda36baa86
NC(N)=NC(=O)c1nc(Cl)c(N)nc1N,1.0,c0c9f1824297b949a1c9b9e31720b43c
NC(N)=NCC1COC2(CCCCC2)O1,0.0,3725682130ec30962828d3074b8efc32
NC(N)=NCCN1CCCCCCC1,0.0,c35a4ec26aa89a2327b48419e625367f
NC(N)=Nc1nc(-c2cccc(N)c2)cs1,1.0,f3494ac22ac1e7ea4103aa031546b6b8
NC(N)=Nc1nc(-c2ccccc2)cs1,1.0,34c8b04e7104a6961fc967e7c790dded
NC(N)=Nc1nc(CSCCC(N)=NS(N)(=O)=O)cs1,1.0,408b29be7362ba1b04981c2de3282bac
NC(N)=O,1.0,cde6b48ed870286595c1455af7aff8bd
NC/C(=C/F)CCc1ccc(F)cc1,1.0,7f3b3d8437faea0402320bf551ef0a48
NC12CC3CC(CC(C3)C1)C2,1.0,889bb64bc9452aa5152df19a2b7abe89
NC1=NC(=O)C(c2ccccc2)O1,1.0,462b3b3a0cf75de96a54f2afd6e90e1a
NC1=NC(C(F)(F)F)(C(F)(F)F)NC1(C(F)(F)F)C(F)(F)F,1.0,6a9861dcbe16964f7fa8511112af070d
NC1CCCC1c1ccccc1,1.0,2bd71772220b1d36d782f5b4958deba7
NC1CONC1=O,1.0,44bf747c04df002d53e645dfd7a3d1de
NC1[C@H]2CN(c3nc4c(cc3F)c(=O)c(C(=O)O)cn4-c3ccc(F)cc3F)C[C@@H]12,1.0,344d13ed5a09f834561bc2211f32e45a
NCC(O)c1ccc(O)c(O)c1,0.0,b03b1f621126c13f02b86054ff6420f8
NCC(O)c1cccc(O)c1,0.0,0dc811a465203aba826de4a2540ed964
NCC1(CC(=O)O)CCCCC1,1.0,2a3423b09a914ebbb03121f8851d6f79
NCC1CC(=O)N(Cc2ccccc2)C1,1.0,1d148ff347caa6eae68b9e03160b2046
NCC1CCC(N)C(OC2C(N)CC(N)C(OC3OC(CO)C(O)C(N)C3O)C2O)O1,0.0,66f9a6fabb4b6350b23fa966d8fc9ca7
NCC1OC(OC2C(N)CC(N)C(OC3OC(CO)C(O)C(N)C3O)C2O)C(N)C(O)C1O,0.0,e2178a6d70d1baafbfd6da1b761f259a
NCC1OC(OC2C(N)CC(N)C(OC3OC(CO)C(O)C(N)C3O)C2O)C(O)C(O)C1O,0.0,e2178a6d70d1baafbfd6da1b761f259a
NCC1OC(OC2C(N)CC(NC(CO)CO)C(OC3OC(CO)C(O)C(N)C3O)C2O)C(N)C(O)C1O,0.0,4df34e9a5e989d9c8b7df3fc69fa4ca4
NCCC(O)CNC1CC(N)C(OC2OC(CN)C(O)C(O)C2O)C(O)C1OC1OC(CO)C(O)C(N)C1O,0.0,ed87cb4c33c43041606bc72833a74f73
NCCC(Oc1ccc(C(F)(F)F)cc1)c1ccccc1,1.0,4fa2e0343a45cbf5f20ff385124e1657
NCCCN1c2ccccc2CCc2ccccc21,1.0,2e05298de99f2c0a5238b29f97e45388
NCCCN1c2ccccc2Sc2ccc(Cl)cc21,1.0,044052459005e3b3ce79cb791dcc46f4
NCCCNCCSP(=O)(O)O,0.0,8d664c8065fc7f19a24043d44ab5b902
NCC[C@H](O)C(=O)N[C@@H]1C[C@H](N)[C@@H](O[C@H]2O[C@H](CN)CC[C@H]2N)[C@H](O)[C@H]1O[C@H]1O[C@H](CO)[C@@H](O)[C@H](N)[C@H]1O,0.0,46a56b87fd48b0d69099023625b10023
NCC[C@H](O)C(=O)N[C@@H]1C[C@H](N)[C@@H](O[C@H]2O[C@H](CN)[C@@H](O)[C@H](O)[C@H]2O)[C@H](O)[C@H]1O[C@H]1O[C@H](CO)[C@@H](O)[C@H](N)[C@H]1O,1.0,a3173cb4a2a0bd46f63db3faf83975c2
NCCc1ccc(O)c(O)c1,0.0,653cd5da73b6a4960c645cbdb89b5b6c
NCCc1cn2ccccc2n1,0.0,beabbf9aec01fa1dbaa3d6075d144fca
NCCc1nc(-c2ccccc2)cs1,0.0,e3a9df33fed43eb9db55478957304504
NCCc1nccs1,1.0,b26977172433627efeffc1ad87824f0f
NCCn1ncc2cc(Cl)c(Cl)cc21,1.0,5602229a48506451db0e06eb312abbd4
NC[C@H]1O[C@H](O[C@H]2[C@H](O)[C@@H](O)[C@H](N)C[C@@H]2N)[C@H](N)[C@@H](O)[C@@H]1O,0.0,1215599f3f78464b09274244f4931a9b
NC[C@H]1O[C@H](O[C@H]2[C@H](O)[C@@H](O[C@H]3O[C@H](CO)[C@@H](O)[C@H](N)[C@H]3O)[C@H](N)C[C@@H]2N)[C@H](N)C[C@@H]1O,0.0,0de8daf89dba4c52774b124827a5f72d
NCc1ccccc1CC(=O)N[C@@H]1C(=O)N2C(C(=O)O)=C(CSc3nnnn3CC(=O)O)CS[C@H]12,0.0,64d7957d106b56e03fad0178489e3c55
NNC(=O)CP(=O)(c1ccccc1)c1ccccc1,1.0,677d0ea08539d0060b181e1a664c691b
NNC(=O)c1ccncc1,0.0,f9381bcd9660ce166865d0250259b723
NNCC1CCCCC1,1.0,95afacefd1d05ffe5f924c1452decfea
NNCCc1ccccc1,1.0,949642de8ee5e7ad5475d2650121814b
NNc1nncc2ccccc12,0.0,9fa03c329f2de4a301973c54f4a65aea
NS(=O)(=O)Cc1noc2ccccc12,1.0,ce48f791a117f7d613fd3bee8cc3bc8b
NS(=O)(=O)c1cc(C(=O)O)c(NCc2ccco2)cc1Cl,0.0,26eb257db06ee0c23932c4ac99def0e8
NS(=O)(=O)c1cc(C2(O)NC(=O)c3ccccc32)ccc1Cl,0.0,73925048be67f2c583c01ca5a2db9a65
NS(=O)(=O)c1cc2c(cc1C(F)(F)F)NCNS2(=O)=O,0.0,83a8cf9d59530d91989ea7c98de5b711
NS(=O)(=O)c1cc2c(cc1Cl)NC(C(Cl)Cl)NS2(=O)=O,0.0,6b954c066e7e43e9d75a6ff396e21537
NS(=O)(=O)c1cc2c(cc1Cl)NC=NS2(=O)=O,0.0,d4ea6ab67c8f6c9534470262860fe5c2
NS(=O)(=O)c1cc2c(cc1Cl)NCNS2(=O)=O,0.0,d4ea6ab67c8f6c9534470262860fe5c2
NS(=O)(=O)c1ccc(C(=O)O)cc1,1.0,b15a7891dbb6c202ac6fba7e913fcf0d
NS(=O)(=O)c1ccc(N2C(=O)CC(c3ccccc3)C2=O)c(Cl)c1,1.0,21bef46723c4891504fa98678cccef16
NS(=O)(=O)c1ccc(N2CCCCS2(=O)=O)cc1,1.0,d178780ab7b81f988b8dc944d1db3c6b
N[C@@H](C(=O)NC1C(=O)N2C(C(=O)O)=C(Cl)CCC12)c1ccccc1,0.0,fa04a2919c5d11851d932de5ee362aa2
N[C@@H](C(=O)N[C@@H]1C(=O)N2C(C(=O)O)=C(Cl)CS[C@H]12)c1ccccc1,0.0,fa04a2919c5d11851d932de5ee362aa2
N[C@@H](Cc1c[nH]c2ccccc12)C(=O)O,1.0,1644b4fd2323b1d855a71905a91bd300
N[C@@H]1C[C@H]1c1ccccc1,1.0,891870524333d0aaf8e467b3b0cbebc3
Nc1[nH]c(=O)ncc1F,1.0,e60ca187b2aa1b0a553cfc8d9bd214a9
Nc1c2c(nc3ccccc13)CCCC2,1.0,5e02e854f81282ed4ec90b265fd87e64
Nc1c2c(nc3ccccc13)CCCC2O,1.0,a97069df3f672ee793c565fd5abf6573
Nc1cc(OCC2CC2)c(C(=O)NC2CN3CCC2CC3)cc1Cl,1.0,fc237504c8353eb900e1e9d0a3ca9ba8
Nc1ccc(-c2nc3ccc(O)cc3s2)cc1I,1.0,83645e958ba3570ba1795dc980dbff71
Nc1ccc(C(=O)O)c(O)c1,0.0,4079dd52f8be1a9b3eea3e86cd8c1f9e
Nc1ccc(N=Nc2ccccc2)c(N)n1,0.0,68164afff3b1d46093d3e092830c3f50
Nc1ccc(S(=O)(=O)N2CC3CCC(CC3)C2)cc1,1.0,082cad6742fee724e39d9386621dbb77
Nc1ccc(S(=O)(=O)Nc2ncccn2)cc1,1.0,2e76471a22aa1e99e6d05cbaa7867f7a
Nc1ccc(S(=O)(=O)c2ccc(N)cc2)cc1,0.0,75eeee8ca18b03c54b9ba840725b12c7
Nc1cccc(-n2ccccc2=O)c1,1.0,ccca55e444059512ad622d45cd24bd63
Nc1ccn([C@@H]2O[C@H](CO)[C@@H](O)[C@@H]2O)c(=O)n1,1.0,61af0c174ba2cd6940c53d5d6ff9ce6c
Nc1ccn([C@H]2CC[C@@H](CO)O2)c(=O)n1,1.0,127800ee8b9b84becf514417114feb92
Nc1nc(/C(=C/CC(=O)O)C(=O)N[C@@H]2C(=O)N3C(C(=O)O)=CCS[C@H]23)cs1,0.0,1de4da7f94acdcdf78293aaf21f978a0
Nc1nc(=O)c2c([nH]1)NCC(CNc1ccc(C(=O)N[C@@H](CCC(=O)[O-])C(=O)[O-])cc1)N2C=O,1.0,ef753d06ff2ecb2bcd0c5e79ac468ea7
Nc1nc(=O)c2nc(CNc3ccc(C(=O)N[C@@H](CCC(=O)O)C(=O)O)cc3)cnc2[nH]1,1.0,490fd339461673c250ea5ade9b7ff5f7
Nc1nc(=O)c2ncn(CCC(CO)CO)c2[nH]1,1.0,5e5009e1a7b45c17f2bbd653535838d4
Nc1nc(=O)c2ncn(CC[C@@H](O)CO)c2[nH]1,1.0,86d07c2258f3803118b2dca60bf82e26
Nc1nc(=O)c2ncn(COC(CO)CO)c2[nH]1,0.0,5e5009e1a7b45c17f2bbd653535838d4
Nc1nc(=O)c2ncn(COCCO)c2[nH]1,1.0,134c379e2418c58f054c4036403e3335
Nc1nc(=S)c2[nH]cnc2[nH]1,0.0,34cc73b53005b4ad38816f9768118eef
Nc1nc(Cl)nc2c1ncn2[C@H]1C[C@H](O)[C@@H](CO)O1,1.0,04f1d65326db5388e0cadc7313c564ca
Nc1nc(N)c2nc(-c3ccccc3)c(N)nc2n1,0.0,b1946150f9b99a891635ea6a5bcd65b7
Nc1nc(NC2CC2)c2ncn([C@H]3C=C[C@@H](CO)C3)c2n1,1.0,342c5d208d5c825bd226f0e5c9da824d
Nc1nc2ccc(OC(F)(F)F)cc2s1,1.0,e15b0397a3c0d39dda20f3d114a4a7a3
Nc1ncc2ncn(COCCO)c2n1,1.0,d5559536b5ae9b19135e1c4c01a32dec
Nc1ncnc2c1ncn2C1OC(CO)C(O)C1O,1.0,db409d9f4687949dc29a26fdcab903ef
Nc1nnc(-c2cccc(Cl)c2Cl)c(N)n1,1.0,104894c25635a1f8c2b98b48cf7e76f1
Nn1cnc2cc3ccccc3cc2c1=O,1.0,0fcd078ab67b6f3f7b834c170dd7b755
O=C(/C=C/c1ccc2c(c1)OCO2)N1CCCCC1,1.0,d8ffc6f40b36659b61a137100397c794
O=C(C1CCCCC1)N1CC(=O)N2CCc3ccccc3C2C1,1.0,07e52466cdfa756a9f127e83586c2580
O=C(CC1c2ccccc2C(=O)N1c1ccc2ccc(Cl)nc2n1)N1CCC2(CC1)OCCO2,1.0,656e00ccb5bf8210aa3ee3ce269ea8a9
O=C(CCCN1CC2CCC(CC2)C1)c1ccc(F)cc1,1.0,02a0dfecf59f90f243c0e944c836e3cc
O=C(CCCN1CC=C(n2c(=O)[nH]c3ccccc32)CC1)c1ccc(F)cc1,1.0,33dc077c09ddec6a229f5f0522369a64
O=C(CCCN1CCC(C(=O)c2ccc(Cl)cc2)CC1)c1ccc(F)cc1,1.0,483bbb2d9fe4fba59bfd4bd2b3fb84b1
O=C(CCCN1CCC(C(=O)c2ccc(F)cc2)CC1)c1ccc(F)cc1,1.0,483bbb2d9fe4fba59bfd4bd2b3fb84b1
O=C(CCCN1CCC(O)(c2ccc(Br)cc2)CC1)c1ccc(F)cc1,1.0,e990380f5bc848de420cd4b440aeb313
O=C(CCCN1CCC(O)(c2ccc(Cl)c(C(F)(F)F)c2)CC1)c1ccc(F)cc1,1.0,582cfaf872341dfed20431ef8c404c6e
O=C(CCCN1CCC(O)(c2ccc(Cl)cc2)CC1)c1ccc(F)cc1,1.0,e990380f5bc848de420cd4b440aeb313
O=C(CCCN1CCC(O)(c2cccc(C(F)(F)F)c2)CC1)c1ccc(F)cc1,1.0,d608208e8c3770003ab3d60b1bf57713
O=C(CCCN1CCC(n2c(=O)[nH]c3ccccc32)CC1)c1ccc(F)cc1,1.0,33dc077c09ddec6a229f5f0522369a64
O=C(CCCN1CCC(n2c(=S)[nH]c3ccccc32)CC1)c1ccc(F)cc1,1.0,33dc077c09ddec6a229f5f0522369a64
O=C(CCCN1CCC2(CC1)C(=O)NCN2c1ccc(F)cc1)c1ccc(F)cc1,1.0,3849e650bf217f962a807e65768d79da
O=C(CCCN1CCC2(CC1)C(=O)NCN2c1ccccc1)c1ccc(F)cc1,1.0,bb9e71ce47a4a593dc0b09515d08c7a4
O=C(CCCN1CCN(C(=O)OC2CCCCC2)CC1)c1ccc(F)cc1,1.0,04e9eeef06dc726a16525d62cc38a277
O=C(CCCN1CCN(c2cc3ccccc3cn2)CC1)c1ccc(F)cc1,1.0,806d2d5371fd2c4d7349ccd551369333
O=C(CCCN1CCN(c2ccccn2)CC1)c1ccc(F)cc1,1.0,56cc8371d9ef80cbfacec50d4810a970
O=C(CCCN1CCN2CCCC2C1)c1ccc(F)cc1,1.0,c353cb91ced9fdc53826266d1422ff46
O=C(CCCN1CCN2Cc3[nH]c4ccccc4c3CC2C1)c1ccc(F)cc1,1.0,ab6852754ce7b25c52c4d68da5551949
O=C(CCCl)NCCc1ccccc1,1.0,206957a26ccca5f8c45295a102f0c0dc
O=C(CCCl)NCc1ccccc1,1.0,e5f5225fe4d77946f8ed07f9ebb06f92
O=C(CCN1CCN(CCO)CC1)N1c2ccccc2Sc2ccc(C(F)(F)F)cc21,1.0,8c19fb71442de7c8bbfc0bdbe5be79bf
O=C(CCNNC(=O)c1ccncc1)NCc1ccccc1,1.0,16af9b0e28cf6e332f3219ccd050c29b
O=C(CN1CCC23CCCCC2C1Cc1ccc(O)cc13)c1ccccc1,1.0,dcfec1268435299d610608028ad4f17f
O=C(CN1CCCC1=O)NNC(=O)CN1CCCC1=O,1.0,6592f63b31e962a8cc23bcce406e236c
O=C(CN1CC[C@H](c2ccc(F)cc2)[C@@H](COc2ccc3c(c2)OCO3)C1)c1ccc(F)cc1,1.0,c2f914e229d6f4436048165abac608d5
O=C(COc1ccc(Cl)cc1)N1CCN(Cc2ccc3c(c2)OCO3)CC1,1.0,0a6cc1863f51fb14a6795fd0b7a16480
O=C(COc1ccc(Cl)cc1)OCCNC12CC3CC(CC(C3)C1)C2,1.0,b177039760865ad7d7ad1ad1ffbf2f99
O=C(Cc1ccc(C(F)(F)F)cc1)N1CCCC[C@H]1CN1CCCC1,1.0,e8f9962cfb4b66ceaff114e787b871e3
O=C(Cc1ccc(Cl)c(Cl)c1)N1CCCC[C@H]1CN1CCCC1,1.0,41801fd4433c051e91b8ae1bd9367166
O=C(Cc1ccc(Cl)c(Cl)c1)N1CCN(CCO)C[C@@H]1CN1CC[C@@H](O)C1,0.0,09cef335ae9ae8f23943f2ceeee3cd0c
O=C(Cc1ccc(Cl)c(Cl)c1)N1CCc2[nH]cnc2[C@H]1CN1CCCC1,0.0,28a3ad5d19ae898395085bc505e93672
O=C(Cc1ccc(Cl)c(Cl)c1)N1CCc2[nH]cnc2[C@H]1CN1CC[C@@H](O)C1,0.0,628d9561cca9fee80f4738a3e2f2aa71
O=C(Cc1ccc(Cl)c(Cl)c1)N1CCc2ccccc2[C@H]1CN1CCCC1,1.0,fc3c604b32b1e2a6f74bee31f51f1687
O=C(Cc1ccc(Cl)c(Cl)c1)N1CCc2occc2[C@H]1CN1CCCC1,1.0,28a3ad5d19ae898395085bc505e93672
O=C(Cc1ccc(Cl)c(Cl)c1)N1CCc2occc2[C@H]1CN1CC[C@@H](O)C1,1.0,628d9561cca9fee80f4738a3e2f2aa71
O=C(Cc1ccc(Cl)c(Cl)c1)N1CCc2sccc2[C@H]1CN1CCCC1,1.0,28a3ad5d19ae898395085bc505e93672
O=C(Cc1ccc(Cl)c(Cl)c1)N1CCn2ccnc2[C@H]1CN1CCCC1,1.0,28a3ad5d19ae898395085bc505e93672
O=C(Cc1ccc(Cl)c(Cl)c1)N1CCn2ccnc2[C@H]1CN1CC[C@@H](O)C1,0.0,628d9561cca9fee80f4738a3e2f2aa71
O=C(Cc1ccc(Cl)c(Cl)c1)N1CCn2ncnc2[C@H]1CN1CCCC1,1.0,28a3ad5d19ae898395085bc505e93672
O=C(Cc1cccs1)N[C@@H]1C(=O)N2C(C(=O)O)=C(CSc3ncn[nH]3)CS[C@H]12,0.0,44ccbe7f86d04a3e1c6090734dd909db
O=C(Cn1ccnc1)c1ccc2ccccc2c1,1.0,5f953e08e97d964d8bdf0c19e7adc209
O=C(Cn1cnnn1)N[C@@H]1C(=O)N2C(C(=O)O)=C(CSc3nncs3)CS[C@H]12,0.0,44ccbe7f86d04a3e1c6090734dd909db
O=C(NC(=O)c1ccccc1)NC1CCN(Cc2ccc3ccccc3c2)CC1,1.0,a37694b31ece5e462f8a8163570ed7c0
O=C(NC(CO)C(O)c1ccc([N+](=O)[O-])cc1)C(Cl)Cl,0.0,60c6bee45ba66f59a49e88bd91e6a29f
O=C(NCCCN1CCOCC1)c1ccc(Cl)cc1,1.0,93282f422b9aa1adb7672bb8eef2b741
O=C(NCCCOc1cccc(CN2CCCCC2)c1)c1ccccc1,1.0,a3b3b759d92126ce385cf35487217929
O=C(NCCN1CCC(n2c(=O)[nH]c3cc(Cl)ccc32)CC1)c1ccc(F)cc1,1.0,44df6c295a2afabff29c55266a9ed665
O=C(NCCN1CCN(c2ncccn2)CC1)C12CC3CC(CC(C3)C1)C2,1.0,e767c69fcff2569dd21117bf0c80ab1e
O=C(NCCN1CCOCC1)c1ccc(Cl)cc1,1.0,b1279d4d0e18755d45f0b715509a2e5b
O=C(NCCc1ccc(O)c(O)c1)C12CC3CC(CC(C3)C1)C2,1.0,4e13eb538980620e7ec1c265eaef1347
O=C(NCc1ccccc1)OCCO,1.0,3b19fc8d67231fff8ec5d0d6c16c7931
O=C(Nc1ccc(O)cc1)C(Cl)(Cl)Cl,1.0,f0ebf7a6456c8faa3228a2c624a57abb
O=C(Nc1ccccc1)OCC1(COC(=O)Nc2ccccc2)CCCC1,1.0,aeec211eff6a1d149faa4ebc172b502c
O=C(O)C1=C(CSc2nnnn2CS(=O)(=O)O)CS[C@@H]2[C@H](NC(=O)C(O)c3ccccc3)C(=O)N12,0.0,bbb0a2c4287a63f712fbc3f85ddbb93c
O=C(O)C1=C/C(=N\Nc2ccc(S(=O)(=O)Nc3ccccn3)cc2)C=CC1=O,0.0,aa12c3ed8829577619f6a6bcf28fb538
O=C(O)C1CCN1C12CC3CC(CC(C3)C1)C2,1.0,54a16b64e570333bdd961cdad5f77a41
O=C(O)CCCCC1SCC2NC(=O)NC21,1.0,181dfa6946a37ae1f48eda098c62a7d4
O=C(O)CCCCCCCC(=O)O,0.0,9102b9415b2b22a1aa6a8418f57aeea5
O=C(O)CCCCCC[NH2+]C1c2ccccc2CCc2ccccc21,1.0,74150a1ba28c3d370a055d481ad4df5e
O=C(O)CCCc1ccc(N(CCCl)CCCl)cc1,0.0,82802260a8395af4392e34a9c7b11f64
O=C(O)CCc1nc(-c2ccccc2)c(-c2ccccc2)o1,0.0,4ecfa5201ae69ac470fae6a963d50ac2
O=C(O)CN1C(=O)c2cccc3cccc(c23)C1=O,1.0,992e974baa97152facf6fe0c8199ecdf
O=C(O)CNC(=O)c1ccccc1O,1.0,7c19bb6544f277dab11dfc90277f1e53
O=C(O)COCCN1CCN(C(c2ccccc2)c2ccc(Cl)cc2)CC1,0.0,8d6d7c51dc50bf8a80248dbef3a753ee
O=C(O)c1cc(=O)c2cc(OCC(O)COc3cccc4oc(C(=O)O)cc(=O)c34)ccc2o1,0.0,db6068a78ea072e87b716c6bbd124dfb
O=C(O)c1cc(=O)c2ccccc2[nH]1,1.0,fe0401d2bffca337e69b062822a23f27
O=C(O)c1cc(=O)c2ccccc2o1,1.0,fe0401d2bffca337e69b062822a23f27
O=C(O)c1ccccc1O,0.0,5df49823493265a811f2bd7691e4a406
O=C(O)c1cn(C2CC2)c2cc(N3CCNCC3)c(F)cc2c1=O,0.0,e8d2fc969b3e6685d17d645c2d122448
O=C(OC1CN2CCC1CC2)c1ccccc1,1.0,24fa48fdf09f56122eb90e59653b0736
O=C(OCC(Cl)(Cl)Cl)OCC(Cl)(Cl)Cl,1.0,e792ee5cb1a1a44c6697e3cff65d6950
O=C(OCCN1CCCCC1)C(O)(c1ccccc1)c1ccccc1,1.0,e29e34984ba10e9fcb1fdd1ef540da86
O=C(Oc1ccccc1C(=O)O)c1ccccc1O,1.0,a246f212883f624b58b53161a6b4fbcb
O=C([O-])P(=O)([O-])[O-],1.0,f848d40cbfa43815a8aa73d15a4c0574
O=C([O-])c1ccccc1Oc1ccccc1,1.0,f73fae9ad80f536932819bd69a6e5b0d
O=C(c1cc2ccccc2o1)N1CCN(Cc2ccccc2)CC1,1.0,20e8c526c1a840ffea1e462af4b6ca9c
O=C(c1ccc(F)cc1)C1CCN(CCCN2c3ccccc3Sc3ccc(C(F)(F)F)cc32)CC1,1.0,87edec00ac554e4fedee01c3cfe6493d
O=C(c1ccc(F)cc1)C1CCN(CCCn2c(=O)[nH]c3cc(Cl)ccc32)CC1,1.0,6cb82035678ffcfd67fe0f32234d1a91
O=C(c1ccc(F)cc1)C1CCN(CCCn2c(=O)[nH]c3ccccc32)CC1,1.0,4c0f8519c26cbf8d4abbe653b33ae43c
O=C(c1ccccc1)c1ccc2n1CCC2C(=O)O,0.0,cbf58cceb73a9db6dfdbec2ce4341c14
O=C(c1ccccn1)N1CCN(Cc2ccccc2)CC1,1.0,27115c465f99c018a63d2195cae63487
O=C(c1ccccn1)c1cnn2c(-c3ccncc3)ccnc12,1.0,30e72f79549cd6475ef81ddf804b9100
O=C(c1cccnc1)N1CCOCC1,1.0,ee0fd505ddc029c6c923c883bfebf038
O=C(c1ccco1)N(c1cnccn1)C1CCN(CCc2ccccc2)CC1,1.0,462971c9d69654ba698761e4e1ad625c
O=C1C(=O)c2ccccc2C(O)=C1C1CCC(c2ccc(Cl)cc2)CC1,0.0,fc00972fd087b436b300e8d953f05081
O=C1C(O)=C(O)OC1C(O)CO,1.0,94c0b7dde4fd8b85acf1712062a36391
O=C1C(O)N=C(c2ccccc2F)c2cc(Cl)ccc2N1CCO,1.0,782ffba307eb2d3c494e77efc5923528
O=C1C=CC=C/C1=C1/NN=CO1,1.0,ce9c2998d92ec62f18ff79cfb116cc0c
O=C1CC(=O)N(c2ccccc2)c2cc(Cl)ccc2N1,1.0,cf59e1e87af020954f9f087536afd807
O=C1CC(c2cccc(Br)c2)C(=O)N1,1.0,9f62b049903de17c9c1d803c8f72579c
O=C1CC2(CCCC2)CC(=O)N1CCCCN1CCN(c2ncccn2)CC1,1.0,390f51d2f4bfcef32bdd8ac5bc390473
O=C1CC2(CCCC2)CC(=O)N1CCCCN1CCN(c2nsc3ccccc23)CC1,1.0,d33b02635ac00cb0b23a4f5ba358d8c4
O=C1CC2(CCCC2)CC(=O)N1CCNCC1COc2ccccc2O1,1.0,995391326069ff3fa5082e1627aad26a
O=C1CCC(=O)N1CC1CCC2CN(c3ncccn3)CCN2C1,1.0,881e8f8e9034c1704449083d6091b607
O=C1CCC(C(=O)NC2CC2c2ccccc2)N1,1.0,db1d48a5fae4dfb458e5c7c504675fc9
O=C1CCC(N2C(=O)C3C4CCC(C4)C3C2=O)C(=O)N1,1.0,73dfb64de5d1297a6a2132c01b712971
O=C1CCC(N2C(=O)c3ccccc3C2=O)C(=O)N1,1.0,17f1ae0e6ae9851ac14967d4aa45a2f6
O=C1CCC(c2ccccc2)(C2CCN(C/C=C/c3ccccc3)CC2)C(=O)N1,1.0,fbb8a9c2b7b26eecfcad76973822e07c
O=C1CCC2(CCC(=O)c3ccccc32)C(=O)N1,1.0,c3d21d234747fd5b351d4bda9082de1b
O=C1CCC2CCC(=O)N12,1.0,599d8a283ddf3b0f1279c562a527bc41
O=C1CCCN1CCCCN1CCN(c2cc(C(F)(F)F)cc(Cl)n2)CC1,1.0,a71a24973400f0701153e1cd22ab7f4e
O=C1CCCN1CCCCN1CCN(c2cc(C(F)(F)F)ccn2)CC1,1.0,ebb7f75b3086d417882e606f04518f99
O=C1CCN=C2CC(c3ccccc3)CN12,1.0,c366b5ddd322fd57f916d2160b734e98
O=C1CCNc2ccc(Cl)cc2N1c1ccccc1,1.0,f89d2c0cb2f7534d900a6b95ae086f75
O=C1CC[C@@]2(O)[C@H]3Cc4ccc(O)c5c4[C@@]2(CCN3CC2CC2)[C@H]1O5,1.0,fc8da8fd63f4b1aa1be202374e36902e
O=C1CC[C@H](C(=O)N2CCCCC2)N1,1.0,c89dcdeb56d5504b66dbbe09087e2f6a
O=C1CC[C@H]2[C@H]3Cc4cccc(O)c4[C@@]2(CCN3CC2CC2)C1,1.0,e60ec94b795215e73da9d7fd04f1d506
O=C1CCc2ccc(OCCCCN3CCN(c4cccc(Cl)c4Cl)CC3)cc2N1,1.0,9a6692edf6d7138a4e1d1c692389b742
O=C1CN(C(=O)CN2CC(c3ccc(Cl)cc3)CC2=O)CCN1,1.0,28375c1e2a90c81920e356616eebb26b
O=C1CN(O)C(c2ccccc2)=c2cc(Cl)ccc2=N1,1.0,cf59e1e87af020954f9f087536afd807
O=C1CN2C(=O)CCC2N1,1.0,cbd10df9d37a1b1d46d864081916a77f
O=C1CN2CCOC2(c2ccccc2Cl)c2cc(Cl)ccc2N1,1.0,a16bd4647b07663aff919313fe1c77d5
O=C1CN2CCOC2(c2ccccc2F)c2cc(Br)ccc2N1,1.0,a16bd4647b07663aff919313fe1c77d5
O=C1CN2CCOC2(c2ccccc2F)c2cc(Cl)ccc2N1CCO,1.0,d90eb88c58b8f6881b80d90b23a631e1
O=C1CN=C(C2=CCCCC2)c2cc(Cl)ccc2N1,1.0,9c7c06ca8597f5774e7d6dd0097302a5
O=C1CN=C(c2ccccc2)c2cc(Cl)ccc2N1,1.0,9c7c06ca8597f5774e7d6dd0097302a5
O=C1CN=C(c2ccccc2)c2cc(Cl)ccc2N1CC(F)(F)F,1.0,94c936171247a981fa3d3ecd0c429a0b
O=C1CN=C(c2ccccc2)c2cc(Cl)ccc2N1CC1CC1,1.0,01f8bbb56907c01996a946eb2128ae4d
O=C1CN=C(c2ccccc2)c2cc(Cl)ccc2N1CCOCC1CC1,1.0,9385a95d136918c84cc5543e1491610d
O=C1CN=C(c2ccccc2)c2cc([N+](=O)[O-])ccc2N1,1.0,572aef396970e749d39aac6d8cc1e5d5
O=C1CN=C(c2ccccc2Cl)c2cc(Cl)ccc2N1,1.0,5055edb04b46bb343eceea059ba2eac6
O=C1CN=C(c2ccccc2Cl)c2cc([N+](=O)[O-])ccc2N1,1.0,24d3a9f622fa2c097aeae539d3d6a7e2
O=C1CN=C(c2ccccc2F)c2cc(Cl)ccc2N1CC(O)CO,1.0,9206924ae18a2320681fab7695e64add
O=C1CN=C(c2ccccc2F)c2cc(Cl)ccc2N1CC1CC1,1.0,9b69b21fadd7205bacb55ac011490cac
O=C1CN=C(c2ccccn2)c2cc(Br)ccc2N1,1.0,9c7c06ca8597f5774e7d6dd0097302a5
O=C1CNC(c2ccccc2)=c2c3c(sc2=N1)CCCC3,1.0,603bf9a63684e21cdf8a2be6c456a47d
O=C1COC(N2CCN=C(c3ccccc3Cl)c3cc(Cl)ccc32)=N1,1.0,9427b6691dde448ffe23759e740807f2
O=C1CSC2(CCN(CCCN3c4ccccc4Sc4ccc(Cl)cc43)CC2)N1,1.0,0d1dad07954a9214ce180df6a87a518e
O=C1C[C@H]2SC(C3(O)CN4C(=O)C[C@H]4S3)CN12,1.0,e5cfe60e70d4f9e6e3982bcc3b8a2379
O=C1Cc2cc(CCN3CCN(c4nsc5ccccc45)CC3)c(Cl)cc2N1,1.0,0ec0db8d2f5a46590c7f9aa4a708fe7b
O=C1N(C(O)C(Cl)(Cl)Cl)CNC1(c1ccccc1)c1ccccc1,1.0,22fc7f3c6f80eef8d7e0b9ee20fcc9a6
O=C1N(c2ccccc2)c2ccccc2C1(Cc1ccncc1)Cc1ccncc1,1.0,e5f60e18ba1e68c932c9e2700c40e891
O=C1N=C(NC2CC2)OC1c1ccccc1,1.0,d5bd704fe02242bcca2c4a497a51f930
O=C1NC(=O)C(CC2CCCCN2)(c2ccccc2)C(=O)N1,1.0,8ed24b0b7576c6f6c6444ff94133f61d
O=C1NC(=O)C(c2ccccc2)(c2ccccc2)N1,1.0,3608070ced92378a7e0af24c0cdd6acc
O=C1NC(=O)C2(CCc3ccccc3C2)N1,1.0,1a0f055ffdde980d7ae10f9f427ad7e4
O=C1NC(=O)C2(c3ccc(Cl)cc3)CC12,1.0,24d10acb11d6718a9acb35256b9e396a
O=C1NC(=O)[C@@]2(CCN(C(=O)Cc3ccc(Cl)c(Cl)c3)[C@@H](CN3CCCC3)C2)N1,0.0,b61f3a526f2ae96c3c5025c34b0f3da8
O=C1NC(CCCl)Oc2ccccc21,1.0,9dc2a003bfd995176b76a8406f41b5e4
O=C1NC(c2ccccc2)(c2ccccc2)C(=O)N1COP(=O)(O)O,1.0,941f27ca60654c68213d2dfbe042afc1
O=C1NC2CCCCN2C12CCN(CCCN1c3ccccc3CCc3ccc(Cl)cc31)CC2,1.0,2d93ca36aa5f83d4091c178c92ad26d0
O=C1NCCCC1N1C(=O)c2ccccc2S1(=O)=O,1.0,80e287a34b11ae6969ecdd6019cb0111
O=C1NCCN1C1CCN(CCC2COc3ccccc3O2)CC1,1.0,79c924d3f6cd13f838da4497a684f7e8
O=C1NCCN1CCN1CCC(c2cn(-c3ccc(F)cc3)c3ccc(Cl)cc23)CC1,1.0,75eaf5eabfcbebcbb5edb9c05435918b
O=C1NCCNC1c1cccs1,1.0,ce9c2998d92ec62f18ff79cfb116cc0c
O=C1NCN(c2ccccc2)C12CCN(CC1COc3ccccc3O1)CC2,1.0,b2e909d72a4543d6b733af4d444454cb
O=C1NCN(c2ccccc2)C12CCN(CCCC(c1ccc(F)cc1)c1ccc(F)cc1)CC2,1.0,1cb28c32b927f95063e96501f8a389a1
O=C1NCN(c2ccccc2)C12CCN(CCCOc1ccc(F)cc1)CC2,1.0,44999f46f0e960d41d35abedaf1d09c4
O=C1NCNC1(c1ccccc1)c1ccccc1,1.0,60f51831fd0059737488611075aa059c
O=C1Nc2ccc(Cl)cc2C(c2ccccc2)=NC1O,1.0,5ca899dd1b0e1efd01b9b06d34fd2811
O=C1Nc2ccc(Cl)cc2C(c2ccccc2Cl)=NC1O,1.0,c09ae2c5e42b26c2827c937d7822b845
O=C1Nc2ccc(Cl)cc2[C@@](C#CC2CC2)(C(F)(F)F)O1,0.0,836c7ea955e72a611994a9fc1fb61ba7
O=C1Nc2ccc(Cl)nc2C(c2ccccc2Cl)=NC1O,1.0,c09ae2c5e42b26c2827c937d7822b845
O=C1OC(c2ccc(O)cc2)(c2ccc(O)cc2)c2ccccc21,0.0,0ad0fd50d058e316efb70e8401e64f85
O=C1OCCC1C1(O)CCN(CCCN2c3ccccc3Sc3ccc(Cl)cc32)CC1,1.0,1dba7be2362835a9b27e8b5fe64445cd
O=C1[C@@H]2[C@@H]3C=C[C@@H]([C@H]4C=C[C@H]43)[C@@H]2C(=O)N1CCCCN1CCN(c2ncccn2)CC1,1.0,5bbcc64c439aae7187a0ba7c40a5b106
O=C1[C@@H]2[C@H]3CC[C@H](C3)[C@@H]2C(=O)N1CCCCN1CCN(c2ncccn2)CC1,1.0,fc18721824b3e2976a7d4ae03fc9f0b8
O=C1[C@H]2CCCC[C@H]2C(=O)N1CCCCN1CCN(c2nsc3ccccc23)CC1,1.0,226c7252517066b3a80bd5812789e6c9
O=C1c2ccccc2S(=O)(=O)N1CCCCN1CCN(c2ncccn2)CC1,1.0,920706e6766f11e008fecffef2f24394
O=C1c2ccccc2S(=O)(=O)N1CCCN1CCN(c2ncccn2)CC1,1.0,6ff5e7cb862bed45e307c973eabf1acc
O=NN(CCCl)C(=O)NC1CCCCC1,1.0,db903e36b9a0bca14064a0bc23cd51fb
O=NN(CCCl)C(=O)NCCCl,1.0,4770895eb81c616afd590d3b4f9e867d
O=P(O)(O)OCC(Cl)(Cl)Cl,1.0,46a35a667723d084b926ddc2880a8e30
O=S(=O)([O-])CCS,0.0,1f4bbfe7446d68943a04b00ebacd5a62
O=S(=O)(c1ccc2cc[nH]c2c1)N1CCCC1CCN1CCC(Oc2cccc(Cl)c2)CC1,1.0,6706e949f8efb4dc109e31eef80cc599
O=[N+]([O-])C1=CC=NC1NCCSCc1ccccn1,1.0,586f9113b7f07b77336c3ee0f3d7b7d7
O=[N+]([O-])C1=CC=NC1NCCSCc1ncccc1Br,1.0,2d1bf9431114ffd114dd5bc291d00147
O=[N+]([O-])c1cc[nH]c1NCCSCc1ccccn1,1.0,586f9113b7f07b77336c3ee0f3d7b7d7
O=c1[nH]c(=O)n([C@H]2C[C@H](O)[C@@H](CO)O2)cc1F,0.0,7b45a86e36ea37ff77cc1fdb034ccdf6
O=c1[nH]c2cc(Cl)c(Cl)c([N+](=O)[O-])c2[nH]c1=O,1.0,48411452c115702aefe940d796133a60
O=c1[nH]c2cc(Cl)ccc2n1C1CCN(CC2COc3ccccc3O2)CC1,1.0,493c4c426ad1c25b4db5a5476e9eadee
O=c1[nH]c2cc(Cl)ccc2n1C1CCN(CCCC(c2ccc(F)cc2)c2ccc(F)cc2)CC1,1.0,a738a649c95f3a816305abbfaab95c2e
O=c1[nH]c2cc(Cl)ccc2o1,1.0,1e18e853a872574c751a1b3e2e8a7aa3
O=c1[nH]c2ccccc2c(=O)n1CCCN1CCN(c2cccc(Cl)c2)CC1,1.0,4fde5292043323aacbeef099915f6023
O=c1[nH]c2ccccc2c(=O)n1CCN1C[C@H]2C[C@H](c3ccc(F)cc3)[C@H]2C1,1.0,c9795aa17c31f19190bad758a83f07e4
O=c1[nH]c2ccccc2n1C1CCN(CCCC(c2ccc(F)cc2)c2ccc(F)cc2)CC1,1.0,0f3b0f3502ecb814023b8e483d51cfd5
O=c1[nH]c2ccccc2n1C1CCN(CCCc2noc3cc(F)ccc23)CC1,1.0,bb58638ff5c084b6eaae6076953f4009
O=c1[nH]c2ccccc2n1C1CCN(CCOc2ccccc2)CC1,1.0,08d818f912949c72f8c23e34ae0a87ca
O=c1[nH]c2ccccc2n1CCCN1CCC(n2c(=O)[nH]c3cc(Cl)ccc32)CC1,0.0,ae4450a7cf1d7220c0efb72e0c5196e5
O=c1[nH]cc(F)c(=O)[nH]1,0.0,e60ca187b2aa1b0a553cfc8d9bd214a9
O=c1[nH]oc2c1CCNC2,1.0,0c65ca3bca12d81fcba0788e68dbf204
O=c1c(Cc2c(O)oc3ccccc3c2=O)c(O)oc2ccccc12,0.0,64c1ea7c21b3140d4474fb2aaeadbecc
O=c1c(O[C@@H]2O[C@H](CO)[C@@H](O)[C@H](O)[C@H]2O)c(-c2ccc(O)c(O)c2)oc2cc(O)cc(O)c12,0.0,2dd9e09d2a83a242be76ebea4e32f7c5
O=c1cc[nH]nc1,1.0,199bc20adfdca6d6b6a06391ec8e4ac2
O=c1ccc2ccccc2o1,0.0,09865577bdf1c4ac24094347be042401
O=c1ccn(C2OC(CO)C(O)C2O)c(=O)[nH]1,1.0,61af0c174ba2cd6940c53d5d6ff9ce6c
O=c1n(CCCN2CCN(c3cccc(Cl)c3)CC2)nc2ccccn12,1.0,0091a8f197551b5f42aab67a2fcce6ef
O=c1nc[nH]c2c1ncn2[C@H]1CC[C@@H](CO)O1,0.0,1fd094a6e20ae67138105ad6fb620a31
O=c1ncnc2[nH][nH]cc1-2,0.0,b795f1fa874b702a7ad46e4bd3020390
OC(Br)(Br)CBr,1.0,aaa0b19e64bf3c35281517d1fd2e9593
OC(C1=NCCN1)(c1ccc(Cl)cc1)c1ccccn1,1.0,d52e613696598e4d568235897013f960
OC(CCCN1CCc2c(c3cc(F)ccc3n2-c2ccc(F)cc2)C1)c1ccc(F)cc1,1.0,5a71a6265197aeb59dcdb0f5d5a4098b
OC(CCN1CCCC1)(c1ccccc1)C1CCCCC1,1.0,3e8a6f16818ef649cfbbbbffe0c0ecc2
OC(CCN1CCCCC1)(c1ccccc1)C1CC2C=CC1C2,1.0,04aec941cb960c8a18e17de29f224a4c
OC(CCN1CCCCC1)(c1ccccc1)C1CCCCC1,1.0,d44e04b179e6d39691a3dabb187cf64b
OC(CN1CCCCC1)c1cc(-c2ccccc2)on1,1.0,cf53c51db7edfa5acb89ed17a1aa0965
OC(Cn1ccnc1)c1ccc(CCc2ccccc2)cc1,1.0,44ee186282fb93e9a63fc4194568a342
OC(Cn1cncn1)(Cn1cncn1)c1ccc(F)cc1F,1.0,0a5921ada370a6ed9973dcc03ef592aa
OC(O)C(Cl)(Cl)Cl,1.0,f848d40cbfa43815a8aa73d15a4c0574
OC(OCC(COC(O)C(Cl)(Cl)Cl)(COC(O)C(Cl)(Cl)Cl)COC(O)C(Cl)(Cl)Cl)C(Cl)(Cl)Cl,1.0,bc2a82ef9b56f81087c48cf56ab4a393
OC(c1cc(C(F)(F)F)nc2c(C(F)(F)F)cccc12)C1CCCCN1,1.0,e431cb36e958223e7c819e34582341f7
OC(c1ccccc1)(c1ccccc1)C1CC1c1ccncc1,1.0,d950d549910912dd69a07e0785919992
OC(c1ccccc1)(c1ccccc1)C1CCCCN1,1.0,8fc95f0a0f2dc3d95f883b9969f3d1d0
OC(c1ccccc1)(c1ccccc1)C1CCNCC1,1.0,8fc95f0a0f2dc3d95f883b9969f3d1d0
OC1(c2ccc(Cl)c(C(F)(F)F)c2)CCN(CCCC(c2ccc(F)cc2)c2ccc(F)cc2)CC1,1.0,ae416bb61944d473f13c9d8e413beac3
OC1(c2ccc(Cl)cc2)c2ccccc2C2=NCCN21,1.0,3c54f7a242b885002d5f4607e7af4e93
OC1(c2cccc(Cl)c2)C2=NCCCN2c2ccccc21,1.0,a545abaae3ce9c07c6b69127ab5313dc
OC1CCN(c2ccc(-c3ccc(Cl)cc3Cl)nn2)CC1,1.0,416d09280e0fa9101c843188aa690280
OC1CCN(c2ccc(-c3ccccc3Cl)nn2)CC1,1.0,eafca27bc1012f1f66500fe91091035d
OC1OC(COCCOC(O)C(Cl)(Cl)Cl)C(OC2OC(COCCOCCOC(O)C(Cl)(Cl)Cl)CC(OC(O)C(Cl)(Cl)Cl)C2O)C(OCCOCCOC(O)C(Cl)(Cl)Cl)C1O,1.0,9aae7d204b7d4feaabb32489b6879d88
OCC(O)C(O)C(O)C(O)CO,0.0,81d1e00c8fe15d998a65d9b8b0e4aba5
OCC1(CO)COC(C(Cl)(Cl)Cl)OC1,1.0,c5b3e73e8b736629786074c9b7fd46cc
OCCC1CCN(CC/C=C2\c3ccc(F)cc3Sc3ccc(C(F)(F)F)cc32)CC1,1.0,29c4f5e24a84f470e36f58c2468af00a
OCCCN1CCN(CCCC2c3ccccc3Sc3ccc(Cl)cc32)CC1,1.0,cd9648645d0623043d7e51c31b2938f6
OCCCOc1cccc(CN2CCCCC2)c1,1.0,c2c91e03e76b76ce835e8faa77f10cc5
OCCN(CCO)c1nc(N2CCCCC2)c2nc(N(CCO)CCO)nc(N3CCCCC3)c2n1,0.0,62882279bc819d2cf5d4ecbd12a1c1f0
OCCN1C=CN(CCCN2c3ccccc3C=Cc3ccccc32)C=CC1,1.0,f2baf0666cc2bf954f8f0d542a80a96c
OCCN1CCCN(CCCN2c3ccccc3Sc3cc(C(F)(F)F)ccc32)CC1,1.0,68a13bf9a0d376b2b18de8a6ec8b9472
OCCN1CCCN(CCCN2c3ccccc3Sc3ccc(C(F)(F)F)cc32)CC1,1.0,d5f1a847bffcc446a2f76516bc29ba7e
OCCN1CCN(CC/C=C2/c3ccccc3COc3ccc(Cl)cc32)CC1,1.0,9596e676854c02ef6e8da291f0757da8
OCCN1CCN(CC/C=C2/c3ccccc3Sc3ccc(C(F)(F)F)cc32)CC1,1.0,5633c9cd404ddf058b5033711b6f4c55
OCCN1CCN(CC/C=C2/c3ccccc3Sc3ccc(Cl)cc32)CC1,1.0,8fe68b6d089573cf73f7c5a0d456e431
OCCN1CCN(CCCC2c3ccc(F)cc3Sc3ccc(C(F)(F)F)cc32)CC1,1.0,29c4f5e24a84f470e36f58c2468af00a
OCCN1CCN(CCCN2c3cc(C(F)(F)F)ccc3Sc3sccc32)CC1,1.0,f8af6740d22ed49558ccdcafc19524e0
OCCN1CCN(CCCN2c3ccccc3C=Cc3ccccc32)CC1,1.0,88ec407bb5752ed0ec9132c7d29f02bb
OCCN1CCN(CCCN2c3ccccc3Sc3cc(Cl)cnc32)CC1,1.0,27ad188081cdf9665bf4e5dc9d40a7ce
OCCN1CCN(CCCN2c3ccccc3Sc3ccc(C(F)(F)F)cc32)CC1,1.0,5633c9cd404ddf058b5033711b6f4c55
OCCN1CCN(CCCN2c3ccccc3Sc3ccc(Cl)cc32)CC1,1.0,8fe68b6d089573cf73f7c5a0d456e431
OCCN1CCN([C@@H]2C[C@@H](c3ccc(F)cc3)c3ccc(C(F)(F)F)cc32)CC1,1.0,5f3b5bd8aba625d99c3b4627317dc408
OCCOC1CCN(CCCN2c3ccccc3Sc3ccc(C(F)(F)F)cc32)CC1,1.0,b0aca22b40a91c28e806f944746c4940
OCCOCCN1CCN(C(c2ccccc2)c2ccc(Cl)cc2)CC1,1.0,c65fa8ce338f33ea76b7889769892a0e
OCCOCCN1CCN(C2=Nc3ccccc3Sc3ccccc32)CC1,1.0,4baff3d2454b941a114f0685eee714da
OCCOCCOCCN1CCN(C(c2ccccc2)c2ccc(Cl)cc2)CC1,1.0,2bf6b5321f00f23daa791dd9bd4c204c
OC[C@@H](O)[C@H]1OC2O[C@H](C(Cl)(Cl)Cl)O[C@@H]2[C@H]1O,1.0,a1a4efaa4830146645a0f203ed27913f
OC[C@H]1O[C@@H](n2cnc3c2NC=NC[C@H]3O)C[C@@H]1O,1.0,f33d382631d42061cf85a0ab15eeee11
OCc1ccccc1,1.0,b7ed9101b4ca2813c31d35330d0fcb01
OCc1ccccc1O[C@@H]1O[C@H](CO)[C@@H](O)[C@H](O)[C@H]1O,1.0,94b63296bbdd9c522bdde76efe5ae42b
OCc1cccnc1,0.0,b7ed9101b4ca2813c31d35330d0fcb01
OCc1ncc2n1-c1ccc(Cl)cc1C(c1ccccc1F)=NC2,1.0,70c83ef5d6e9ddd6e963eb479a1e7a09
ON1CC(=NCC2CC2)N=c2ccc(Cl)cc2=C1c1ccccc1,1.0,f73819f720a64b34de5e4a8b9a7c78a2
Oc1ccc2[nH]cc(CCCCN3CC=C(c4ccccc4)CC3)c2c1,1.0,4c1ba84ad5072980da9a1ebba9370bf7
Oc1ccc2c(c1)C13CCCCC1C(C2)N(CCc1ccccc1)CC3,1.0,5466d889f662c943f39f26276eea1005
Oc1ccc2c(c1)C13CCCCC1C(C2)NCC3,1.0,c4e9205fa8d62ade6a9149f99608e755
Oc1ccc2c(c1)C13CCN(CC4CC4)C(C2)C1CCOC3,1.0,9547a485928266a8d977b3c8e17e42a4
Oc1ccc2c(c1)[C@@]13CCCC[C@@]1(O)[C@@H](C2)N(CC1CC1)CC3,1.0,540715cb380e3d5a305377a0f7cbf5fa
Oc1ccc2c(c1)[C@@]13CCCC[C@@]1(O)[C@@H](C2)N(CC1CCC1)CC3,1.0,faaee38be1b25b0f532f18541586ef39
Oc1ccc2c3c1OC1C(O)C=CC4C(C2)NCCC341,1.0,dae94afbf563ab5d1c297804f58fce84
Oc1ccc2c3c1OC1C(O)CCC4(O)C(C2)N(CC2CCC2)CCC314,1.0,fafbf194a0e96265d2f80a05877e3dc9
S=C(NC1CCCCC1)N1CCC(c2c[nH]cn2)CC1,1.0,a2d21d6faa048ec0ec23703457c3f3c1
S=C(NC1CCCCC1)N1CCC(c2cnc[nH]2)CC1,1.0,a2d21d6faa048ec0ec23703457c3f3c1
S=C1NCCC(COc2ccccc2)O1,1.0,1ea775fd50d0c20c19ed1b6244184924
S=P(N1CC1)(N1CC1)N1CC1,1.0,b4abcf49c1d9aaeed5a383f8473f4d72
[C-]#[N+]C(=C\c1ccc(O)cc1)/C(=C/c1ccc(O)cc1)[N+]#[C-],0.0,ae89ceacf7536ff6e0d38a9231167186
[CH2-][CH-]C,1.0,5144181ac27497fdfa9bdb5b8b799630
[N-]=[N+]=NCC(=O)N[C@H](CO)[C@H](O)c1ccc([N+](=O)[O-])cc1,1.0,4a62bbb388ec475ad024f433d68d84bf
[N-]=[N+]=O,1.0,5144181ac27497fdfa9bdb5b8b799630
c1cc(CN2CCCCC2)cc(OCCCNc2nc3ccccc3o2)c1,1.0,6dddb4b8276636a7d19443b45772d10e
c1cc(CN2CCCCC2)cc(OCCCNc2nc3ccccc3s2)c1,1.0,6dddb4b8276636a7d19443b45772d10e
c1cc(CN2CCCCC2)cc(OCCCNc2nccs2)c1,1.0,b5aa7d69462c8bb8ebc0055bcebcc3bc
c1cc2c(c(N3CCNCC3)c1)OCCO2,1.0,65bb8d65675ecae488178ad821a0a951
c1ccc(-c2cc(CCC3CCNCC3)c3ccccc3n2)cc1,1.0,03028cf2d1e3a6ae0c07dac12d371502
c1ccc(-c2nc(N3CCNCC3)cc3ccccc23)cc1,1.0,e09f71ee86dc059e820dc84cc14edd29
c1ccc(C2(N3CCCCC3)CCCCC2)cc1,1.0,d1e1b25829b37119875670d1998cf8d8
c1ccc(C2(c3ccccc3)OC[C@H]([C@@H]3CCCCN3)O2)cc1,1.0,83f5d8f72d4be22413e61c8f72a85668
c1ccc(C2CCN(CC3CCCc4c3ccc3c4OCO3)C2)cc1,1.0,e44673ad62a38c350b835a9a3bc72643
c1ccc(C2CN=C3NCCN32)cc1,1.0,ee08fda314bbf9c51caa20c59b95a718
c1ccc(CC2NCCc3c2[nH]c2ccccc32)cc1,1.0,90290a00a1ae62ef04145547da27df81
c1ccc(Cn2cc(CCc3ccncc3)c3ccccc32)cc1,1.0,070f797c6f824e1b9548a98340c43f05
c1ccc(NCCCOc2cccc(CN3CCCCC3)c2)nc1,1.0,7e14d9c22955cbb0231bbd6cd4ebb2bc
c1ccc([C@@H]2CN3CCSC3=N2)cc1,1.0,4a1ec1f740251fa6ec2dffdd4d50a5f3
c1ccc2c(CCC3CCNCC3)c[nH]c2c1,1.0,d9f39c32b8037d36aa618d53fb2979e3
c1ccc2c(c1)CCN1CCNCC21,1.0,bad967617266056b29d6eb2db59470b7
c1ccc2c(c1)CCc1cccc3c1C2CN1CCCCC31,1.0,240c7ca9bb9fb6aeaa8eab62093d6293
c1ccc2c(c1)CCc1ccccc1N2C1CN2CCC1CC2,1.0,03b0cfc16457f3a31f166bb4438de198
c1ccc2c(c1)cc1n2CCCNC1,1.0,70bf3203e50f1621ff6ac0be820be7ae
c1ccc2cc(COC3CCNCC3)ccc2c1,1.0,9034362e39ade3b570e5b3562bb3bc36
c1ccc2oc(-c3ccncc3)cc2c1,1.0,7ca532f9578a10025e130e7bbb5d8683
c1ccccc1,1.0,da3c81488557dc57e6e1f0bd43d65336
c1cnc(N2CCN(Cc3ccc4c(c3)OCO4)CC2)nc1,1.0,d729f5c559a92cc9ecea0bf1e38dc796
c1cncc(CC2(Cc3ccncc3)c3cccnc3-c3ncccc32)c1,1.0,2375ec9d73cf3d40178b76c09ec6389b
c1csc(Cc2ccccc2OCC2CNCCO2)c1,1.0,b97d7d977ea671291c90dd9296c352b9
