canonical_smiles,target,graph_wl_hash
Brc1cc(Br)cc(COC[C@H](c2ccccc2)N2CCNCC2)c1,2.8,7ae41fc57637d175c91672a6319e0ef9
Brc1cnc(NCc2ccccc2)nc1Nc1cc(C2CC2)[nH]n1,4.11,6a9c94c79e972fd1c200706cfbe050de
C#CC(C)(C)NC(=O)c1sccc1Oc1ccc(F)cc1[N+](=O)[O-],3.0,ba7e38f1d5e8816b67fbf2ccba3ff495
C#CC(C)n1c(=O)c2c(-c3cncn3C)n(Cc3ccnc4ccc(Cl)cc34)nc2n(CC2CC2)c1=O,3.59,dca99b5783296b6a793bbd5756786cd1
C#CCN(C)C(C)Cc1ccccc1,2.16,ef4f3696240e171c8f2cabd6748cc7a3
C#CCN(c1cc(Nc2ccc(OCC(O)CN(C)C)cc2)ncn1)c1cc(Cl)ccc1Cl,2.8,9dcda8bbddc5bcdb0690a30facad2fd4
C#CCN(c1ccnc(Nc2ccc(OCC(O)CN(C)C)cc2)n1)c1cc(Cl)ccc1Cl,3.2,9dcda8bbddc5bcdb0690a30facad2fd4
C#CC[C@@H](C(=O)N[C@H](/C=C/C(=O)OCC)C[C@@H]1CCNC1=O)n1cccc(NC(=O)c2cc(C)on2)c1=O,1.75,7a9f45dc4a45880efa62b8615813c4f5
C#CCn1c(=O)c2c(-c3cc(C#N)cn3C)n(Cc3ccnc4ccc(Cl)cc34)nc2n(CC2CC2)c1=O,3.96,498744ce5a3e4b2f94eb706041002266
C#CCn1c(=O)c2c(-c3cncn3C)n(Cc3ccnc4ccc(Cl)cc34)nc2n(CC2CC2)c1=O,3.16,ca11cdcce7c4d085595725dde82ddf91
C#CCn1c(=O)c2c(-c3nc(C#N)cn3C)n(Cc3ccnc4ccc(Cl)cc34)nc2n(CC2CC2)c1=O,3.4,498744ce5a3e4b2f94eb706041002266
C#Cc1cccc(Nc2nc3cc(C(=O)O)ccc3c3cncnc23)c1,0.92,8a09af8404a854110f5b4661213445c9
C#Cc1cccc(Nc2ncnc3cc(OCCOC)c(OCCOC)cc23)c1,3.35,eb349f2433b684d61b90c5795321d798
C(#Cc1n[nH]c2ccccc12)c1ccccc1,4.31,d9f39c32b8037d36aa618d53fb2979e3
C(=C/c1c(-c2ccccc2)nc2sccn12)\c1ccncn1,3.4,a6bac890a0fe5789aaf96b35dee47a89
C(=C/c1nn[nH]n1)\c1ccccc1,-0.4,8b92059925d7122d2b73984f0e264fea
C/N=C(\S)n1nc(-c2ccc(Cl)cc2)nc1N,4.12,7c7c1e4c5f359533149cf0212ebd2538
C1=C(c2cc3ccccc3o2)C2CCN1CC2,2.59,b9b1047778ba7457047b307d843bf136
C1=CCC(c2cc3ccccc3o2)CNC1,1.94,6299e12908eaa8e98a292d06382eb584
C1=CCC(c2ccc3ccccc3c2)CNC1,1.64,103600bd6144cd0c4721ebce138e538b
C1CCC(C(CC2CCCCN2)C2CCCCC2)CC1,3.02,641fc395b3ea8d4de85378980695a636
C1CCC(NC2CCCCC2)CC1,-0.38,c2a56cbcbb74933b5b9a0a2393732654
C1CCc2c(c3c(N4CCCC4)nc(N4CCCC4)nc3n2CCN2CCOCC2)C1,3.6,e77dc04b1dbefa417319b75749b7041d
C=C(C)[C@H]1Cc2c(ccc3c2O[C@@H]2COc4cc(OC)c(OC)cc4[C@@H]2C3=O)O1,3.57,d4b62d77e8f708fb4f87b066c19771c9
C=C(CC)C(=O)c1ccc(OCC(=O)O)c(Cl)c1Cl,0.02,e3c7897feb9eaf8cbf8fa345c7656437
C=C1C[C@@H]2[C@H](CC[C@]3(C)C(=O)CC[C@@H]23)[C@@]2(C)C=CC(=O)C=C12,2.98,ea42dd93df24422688e9db69502eb092
C=CC(=O)Nc1ccc(C)cc1,2.25,d655787a43d89a9de736be933c3c39b0
C=CC(=O)Nc1ccc(OC)cc1,1.68,aecf7784cdc098d354423ca865fca618
C=CC(=O)Nc1ccc2ncnc(Nc3cccc(C)c3)c2c1,3.7,dff259346b96e06c9433693e01691a63
C=CC(=O)Nc1cccc(CN2C(=O)N(c3c(Cl)c(OC)cc(OC)c3Cl)Cc3cnc(NCCCCN(CC)CC)nc32)c1,2.04,39752facb5d936c563f1a0d9c21cb0c1
C=CC(=O)Nc1cccc(Oc2nc(Nc3ccc(N4CCN(C)CC4)cc3OC)ncc2Cl)c1,3.9,297440af8bb075afd0be1ee1867e5d5f
C=CC12CCN(CC1)C(C(O)c1ccnc3ccc(OC)cc13)C2,2.08,7c089aac4a2a6b974083cfbf5e7a4885
C=CC1CN2CCC1CC2[C@@H](O)c1ccnc2ccc(OC)cc12,2.16,0ac82e90934750946a6bed9fe40e3c3d
C=CCC1(CC(C)C)C(=O)NC(=O)NC1=O,1.48,05d31c8f68f08c88576aa3dfcbebb72b
C=CCCCCCCCCC(=O)N[C@H]1CCC(=O)NC1=O,2.64,da5375e41ab3ff8ac7723da251e6eaa6
C=CCN(C(=O)Cc1ccc(S(C)(=O)=O)cc1)C1CCN(CCC(c2ccccc2)c2ccccc2)CC1,3.1,017ac2ab28ed1c0c748b037c8644f828
C=CCN(C(=O)NCc1ccc(OC)cc1)C1CCN(CCC(c2ccccc2)c2ccccc2)CC1,3.6,448f7b6595836348b398779e66a02eea
C=CCN(C(=O)Nc1ccccc1)C1CCN(CCC(c2ccccc2)c2ccccc2)CC1,3.6,421267a4741429c7fe30f0b035fa2b55
C=CCNC(=O)c1cc([N+](=O)[O-])cc2c(=O)[nH]c(Nc3ccc(Cl)c(Cl)c3)nc12,2.7,4f5d10c7faf2367ba78eaca57c842df5
C=CCNS(=O)(=O)c1ccc(NC(=O)[C@@](C)(O)C(F)(F)F)c(Cl)c1,3.07,462f11b33ccf9e4ace728082f11fcb54
C=CCOc1cc(-c2cccc3c(=O)cc(N4CCOCC4)oc23)ccc1NC(=O)CN1CCOCC1,3.0,72b409b9a8d060fe35a8a57be12a3747
C=CCOc1ccccc1OCC(O)CNC(C)C,0.2,ea19faeed857cfe646e757b1f9c387e4
C=CCc1cc(NC(C)=O)ccc1OCCCNC(C)C,-0.01,c4ede873d297900565528b227160cbec
C=CCc1ccccc1OCC(O)CNC(C)C,0.99,1a566d431a50f142549bde256d3b370b
C=CCn1c(=O)c2c(-c3cc(C#N)cn3C)n(Cc3ccnc4ccc(Cl)cc34)nc2n(CC2CC2)c1=O,4.27,498744ce5a3e4b2f94eb706041002266
C=CCn1c(=O)c2c(-c3cncn3C)n(Cc3ccnc4ccc(Cl)cc34)nc2n(CC2CC2)c1=O,3.62,ca11cdcce7c4d085595725dde82ddf91
C=CCn1c(=O)c2c(-c3nc(C#N)cn3C)n(Cc3ccnc4ccc(Cl)cc34)nc2n(CC2CC2)c1=O,3.92,498744ce5a3e4b2f94eb706041002266
C=C[C@H]1CN2CC[C@@H]1C[C@H]2[C@H](O)c1ccnc2ccc(OC)cc12,2.26,0ac82e90934750946a6bed9fe40e3c3d
C=C[C@H]1CN2CC[C@H]1C[C@@H]2[C@@H](O)c1ccnc2ccc(OC)cc12,2.21,0ac82e90934750946a6bed9fe40e3c3d
CC#CCn1c(=O)c2c(-c3cncn3C)n(Cc3ccnc4ccc(Cl)cc34)nc2n(CC2CC2)c1=O,3.61,5be09cae5813d2e17ca2be2ed5041a4d
CC#Cc1ccnc(-c2cc(C3(C4CC4)N=C(C)C(N)=N3)ccc2O)c1,3.6,0351ee07bd6819a3af776a7611239063
CC#Cc1ccnc(-c2cccc([C@@]3(c4cc(C)c(=O)n(CC)c4)N=C(N)c4c(F)cccc43)c2)c1,4.4,5cc32a96791ea0e53826cabf981263ae
CC#Cc1cncc(-c2cccc(C3(C4CC4)N=C(C)C(N)=N3)c2)c1,3.3,f9155de8212388387e3daa5e4c40a6d9
CC(=N)NCc1ccccc1,-0.28,cdcb5f8873622178c03a976e0101418b
CC(=O)CC(c1ccccc1)c1c(O)c2ccccc2oc1=O,0.86,6e0feefbe2465432945e7c9f4db95e7d
CC(=O)CCCCn1c(=O)c2c(ncn2C)n(C)c1=O,0.22,40f7cce29b66bceea7b71ca4517fd1b9
CC(=O)N(C)c1ccc(Nc2ncc3cc(-c4ccncc4)ccc3n2)cc1,2.88,b06fd48cf7c103bdd911a1b513b35c40
CC(=O)N(C)c1ccc2ccn(-c3cc(NC4CC4)n4ncc(C#N)c4n3)c2c1,2.9,9df97295102c7729c4bff75b5f9bb530
CC(=O)N(C)c1ccccc1,1.1,6ebcabe169082f26957143322ae6d699
CC(=O)N(c1ccccc1)C1CC(C)N(S(=O)(=O)c2ccccc2)c2ccccc21,3.68,ac64f0407785d7f9fb48ecfe968a71a0
CC(=O)N1CCN(CC(O)COc2ccc(Br)cc2)CC1,1.6,d119b6df567a6c24abfbf6c45ecb4992
CC(=O)N1CCN(CCOc2cc(OC(C)C)c3c(Nc4c(F)ccc5c4OCO5)ncnc3c2)CC1,3.06,6ab1ebcd205a210e59b68ba521689e66
CC(=O)N1CCN(CCOc2ccc(C3(O)CCN(c4ccc5nnc(C(F)(F)F)n5n4)CC3)cc2)CC1,2.2,c9d7d7c742f04e4b78c31877116a4bf3
CC(=O)N1CCN(CCOc2ccc(C3CCN(c4ccc5nnc(C(F)(F)F)n5n4)CC3)cc2)CC1,3.2,5dbce2c0f897496d555d73a68895abae
CC(=O)N1CCN(c2ccc(NC(=O)c3nnc(Nc4ccccc4F)o3)cc2)CC1,2.51,501ce5abd5baa088dfbef811e56e2985
CC(=O)N1CCN(c2ccc(Nc3nccc(-c4cnc(C)n4C(C)C)n3)cc2)CC1,2.39,06e87a78180a936d5eed9a254bc77a2f
CC(=O)N1CCN(c2ccc(Nc3nccc(-c4cnc5ccccn45)n3)cc2)CC1,2.82,ff93bbba37693800c11a23a15349ce95
CC(=O)N1CCN(c2ccc(OCC3COC(Cn4ccnc4)(c4ccc(Cl)cc4Cl)O3)cc2)CC1,3.7,dc0b9122eaa10c9db1c7da8b3c857aca
CC(=O)N1CCN(c2nc(C#N)nc(NCC(C)C)c2N)CC1,2.4,a88fd84412a4c7dbe536ed79e45788f5
CC(=O)N1CCOc2cc(COc3ccccc3)cnc21,2.8,01ca59933241cf86e8ffbc5e181796bd
CC(=O)N1CCOc2nc(OCc3ccccc3)ccc21,2.4,01ca59933241cf86e8ffbc5e181796bd
CC(=O)NC(C)c1ccc(Nc2ncc3cc(-c4ccncc4)ccc3n2)cc1,3.1,d46d18188038e5159541a11033daaf6e
CC(=O)NC1CC(C)N(C(=O)c2ccccc2)c2ccccc21,2.0,50fd356dd617db376aa87c3e5ed93b29
CC(=O)NC1CC2CCCC(C1)N2C(=O)Nc1ccc(Cl)c(C(F)(F)F)c1,2.79,20f5dcf36cbeaa8439b438c46f51de87
CC(=O)NC1CN(c2ccc(Nc3ncc(F)c(-c4cnc(C)n4C(C)C)n3)cc2)C1,2.76,ba7f8179c34513d8de60274ef39abce4
CC(=O)NCC(NC(=O)C1(N)CCN(c2ncnc3[nH]ccc23)CC1)c1ccc(Cl)cc1,2.4,5f3a23c20228a9d267069fdbd07b3e36
CC(=O)NC[C@H]1CN(c2ccc(-n3cc(C#N)nn3)c(F)c2)C(=O)O1,0.8,c1b6e61b8bb58942668bb34ba4cc0ef2
CC(=O)NC[C@H]1CN(c2ccc(-n3ccc(C#N)c3)c(F)c2)C(=O)O1,1.6,c1b6e61b8bb58942668bb34ba4cc0ef2
CC(=O)NC[C@H]1CN(c2ccc(-n3ccnc3)c(F)c2)C(=O)O1,0.7,dcb8a29b1228d4df456c67a1a4a92c7a
CC(=O)NC[C@H]1CN(c2ccc(-n3cnc(C#N)c3)c(F)c2)C(=O)O1,1.51,c1b6e61b8bb58942668bb34ba4cc0ef2
CC(=O)NC[C@H]1CN(c2ccc(N3CCN(c4ccc(C#N)cn4)CC3)c(F)c2)C(=O)O1,1.98,9e266f7d22ffb0f5c02146afa35d28ac
CC(=O)NC[C@H]1CN(c2ccc(N3CCN(c4cnccn4)CC3)c(F)c2)C(=O)O1,1.49,d7005ee7ca117cc7f722b8dbe0878d26
CC(=O)NC[C@H]1CN(c2ccc(N3CCOCC3)c(F)c2)C(=O)O1,0.67,0232e003e263d9dbba3906e2d55baa41
CC(=O)NC[C@H]1CN(c2ccc(N3Cc4cccnc4C3)c(F)c2)C(=O)O1,2.88,c6c617344ca1b6ce8edeb48188ba491a
CC(=O)NC[C@H]1CN(c2ccc(N3Cc4ccncc4C3)c(F)c2)C(=O)O1,3.02,c6c617344ca1b6ce8edeb48188ba491a
CC(=O)NCc1ccc(CN2CCN(c3ccc(F)cc3F)CC2)cc1,2.5,19d46060e7a31c6316d1e80c39c19109
CC(=O)NCc1ccc(CN2CCN(c3ccccc3)CC2)cc1,1.78,c9bcad9d39242583cc196f05806e2dd5
CC(=O)N[C@@H](C)c1ccc(Nc2ncc3cc(-c4ccncc4)ccc3n2)cc1,3.17,d46d18188038e5159541a11033daaf6e
CC(=O)N[C@@H]1CC2(CCN(Cc3ccc4[nH]c5ccccc5c4c3)CC2)c2ccccc21,2.96,6f9b764c81ec0187ff44492d57f23cb0
CC(=O)N[C@@H]1CCN(c2ccc(Nc3ncc(F)c(-c4cnc(C)n4C(C)C)n3)cc2)C1,3.3,788a4cae5fd748c0fd69752ce73b4c0a
CC(=O)N[C@H](C)c1ccc(Nc2ncc3cc(-c4ccncc4)c(C)cc3n2)cc1,3.45,e502abcb0734c2239fc50e4bc6c811ef
CC(=O)N[C@H](C)c1ccc(Nc2ncc3cc(-c4ccncc4)cc(C)c3n2)cc1,3.46,8916b1c3f1bff626694d2188b34ae803
CC(=O)N[C@H](C)c1ccc(Nc2ncc3cc(-c4ccncc4)ccc3n2)cc1,3.18,d46d18188038e5159541a11033daaf6e
CC(=O)Nc1cc(CN2C(=O)N(c3ccc(SC(F)(F)F)cc3)C(=O)C2(C)C)ccn1,2.93,7e8eaccfb3a26856d8805c98c4f30998
CC(=O)Nc1cc2c(ccn2-c2cc(NC3CC3)n3ncc(C#N)c3n2)cc1C,2.66,d4b5e8bb79a32304281c0e3ed087f38c
CC(=O)Nc1ccc(-c2ccccc2)n(CC(=O)NC(C(=O)C(F)(F)F)C(C)C)c1=O,1.78,395fc548a594888ef4980060a78da2d8
CC(=O)Nc1ccc(-c2ccnc(Nc3ccc(N4CCOCC4)cc3)n2)cc1,2.91,6c29ed534035324f67dc2a41f017f84f
CC(=O)Nc1ccc(C(=O)Nc2ccccc2N)cc1,0.82,ff386a74f4d4f43d9e99992f14a48d99
CC(=O)Nc1ccc(CC(=O)N(C)C2CCN(CCC(c3ccccc3)c3ccccc3)CC2)cc1,2.9,82d431db0015ab6b8ccf1c6620c43101
CC(=O)Nc1ccc(CC(=O)N(C)C2CCN(Cc3ccc(C(F)(F)F)cc3)CC2)cc1,2.9,03822c51dc45bf08ae332ec380da7be9
CC(=O)Nc1ccc(CNc2[nH]nc3cccc(Oc4ccc(F)cc4)c23)cc1,4.28,5c908be58acfa90b54d4875807a41620
CC(=O)Nc1ccc(CNc2[nH]nc3cccc(Oc4ccc(S(C)(=O)=O)cc4)c23)cc1,2.63,4c6fe0c9233de77dc055396303239d4f
CC(=O)Nc1ccc(CNc2[nH]nc3ccnc(Oc4ccccc4)c23)cc1,3.03,8f361a8c31e126d25c5afcf1edaf5e7e
CC(=O)Nc1ccc(Nc2ncc3cc(-c4ccncc4)ccc3n2)cc1,3.04,3a143d5401d56d133dc0d01b09a76b53
CC(=O)Nc1ccc(O)cc1,0.25,ee14ca4c1b34fb4b9888b9ff32a5e5e5
CC(=O)Nc1ccc(O)cc1OC[C@@H](O)CN1CCC2(CC1)Cc1cc(Cl)ccc1O2,2.76,b462f675b86d4f3b4a6a91153238e838
CC(=O)Nc1ccc(O)cc1OC[C@@H](O)CN1CCC2(CC1)Cc1cc(F)ccc1O2,2.1,b462f675b86d4f3b4a6a91153238e838
CC(=O)Nc1ccc(S(=O)(=O)Nc2ccc(Cc3ccncc3)cc2)cc1,2.8,042109825fcf27c959e9df8a8de14b8f
CC(=O)Nc1ccc(S(=O)(=O)Nc2ccccn2)cc1,0.24,225d7b9778057862398c9e036c69e76d
CC(=O)Nc1ccc2[nH]cc(-c3cc(NC4CC4)n4ncc(C#N)c4n3)c2c1,2.65,2df65dd94edc297589112b0f9e3adac7
CC(=O)Nc1ccc2c(c1)N(c1cc(NC3CC3)n3ncc(C#N)c3n1)CC2,3.3,2df65dd94edc297589112b0f9e3adac7
CC(=O)Nc1ccc2c(c1)c(-c1cc(NC3CC3)n3ncc(C#N)c3n1)cn2C,2.94,ced9dcbf454899b9d698897e2e87678c
CC(=O)Nc1ccc2c(c1)c(-c1cc(NC3CC3)n3ncc(C#N)c3n1)cn2CCC(=O)O,-0.87,ef89fd2869c2436db60faab888508b9c
CC(=O)Nc1ccc2c(c1)c(-c1cc(NC3CC3)n3ncc(C#N)c3n1)cn2CCCO,2.48,cf7223f450e9d79dec84724afd108bf0
CC(=O)Nc1ccc2c(c1)c(-c1cc(NC3CC3)n3ncc(C#N)c3n1)cn2CCO,2.71,0a7a0a91baf55e295382898fe6b1f38a
CC(=O)Nc1ccc2c(c1)c(Sc1ccc(Cl)cc1)c(C)n2CC(=O)O,0.2,913666a0180e110c94daf370e29ac580
CC(=O)Nc1ccc2ccn(-c3cc(NC4CC4)n4ncc(C#N)c4n3)c2c1,3.29,2df65dd94edc297589112b0f9e3adac7
CC(=O)Nc1ccc2ccn(-c3cc(NC4COC4)n4ncc(C#N)c4n3)c2c1,2.24,b1d8452302ad26e4d1a1d23bf9ba322f
CC(=O)Nc1ccc2ccn(-c3cc(NCCCCO)n4ncc(C#N)c4n3)c2c1,2.58,ce16e8e2e772fc41dd1165ea4e2bf916
CC(=O)Nc1ccc2ccn(-c3cc(NCCCN(C)C)n4ncc(C#N)c4n3)c2c1,1.62,d238fcd4b5d8ab46fb997fa0aed57110
CC(=O)Nc1ccc2ccn(-c3cc(NCCCN4CCCC4)n4ncc(C#N)c4n3)c2c1,1.87,eb6ab13e074300f4f844a1deb3d6ceea
CC(=O)Nc1ccc2ccn(-c3cc(NCCN4CCCC4)n4ncc(C#N)c4n3)c2c1,2.24,1748b593eaa3f722e390350b583607dd
CC(=O)Nc1ccc2ccn(-c3cc(Nc4ccn(C)n4)n4ncc(C#N)c4n3)c2c1,3.57,eb5542b28a549fddd2b73284960b666c
CC(=O)Nc1ccc2cnn(-c3cc(NC4CC4)n4ncc(C#N)c4n3)c2c1,3.44,2df65dd94edc297589112b0f9e3adac7
CC(=O)Nc1ccc2nc(-c3cccc(F)c3)cc(O)c2c1,2.41,e8098087a7b3d5c88112523401dfa599
CC(=O)Nc1cccc(Nc2nc(NC3CC3)n3ncc(C#N)c3n2)c1,2.1,e7bea2f19108b7cb9fada63b22645ebf
CC(=O)Nc1cccc(Nc2ncnc(N3CCC(OCc4ccc(OC(F)(F)F)cc4)CC3)n2)c1C,4.4,47ada3085eedfb7e579c45512fdae9e2
CC(=O)Nc1cccc(OCc2cnc(Cl)s2)c1,2.38,eb088f38c3d27c1c4cf67c808774265e
CC(=O)Nc1cccc(S(=O)(=O)Nc2ccc(-c3ccccc3)n(CC(=O)NC(C(=O)C(F)(F)F)C(C)C)c2=O)c1,2.43,612d0aa51d95ee79472c1fce02c8ec37
CC(=O)Nc1cccc2c1c(Oc1ccc(Cl)cc1)c(C)n2CC(=O)O,-1.41,6866c605c0f520bb1e9adca6c5f7807b
CC(=O)Nc1cccc2c1c(S(=O)(=O)c1ccc(Cl)cc1)c(C)n2CC(=O)O,0.4,8a0598e36084aa90471d14d5bae1340a
CC(=O)Nc1ccccc1C,1.0,3283cb096d5037ce785a449812524958
CC(=O)Nc1ccccn1,0.5,023f61083f4328fb83a5e18432765d00
CC(=O)Nc1cnc2ccn(-c3cc(NC4CC4)n4ncc(C#N)c4n3)c2c1,2.69,2df65dd94edc297589112b0f9e3adac7
CC(=O)Nc1nc(-c2ccccc2)ns1,2.8,34c8b04e7104a6961fc967e7c790dded
CC(=O)Nc1nc(-c2cccs2)cs1,2.77,5cf746686c62c63c7f90bfadff11070f
CC(=O)Nc1nc(C)c(-c2cnc(F)c(NS(=O)(=O)c3sc(C)nc3C)c2)s1,0.55,aef7c659659d2c7bdcf7409d30ff2504
CC(=O)Nc1nc(CCc2ccc(NC(=N)N)cc2)cs1,-0.82,7639ac4d3c5683a55ae3ca500dbb43b7
CC(=O)Nc1nc(N)n(-c2ccccc2)n1,-0.2,727e3511fbd25e102f1df599a6d69e34
CC(=O)Nc1nnc(S(N)(=O)=O)s1,-0.78,639922eae56384761d1375752d9280dc
CC(=O)OCCn1c(Sc2nc3cccc(Cl)c3s2)nc2c(N)ncnc21,3.16,1b0d5ebde635417bb5266a740da4729f
CC(=O)O[C@@]12CO[C@@H]1C[C@H](O)[C@@]1(C)C(=O)[C@H](O)C3=C(C)[C@@H](OC(=O)[C@H](O)[C@@H](NC(=O)OC(C)(C)C)c4ccccc4)C[C@@](O)([C@@H](OC(=O)c4ccccc4)[C@H]21)C3(C)C,3.4,85c08191885ebaf0d7ca7acdf0fd7662
CC(=O)O[C@H]1CC[C@]2(C=O)[C@H]3CC[C@]4(C)[C@@H](C5=CC(=O)OC5)CC[C@]4(O)[C@@H]3CC[C@]2(O)C1,0.64,33960304155ac5414304d7f761abc338
CC(=O)[C@@]1(O)CC[C@H]2[C@@H]3C[C@H](C)C4=CC(=O)C=C[C@]4(C)[C@@]3(F)[C@@H](O)C[C@@]21C,2.65,e0e3e77e5c5dde2ecacb5f8eed49f36d
CC(=O)[C@H]1CC[C@H]2[C@@H]3CCC4=CC(=O)CC[C@]4(C)[C@H]3CC[C@]12C,3.94,87f9de10467a7dd98b50626a5d7c2744
CC(=O)[C@H]1CC[C@H]2[C@@H]3C[C@H](C)C4=CC(=O)CC[C@]4(C)[C@H]3[C@@H](O)C[C@]12C,3.25,71b99f0649498d7ad75af635a33d0561
CC(=O)c1c(C)c2cnc(Nc3ccc(N4CCNCC4)cn3)nc2n(C2CCCC2)c1=O,0.8,9940bcb5205413656c178b135781299c
CC(=O)c1cc2ccc(O)cc2oc1=O,0.87,1c5cc0e3f230db4f8e0a6c212b1ff1f6
CC(=O)c1ccc(N2CCN(S(=O)(=O)C[C@]34CC[C@H](CC3=O)C4(C)C)CC2)nc1,2.21,300bca86f65b245097ac3fc64bbe9e6a
CC(=O)c1ccc(S(=O)(=O)NC(=O)NC2CCCCC2)cc1,-0.49,36ca6ba2d473225264a0e59b55f62757
CC(=O)c1ccc2[nH]c(-c3cccnc3)cc(=O)c2c1,1.41,ac87196a0b26db3c7fe508a895168856
CC(=O)c1ccc2c(c1)N(CCN1CCC(NCc3ccc4c(n3)NC(=O)CO4)CC1)C(=O)CO2,0.37,de33f67199c63b3c613b0b74f2730478
CC(=O)c1cn(Cc2ccccc2)c(=O)n(Cc2ccc(F)cc2)c1=O,3.2,49e716231aef3e2801bb374109c72424
CC(=O)c1ncccc1NC(=O)[C@H]1CC[C@H](N2C(=O)[C@@H]3[C@@H]4CC[C@@H](C4)[C@@H]3C2=O)CC1,3.01,ae526c7f07cf2cdcc48ee83cc984e088
CC(=O)c1noc(C)c1C(=O)Nc1nccs1,1.94,0d14516b129c33ea844f97800f64977a
CC(C#Cc1ccccc1)n1[nH]c(=O)c2[nH]c3cc(Cl)ccc3c(=O)c2c1=O,1.4,d6c723aabecd8688d86f1b870458ffe4
CC(C(=O)N1CCc2ccccc2C1)N1C(=O)c2ccccc2C1=O,2.47,da8ed6f652dcf7456b2f88c4dad7e16d
CC(C(=O)Nc1ccc(Cl)cc1)c1ncc(C(F)(F)F)cc1Cl,4.19,0234b893e1dc7f80851353fe07b75cee
CC(C(=O)O)c1ccc(-c2ccccc2)c(F)c1,0.85,a9c0352b5ef477617732d59e132d60c6
CC(C(=O)O)c1ccc2oc(-c3ccc(Cl)cc3)nc2c1,1.3,85055cadd282daac78176a81c801b1b6
CC(C(=O)O)c1cccc(C(=O)c2ccccc2)c1,-0.12,bd00a629e44a0af763cb12b6bc83ba34
CC(C(=O)O)c1cccc(Oc2ccccc2)c1,0.71,ff67530f0d2b04761bdcdd7e9b8e1407
CC(C)(C#N)c1cnc(N2CCN(C(=O)[C@@H]3CCCC[C@H]3C(=O)NC3(C#N)CC3)CC2)s1,1.9,4b8ef292de7671b2e466cd86fc4a3c7a
CC(C)(C(=O)Nc1nnc(C(=O)Nc2ccc(N3CCOCC3)cc2)o1)c1ccc(Cl)cc1,2.96,2dbe6f993da4d739d4d64a33f2231e56
CC(C)(C(=O)O)c1ccc(C(O)CCCN2CCC(C(O)(c3ccccc3)c3ccccc3)CC2)cc1,0.42,77263e713133e007b242c693cfcf0866
CC(C)(C(=O)c1cccnc1)c1cccnc1,1.45,56e36307c78a0c2e98a42eabe1a8dc03
CC(C)(C(N)=O)C(=O)NCCCNc1nc(Nc2cccc(NC(=O)N3CCCC3)c2)ncc1Br,2.32,40fd226ceee9feb96e9d78dc4c511eb0
CC(C)(C)C(=O)NCc1ccc(NC(=O)N2CCCC(O)(c3ccc(Cl)c(Cl)c3)C2)cc1,3.93,3a8d5c0e35c04c95b23a7954ecf47b36
CC(C)(C)C(=O)N[C@H]1CCCCNC1=O,0.58,461c81b6371fed97766169db9aa7ee55
CC(C)(C)C(=O)Nc1ccc2c(c1)C(=O)C(=O)c1ccccc1-2,2.83,8e74b6c387173ab0ddfee398e1cac860
CC(C)(C)C(O)/C(=C\c1ccc(Cl)cc1Cl)n1cncn1,3.8,5cd028d4f67799d25db8d9935f0be489
CC(C)(C)CNc1nc(C#N)nc(N2CCOCC2)c1N,3.08,1d0145df9d15d161207224cf5651e9fc
CC(C)(C)Cn1c(CN2C(=O)CC3(CCNCC3)C2=O)cc2cnc(C#N)nc21,0.75,4c702c8f7dbd7844e4358099c6ebaafc
CC(C)(C)NC(=O)C(c1ccncc1)N(Cc1ccco1)C(=O)c1ccc(-c2ccccc2)[nH]1,4.13,73b771ddac31656bc09ec12d440d2db7
CC(C)(C)NC(=O)Nc1ccc(-c2c(N)nc(N)nc2COCc2ccccc2)cc1,3.09,67aecd157674c86df07eebfc81a8e5e0
CC(C)(C)NC(=O)Nc1cccc(Cn2[nH]c(=O)c3[nH]c4cc(Cl)ccc4c(=O)c3c2=O)c1,1.77,7edbc63fe4635dd80dad4e174f7df95b
CC(C)(C)NC(=O)[C@@H]1CN(Cc2cccnc2)CCN1C[C@@H](O)C[C@@H](Cc1ccccc1)C(=O)N[C@H]1c2ccccc2C[C@H]1O,2.9,1f4c781253d7fc43c95a16187af85e39
CC(C)(C)NCC(O)COc1nsnc1N1CCOCC1,-0.35,1a4309a87d822e7be78555c9bfce7a37
CC(C)(C)NC[C@H](O)COc1nsnc1N1CCOCC1,-0.22,1a4309a87d822e7be78555c9bfce7a37
CC(C)(C)NS(=O)(=O)c1cncc(-c2ccc3nc(N)nn3c2)c1,1.41,ce54e1e4006db4130cd343c730493319
CC(C)(C)NS(=O)(=O)c1cncc(-c2ccc3nc(NC(=O)NCC(=O)N4CCCC4)nn3c2)c1,1.37,9522d56abbf2f977acb106dcf8a0a059
CC(C)(C)NS(=O)(=O)c1cncc(-c2ccc3nc(NC(=O)NCC(=O)N4CCOCC4)nn3c2)c1,0.96,f1b612a3b609c1d0ee1cc6afdb93a547
CC(C)(C)OC(=O)N1CCC(OCc2nc(-c3ccncc3)no2)CC1,3.0,215c7af84808a7ffe334cf7f5aa2f40b
CC(C)(C)OC(=O)N1CCC(c2ncc(OCc3ccc(S(C)(=O)=O)cc3)cn2)CC1,2.8,e6a30c1675eaaf21c4cd1ae9c2d592e3
CC(C)(C)OC(=O)N1CCN(c2ccc(OCc3ccc(S(C)(=O)=O)cc3)cc2)CC1,3.9,e6a30c1675eaaf21c4cd1ae9c2d592e3
CC(C)(C)OC(=O)N1CCN(c2ccc(OCc3ccc(S(C)(=O)=O)cc3)cn2)CC1,3.2,e6a30c1675eaaf21c4cd1ae9c2d592e3
CC(C)(C)OC(=O)N1CCN(c2ccc(OCc3ccc(S(C)(=O)=O)cc3)nc2)CC1,3.1,e6a30c1675eaaf21c4cd1ae9c2d592e3
CC(C)(C)OC(=O)N1CCN(c2ccc(OCc3ccc(S(C)(=O)=O)cc3)nn2)CC1,2.8,e6a30c1675eaaf21c4cd1ae9c2d592e3
CC(C)(C)OC(=O)N1CCN(c2cnc(OCc3ccc(S(C)(=O)=O)cc3)cn2)CC1,3.4,e6a30c1675eaaf21c4cd1ae9c2d592e3
CC(C)(C)OC(=O)N1CCN(c2ncc(OCc3c(F)cncc3F)cn2)CC1,3.7,ab6fb732d8a36bb48af98b5b886e6912
CC(C)(C)OC(=O)N1CCN(c2ncc(OCc3ccc(S(C)(=O)=O)cc3)cn2)CC1,3.27,e6a30c1675eaaf21c4cd1ae9c2d592e3
CC(C)(C)OC(=O)N1CCN(c2ncc(OCc3ccc(S(C)(=O)=O)cc3)nn2)CC1,2.93,e6a30c1675eaaf21c4cd1ae9c2d592e3
CC(C)(C)OC(=O)N1CCN(c2ncc(OCc3ccncc3)cn2)CC1,3.4,c4809076659ae937ff6fc11dab05f98a
CC(C)(C)OC(=O)N1CCN(c2ncc(OCc3ccncc3C#N)cn2)CC1,2.81,e64b036f5617b151481736566f6a1122
CC(C)(C)OC(=O)N1CCN(c2ncc(OCc3ccncc3F)cn2)CC1,3.6,fecc154f3e4288107e15609fdfe5a054
CC(C)(C)OC(=O)N1CCN(c2ncc(OCc3ccncc3S(C)(=O)=O)cn2)CC1,2.4,13bcedcd7356eb4f9289a1e5e23f5990
CC(C)(C)OC(=O)N1C[C@@H]2CC[C@H]1CN2c1ncc(OCc2ccc(S(C)(=O)=O)cc2)cn1,3.4,e755133356e17b28fe0b585f8b765c89
CC(C)(C)OC(=O)NCCCSC[C@H]1O[C@@H](n2cnc3c(N)ncnc32)[C@H](O)[C@@H]1O,1.2,dd5e494af9cc3b88cae122a8f066ef23
CC(C)(C)OC(=O)N[C@@H](Cc1ccccc1)C(=O)O,-1.1,6d6f452a5fb8bae4bf99c73d7dbe4ea0
CC(C)(C)OC(=O)c1ncn2c1[C@@H]1CCCN1C(=O)c1c(Br)cccc1-2,2.48,472cbfc0472129790a0039af06e2e86f
CC(C)(C)c1cc(O)n2nc(N)nc2n1,-0.2,39098357e9cdea43ae2a7ae447c88037
CC(C)(C)c1cc2nc3c(c(O)n2n1)CN(Cc1ccccc1)C3=O,1.9,8fa5018a86595c0ff27f96f9c828ea0b
CC(C)(C)c1ccc(-c2n[nH]c(NC(=O)c3ccccc3Cl)c2Br)cc1,4.3,117a047eb1b7721a82aba6e258f7f8dc
CC(C)(C)c1ccc(C(O)CCCN2CCC(C(O)(c3ccccc3)c3ccccc3)CC2)cc1,3.99,75eccb0cc8b0329f194aedea11dcff3b
CC(C)(C)c1ccc(C2=NC(=O)C(CC(=O)O)S2)cc1,-0.1,4ae7c4ab306f4c5216e97baa7cf18047
CC(C)(CCCCCOCCc1ccccc1)NCCc1ccc(O)c2nc(O)sc12,2.92,1fc32e081eb2688fa0207586b84dec93
CC(C)(CO)Nc1nc(SCc2cccc(F)c2F)nc2nc(N)sc12,3.37,25f11b4b835269879cf37fb2206cf757
CC(C)(CS(=O)(=O)N1CCN(c2ccc(F)cc2)CC1)N(O)C=O,1.07,934509e646eade4f182565148576e76e
CC(C)(Cc1cccc(CC(=O)NCc2cccc(-c3ccc(O)cc3)c2)c1)NC[C@H](O)c1ccc(O)c(NS(C)(=O)=O)c1,1.91,c60b82fbcc5f1945d0bdb2da5cb154f6
CC(C)(F)C[C@H](N[C@@H](c1ccc(-c2ccc(S(C)(=O)=O)cc2)cc1)C(F)(F)F)C(=O)NC1(C#N)CC1,2.9,28767d13199d4896410161099f5cd256
CC(C)(N)C(=O)N[C@H](COCc1ccccc1)C(=O)N1CCC2(CC1)CN(S(C)(=O)=O)c1ccccc12,1.4,4dd87b5da58e085da1b79afca95e6dfd
CC(C)(N)C(=O)N[C@H](Cc1c[nH]c2ccccc12)C(=O)N[C@H](Cc1c[nH]c2ccccc12)NC=O,1.0,35d02989c01a1ad80b25ae4cead4d5fc
CC(C)(O)c1ccc(Nc2nc3ccc(C#N)cc3[nH]2)cc1,2.73,b997c6e52dbd2a208be2d316ebfc1025
CC(C)(O)c1ccccc1CC[C@@H](SCC1(CC(=O)O)CC1)c1cccc(/C=C/c2ccc3ccc(Cl)cc3n2)c1,3.45,2c3f9b2bd6e8c80be4c4527097b265e3
CC(C)(c1cc(N2CCOCC2)nc(-c2cccc3[nH]ccc23)n1)S(C)(=O)=O,2.65,343769818424eb81f03f7bc0b3e2a1bb
CC(C)C(=O)NCCNCC(O)COc1ccc(O)cc1,-0.15,ff845bb3aadaf9f60b9e7e1b079c8200
CC(C)C(=O)Nc1ccc([N+](=O)[O-])c(C(F)(F)F)c1,3.46,be3a1fd7ad575c4e67c5e0a75af75c97
CC(C)C(=O)Nc1ccc2c(c1)C(=O)NC2=O,1.55,3605249bf2ffbd96439010e3c11a5442
CC(C)C(=O)Nc1nc(-c2ccccn2)cc2ccccc12,2.7,c0acd8b33ca468a6908b20760abdb368
CC(C)C(C#N)(CCCN(C)CCc1ccccc1)c1ccccc1,3.6,e55dec408185cd002a682c12dfa0050d
CC(C)C(NC(=O)Cn1c(-c2cc(F)cc(F)c2)ncc(N)c1=O)C(=O)C(F)(F)F,1.38,b2ecf4b968d91608d9d781e5955c0b7d
CC(C)C(NC(=O)Cn1c(-c2ccc(F)cc2)ncc(N)c1=O)C(=O)C(F)(F)F,1.05,074c07d41b57ca08a1c0951eab88d3d9
CC(C)C(NC(=O)Cn1c(-c2ccc(F)cc2)ncc(NC(=O)OCc2ccccc2)c1=O)C(=O)C(F)(F)F,2.47,bb4002f92d4fbcffe4ff7ad4e7e7ec9d
CC(C)C(NC(=O)Cn1c(-c2ccc(F)cc2)ncc(NC(=O)OCc2ccncc2)c1=O)C(=O)C(F)(F)F,2.22,bb4002f92d4fbcffe4ff7ad4e7e7ec9d
CC(C)C(NC(=O)Cn1c(-c2cccc(C(=O)O)c2)ccc(NC(=O)OCc2ccccc2)c1=O)C(=O)C(F)(F)F,1.2,65628a67b746483604fff797f7da6ff3
CC(C)C(NC(=O)Cn1c(-c2ccccc2)cc2c(=O)n(CCN3CCOCC3)c(=O)[nH]c2c1=O)C(=O)C(F)(F)F,1.91,b5e9f1a191783902096e34df2734450e
CC(C)C(NC(=O)Cn1c(-c2ccccc2)cc2c(O)nc(O)nc2c1=O)C(=O)C(F)(F)F,1.88,ebe18f6330b07ed5b892e238037c6850
CC(C)C(NC(=O)Cn1c(-c2ccccc2)ccc(N)c1=O)C(=O)C(F)(F)F,1.74,189b8c8a28eacc09cb5df3ee2f6154e6
CC(C)C(NC(=O)Cn1c(-c2ccccc2)ccc(NC(=O)CN2C(=O)CCC2=O)c1=O)C(=O)C(F)(F)F,0.96,1867d31b2b2c48360690e7c00bd16cef
CC(C)C(NC(=O)Cn1c(-c2ccccc2)ccc(NC(=O)CN2CCOCC2)c1=O)C(=O)C(F)(F)F,2.0,ca75a1db7f1e8a2add6da6f5ef5bc759
CC(C)C(NC(=O)Cn1c(-c2ccccc2)ccc(NC(=O)Cc2ccc(C(=O)O)cc2)c1=O)C(=O)C(F)(F)F,0.35,c7efa0c8605f6de951bdd1f143374194
CC(C)C(NC(=O)Cn1c(-c2ccccc2)ccc(NC(=O)Cc2cccc(C(=O)O)c2)c1=O)C(=O)C(F)(F)F,0.68,24676e32d14e773272c832e86f92f920
CC(C)C(NC(=O)Cn1c(-c2ccccc2)ccc(NC(=O)Cc2ccccc2C(=O)O)c1=O)C(=O)C(F)(F)F,1.14,16ede9f63d4349dffa91e1a26f1a64f1
CC(C)C(NC(=O)Cn1c(-c2ccccc2)ccc(NC(=O)NCc2cc[n+]([O-])cc2)c1=O)C(=O)C(F)(F)F,1.13,d87e8d5602e9ab5df36937601752961b
CC(C)C(NC(=O)Cn1c(-c2ccccc2)ccc(NC(=O)NCc2ccc[n+]([O-])c2)c1=O)C(=O)C(F)(F)F,1.48,ef055cafb63a8755e7385651e569e8da
CC(C)C(NC(=O)Cn1c(-c2ccccc2)ccc(NC(=O)NCc2ccccn2)c1=O)C(=O)C(F)(F)F,2.15,e97fa92b430b1d577fc696b91e8c369c
CC(C)C(NC(=O)Cn1c(-c2ccccc2)ccc(NC(=O)NCc2cccnc2)c1=O)C(=O)C(F)(F)F,2.84,e97fa92b430b1d577fc696b91e8c369c
CC(C)C(NC(=O)Cn1c(-c2ccccc2)ccc(NC(=O)NCc2ccncc2)c1=O)C(=O)C(F)(F)F,2.16,e97fa92b430b1d577fc696b91e8c369c
CC(C)C(NC(=O)Cn1c(-c2ccccc2)ccc(NC(=O)OCc2ccc(C(=O)O)cc2)c1=O)C(=O)C(F)(F)F,0.84,311ae0bfffea74a7c9d64778b5a67d37
CC(C)C(NC(=O)Cn1c(-c2ccccc2)ccc(NC(=O)OCc2ccccn2)c1=O)C(=O)C(F)(F)F,1.91,e97fa92b430b1d577fc696b91e8c369c
CC(C)C(NC(=O)Cn1c(-c2ccccc2)ccc(NC(=O)OCc2ccncc2)c1=O)C(=O)C(F)(F)F,2.41,e97fa92b430b1d577fc696b91e8c369c
CC(C)C(NC(=O)Cn1c(-c2ccccc2)ccc(NC=O)c1=O)C(=O)C(F)(F)F,1.84,b8b56c7bdffdd8610e48909c5de156d6
CC(C)C(NC(=O)Cn1c(-c2ccccc2)ccc(NS(=O)(=O)C(F)(F)F)c1=O)C(=O)C(F)(F)F,1.01,f865d7a664bf88b1c7214155ed1075b4
CC(C)C(NC(=O)Cn1c(-c2ccccc2)ccc(NS(=O)(=O)NCc2ccccc2)c1=O)C(=O)C(F)(F)F,2.57,ab23071a65dc3f196a48b0801a9e860f
CC(C)C(NC(=O)Cn1c(-c2ccccc2)ccc(NS(=O)(=O)c2ccccc2)c1=O)C(=O)C(F)(F)F,2.26,2066f20cd14ca30b8ccb928f1829d447
CC(C)C(NC(=O)Cn1c(-c2ccccc2)ccc(NS(C)(=O)=O)c1=O)C(=O)C(F)(F)F,1.77,c6de281f275fa51f4213d05cfac577de
CC(C)C(NC(=O)Cn1c(-c2ccccc2)ccc(NS(N)(=O)=O)c1=O)C(=O)C(F)(F)F,1.17,c6de281f275fa51f4213d05cfac577de
CC(C)C(NC(=O)Cn1c(-c2ccccc2)ncc(NC(=O)OCC(F)(F)F)c1=O)C(=O)C(F)(F)F,2.37,ddef663674957d9c0bd4d6c17b1fafcd
CC(C)C(NC(=O)Cn1c(-c2ccccc2)ncc(NC(=O)OCc2ccccc2)c1=O)C(=O)C(F)(F)F,2.12,e97fa92b430b1d577fc696b91e8c369c
CC(C)C(NC(=O)Cn1c(-c2cccnc2)ccc(NC(=O)OCc2ccccc2)c1=O)C(=O)C(F)(F)F,3.05,e97fa92b430b1d577fc696b91e8c369c
CC(C)C(NC(=O)Cn1c(-c2cccnc2)ncc(NC(=O)OCc2ccccc2)c1=O)C(=O)C(F)(F)F,2.15,e97fa92b430b1d577fc696b91e8c369c
CC(C)C(NC(=O)Cn1c(-c2cccs2)ncc(N)c1=O)C(=O)C(F)(F)F,0.68,ae3503be195a2a89be885ab985c4004c
CC(C)C(NC(=O)Cn1c(-c2cccs2)ncc(NC(=O)OCC(F)(F)F)c1=O)C(=O)C(F)(F)F,2.32,a0763d426c8da9a9952ab0833dfdeac9
CC(C)C(NC(=O)Cn1c(-c2cccs2)ncc(NC(=O)OCc2ccccc2)c1=O)C(=O)C(F)(F)F,2.02,6c0e031601056b38605660d864df583e
CC(C)C(NC(=O)Cn1c(C2CCCCC2)ncc(NC(=O)OCc2ccccc2)c1=O)C(=O)C(F)(F)F,2.87,e97fa92b430b1d577fc696b91e8c369c
CC(C)C1NCCc2c1sc1ccccc21,2.8,44de427870f0718bb048b28dee38d636
CC(C)CC(N(C)C)C1(c2ccc(Cl)cc2)CCC1,3.6,78018ed8563d2306244e77ec1b01cd99
CC(C)CC(c1ccccn1)n1[nH]c(=O)c2nc3cc(Cl)ccc3c(O)c2c1=O,1.83,be9a789c93edba3d7c22c6d04ae329be
CC(C)CC(c1ccncc1)n1[nH]c(=O)c2nc3cc(Cl)ccc3c(O)c2c1=O,1.64,be9a789c93edba3d7c22c6d04ae329be
CC(C)CCCC(C)/N=c1\ccn(Cc2ccccc2)c2cc(Cl)ccc12,1.58,3bb23edf4e1a92af3650563327f05e9c
CC(C)CCOc1ccc(N)cc1,2.67,ea3bc5c234f8478d077a529dae1c2f72
CC(C)CNCc1ccc(-c2ccccc2S(=O)(=O)N2CCCC2)cc1,1.9,e21cddbcb25f3c92bd5c8de2346e2e81
CC(C)CNc1nc(C#N)nc(N2CC(O)C2)c1N,2.0,5406b197220b36cb2c9a928f53e88c4c
CC(C)CNc1nc(C#N)nc(N2CCNCC2)c1N,0.7,9e7b550f8e46e059908132dfd476a80c
CC(C)CNc1nc(C#N)nc(N2CCOCC2)c1N,2.79,9e7b550f8e46e059908132dfd476a80c
CC(C)CNc1nc(C#N)nc(NC2CCS(=O)(=O)C2)c1N,2.3,e7e64764e7d90adf0fb113b63cac9de8
CC(C)COCC(CN(Cc1ccccc1)c1ccccc1)N1CCCC1,3.66,5e28d0c660cdb97fb8e478e6b4f8ea37
CC(C)COc1cc(-c2cccc3c(=O)cc(N4CCOCC4)oc23)ccc1NC(=O)CN1CCOCC1,3.8,1462884bf0c3c1489fde58ea90c8fe04
CC(C)COc1cc(OC(C)C)cc(C(=O)Nc2ccc(C(=O)O)cn2)c1,1.6,906e69dfdc19900b583424684ea1c9c7
CC(C)C[C@@H](CO)NS(=O)(=O)c1ccc(Cl)s1,2.8,4565ac5a5b2756ff99e1ddefca5b1fd2
CC(C)C[C@H](CO)Nc1nc(SCc2cccc(C#N)c2)nc2nc(N)sc12,3.9,e7c48d1e2cf86c215d45bbd6fd42cbb1
CC(C)C[C@H](CO)Nc1nc(SCc2ccccc2)nc2[nH]c(=O)sc12,4.2,3a001216dca75ef0a2682cfbc9e270f5
CC(C)C[C@H](CO)Nc1nc(SCc2ccccc2)nc2nc(N)sc12,4.2,3a001216dca75ef0a2682cfbc9e270f5
CC(C)C[C@H](CO)Nc1nc(SCc2ccccc2F)nc2nc(N)sc12,4.5,37fd825f180b37a311d816ea31c004a3
CC(C)C[C@H](CO)Nc1nc(SCc2ccncc2)nc2nc(N)sc12,2.9,3a001216dca75ef0a2682cfbc9e270f5
CC(C)C[C@H](CO)Nc1nc(S[C@@H](C)c2ccccc2)nc2[nH]c(=O)sc12,4.3,2abc2d6835ac95a253543c576fe13f18
CC(C)C[C@H](N)c1nnc(S(=O)(=O)Cc2ccc(F)cc2)o1,1.11,8a6fb24a25854685c9361e0442867471
CC(C)C[C@H](NC(=O)N1CCOCC1)C(=O)NCC#N,0.08,a8ea9f3701cc810c470758951afa80ca
CC(C)C[C@H](NC(=O)N1CCOCC1)C(=O)N[C@H](/C=C/S(=O)(=O)c1ccccc1)CCc1ccccc1,3.4,1377a37e99000cfdedabcd028f1f0daa
CC(C)C[C@H](N[C@@H](c1ccc(-c2ccc(S(C)(=O)=O)cc2)cc1)C(F)(F)F)C(=O)NCC#N,3.24,bab5c2aa167004cd9f103fd7d5c5d6ae
CC(C)Cc1ccc(C(C)C(=O)NS(C)(=O)=O)cc1,0.78,ae6ea254172c81a730ae0d3eb2afa046
CC(C)Cc1ccc([C@@H](C)C(=O)NS(C)(=O)=O)cc1,0.51,ae6ea254172c81a730ae0d3eb2afa046
CC(C)Cc1ccc([C@H](C)C(=O)NS(C)(=O)=O)cc1,0.56,ae6ea254172c81a730ae0d3eb2afa046
CC(C)Cn1c(=O)[nH]c(=O)c2c(C(=O)N3CCC3)c(Cc3ccccc3C(F)(F)F)sc21,3.0,ffdb380b847f9c2a2ccd113402659f52
CC(C)Cn1c(=O)n(C)c(=O)c2c(-c3ccncc3)n(Cc3cccc4ccccc34)nc21,4.3,00098c50f34b818a0400e41879366291
CC(C)Cn1c(=O)n(C)c(=O)c2c(-c3cncn3C)n(Cc3cccc4ccccc34)nc21,4.1,7cff7e090a468d1c7c337b1689d6db9c
CC(C)Cn1c(=O)n(C)c(=O)c2c(C(=O)N(C)C)c(Cc3ccccc3C(F)(F)F)sc21,2.9,fba697967a68572ff17a66e313d0c129
CC(C)Cn1c(=O)n(C)c(=O)c2c(C(=O)N3CC(C)(O)C3)c(Cc3ccccc3C(F)(F)F)sc21,3.18,6f1c6ca108eb63c7e0b56a0fac15a111
CC(C)Cn1c(=O)n(C)c(=O)c2c(C(=O)N3CC=CC3)c(Cc3ccccc3C(F)(F)F)sc21,3.53,32ef3ecd076af6a83c970e664b9af792
CC(C)Cn1c(=O)n(C)c(=O)c2c(C(=O)N3CCC3)c(Cc3ccccc3C(F)(F)F)sc21,3.46,d0fe8825b6c08d67924a9d0ac56225e9
CC(C)Cn1c(=O)n(C)c(=O)c2c(C(=O)N3CCCC3)c(Cc3ccccc3C(F)(F)F)sc21,3.8,32ef3ecd076af6a83c970e664b9af792
CC(C)Cn1c(=O)n(C)c(=O)c2c(C(=O)N3CCCCC3)c(Cc3ccccc3C(F)(F)F)sc21,4.07,1b9bb4b276a8506607a7a6c26f488470
CC(C)Cn1c(=O)n(C)c(=O)c2c(C(=O)N3CC[C@@H](O)C3)c(Cc3c[nH]c4ccccc34)sc21,2.35,2541127c55841a9069da406ada6e56cd
CC(C)Cn1c(=O)n(C)c(=O)c2c(C(=O)N3CC[C@@H](O)C3)c(Cc3c[nH]c4ncccc34)sc21,1.71,2541127c55841a9069da406ada6e56cd
CC(C)Cn1c(=O)n(C)c(=O)c2c(C(=O)N3CC[C@@H](O)C3)c(Cc3cccc4ncccc34)sc21,1.98,8675b3f9f832e24d6b5662bcd3554efb
CC(C)Cn1c(=O)n(C)c(=O)c2c(C(=O)N3CC[C@@H](O)C3)c(Cc3ccccc3C(F)(F)F)sc21,2.74,e8989ecd9a453dd56b031df1a52d7ec3
CC(C)Cn1c(=O)n(C)c(=O)c2c(C(=O)N3CC[C@@H](O)C3)c(Cc3ccnc4ccc(F)cc34)sc21,1.95,f06a6d04d4f9e1cf4d17fde148c28abd
CC(C)Cn1c(=O)n(C)c(=O)c2c(C(=O)N3CC[C@@H](O)C3)c(Cc3ccnc4ccccc34)sc21,1.65,8675b3f9f832e24d6b5662bcd3554efb
CC(C)Cn1c(=O)n(C)c(=O)c2c(C(=O)N3CC[C@@H](O)C3)c(Cc3cncc4ccccc34)sc21,1.74,8675b3f9f832e24d6b5662bcd3554efb
CC(C)Cn1c(=O)n(C)c(=O)c2c(C(=O)N3CC[C@@H](O)C3)c(Oc3cccc4ccccc34)sc21,2.87,8675b3f9f832e24d6b5662bcd3554efb
CC(C)Cn1c(=O)n(C)c(=O)c2c(C(=O)N3C[C@@H](O)[C@@H](O)C3)c(Cc3ccnc4ccccc34)sc21,1.18,03d60b55ec54ec93b16b45e27f7f872b
CC(C)Cn1c(=O)n(C)c(=O)c2c(C(=O)N3C[C@H](O)CO3)c(Cc3c[nH]c4ncccc34)sc21,2.04,2541127c55841a9069da406ada6e56cd
CC(C)Cn1c(=O)n(C)c(=O)c2c(C(=O)N3C[C@H](O)CO3)c(Cc3ccccc3C(F)(F)F)sc21,3.15,e8989ecd9a453dd56b031df1a52d7ec3
CC(C)Cn1c(=O)n(C)c(=O)c2c(C(=O)N3C[C@H](O)CO3)c(Cc3ccnc4ccccc34)sc21,2.14,8675b3f9f832e24d6b5662bcd3554efb
CC(C)Cn1c(=O)n(C)c(=O)c2c(S(=O)(=O)N3CC[C@@H](O)C3)c(Cc3ccccc3C(F)(F)F)sc21,3.32,77c317c76f0d4d989f3b2ed45fb91381
CC(C)Cn1c(=O)n(C)c(=O)c2c(SC(C)C)c(Cc3ccccc3C(F)(F)F)sc21,4.42,0bef9c6761ac12a044c14b84675a6d69
CC(C)Cn1c(=O)n(C)c(=O)c2c(SC3CCCC3)c(Cc3ccccc3C(F)(F)F)sc21,4.21,9b2d4c45dc52e86b1697ac264c345bee
CC(C)Cn1c(=O)n(C)c(=O)c2c(SC3CCCCC3)c(Cc3ccccc3C(F)(F)F)sc21,4.14,0fda21fa34522b25f89038025dbfb915
CC(C)Cn1c(=O)n(C)c(=O)c2c(SCCCO)c(Cc3ccccc3C(F)(F)F)sc21,4.05,5cc6c9887409a026b1f74c7f191b2d09
CC(C)Cn1c(=O)n(C)c(=O)c2c(SCCCO)n(Cc3cccc4ccccc34)cc21,4.36,3ca29be374a13920417e972b3a9fd814
CC(C)Cn1c(=O)n(C)c(=O)c2cn(Cc3cccc4ccccc34)cc21,4.41,2b8d9546e8e84e2f453ab4588cb06457
CC(C)Cn1cnc(-c2ccccc2)c1-c1nc2c(N)ncnc2s1,3.72,6f21e8d2e1601fa8b745507358c22df2
CC(C)Cn1cnc2c(N)nc3ccccc3c21,2.52,c14fc74cdc4ecae3794c196e6763c894
CC(C)N(C(=O)C(c1cccnc1)C(CNC(=O)NCc1ccccc1F)c1ccccc1)C(C)C,4.2,95097b6f25443ea76b276d51688e3d7a
CC(C)N(CCC(C(N)=O)(c1ccccc1)c1ccccn1)C(C)C,-0.54,2e9723edaeaad08e287e3b533514e0bc
CC(C)N(CCCNC(=O)Nc1ccc(C(C)(C)C)cc1)C[C@H]1O[C@@H](n2ccc3c(N)ncnc32)[C@H](O)[C@@H]1O,2.4,a0b6df006689f7c373e0b79e4578c82e
CC(C)N(CCCNC(=O)Nc1ccc(C(C)(C)C)cc1)C[C@H]1O[C@@H](n2cnc3c(N)ncnc32)[C@H](O)[C@@H]1O,2.2,a0b6df006689f7c373e0b79e4578c82e
CC(C)N(CCNCCc1ccc(O)c2[nH]c(=O)sc12)C(=O)CCOCCc1ccccc1,2.33,9afcdd9351549019a88a422b1136b351
CC(C)N(c1nnc(N)s1)C(C)C,1.49,64226d63e8007fa789bf25ea34a2da5d
CC(C)N1CCC(N(C(=O)Cc2ccccc2)c2ccc(Cl)cc2)CC1,2.3,988e3658068611c217a6e6630b0e3e75
CC(C)N1CCC[C@@H](CN2CCN(C(=O)Nc3ccc(Cl)c(Cl)c3)CC2)C1,1.62,6a6472e13649c48cf9544f1181d5e1de
CC(C)N1CCN(C(=O)NCc2ccc(Cl)c(Cl)c2)CC1,2.75,0ff2d9d3b4f0b343c26eacf47e220ba9
CC(C)N1CCN(Cc2cnc(-c3cc(-c4cccc5[nH]ccc45)cc4[nH]ncc34)o2)CC1,3.49,868f653b185c29a4129f76d37341bb5f
CC(C)N1CCN(Cc2cnc(-c3ccc(C(=O)Nc4ccccc4N)cc3)c(C#N)c2)CC1,1.28,9314f72a4f457b5b0030b932103e1740
CC(C)N1CCN(Cc2cnc(-c3ccc(C(=O)Nc4ccccc4N)cc3)c(Cl)c2)CC1,1.68,54e95a629ef5ed840ab05a1bae21221f
CC(C)N1CCN(Cc2cnc(-c3ccc(C(=O)Nc4ccccc4N)cc3)c(F)c2)CC1,1.6,54e95a629ef5ed840ab05a1bae21221f
CC(C)N1CCN[C@@H](C(=O)N2CCN(C(=O)Nc3ccc(Cl)c(Cl)c3)CC2)C1,2.21,6a47133ca9957f6c7e6cce91d9261386
CC(C)N1CCN[C@@H](CN2CCN(C(=O)Nc3ccc(Cl)c(Cl)c3)CC2)C1,1.92,6a6472e13649c48cf9544f1181d5e1de
CC(C)N1CCO[C@@H](CN2CCN(C(=O)Nc3ccc(Cl)c(Cl)c3)CC2)C1,2.77,6a6472e13649c48cf9544f1181d5e1de
CC(C)N=c1cc2n(-c3ccc(Cl)cc3)c3ccccc3nc-2cc1Nc1ccc(Cl)cc1,3.17,f000e4ed513e50675679861bd6904d59
CC(C)NC(=O)c1cc2c(-n3ccc(C(F)(F)F)n3)c(-c3cncc(C(=O)O)c3)cnc2[nH]1,-0.62,80c19c55b48b4e8a6066143d653b0810
CC(C)NC(=O)c1ccc2c(Nc3ccc(Cl)cc3)nc(N3CCOCC3)nc2c1,2.78,13290047fcad36b9bad75b6d61ac33f4
CC(C)NC(=O)c1cnc(N2CCC(N3C(=O)OCc4ccccc43)CC2)c(Cl)c1,3.57,c5658bfa70824f7d5bf5e1901bdcf14f
CC(C)NCC(O)COc1ccc(CCOCC2CC2)cc1,0.63,43684935d8cf8b31dbecb364381ea3ae
CC(C)NCC(O)COc1ccc(COCCOC(C)C)cc1,0.1,fd0588c35982613571a271e6386b2e02
CC(C)NCC(O)COc1cccc2[nH]ccc12,-0.12,99292f59cc5b2c3bc390a35bc33d08b8
CC(C)NCC(O)COc1nccs1,-0.97,3fa815cd871e7ebe0d2af98e36a63e33
CC(C)NC[C@@H](C(=O)N1CCN(c2ncnc3c2[C@H](C)C[C@H]3O)CC1)c1ccc(Cl)cc1,1.3,a419972ff4984ca05eb64087d779c18a
CC(C)NC[C@@H](O)COc1cccc2ccccc12,1.13,5b9091bf73749da7d79e91413c1af2f1
CC(C)NC[C@H](O)COc1cccc2ccccc12,0.99,5b9091bf73749da7d79e91413c1af2f1
CC(C)NNC(=O)c1ccncc1,0.33,5e84466d3ee529fe4a128260c8143a72
CC(C)Nc1ccc2cnn(-c3cncc(-n4ccc(CC(=O)O)c4)n3)c2c1,1.24,f3ec699516da59aa39dd2444265c994f
CC(C)Nc1nc(C#N)nc(N2CCOCC2)c1N,2.04,2d4c74047cb0a8992bbc10fde22fcc09
CC(C)Nc1nc(NCc2ccccc2)c2sccc2n1,3.9,8a576758923e269df6be7d27a80ea96a
CC(C)OC(=O)N1CCC(Oc2ncnc3c2CCN3c2ccc(S(C)(=O)=O)cc2F)CC1,3.4,35dc7efbf3a7c47f72ab77f323e63e1d
CC(C)OC(=O)N1CCC(Oc2ncnc3c2cnn3-c2ccc(S(C)(=O)=O)cc2F)CC1,3.0,35dc7efbf3a7c47f72ab77f323e63e1d
CC(C)OC(=O)c1cn(Cc2c(F)cccc2F)c2sc(-c3ccc(NC(=O)C(C)C)cc3)c(CN(C)Cc3ccccc3)c2c1=O,3.5,7e240ffa8f8899e68d38c1786ebf4694
CC(C)Oc1cc(-c2cccc3c(=O)cc(N4CCOCC4)oc23)ccc1NC(=O)CN1CCOCC1,3.0,ce9342d80dd8d6035b61401e89c32902
CC(C)Oc1cc(-n2cnc3ccc(N[C@@H](CO)c4ccc(F)cn4)nc32)n[nH]1,2.79,2e9747f47fd2ef7bc31c39891ae33dce
CC(C)Oc1cc(-n2cnc3cnc(N[C@@H](C)c4ncc(F)cn4)nc32)n[nH]1,2.41,3366bfb0e650a072e03225ec9698a397
CC(C)Oc1cc(Nc2nc(N[C@@H](C)c3ccc(F)cn3)nc(OC(CO)CO)c2Cl)n[nH]1,2.77,2214cdf2fed2dac3f7a18d7794576135
CC(C)Oc1cc(Nc2nc3c(cc2F)ncn3[C@@H](CO)c2ccc(F)cn2)n[nH]1,2.97,e990495aeaf66695b6284be85f931cf8
CC(C)Oc1cc(OCCCN2CCCC2)cc2ncnc(Nc3c(Cl)ccc4c3OCO4)c12,3.1,e022b606acbb986d44f29dfef2e8db3a
CC(C)Oc1cc(OCCN2CCOCC2)cc2ncnc(Nc3c(Cl)ccc4c3OCO4)c12,3.68,b5654fbc4e8e0f787d9020526125aaac
CC(C)Oc1cc(OCCc2cccnc2)cc(C(=O)Nc2ccc(C(=O)O)cn2)c1,0.81,86fb3f09b01253fdf9250b92749ad24c
CC(C)Oc1cc(OCCc2ccsc2)cc(C(=O)Nc2ccc(C(=O)O)cn2)c1,1.74,70d7954f995dbc9c69b1b7d29e7903a4
CC(C)Oc1cc(Oc2ccc(S(C)(=O)=O)cc2)cc(C(=O)Nc2nccs2)c1,3.61,e2036951770430c9b692114b88a4db62
CC(C)Oc1ccc(S(C)(=O)=O)cc1C(=O)N1CCN(c2ccc(C(F)(F)F)cc2)CC1,3.33,d5fe8909daec8006a76a5853f805d7c7
CC(C)Oc1ccc2c(=O)c(-c3ccccc3)coc2c1,4.07,d36299de0526ca22060d8ba9a2165c18
CC(C)Oc1cccc(CC(=O)N2CCC[C@](CC[N+]34CCC(c5ccccc5)(CC3)CC4)(c3ccc(Cl)c(Cl)c3)C2)c1,1.23,3eabc8aba8db9f50160d65e3481f1b22
CC(C)[C@@H](CN1CCCCC1)N(C)C(=O)Cc1ccc(Cl)c(Cl)c1,2.87,5a33c1b8c71068d2bf28d3f5e44ca06b
CC(C)[C@@H](CN1CC[C@@](C)(c2cccc(O)c2)[C@@H](C)C1)NC(=O)[C@H]1Cc2ccc(O)cc2CN1,2.39,e2c9f38cef15a8e1db35adc00f2cac1e
CC(C)[C@@H](CO)NS(=O)(=O)c1ccc(Cl)s1,2.3,4c79628fbaf6e50cc755ffc48d18156b
CC(C)[C@@H]1N=C(c2ccccc2)c2ccccc2NC1=O,3.05,197cb6a040437dbaf47d45c5692f9e05
CC(C)[C@H](N)C(=O)OCCOCn1cnc2c(=O)nc(N)[nH]c21,-1.3,41f7bc8692c747e1a51675762da98efe
CC(C)[C@H](NC(=O)CCc1ccccc1)C(=O)N1CCCC1,2.49,bf2813182fa38cfe4a8b98d5afe060ef
CC(C)[C@H](NC(=O)C[C@H](NC(=O)/C=C/c1ccccc1)c1ccccc1)C(=O)[C@@H]1C(=O)NC(=O)[C@H]1C,1.91,e2019591b4937feff42800e94a5f2429
CC(C)[C@H]1C(=O)N[C@H](CO)Cc2ccccc2N1C,2.03,aca32ae401d80f6e047079558000b873
CC(C)[N+](C)(CCOC(=O)C1c2ccccc2Oc2ccccc21)C(C)C,0.2,75fb70a98f469d7d537ac4a922c52dea
CC(C)c1c(C(=O)NC2C3CC4CC(C3)CC2C4)cnn1-c1ccc(C(=O)O)cc1,1.15,89f19bf4e5b45af579d43d11cff3329e
CC(C)c1cc(C(=O)N2Cc3ccc(CN4CCN(C)CC4)cc3C2)c(O)cc1O,2.5,d5dde6cd3274b6a1c9595ba313128c80
CC(C)c1ccc(NC(=O)NCCCSC[C@H]2O[C@@H](n3cnc4c(N)ncnc43)[C@H](O)[C@@H]2O)cc1,2.5,1affa022e0735c74ec753da925cd1f9e
CC(C)c1ccc(Sc2cnc(O)c(C(=O)NCc3ccccc3)c2)cc1,3.7,506394de270066ea6eb088ba7ae2421e
CC(C)c1ccc2[nH]c3c(c2c1)CN(C(=O)[C@@H]1CCCC[C@H]1C(=O)NC1(C#N)CC1)CC3,4.1,402018ef8225fe428e5050c44bc80de2
CC(C)c1ccc2oc3nc(N)c(C(=O)O)cc3c(=O)c2c1,1.1,b0688893eed7ee68c72feb5e48ba223c
CC(C)c1ccccc1Cc1cc(C(=O)Nc2ccc(S(=O)(=O)c3ccccc3C(C)(C)C)cc2)c(O)c(O)c1O,3.44,fe70179d4251af6587c9948c8cfcc551
CC(C)c1ccccc1Nc1nc(SCc2cccs2)n[nH]1,4.21,bb4a05a0307e68d4858b1ce4996e71ed
CC(C)c1nc(CN(C)C(=O)N[C@H](C(=O)N[C@@H](Cc2ccccc2)C[C@H](O)[C@H](Cc2ccccc2)NC(=O)OCc2cncs2)C(C)C)cs1,4.3,cdc7a0cbd145e09f9c4f5649950c5216
CC(C)c1nc(N2CCN(c3ncc(OCc4ccncc4C#N)cn3)[C@H](C)C2)no1,3.3,6ec45cb66f13c57537f8352628a7c3a0
CC(C)c1nc2ccc(-c3ccc(F)cc3)cc2c(=O)n1C[C@H]1CCCN(C(C)C)C1,3.6,857847e90a91803f81ecd9f1b4c9b1de
CC(C)c1nc2ccccc2n1-c1nc(N2CCOCC2)c2nc(OC3CN(C4CCS(=O)(=O)CC4)C3)n(C)c2n1,2.9,b5e83d3226384188cb6e27ab74ecd414
CC(C)c1ncc(NC(=O)OCc2ccccc2)c(=O)n1CC(=O)NC(C(=O)C(F)(F)F)C(C)C,2.63,d329e555079f7ffff05365317cb9c4bd
CC(C)c1nnc2ccc(-c3ocnc3-c3cc(F)ccc3F)cn12,2.44,347405d873388d605940986e7fdc893c
CC(C)c1noc(N2CCN(c3ncc(OCc4ccncc4C#N)cn3)[C@H](C)C2)n1,3.1,6ec45cb66f13c57537f8352628a7c3a0
CC(C)n1c(=O)c2c(-c3cncn3C)n(Cc3ccnc4ccc(Cl)cc34)nc2n(CC2CC2)c1=O,4.02,0fb42169ffe38bdad5424f76154b3637
CC(C)n1c(=O)n(C)c(=O)c2c(C(=O)N3CCS(=O)(=O)C3)c(Cc3ccccc3C(F)(F)F)sc21,2.55,069d23879023b84b86d56170bd8a085f
CC(C)n1c(=O)n(C)c(=O)c2cn(Cc3cccc4ccccc34)cc21,3.97,9dae6015af249b261016c9c1f9c8dbfb
CC(C)n1c2ccccc2c2cc(NC(=O)N3CCOCC3)ccc21,3.55,6c264e8f6990348d136946d80a0152dc
CC(CC(=O)NCc1ccccc1)C1CCCO1,2.1,6ff9699ac899a4f53df0f6d1c26a0d41
CC(CCc1cccc(OCc2ccc3ccccc3n2)c1)CC(=O)O,2.4,aedf23c971b3f6d1fd6a995c708a7cd0
CC(CCc1ccccc1)NCC(O)c1ccc(O)c(C(N)=O)c1,1.06,d48eb08b3fc222a434788ed268455781
CC(CN(C)C)CN1c2ccccc2CCc2ccccc21,2.95,71102b46f93b2ce7bcedb5c7c819bc37
CC(CN1c2ccccc2Sc2ccccc21)N(C)C,2.67,1cbcf01f5a82603437c817f69b41d88f
CC(CNS(=O)(=O)C(C)C)c1ccc(-c2ccc(C#N)cc2)cc1,3.5,ff442c8d585c096822c33eed5c023128
CC(CO)(CO)Nc1nc(SCc2cccc(F)c2F)nc2nc(N)sc12,2.87,82cb73e0dcbca867aa50430c39b745b3
CC(COc1ccccc1)NC(C)C(O)c1ccc(O)cc1,0.56,556fb0573e409bba533a14b0b88d66ad
CC(Cc1ccc(O)cc1)NCC(O)c1cc(O)cc(O)c1,-0.06,5e25ca071b598271414cc5f59b48dcaa
CC(Cc1cccc(CNCCc2c(Cl)cccc2Cl)c1)NC[C@H](O)c1ccc(O)c2[nH]c(=O)sc12,2.41,83860a21ef5a352a2eb22c56fe350aaa
CC(N)(COP(=O)(O)O)C(=O)O,2.5,64771c30bb9d7c350099fbed5f73230a
CC(N)Cc1c[nH]c2ccc(OCc3cccs3)cc12,0.48,eb8f970f855175054568d61aa6fce368
CC(NC(=O)C1(N)CCN(c2ncnc3[nH]ccc23)CC1)c1ccc(Cl)cc1,2.7,066afcaa07a58374f7678fd70020b014
CC(NC(=O)C1(N)CCN(c2ncnc3[nH]ccc23)CC1)c1ccc(F)cc1,2.4,066afcaa07a58374f7678fd70020b014
CC(NC(=O)C1(N)CCN(c2ncnc3[nH]ccc23)CC1)c1ccc(S(C)(=O)=O)cc1,1.0,ef3e4a210b2ec32ef1d0eee551b8fe05
CC(NC(=O)C1(N)CCN(c2ncnc3[nH]ccc23)CC1)c1ccccc1,2.17,eddcffb1cc61da0afa4d6215b226146d
CC(NC(=O)C1(N)CCN(c2ncnc3[nH]ccc23)CC1)c1ccccn1,1.3,eddcffb1cc61da0afa4d6215b226146d
CC(NC(=O)C1(N)CCN(c2ncnc3[nH]ccc23)CC1)c1cccnc1,1.2,eddcffb1cc61da0afa4d6215b226146d
CC(NC(=O)c1cc(O)nc2ccccc12)c1ccccc1,2.2,19a1e70e03aa92b76ee01408e09534f7
CC(NC(C)(C)C)C(=O)c1cccc(Cl)c1,2.12,6ee0d62c16dc869084f0830e1f079d03
CC(NCC(O)c1ccc([N+](=O)[O-])cc1)C12CC3CC(CC(C3)C1)C2,3.53,d82d60f32ffb599886af6a11487a9ac6
CC(Nc1ncnc2ccccc12)c1ccccc1,3.4,7fe506056fbab90665182a8e4bcd3e73
CC(O)(C(=O)Nc1ccc(S(=O)(=O)Nc2ccccc2)cc1)C(F)(F)F,3.07,443a3a9ea7d3fce0e62eff2680546216
CC(O)(C(=O)Nc1ccc(S(=O)(=O)c2ccc(F)cc2)cc1)C(F)(F)F,3.12,aefc9371a82b530ae800066ad08db310
CC(O)(C(=O)Nc1ccc(S(=O)(=O)c2ccc(O)cc2)cc1)C(F)(F)F,2.78,aefc9371a82b530ae800066ad08db310
CC(O)(C(=O)Nc1ccc(S(=O)(=O)c2ccccc2)cc1)C(F)(F)F,2.98,4ec1a03cf6ea5a20985c2fcb4875b603
CC(O)(C(=O)Nc1ccc(S(=O)(=O)c2cccnc2)cc1)C(F)(F)F,2.08,4ec1a03cf6ea5a20985c2fcb4875b603
CC(O)(C(=O)Nc1ccc(S(=O)(=O)c2ccncc2)cc1)C(F)(F)F,2.15,4ec1a03cf6ea5a20985c2fcb4875b603
CC(O)(C(=O)Nc1ccc2c(c1)-c1ccccc1S2(=O)=O)C(F)(F)F,3.0,1dfe25e38fcbeedd7ce72ac9170ea748
CC(O)(C(=O)c1ccccc1)c1ccccc1,2.92,56e36307c78a0c2e98a42eabe1a8dc03
CC(O)C(C)OC(=O)[C@@H]1CC2c3cccc4c3c(cn4C(C)C)CC2N(C)C1,2.8,f9c05ec6259b606328cc609d19754c03
CC(O)c1ccc2c(c1)N(CCN1CCC(NCc3ccc4c(n3)NC(=O)CO4)CC1)C(=O)CO2,0.25,de33f67199c63b3c613b0b74f2730478
CC(Oc1c(Cl)cccc1Cl)C1=NCCN1,0.48,d19586bbd8df2ea51657471f2ccc537d
CC(c1cc2ccccc2o1)n1[nH]c(=O)c2[nH]c3cc(Cl)ccc3c(=O)c2c1=O,2.1,42f8b9f87df7d1cc9fa368d8819a547d
CC(c1cc2ccccc2s1)N(O)C(N)=O,2.05,50e3138eec3ab70e1aba3825a4c8cf32
CC(c1ccccc1)C(Cc1nc2ccccc2[nH]1)c1nc2ccccc2[nH]1,4.48,14abfcdee525bf364c78c57937812017
CC(c1ccccc1)N1Cc2ccccc2C1=O,3.0,046bddc9c5395ee65acc798f5cedc54c
CC(c1ccccn1)n1[nH]c(=O)c2nc3cc(Cl)ccc3c(O)c2c1=O,0.51,99ea604dc57e449caccb621f36eb0e4b
CC(c1ccsc1)n1[nH]c(=O)c2[nH]c3cc(Cl)ccc3c(=O)c2c1=O,0.9,cbc3be149dbcad141283765edfa6a894
CC/C(=C(\c1ccccc1)c1ccc(/C=C/C(=O)O)cc1)c1ccccc1,3.89,7d978c378cc68caeae305f8135a96762
CC1(C(=O)NC2CCCCC2)CCC(=O)N1Cc1cccs1,2.15,d72c59a60c072b6cccd168f6fd50bd1e
CC1(C)C(=O)N(c2ccc(SC(F)(F)F)cc2)C(=O)N1Cc1ccnc(N2CCOCC2)c1,3.73,d87f84a7d54cba964d9df160db290bb2
CC1(C)C(=O)Nc2ccccc21,2.3,43bb695803f64172d1bad1ea86039719
CC1(C)CC(=O)c2c(nc3ccccc3c2N)C1,3.0,f9ca6608dd1531407f761cc374a7696f
CC1(C)CCC(NC(=O)[C@@H](N)CCC(=O)O)CC1,-0.27,5312b1f0437acaa23b4ac8075bb225a9
CC1(C)CCC(c2ccc(Cl)cc2)=C(CN2CCN(c3ccc(C(=O)NS(=O)(=O)c4ccc(N[C@H](CCN5CCOCC5)CSc5ccccc5)c(S(=O)(=O)C(F)(F)F)c4)cc3)CC2)C1,0.64,9d460f333f555803fcb5b5739f66b070
CC1(C)CNC(=O)c2sc(N3CCOCC3)nc2C1,1.29,c948269f03b9e1fbe53a878a39e7a545
CC1(C)COCc2sc(N3CCN(C(=O)[C@@H]4CCCC[C@H]4C(=O)NC4(C#N)CC4)CC3)nc21,2.4,5aeb0395d9e0c3e4c9df9f836f51e205
CC1(C)Cc2c(-c3ccccc3)c(-c3ccc(Cl)cc3)c(CC(=O)O)n2C1,3.07,529d79ca4bee011e3b16ab46a543850d
CC1(C)N=C(N)N=C(N)N1c1ccc(Oc2ccc(Cl)cc2)c(Cl)c1,0.79,df5fdc773691afc9a4a7fe31bd3c0d22
CC1(C)NC(=O)N(c2ccc([N+](=O)[O-])c(C(F)(F)F)c2)C1=O,1.74,88a2fbda89a4bf658525d39ce2cea5c2
CC1(C)Oc2ncnc(N)c2N=C1c1ccc([C@H]2CC[C@H](CC(=O)O)CC2)cc1,1.32,b75a7b394e8c644aca637ccb033e777e
CC1(C)[C@@H]2CC[C@@]1(CS(=O)(=O)N1CCN(c3ccc(C#N)cn3)CC1)C(=O)C2,2.46,9a7f83230778a10147fe011b6f89e3ff
CC1(C)[C@@H]2CC[C@@]1(CS(=O)(=O)N1CCN(c3ccc(C(F)(F)F)cn3)CC1)C(=O)C2,3.8,478caa57736f4d63f3ebe652683964df
CC1(C)[C@@H]2CC[C@@]1(CS(=O)(=O)NC1CCN(c3ccc(C(F)(F)F)cn3)CC1)C(=O)C2,3.84,061249c88e243e7ce18755d63ff0660c
CC1(COc2cc(-c3cccc4c(=O)cc(N5CCOCC5)oc34)ccc2NC(=O)CN2CCOCC2)COC1,2.2,7eedc206809caa7a08df7218c095238e
CC1(COc2ccc3c(c2)ncn3-c2ccc3cccc(N4CCC(N)CC4)c3n2)COC1,1.99,4391694ab25295a5711ba9644209f87c
CC1(O)CN(S(=O)(=O)c2ccc3c(C(=O)NC[C@@H](O)CN4CCC(Oc5ccc(Cl)c(Cl)c5)CC4)c[nH]c(=O)c3c2)C1,2.54,6c66812ec1d2bdec0b6a3f019a100639
CC1(c2c(C(=O)NC3C4CC5CC(C4)CC3C5)cnn2-c2ccc(C(=O)O)cc2)CC1,1.11,589d923ba0759ad177e008ee765fbe77
CC1(c2ccc(Cl)c(Cl)c2)CC(=O)NC(N)=N1,1.59,1c14c399032fdec6b95530b343bbfbc7
CC1(c2ccc(Cl)cc2)CCN(C(=O)COCc2ccncc2)CC1,2.79,3e78c7c5acc91d74f65f19ea9df004de
CC1(c2ccccc2)CC(=O)NC(N)=N1,0.62,916b3cbd53e00889f600d573986b2564
CC1(c2nc(N3CCOCC3)ncc2C(=O)N[C@H]2C3CC4CC2C[C@](O)(C4)C3)CC1,2.0,d2e51f4641333008be8268b7e384d145
CC12CC3CC(C)(C1)CC(N)(C3)C2,0.06,fdc060ab4185404a9815baa783f044f3
CC12CCC(=O)C=C1CCC1C2CCC2(C)C(O)CCC12,3.3,ab6a1a7e7945b8f24debe1bf4c87bbc3
CC12NC(Cc3ccccc31)c1ccccc12,1.7,259f4e400fd3b348c4d0348be52bc8bf
CC1=C(C(=O)O)N2C(=O)[C@@H](NC(=O)[C@H](N)c3ccc(O)cc3)[C@H]2SC1,-0.86,5ebea1413a14a3f7755b7a7f2378ae96
CC1=C(C)C(=O)C(C(CCCCCC(=O)O)c2ccccc2)=C(C)C1=O,2.48,d1d759cafe0e88d68079308fdce7d8be
CC1=C(C2=C(C)C(=O)c3c(cc(O)c(O)c3CCc3ccc(C)cc3)C2=O)C(=O)c2cc(O)c(O)c(CCc3ccc(C)cc3)c2C1=O,3.36,801759d99adb7b97057b1e939754fbd7
CC1=C(C2=C(C)C(=O)c3c(cc(O)c(O)c3Cc3ccccc3)C2=O)C(=O)c2cc(O)c(O)c(Cc3ccccc3)c2C1=O,2.73,ff878beaa0271bcd152620e89eeff707
CC1=C(CC(=O)O)c2cc(F)ccc2/C1=C\c1ccc([S+](C)[O-])cc1,-0.01,e6b731eeaf5a0c789bff192595862fda
CC1=C2C[C@H]3[C@@H](CC=C4C[C@@H](O)CC[C@@]43C)[C@@H]2CC[C@]12O[C@@H]1C[C@H](C)CN[C@H]1[C@H]2C,2.63,1d636e113cd94bb34337170109f68bde
CC1=NC(C)(c2cccc(-c3cccnc3)c2)N=C1N,1.7,4d15cbcb8338bf2be538b8a03e98e4f1
CC1=NS(=O)(=O)c2cc(Cl)ccc2N1,1.05,888538cae5a5950b6f291e1cb57a50c5
CC1C(=O)Nc2ccccc2N1C(=O)c1ccccc1,2.11,f33ba2f31cf5151d464d13426c7f1dd8
CC1CC(=O)Nc2ccccc2N1,0.56,722dc132d086c038ad2b678703d58a2a
CC1CC(CN)CC(CO)C1,-1.4,f05dc9d38143e2be31789a4f8f3783b8
CC1CC(OC(=O)C(O)c2ccccc2)CC(C)(C)C1,2.31,a73a808cd43102761847a80c581ea316
CC1CCC(CC(=O)Nc2cccc3ncccc23)CC1,3.56,351afd627e24f3eb6a3b42ce57a18d09
CC1CCN(C(=O)c2scc3c2OCCO3)CC1,2.26,dcad95c7858371dae96017cdc1bc7f15
CC1CCc2cc(F)cc3c(=O)c(C(=O)O)cn1c23,0.74,a1932dba492e3a56316124e2eae4f929
CC1CN(C(=O)c2cc3ccccc3[nH]2)CCN1,0.94,4b46df14609b70456a4b9cf6bf1db3d2
CC1CN(C(=O)c2ccccc2)c2ccccc2NC1=O,1.73,0f233d85e8500e478ce47b8636dafd12
CC1CN(C(=O)c2nnc3c(-c4ncccn4)cccc3c2N)C1,1.21,67a22bc1b1ba49bf3335ab709f40144b
CC1CN(Cc2cc(Cl)ccc2OCC(=O)O)CCN1S(=O)(=O)c1ccccc1,0.31,00e9e2f8b2a22f1c823a9a8639e7faa9
CC1CN(S(=O)(=O)c2ccccc2)CCN1Cc1cc(Cl)ccc1OCC(=O)O,0.69,9ba9b16bf398eba35810fb4ab7726f32
CC1COc2c(N3CCN(C)CC3)c(F)cc3c(=O)c(C(=O)O)cn1c23,-0.45,1da698763a04c020584c6cb757101603
CC1Cc2ccccc2N1NC(=O)c1ccc(Cl)c(S(N)(=O)=O)c1,1.83,8fdbe57e6af88501dded5ad749ed473c
CC1N=C(N)N=C(N)N1c1ccc(Cl)cc1,-0.8,11ddc2679b98d342c01c85d102c7300c
CC1Sc2c(C(=O)O)c(=O)c3cc(F)c(N4CCNCC4)cc3n21,-1.1,805526f102f34e9259d58e5dcb217586
CCC(=O)N1CCN(C(=O)c2cc(Cc3n[nH]c(=O)c4ccccc34)ccc2F)CC1,1.22,169c867157d296bb5509ee06406e0ef3
CCC(=O)NCC[C@@H]1CCc2ccc3c(c21)CCO3,2.57,31c86b4a90b91d7890e2b21408cac6d2
CCC(=O)N[C@H]1CC[C@@H](C(=O)N(C)c2ccc(-c3nc4ccccc4o3)cc2)C1,3.4,91f433ce4e35357371696109da99de0e
CCC(=O)O[C@H]1CC[C@H]2[C@@H]3CCC4=CC(=O)CC[C@]4(C)[C@H]3CC[C@]12C,3.3,a82a977c59d6ffc1da9b831b0ffc2282
CCC(C)(C)C(=O)O[C@H]1C[C@@H](C)C=C2C=C[C@H](C)[C@H](CC[C@@H](O)C[C@@H](O)CC(=O)O)[C@H]21,1.55,440ceec58532c7162cf4aeedd77b293b
CCC(C)(C)C(=O)O[C@H]1C[C@@H](C)C=C2C=C[C@H](C)[C@H](CC[C@@H]3C[C@@H](O)CC(=O)O3)[C@H]21,3.7,ba928945f0457e8fafaaffd970e9a6ef
CCC(C)(C)C[C@H](c1ccc(C(=O)O)c(Oc2cccc(Cl)c2)c1)N1CCC[C@H](n2cc(C)c(=O)[nH]c2=O)C1,1.37,5e48415f855a061efb9031e38bf5d5d7
CCC(C)(CC)C[C@H](c1ccc(C(=O)O)c(Oc2cccc(Br)c2)c1)N1CCC[C@H](n2cc(C)c(=O)[nH]c2=O)C1,1.97,59574d9b219aba90b8eaffd818614c8e
CCC(C)NC(=O)c1c(C)nn(-c2ccccc2)c1NS(=O)(=O)c1ccc(C)cc1,0.66,c6c39fc5b72fea5dfd272e0afe4775e6
CCC(C)Nc1nc(C#N)nc(N2CCOCC2)c1N,2.8,7e7faae44c16a1f4df23474bd23f6b64
CCC(CC)CNC(=O)c1ccc2c(c1)c(Cc1ccc(C(=O)NS(=O)(=O)c3ccccc3C)cc1OC)cn2C,2.7,45be3c05606aa441348ed371416335f6
CCC(CC)C[C@H](c1ccc(C(=O)O)c(Oc2cccc(Cl)c2)c1)N1CCC[C@H](n2cc(C)c(=O)[nH]c2=O)C1,1.68,83af0642acd30ec49b1e5511fbfd84d5
CCC(CC)NC(=O)c1c(C)nn(-c2ccccc2)c1NS(=O)(=O)c1ccc(C)cc1,1.35,506db2e6fc4ba5448b3283ac5a0d4b2b
CCC(CC)NC(=O)c1c(C)nn(C(C)C)c1NS(=O)(=O)c1ccc(C)cc1,0.92,eddb37211c1ef10fc8be9e468fb7149b
CCC(CC)NC(=O)c1cn(-c2ccccc2)nc1NS(=O)(=O)c1ccc(C)cc1,2.51,bd6dee66b57d92bdc310d1aba43fc9d8
CCC(CC)NC(=O)c1cnn(-c2ccccc2)c1NS(=O)(=O)C1CCCC1,0.69,0dc87c7f1c2179da1e45c8990582f5be
CCC(CC)NC(=O)c1cnn(-c2ccccc2)c1NS(=O)(=O)c1ccc(-c2cnco2)cc1,0.8,296ee9d948edd6ad922354145299681a
CCC(CC)NC(=O)c1cnn(-c2ccccc2)c1NS(=O)(=O)c1ccc(C)cc1,0.79,24e1f2d53537125bd8709b6af6053de6
CCC(CC)NC(=O)c1cnn(-c2ccccc2Cl)c1NS(=O)(=O)c1ccc(C)cc1,0.65,1bb7512dfdd4c0deb4d76c74313045b8
CCC(CC)NC(=O)c1cnn(-c2ccccn2)c1NS(=O)(=O)c1ccc(C)cc1,0.27,24e1f2d53537125bd8709b6af6053de6
CCC(CC)NC(=O)c1cnn(C)c1NS(=O)(=O)c1ccc(C)cc1,0.36,28bb6d75542b2c96373723ddcd2797d3
CCC(CC)NC(=O)c1cnn(Cc2ccccc2)c1NS(=O)(=O)c1ccc(C)cc1,1.52,5455f8e1bcd39189324753fb8fd37577
CCC(CC)NC(=O)c1nnn(-c2ccccc2)c1NS(=O)(=O)c1ccc(C)cc1,0.46,24e1f2d53537125bd8709b6af6053de6
CCC(CC)n1nc(C)c(C(=O)N[C@@H](C)C(C)(C)C)c1NS(=O)(=O)c1ccc(C)cc1,1.88,31f4f1ae9ebf5ca1b5bf626d7e06082a
CCC(CCNC)Oc1cc(Cl)ccc1C#N,0.38,ab72fc40df861eef269215e28e78632b
CCC(CO)NCCNC(CC)CO,-1.42,61a06e996752c54f3713d354a0b8be91
CCC(COC(=O)c1cc(OC)c(OC)c(OC)c1)(c1ccccc1)N(C)C,3.77,0ae0f59f5510a495c44518c242b5e0cd
CCC(NC(=O)c1ccc(C)cc1)c1nc2ccsc2c(=O)n1Cc1ccccc1,4.14,81e23eeba2910818ec926ea9d2cfd776
CCC(Oc1ccc(C(F)(F)F)cc1-c1ccc(S(=O)(=O)CC)cc1C)C(=O)O,0.31,3bc0a3ca0400a8d848d4c7b09024cb47
CCC(c1ccccn1)n1[nH]c(=O)c2nc3cc(Cl)ccc3c(O)c2c1=O,0.8,f5fcf0914b56c2c15505e5b48c13789c
CCC(c1cccnc1)n1[nH]c(=O)c2nc3cc(Cl)ccc3c(O)c2c1=O,0.7,f5fcf0914b56c2c15505e5b48c13789c
CCC(c1ccncc1)n1[nH]c(=O)c2[nH]c3cc(Cl)ccc3c(=O)c2c1=O,0.6,f5fcf0914b56c2c15505e5b48c13789c
CCC(c1nc2ccn(C)c2c(=O)n1Cc1ccccc1)N(CCCN)C(=O)c1ccc(C)cc1,1.8,b31504710e29597f4412333d3611c6ec
CCC(c1nc2ccoc2c(=O)n1Cc1ccccc1)N(CCCN)C(=O)c1ccc(C)cc1,1.37,b56912a596b9d69b23337ee10a9d1a83
CCC(c1nc2ccsc2c(=O)n1Cc1ccc(C)cc1)N(CCCN)C(=O)c1ccc(C)cc1,1.69,db457aa0781af139cb870d35d3787c41
CCC(c1nc2ccsc2c(=O)n1Cc1ccc(Cl)cc1)N(CCCN)C(=O)c1ccc(C)cc1,2.32,db457aa0781af139cb870d35d3787c41
CCC(c1nc2ccsc2c(=O)n1Cc1ccc(OC)cc1)N(CCCN)C(=O)c1ccc(C)cc1,2.15,48698df2258e37394519ff25575e3d03
CCC(c1nc2ccsc2c(=O)n1Cc1ccccc1)N(CC1CCNCC1)C(=O)c1ccc(C)cc1,1.33,8fead992833bcbb731002c64c3518580
CCC(c1nc2ccsc2c(=O)n1Cc1ccccc1)N(CCCN)C(=O)c1ccc(C(C)C)cc1,2.72,7098c5d4a2577cb124294c439b7ce481
CCC(c1nc2ccsc2c(=O)n1Cc1ccccc1)N(CCCN)C(=O)c1ccc(C)cc1,1.81,b56912a596b9d69b23337ee10a9d1a83
CCC(c1nc2ccsc2c(=O)n1Cc1ccccc1)N(CCCN)C(=O)c1ccc(C)nc1,2.56,b56912a596b9d69b23337ee10a9d1a83
CCC(c1nc2ccsc2c(=O)n1Cc1ccccc1)N(CCCN)C(=O)c1ccc(OC)cc1,1.39,3152771767f27e310ada778161004398
CCC(c1nc2ccsc2c(=O)n1Cc1ccccc1)N(CCCN)C(=O)c1ccccc1,1.38,5c7e1f2c40dc1e50652773b7f71e8ba6
CCC(c1nc2ccsc2c(=O)n1Cc1cccnc1)N(CCCN)C(=O)c1ccc(C)cc1,0.01,b56912a596b9d69b23337ee10a9d1a83
CCC(c1nc2ccsc2c(=O)n1Cc1cscn1)N(CCCN)C(=O)c1ccc(C)cc1,0.02,42a09327375d15059a513ac869221919
CCC(c1nc2ncccc2c(=O)n1Cc1ccccc1)N(CCCN)C(=O)c1ccc(C)cc1,-0.04,3db8d13b4e4de3cac853cab828c1c433
CCC(c1nc2nccnc2c(=O)n1Cc1ccccc1)N(CCCN)C(=O)c1ccc(C)cc1,-0.14,3db8d13b4e4de3cac853cab828c1c433
CCC(c1nc2sccc2c(=O)n1Cc1ccccc1)N(CCCN)C(=O)c1ccc(C)cc1,2.06,b56912a596b9d69b23337ee10a9d1a83
CCC(c1nc2snc(C)c2c(=O)n1Cc1ccccc1)N(CCCN)C(=O)c1ccc(C)cc1,1.61,b31504710e29597f4412333d3611c6ec
CCC1(C)CC(=O)NC1=O,0.23,f8c3e5305621555c424663f18b07405f
CCC1(c2ccc(N)cc2)CCC(=O)NC1=O,0.6,eab17c7d40c067c591dbdb2d73094f0a
CCC1(c2cccc(O)c2)CCCCN(C)C1,0.8,c867c9b84ba918b49b761df24203e815
CCC1(c2ccccc2)C(=O)NC(=O)NC1=O,0.05,2cd47192d3f2ae145a379ca8d6c4e2d0
CCC1(c2ccccc2)NC(=O)N(C)C1=O,1.59,e12459a7ea7e4d017772860faa0371ea
CCC1=C(C)CN(C(=O)NCCc2ccc(S(=O)(=O)NC(=O)N[C@H]3CC[C@H](C)CC3)cc2)C1=O,1.73,dc8730d38fb834b07b13057454dd631f
CCCC(=O)C1(c2ccccc2)CCN(C(=O)[C@@H](Cc2ccc(OC)cc2)NC(=O)[C@@H](N)Cc2cncn2C)CC1,2.51,97b1248afcbdad1e31a41ba9db362161
CCCC(=O)N1CCN(c2nnc(-c3ccccc3)c3ccccc23)CC1,3.2,82b3bb5a7eaed4ed346e02f9504c30fc
CCCC(=O)NCc1cncc(-c2ccc(F)cc2OC)c1,2.9,dcb315f2cf084b11515054865a332687
CCCC(=O)Nc1ccc(Cl)c(-c2nc3ncccc3o2)c1,3.37,4341ef1f8d9be997cfedecad0f0d0273
CCCC(=O)Nc1ccc(OCC(O)CNC(C)C)c(C(C)=O)c1,-0.27,8bb8de0ef260cd2da813b221b7d1e393
CCCC(=O)Nc1ccc2c(c1)C(=O)C(=O)c1ccccc1-2,2.81,5094b4cb7746fce411f6b47fdf0cc486
CCCC(C)(C)C[C@H](c1ccc(C(=O)O)c(Oc2cccc(Cl)c2)c1)N1CCC[C@H](n2cc(C)c(=O)[nH]c2=O)C1,1.99,ff362b550978723fe563d54c15dd3c50
CCCC(C)(COC(N)=O)COC(=O)NC(C)C,2.01,dc91bf8779854086d0eb6be1056893ac
CCCC1CCCCC(N)=N1,1.1,19ae196191a90f60270401cc47873957
CCCCC(CC)CNC(=O)c1cc(-n2ncc(=O)[nH]c2=O)ccc1Cl,2.41,c66c98c4d1d8fc69588715411a60876e
CCCCC(CC)CNC(=O)c1ccc2c(c1)c(Cc1ccc(C(=O)NS(=O)(=O)c3ccccc3C)cc1OC)cn2C,3.66,bcdfa66a6523639909b76021f4bdd4ee
CCCCC(CC)COC(=O)CC(C(=O)OCC(CC)CCCC)S(=O)(=O)O,2.93,553aa1d81cd23132250206b44d202f2b
CCCCC(NC(=O)CC1CCN(Cc2ccn(-c3ccc(C(F)(F)F)cc3)c2)CC1)c1ccc(=O)[nH]c1,2.89,b4b257859386b045f4797c733160a664
CCCCC(O)c1[nH]c2cc(C)c(C(=O)O)cc2c1CCc1ccccc1,2.59,6aaf191c18c93e16a723f1c2db764e93
CCCCC(c1ccncc1)n1[nH]c(=O)c2nc3cc(Cl)ccc3c(O)c2c1=O,1.4,87abf21e4d1c7169753c92fd2c842fdc
CCCCC1(CC)C(=O)NC(=O)NC1=O,1.5,49294e73e38bf1db915148650099f85a
CCCCC1=NC2(CCCC2)C(=O)N1Cc1ccc(-c2ccccc2-c2nn[nH]n2)cc1,1.29,01fb4d033188320b8cec1b8037b668bd
CCCCC1C(=O)N(c2ccccc2)N(c2ccccc2)C1=O,0.45,9c644cba3b3c8292837129a10ad53e7f
CCCCCC/N=c1\ccn(Cc2ccccc2)c2cc(Cl)ccc12,0.98,bda4d977f4649b4b50ceb9c41bd70969
CCCCCCCCCC(=O)N[C@@H](Cc1c[nH]c2ccccc12)C(=O)N[C@@H](CC(N)=O)C(=O)N[C@@H](CC(=O)O)C(=O)N[C@@H]1C(=O)NCC(=O)N[C@@H](CCCN)C(=O)N[C@@H](CC(=O)O)C(=O)N[C@H](C)C(=O)N[C@@H](CC(=O)O)C(=O)NCC(=O)N[C@H](CO)C(=O)N[C@@H]([C@H](C)CC(=O)O)C(=O)N[C@@H](CC(=O)c2ccccc2N)C(=O)O[C@@H]1C,-0.94,1695c4512476becb6fc00c0e7a1d096e
CCCCCCCN(CC)CCCC(O)c1ccc(NS(C)(=O)=O)cc1,1.2,1474d04c072aa146eb4b56743f19be27
CCCCCCCN(CCc1ccc(OC(C)(C)C(=O)O)cc1)C(=O)Nc1ccc(F)cc1F,1.93,5b8afab26bb3e1d4574def8ebe0c3db5
CCCCCCN1CC[C@]2(C)c3cc(O)ccc3CC1[C@@H]2C,2.5,a58a3d741298b9c45b86a8aa6d262c3f
CCCCCC[C@H]1OC(=O)CNC(=O)[C@@H]([C@H](C)O)NC(=O)[C@H](CO)NC(=O)[C@H]([C@H](C)CC)NC(=O)[C@H](CC(C)C)N(C)C(=O)[C@@H]1C,3.2,b81ef7e18a15fb1a9bd1261e9fd500e7
CCCCCOC(=O)Nc1nc(=O)n([C@@H]2O[C@H](C)[C@@H](O)[C@H]2O)cc1F,0.67,a607ec923daa1ce05a5059ed0027a28b
CCCCCSc1nc(O)c2sc(N)nc2n1,2.86,bd246c4a14720ce366956cfd198d34f3
CCCCC[C@H](c1ccc(C(=O)O)c(Oc2cccc(Br)c2)c1)N1CCC[C@H](n2cc(C)c(=O)[nH]c2=O)C1,1.69,f88b5737d5eaa149d5b1852dd5ff0ea4
CCCCCc1cc(=O)[nH]c(N)n1,1.62,a2fa9c98078325f4d466d675f08e8d9e
CCCCCc1ccc(-c2nnc(N)s2)cc1,4.13,f552d2732ddfdf78139bd4fca63e1b94
CCCCN(CCCC)CCCOC(=O)c1ccc(N)cc1,1.93,47f4b2f2797715dc6b2e60ef62946b82
CCCCN(CCNCCc1ccc(O)c2[nH]c(=O)sc12)C(=O)CCOCCc1ccccc1,3.0,70cce7540d9370e10fa54ea229371dd4
CCCCN(CCNC[C@H](O)c1ccc(O)c2[nH]c(=O)sc12)C(=O)CCOCCc1ccccc1,2.51,10a36f6c44a559b260df72726521a066
CCCCN1Cc2c(nc3cc(-c4ccco4)nn3c2O)C1=O,0.8,1f073e5674c237a9a016e04c1552723d
CCCCNC(=O)NS(=O)(=O)c1ccc(C)cc1,0.44,b823bb6221df134b3826d0910a907f21
CCCCNc1cc(C(=O)O)cc(S(N)(=O)=O)c1Oc1ccccc1,-0.3,ec9705a3f14649a3ea30f414b49b2618
CCCCNc1ccc(C(=O)OCCN(C)C)cc1,2.11,898ed79f26bd405e30b853e06b5e43d6
CCCCNc1nc(N)c2[nH]c(=O)n(Cc3ccc(OCCN(C)C)nc3)c2n1,1.9,dde40b505f3ce51ed0db2a4af35f0f0b
CCCCNc1nc(SCCC)nc2c1nnn2[C@@H]1C[C@H](CO)[C@@H](O)[C@H]1O,3.07,9d0fe4fa90d65eaae5b22cf4f60c22ee
CCCCOc1nc(N)c2[nH]c(=O)n(Cc3cccc(CC(=O)O)c3)c2n1,0.14,7bd07a9010977cc520c069893653dcb7
CCCCOc1nc(N)c2[nH]c(=O)n(Cc3cccc(CC(=O)OC)c3)c2n1,3.76,9b186506ed4f4e00422b6fb1fa25320b
CCCCSc1nc(N)c2ncn(Cc3c(F)ccc(C)c3F)c2n1,3.0,d7826b87924182c9b8172a46c4f50ff0
CCCCSc1nc(N)c2ncn([C@@H]3O[C@H](CO)[C@@H](O)[C@H]3O)c2n1,1.51,f0725aa7ad73815458d70c9a9a435279
CCCC[C@@H](C=O)NC(=O)[C@H](CC(C)C)NC(=O)[C@H](CC(C)C)NC(C)=O,2.6,b72fa096736daaccc8719d69ee7b5780
CCCCc1nc2c(N)nc3ccccc3c2n1CC(C)(C)O,2.37,a5783b3b9e4da32f863e3f6999bd2c9a
CCCCc1nc2c(N)nc3ccccc3c2n1CC(C)C,3.82,3f9a49b5290051a2bdd3a17f60bab72f
CCCCc1nc2c(N)nc3ccccc3c2n1Cc1ccccc1,4.17,c7595ee1c7c25a40176fb825260289fc
CCCCc1ncc(/C=C(\Cc2cccs2)C(=O)O)n1Cc1ccc(C(=O)O)cc1,-0.9,7bfbcf4f7efe5572dd018353a59cc70e
CCCCn1c(Cc2cc(OC)c(OC)c(OC)c2)nc2c(N)ncnc21,2.39,f6264e3d2f79ae2de90ac20b72084408
CCCN(C)c1nc(N2CCC[C@@H](CC(=O)O)C2)ccc1C(=O)NC1CCCCC1,2.28,a22809614eb3093e03d19c084fa3bd83
CCCN(CCC)C(=O)c1cccc(C(=O)N[C@@H](Cc2ccccc2)[C@H](O)CNC2Cc3ccccc3C2)c1,3.3,8dc7baade3ce8ddfcef803e468c44b33
CCCN(CCC)C(=O)c1cccc(C(=O)N[C@@H](Cc2ccccc2)[C@H](O)CNCc2cccc(OC)c2)c1,2.7,1f5129fd36e0901520a7a57a1c194ea8
CCCN(CCC)CCc1cccc2c1CC(=O)N2,0.76,f5bcad2c981757c039cb6b691dd592b1
CCCN(CCC)S(=O)(=O)c1ccc(C(=O)O)cc1,0.03,26523672c6f205bdc66c9c5c8781df16
CCCN(CCCOCCOCCc1ccccc1)CCc1ccc(O)c2nc(O)sc12,2.74,09da55e6242914f1ddd269fd00351e21
CCCN(CCNCCc1ccc(O)c2[nH]c(=O)sc12)C(=O)CCOCCc1ccccc1,2.23,950afbbafc3c7e45b05dee69e59beafb
CCCN(CCO)CCCOc1cc2ncnc(Nc3cc(CC(=O)Nc4cccc(F)c4F)[nH]n3)c2cc1OC,1.28,3f130de7f1a20e1bb874fe3a41d5edaf
CCCN(CCO)CCCOc1ccc2c(Nc3cc(CC(=O)Nc4cccc(F)c4F)[nH]n3)ncnc2c1,2.19,401a459a50a74b2d4503d827467612ed
CCCN(c1cccnc1)P(=O)(c1ccccc1)c1ccccc1,2.6,e0c3a7f68351634f868410dd77136753
CCCN1CCC(Oc2nccc(Nc3cc(NC(=O)c4cccc(N5CCOCC5)c4)ccc3C)n2)CC1,2.6,09be16eb22ac9be264bd1b79c7f6c864
CCCN1CCN(c2ccc(C(=O)NC3(C(=O)NCC#N)CCCCC3)cc2)CC1,1.33,4a8578145261b3492dfcfac800c20c29
CCCNC(=O)CSc1ccc(S(=O)(=O)N2CCCC2)cn1,1.55,354343e08696a870ca5d75a2895e1768
CCCNC(=O)NS(=O)(=O)c1ccc(Cl)cc1,-0.33,501afd256c9d15c58c0d939f21b1121e
CCCNC(=O)c1cc2c(-n3ccc(C(F)(F)F)n3)c(-c3cncc(C(=O)O)c3)cnc2[nH]1,-0.79,e6323c9b7c4e4a5ffd2ca6c37d902d3d
CCCNC(=O)c1nnc2c(-c3cc(C)ccc3OC)cccc2c1N,3.99,b6eb90afb7554805afbb764543c3cc28
CCCNC(=O)c1nnc2c(-c3ccc(OC)cc3OC)c(F)ccc2c1N,3.52,04123faff2e6e9ce5341710b2fdb7bcb
CCCNC(=O)c1nnc2c(-c3ccccc3)cccc2c1N,3.8,91fe23a8c4e8e4f8f87f191b9ef36503
CCCNC(=O)c1nnc2c(-c3cnc(OC)nc3OC)cccc2c1N,3.26,a1c908fc1c761d1e36d766f9ccd88053
CCCNC(=O)c1nnc2c(-c3cncc(C(=O)N4CCC4)c3)cccc2c1N,2.79,13e035cca8bdb7dca4662bd453ce3edb
CCCNC(=O)c1nnc2c(-c3cnccc3OC)cccc2c1N,2.83,d6af009673fb569e4e3c24d15cf40546
CCCNC(=O)c1nnc2c(-c3ncccn3)c(F)ccc2c1N,2.07,d3d7654a4007f57be7a85f6f96094e6d
CCCNC(=O)c1nnc2c(-c3ncccn3)cccc2c1N,1.86,91fe23a8c4e8e4f8f87f191b9ef36503
CCCNCC(O)COc1ccccc1C(=O)CCc1ccccc1,1.72,e240bc011d28786f34e5bbb62688da07
CCCNC[C@@H](O)COc1ccccc1C(=O)CCc1ccccc1,1.56,e240bc011d28786f34e5bbb62688da07
CCCNC[C@H](O)COc1ccccc1C(=O)CCc1ccccc1,1.69,e240bc011d28786f34e5bbb62688da07
CCCNCc1cnc(-c2ccc(C(=O)Nc3ccccc3N)cc2)s1,1.75,c0ecee2700596aa61246cff5ce5fd4aa
CCCN[C@H]1CCc2nc(N)sc2C1,3.15,e3fcaded673e083bb96d04f18b543d4a
CCCNc1nc(N2CCC[C@@H](CC(=O)O)C2)ccc1C(=O)NC1CCCCC1,2.33,c0564f46871b5d1fb13d5c942bf41961
CCCOc1cc(OCCCN2CCCC2)ccc1C(=O)Nc1cccc(O)c1,2.46,a1c3ff26fcb8435df3051b89ed7f4d28
CCCOc1nc(N2CCC[C@@H](CC(=O)O)C2)ccc1C(=O)NC1CCCCC1,2.81,c0564f46871b5d1fb13d5c942bf41961
CCCS(=O)(=O)N1CCCC(C(=O)N2CCC(Cc3ccccc3)CC2)C1,3.44,e05b4f3a2e8f88617a6da14bf8b7d244
CCCS(=O)(=O)N1N=Cc2cc(Cl)ccc2B1O,-0.4,fbed2052ebc2da725369fb449c500acb
CCCS(=O)(=O)c1ccc(C(CNS(=O)(=O)c2ccc(C(F)(F)F)cc2)N2CCCCCC2)cc1,3.32,76c23a64eeb9e7711264c38f1275952c
CCCS(=O)(=O)c1ccc(Nc2nccc(-c3cnc(C)n3C(C)C)n2)cc1,3.37,ee6bcbf6c0232ef9991c472e877e1d2c
CCCSc1c(C(=O)N(C)C2CCCCC2)cnn1-c1ccc(C(=O)O)cc1,0.59,9bbaa8919910c4882ba54222e94399ba
CCCSc1c(C(=O)NC2CCCCC2)cnn1-c1ccc(C(=O)O)cc1,0.64,3f205640684cead92a33868808cb8953
CCCSc1c(C(=O)NC2CCCCC2)cnn1-c1cccc(C(=O)O)c1,0.7,c2534d839aab45492f4180ffb1face51
CCCSc1c(C(=O)NC2CCCCC2)cnn1C,2.99,80d01735fa198104976927ed3b74bc51
CCCSc1c(C(=O)NC2CCCCC2)cnn1[C@H]1CC[C@@H](C(=O)O)CC1,1.39,3f205640684cead92a33868808cb8953
CCCSc1c(C(=O)NC2CCCCC2)cnn1[C@H]1CC[C@H](C(=O)O)CC1,1.03,3f205640684cead92a33868808cb8953
CCCSc1ccc2nc(NC(=O)OC)[nH]c2c1,3.24,d672e7fa94e067fb4dbfae7aad62cfe7
CCCSc1nc(N2CCC(C(=O)O)CC2)ccc1C(=O)NC1CCCCC1,1.6,38756ca580db1e9b98a54ce5bfe92537
CCCSc1nc(N2CCCC(C(=O)O)C2)ccc1C(=O)NC1CCCCC1,1.72,84931d0f749069eff59e3970a8d6d27c
CCCSc1nc(N2CCCCC2C(=O)O)ccc1C(=O)NC1CCCCC1,1.36,e5870aee1b22e48d4b01c36d8a3245ab
CCCSc1nc(N2CCC[C@H](CC(=O)O)C2)ccc1C(=O)NC1CCCCC1,2.18,c0564f46871b5d1fb13d5c942bf41961
CCCSc1nc(N2CCOCC2)ccc1C(=O)N[C@H]1C2CC3CC1C[C@](O)(C3)C2,3.2,a8c8d53afd8eef5bbca1db70af270ba0
CCCSc1nc(NC)ccc1C(=O)N[C@H]1C2CC3CC1C[C@](O)(C3)C2,3.27,afe061b48e140e5b8967b5d6eb55cc90
CCCSc1nc(NC[C@H]2CC[C@H](C(=O)O)CC2)ccc1C(=O)NC1CCCCC1,2.61,2fbe27e73b6a94d75579a38fc9bbdfd8
CCCSc1nc(N[C@@H]2C[C@H]2c2ccccc2)c2nnn([C@@H]3C[C@H](C(N)=O)[C@@H](O)[C@H]3O)c2n1,2.05,06e036586a3a9c10fceafc4e63f646ad
CCCSc1nc(N[C@@H]2C[C@H]2c2ccccc2)c2nnn([C@@H]3C[C@H](CO)[C@@H](O)[C@H]3O)c2n1,3.99,336194a078d46b125261f4df181788fb
CCCSc1nc(N[C@@H]2C[C@H]2c2ccccc2)c2nnn([C@@H]3C[C@H](O)[C@@H](O)[C@H]3O)c2n1,3.97,d04379dfc05f3f03b03a4f55d978b1a5
CCCSc1nc(N[C@@H]2C[C@H]2c2ccccc2)c2nnn([C@@H]3C[C@H](OCCO)[C@@H](O)[C@H]3O)c2n1,3.87,1baf563d80c4a0075e274bd0ab6f73d2
CCCSc1nc(N[C@H]2CC[C@H](C(=O)O)CC2)ccc1C(=O)NC1CCCCC1,2.02,984a7422bc446288f0a35ce6cbe2ff41
CCCSc1nc(Oc2ccc(CC(=O)O)cc2)ccc1C(=O)NC1CCCCC1,1.79,6db32501bb38c56b4e3b8a3cea3aec77
CCCSc1nc2ccc(NC(=O)CCC(=O)O)cc2s1,0.5,a1b9a438d5eb54af794635a3dac1638d
CCCSc1nc2ccc(NC(=O)CCNC(N)=O)cc2s1,2.9,df74d0612a28a4618159da3ec71b25b8
CCCSc1ncccc1C(=O)N(C)C1CCCCC1,3.36,cfc20fd330e7535ece7a6792f89823a8
CCCSc1ncccc1C(=O)N(C)C1CCOCC1,1.63,cfc20fd330e7535ece7a6792f89823a8
CCCSc1ncccc1C(=O)N(C)[C@@H]1[C@@H]2CC3C[C@H]1C[C@@](O)(C3)C2,2.49,150f4b0f3e9ee4607b9842923b45f9eb
CCCSc1ncccc1C(=O)N(C)[C@H]1[C@@H]2CC3C[C@H]1C[C@@](O)(C3)C2,2.48,150f4b0f3e9ee4607b9842923b45f9eb
CCCSc1ncccc1C(=O)N1CCCC1c1ccncc1,1.95,2b0fbfc86ef5e8da3a0e0062218f404f
CCCSc1ncccc1C(=O)NC1CCC(F)(F)CC1,2.85,60dc443d164356ad0b00a883be6702a8
CCCSc1ncccc1C(=O)NC1CCCCC1,3.24,5c93c26b01f441d4c3188e6167a12d58
CCCSc1ncccc1C(=O)N[C@@H]1[C@@H]2CC3C[C@H]1C[C@@](O)(C3)C2,2.27,1a2731ed5ac7272df85d45fd06fc625a
CCC[C@@H](CN1CCCC1)N(C)C(=O)Cc1ccc(Cl)c(Cl)c1,2.27,0739e1625f9655a37f505ffe0faefdd2
CCC[C@@H](CNC(=O)c1nc(Cl)c(N)nc1N)[N+](C)(C)CCCc1ccc(OC)cc1,0.4,09cea5319fce88e2208bb9e8fe36ad2f
CCC[C@@H](c1ccc(C(=O)O)c(Oc2cccc(Cl)c2)c1)N1CCC[C@H](n2cc(C)c(=O)[nH]c2=O)C1,0.5,b97856ef9e84609fd265f84e26d86068
CCC[C@H](CO)Nc1nc(SCc2ccccc2)nc2nc(N)sc12,3.8,7c6c3f1e1753b19be6ebd323b17ae3e1
CCC[C@H](CO)Nc1nc(S[C@@H](C)c2cccc(C#N)c2)nc2[nH]c(=O)sc12,3.7,4340053a6cafd8bc53480f3da14d58b6
CCC[C@H](c1ccc(C(=O)O)c(Oc2cccc(Cl)c2)c1)N1CCC[C@H](n2cc(C)c(=O)[nH]c2=O)C1,0.6,b97856ef9e84609fd265f84e26d86068
CCC[C@H]1CN(Cc2cc(Cl)ccc2OCC(=O)O)CCN1S(=O)(=O)c1ccccc1,1.02,ef4e3f5da2252f3193b2e67366e0b0bd
CCCc1c(C(=O)Nc2cc(C)on2)cnn1-c1ccccc1,3.7,5947bce515f184d7b4af95d93b4d8a4b
CCCc1c(C(=O)Nc2ccc(F)cc2C)cnn1-c1ccccc1,3.89,545829e1d0dc2cb82f02b5854edd3a77
CCCc1c(O)c(O)c(C(=O)O)c2cc(Cc3ccccc3)c(C)cc12,2.6,a794596566e0e84c878eb34710810b7e
CCCc1c(OCCCCSCC(=O)O)ccc(C(C)=O)c1O,1.3,74481668212ea0af91ead9cd51d8fe9c
CCCc1c(OCCCOc2ccc3c(=O)cc(C(=O)O)oc3c2CCC)ccc(C(C)=O)c1O,3.0,72ab0c7b385848dcf74d17f400eb4a42
CCCc1c(OCCCSc2ccc(CC(=O)O)cc2Cl)ccc(C(=O)CC)c1O,3.57,00f6377812efb8d19945762e63a6f7a4
CCCc1c(OCCCSc2ccc(CC(=O)O)cc2Cl)ccc2c(CC)noc12,3.92,ec5a1192624d771f24e73e22c4a34794
CCCc1c(OCc2ccc(-c3nn[nH]n3)cc2)ccc(C(C)=O)c1O,3.1,9f81bbd5cb608fce95ea21fdb91e15a7
CCCc1c(OCc2ccc(-c3nn[nH]n3)cc2OC)ccc(C(C)=O)c1O,2.8,b5ee8d6cdf3902d015a906e6a69213c0
CCCc1c(OCc2ccc(/C=C/c3nn[nH]n3)cc2)ccc(C(C)=O)c1O,3.3,5ec882474ba3abe68a289c83253d2d6c
CCCc1c(OCc2ccc(C(=O)O)c(Br)c2)ccc(C(C)=O)c1O,2.3,1c7544f45260a0a785eb4644c97faa23
CCCc1c(OCc2ccc(C(=O)O)cc2)ccc(C(C)=O)c1O,2.1,d5028a77284b05d34cae4ba594aa25fc
CCCc1c(OCc2cccc(NC(=O)Cc3ccccc3C(=O)O)c2)ccc(C(C)=O)c1O,2.95,b94128b7a3b4c400d44903c3f560320d
CCCc1c(OCc2cccc(NC(=O)c3ccccc3C(=O)O)c2)ccc(C(C)=O)c1O,1.9,944f02ac34625d9ccca57190ef5addbe
CCCc1cc(=O)[nH]c(=S)[nH]1,0.7,9d9a5c982042c668a6018e8f20ac7511
CCCc1cc(C2=N[C@@H](C(=O)NO)CO2)cc(OC)c1OC,1.69,47a2b7dc0adcc29f3db47aaf8454c464
CCCc1cc(Nc2nc(NCc3cc(C)no3)ncc2Br)n[nH]1,3.63,136ef3b4c9a96c843915b3e6e58bc1cd
CCCc1cc(OCc2ccccc2)cc(=O)n1Cc1ccc(-c2ccccc2-c2nn[nH]n2)cc1,2.4,edbff0959284986e2e5a406e04689745
CCCc1nc2c(C)cc(-c3nc4ccccc4n3C)cc2n1Cc1ccc(-c2ccccc2C(=O)O)cc1,2.21,f53d91422a28888b4fb6089d1b3110a6
CCCc1nc2c(N)nc3ccccc3c2s1,4.09,3512899eb6c6c63997413e89edb5dc56
CCCc1nn(C)c2c(=O)[nH]c(-c3cc(S(=O)(=O)N4CCN(C)CC4)ccc3OCC)nc12,2.8,f5c1eb928b1d6e66eb0d877ac3228ea8
CCN(C(=O)Cc1ccc(C#N)cc1)C1CCN(CCC(c2ccccc2)c2ccccc2)CC1,3.9,ef302e0d29a27f77b7550f3aa7360875
CCN(C(=O)Cc1ccc(S(=O)(=O)N(C)C)cc1)C1CCN(CCC(c2ccccc2)c2ccccc2)CC1,3.7,1c9bd7442876cbcb190d2c4ca1acb31f
CCN(C(=O)Cc1ccc(S(C)(=O)=O)cc1)C1CCN(CCC(c2ccc(F)cc2)c2ccc(F)cc2)CC1,3.21,2b8c5afa37c1c731bd626389b1a1a88a
CCN(C(=O)Cc1ccc(S(C)(=O)=O)cc1)C1CCN(CCC(c2ccc(NC(C)=O)cc2)c2cccc(F)c2)CC1,2.41,873a9983462b57f25cffb2fb1307715c
CCN(C(=O)Cc1ccc(S(C)(=O)=O)cc1)C1CCN(CCC(c2ccccc2)C2CCN(Cc3ccccc3)CC2)CC1,2.41,a0129a0ad45daa4e8ee91347c1334afe
CCN(C(=O)Cc1ccc(S(C)(=O)=O)cc1)C1CCN(CCC(c2ccccc2)C2CCN(S(=O)(=O)CC)CC2)CC1,1.63,1526cbbebcaa2e165cb4553742d913cd
CCN(C(=O)Cc1ccc(S(C)(=O)=O)cc1)C1CCN(CCC(c2ccccc2)N2CCC(C(C)=O)CC2)CC1,0.9,6d22d99d82e4304e1c9a73f5f7480806
CCN(C(=O)Cc1ccc(S(C)(=O)=O)cc1)C1CCN(CCC(c2ccccc2)N2CCN(c3cccc(F)c3)CC2)CC1,3.21,5c5a0b3ff077ebc63d9dcd494d9b8584
CCN(C(=O)Cc1ccc(S(C)(=O)=O)cc1)C1CCN(CCC(c2ccccc2)N2CCN(c3ccccc3)CC2)CC1,2.67,039ad7f0f6a84483238f81628dd2cee3
CCN(C(=O)Cc1ccc(S(C)(=O)=O)cc1)C1CCN(CCC(c2ccccc2)c2ccc(C#N)cc2)CC1,2.76,206e8ac7e1c065388d7debb2b259b9e2
CCN(C(=O)Cc1ccc(S(C)(=O)=O)cc1)C1CCN(CCC(c2ccccc2)c2ccc(NC(=O)C(C)(C)C)cc2)CC1,2.98,ae12a83721d9bbedbca27863cee4a88c
CCN(C(=O)Cc1ccc(S(C)(=O)=O)cc1)C1CCN(CCC(c2ccccc2)c2ccc(NC(=O)Cc3ccccc3)cc2)CC1,3.61,269964547bdf7796b3cb0bb00326d730
CCN(C(=O)Cc1ccc(S(C)(=O)=O)cc1)C1CCN(CCC(c2ccccc2)c2ccc(NC(C)=O)cc2)CC1,2.09,0e1d7205932b1ba3261f0d96186c439c
CCN(C(=O)Cc1ccc(S(C)(=O)=O)cc1)C1CCN(CCC(c2ccccc2)c2ccc(NS(C)(=O)=O)cc2)CC1,1.84,d060003da7bd611ebc1cccaa2b058ea2
CCN(C(=O)Cc1ccc(S(C)(=O)=O)cc1)C1CCN(CCC(c2ccccc2)c2ccc(S(C)(=O)=O)cc2)CC1,1.73,1aa23906a9dc9c4607ce14b10a9db75c
CCN(C(=O)Cc1ccc(S(C)(=O)=O)cc1)C1CCN(CCC(c2ccccc2)c2ccccc2)CC1,3.0,34ee64ae2cfa45f22a86dd01a8333484
CCN(C(=O)Cc1ccc(S(C)(=O)=O)cc1)C1CCN(CC[C@@H](c2cc(C)cc(C)c2)C2CCN(S(C)(=O)=O)CC2)CC1,1.93,b239489711925b2f491b61ab5d636082
CCN(C(=O)Cc1ccc(S(C)(=O)=O)cc1)C1CCN(CC[C@@H](c2cc(Cl)cc(Cl)c2)C2CCN(S(C)(=O)=O)CC2)CC1,2.6,b239489711925b2f491b61ab5d636082
CCN(C(=O)Cc1ccc(S(C)(=O)=O)cc1)C1CCN(CC[C@@H](c2cc(F)cc(F)c2)N2CCN(S(C)(=O)=O)CC2)CC1,1.25,b239489711925b2f491b61ab5d636082
CCN(C(=O)Cc1ccc(S(C)(=O)=O)cc1)C1CCN(CC[C@@H](c2ccc(F)cc2)c2ccc(S(C)(=O)=O)cc2)CC1,1.88,de39b2a767ff0da445fe758015138815
CCN(C(=O)Cc1ccc(S(C)(=O)=O)cc1)C1CCN(CC[C@@H](c2cccc(C(F)(F)F)c2)C2CCN(S(C)(=O)=O)CC2)CC1,1.9,9944a2b11c1b2383f5c575706d72cd40
CCN(C(=O)Cc1ccc(S(C)(=O)=O)cc1)C1CCN(CC[C@@H](c2cccc(F)c2)C2CCN(S(C)(=O)=O)CC2)CC1,1.44,112bdc50a11365fe20282d6473072bf4
CCN(C(=O)Cc1ccc(S(C)(=O)=O)cc1)C1CCN(CC[C@@H](c2ccccc2)C2CCN(S(=O)(=O)C(F)(F)F)CC2)CC1,3.39,10e42a95ea8e5ec0a0488dfdc9d7eb52
CCN(C(=O)Cc1ccc(S(C)(=O)=O)cc1)C1CCN(CC[C@@H](c2ccccc2)C2CCN(S(C)(=O)=O)CC2)CC1,1.05,1aa23906a9dc9c4607ce14b10a9db75c
CCN(C(=O)Cc1ccc(S(C)(=O)=O)cc1)C1CCN(CC[C@@H](c2ccccc2)N2CCN(S(=O)(=O)C(F)(F)F)CC2)CC1,2.86,10e42a95ea8e5ec0a0488dfdc9d7eb52
CCN(C(=O)Cc1ccc(S(C)(=O)=O)cc1)C1CCN(CC[C@@H](c2ccccc2)N2CCN(S(=O)(=O)CC(F)(F)F)CC2)CC1,1.8,f9ca1c406930433031d80a54a4b40b13
CCN(C(=O)Cc1ccc(S(C)(=O)=O)cc1)C1CCN(CC[C@@H](c2ccccc2)c2ccc(S(C)(=O)=O)cc2)CC1,1.38,1aa23906a9dc9c4607ce14b10a9db75c
CCN(C(=O)Cc1ccc(S(C)(=O)=O)cc1)C1CCN(CC[C@H](c2ccc(S(C)(=O)=O)cc2)c2cc(F)c(F)c(F)c2)CC1,2.55,f96cbe861fc4ba007e82f2eef12f4278
CCN(C(=O)Cc1ccc(S(C)(=O)=O)cc1)C1CCN(CC[C@H](c2ccc(S(C)(=O)=O)cc2)c2cc(F)cc(Cl)c2)CC1,2.71,b239489711925b2f491b61ab5d636082
CCN(C(=O)Cc1ccc(S(C)(=O)=O)cc1)C1CCN(CC[C@H](c2ccc(S(C)(=O)=O)cc2)c2cc(F)cc(F)c2)CC1,2.2,b239489711925b2f491b61ab5d636082
CCN(C(=O)Cc1ccc(S(C)(=O)=O)cc1)C1CCN(CC[C@H](c2ccc(S(C)(=O)=O)cc2)c2cccc(Cl)c2)CC1,2.37,112bdc50a11365fe20282d6473072bf4
CCN(C(=O)Cc1ccc(S(C)(=O)=O)cc1)C1CCN(CC[C@H](c2ccc(S(C)(=O)=O)cc2)c2cccc(F)c2)CC1,2.9,112bdc50a11365fe20282d6473072bf4
CCN(C(=O)Cc1ccc(S(C)(=O)=O)cc1)C1CCN(Cc2ccc(C(F)(F)F)cc2)CC1,2.9,559e131a716e6dd1abb2f77f198c8ed7
CCN(C(=O)Cc1ccc(S(N)(=O)=O)cc1)C1CCN(CCC(c2ccccc2)c2ccccc2)CC1,2.4,34ee64ae2cfa45f22a86dd01a8333484
CCN(C(=O)Cc1ccc([N+](=O)[O-])cc1)C1CCN(CCC(c2ccccc2)c2ccccc2)CC1,4.1,837eaae3554b931f695101b97a34a0c2
CCN(C(=O)NCc1c(F)cccc1F)C1CCN(CCC(c2ccccc2)c2ccccc2)CC1,4.3,bccdeb1a4eb62fbfee3355cfc6331d74
CCN(C(=O)NCc1ccc(F)cc1)C1CCN(CCC(c2ccccc2)c2ccccc2)CC1,3.9,52e8b3746b8315f02d16a599b20250cc
CCN(C(=O)NCc1ccc(S(C)(=O)=O)cc1)C1CCN(CCC(c2ccccc2)c2ccccc2)CC1,2.86,95e038dc0c7795b24c632f022fc31d04
CCN(C(=O)NCc1ccccc1)C1CCN(CCC(c2ccccc2)c2ccccc2)CC1,4.0,04d7c2c31eb82631860ea438b3338fae
CCN(C(=O)Nc1ccccc1)c1ccccc1,3.1,cc29fe633fd6225d8745f3ebb25acbd3
CCN(C(=O)c1ccc(-c2ccc(Cl)cc2)o1)c1ccc(N2CCNCC2)cc1,3.3,c370edbb93c3992833835535993ac148
CCN(C(=O)c1cnn(-c2ccccc2)c1NS(=O)(=O)c1ccc(-c2cnco2)cc1)C1CCCCC1,1.46,7b2a6de68591f57cc771013e3e3473f1
CCN(C(C)=O)c1cccc2c1c(Sc1ccc(Cl)cc1)c(C)n2CC(=O)O,1.61,f1868b2f66d70d2305e52fd1beeeec13
CCN(C)C(=O)c1ccc(C(=C2CCN(Cc3ccc(F)cc3)CC2)c2ccccc2NC(C)=O)cc1,2.79,1f523deb3473d6d005ff6f737600d786
CCN(C)C(=O)c1ccc(C(=C2CCN(Cc3cscn3)CC2)c2cccc3cccnc23)cc1,2.65,4eb8f924c1070c4d28595b7055eff297
CCN(C)C(=O)c1ccc([C@H](c2cccc(NC(=O)C3CCC3)c2)N2CCN(Cc3cccnc3)CC2)cc1,3.27,22fc4d5634d00b233c77240d6d74adfe
CCN(CC)C(=O)Cc1csc(NS(=O)(=O)c2cccc(Cl)c2C)n1,1.67,27144c10572377ea926d818d80935f28
CCN(CC)C(=O)N[C@H]1C[C@@H]2c3cccc4[nH]cc(c34)C[C@H]2N(C)C1,2.73,91a12bea73c863f07b412409f03413cc
CCN(CC)C(=O)c1ccc(C(=C2CCN(Cc3ccc(F)cc3)CC2)c2ccc(NC(=O)OC)cc2)cc1,4.01,e7f7846c8d8b434d9ac831bf81640566
CCN(CC)C(=O)c1ccc(C(=C2CCN(Cc3ccc(F)cc3)CC2)c2cccc3cccnc23)cc1,3.86,ec0598e5c6f3c55bf9d524e99f97b820
CCN(CC)C(=O)c1ccc(C(=C2CCN(Cc3ccc(F)cc3)CC2)c2ccccn2)cc1,3.28,75b34783b3414841198a6c9dbb956ebd
CCN(CC)C(=O)c1ccc(C(=C2CCN(Cc3ccc(F)cc3)CC2)c2cccnc2)cc1,3.65,75b34783b3414841198a6c9dbb956ebd
CCN(CC)C(=O)c1ccc(C(=C2CCNCC2)c2ccc(Cl)c(Cl)c2)cc1,2.4,8ea52c83f0ccb00960372a903c24fbb9
CCN(CC)C(=O)c1ccc(C(=C2CCNCC2)c2cccc(C(F)(F)F)c2)cc1,1.9,c244a49c8de4620a8c005aaabbca9fc1
CCN(CC)C(=O)c1ccc(C(=C2CCNCC2)c2ccccc2)cc1,1.2,e55b37204afbe6080dfd9983f4f0fdd1
CCN(CC)C(=O)c1ccc(C(=C2CCNCC2)c2ccccc2OC)cc1,1.0,53470759a0e98fac81ea185c7c622681
CCN(CC)C(=O)c1ccc(C(c2cccc3cccnc23)N2CCNCC2)cc1,0.7,3f700ec8d4907aaa7e306e18e9a427a5
CCN(CC)C(=O)c1ccc(C2=CC3(CCNCC3)Oc3cccc(O)c32)cc1,0.54,b19b33494fe213991670295568d0241a
CCN(CC)C(=O)c1ccc(C2=CC3(CCNCC3)Oc3ccccc32)c(O)c1,0.77,f4ce648d599a0029694da4dbb6fde843
CCN(CC)C(=O)c1ccc([C@H](c2cccc(NC(=O)C3CC3)c2)N2CCN(CCOC)CC2)cc1,2.35,2b6e5087d4d98da999a3223a89ae64b2
CCN(CC)C(=O)c1ccc([C@H](c2cccc(NC(=O)C3CC3)c2)N2CCN(Cc3ccc(F)cc3)CC2)cc1,3.99,7fd4e93013a32ea5c7d311215cbaf1d9
CCN(CC)C(=O)c1ccc2[nH]c(-c3cc(C)cc(C)c3)c(CCNCCCCc3ccncc3)c2c1,3.3,3f8702fee05c6be34fc9eb28dc62b411
CCN(CC)C(C)C(=O)c1ccccc1,1.18,f9373a24539f803efe520bc83b750f08
CCN(CC)CC#CCOC(=O)C(O)(c1ccccc1)C1CCCCC1,3.65,f9935138d2cb20eedd1117a0ed16fed9
CCN(CC)CC(=O)Nc1c(C#N)cnn1-c1ccccc1,0.4,8b63a5bb60591b8e1c42f33d5749e812
CCN(CC)CCCC(C)Nc1c2ccc(Cl)cc2nc2ccc(OC)cc12,2.17,3eebd639708954f1173116e62640672f
CCN(CC)CCCNCc1cc(Cl)c2cccnc2c1O,0.72,1a64d167538a4d120d9b7a95aceed5a3
CCN(CC)CCN1C(=O)CN=C(c2ccccc2F)c2cc(Cl)ccc21,2.38,5669868c8fd71f36843aafe3ad898873
CCN(CC)CCN1C(=O)[C@@](O)(c2ccccc2Cl)c2c1cc(C(N)=O)cc2C(F)(F)F,2.4,acd8b42c287e3b9a96fb4edb66b6aa4b
CCN(CC)CCNC(=O)c1c(C)[nH]c(/C=C2\C(=O)Nc3ccc(Cl)cc32)c1C,2.75,fe6ae6b0b3ac557519da8d37cba3d42e
CCN(CC)CCNC(=O)c1c(C)[nH]c(/C=C2\C(=O)Nc3ccc(F)cc32)c1C,2.26,fe6ae6b0b3ac557519da8d37cba3d42e
CCN(CC)CCNC(=O)c1cc(Br)c(N)cc1OC,0.54,3a5c4508a84b7617e40e8a894eaff516
CCN(CC)CCNC(=O)c1cc(Cl)c(N)cc1OC,0.34,3a5c4508a84b7617e40e8a894eaff516
CCN(CC)CCNC(=O)c1cc(S(C)(=O)=O)ccc1OC,-0.9,eaaf0bc27caa5180f21727d090f59baa
CCN(CC)CCNC(=O)c1ccc(N)cc1,-0.92,c3d80af21e1624dea5a8a9cd85a2b1b8
CCN(CC)CCNc1ncnc2c1sc1nc(N3CCOCC3)c3c(c12)CCCC3,3.3,caead55ad4ecc8163576a9e12b4e2c9c
CCN(CC)CCOC(=O)C1(C2CCCCC2)CCCCC1,3.72,105c470bdc90c6206b0c1bfafdf79b75
CCN(CC)CCOC(=O)C1(c2ccccc2)CCCC1,2.3,0f23fab929a34a01a748fe2ea469d6cb
CCN(CC)CCOC(=O)c1ccc(N)cc1,0.0,c3d80af21e1624dea5a8a9cd85a2b1b8
CCN(CC)CCOCCOC(=O)C1(c2ccccc2)CCCC1,1.33,765ec1feb09ea5a4ab1b7a448b094ae8
CCN(CC)CCOc1ccc(/C(=C(/Cl)c2ccccc2)c2ccccc2)cc1,4.09,8e068ff2be7394ab17124e352c9036a3
CCN(CC)CCOc1ccc(C(O)(Cc2ccc(Cl)cc2)c2ccc(C)cc2)cc1,3.98,ff15979b1d6c736252b0eb8023516053
CCN(CC)CCOc1ccc(N(C)C(=O)c2ccc(-c3ccc(C(F)(F)F)cc3)cc2)cc1OC,3.13,3da8ce01532b1cc0f725822c1ea6aac2
CCN(CC)CCn1c2ccccc2c2cnc(N)c(C#N)c21,2.7,425c298ac388d0211753b7c77d21be5b
CCN(CC)Cc1cc(Nc2ccnc3cc(Cl)ccc23)ccc1O,2.9,41803603b57308a2e0f1268a72544253
CCN(CC)S(=O)(=O)c1ccc(-c2cc(C(F)(F)F)ccc2OCC(=O)O)cc1,0.67,4e3a09c683667e2648da88069d4321fc
CCN(CC)S(=O)(=O)c1ccc(-c2nnc(SCC(=O)N3CCc4ccccc43)o2)cc1,3.9,f801cec5a4d89c18064e9fbd29abcaa5
CCN(CC)S(=O)(=O)c1ccc(NC(=O)C(C)(O)C(F)(F)F)cc1,2.63,b49f0109e74f6994dc05dee8aa86f615
CCN(CC)S(=O)(=O)c1ccc(NC(=O)[C@@](C)(O)C(F)(F)F)c(Cl)c1,3.66,3a9986fc707ba022ed79d50848c17470
CCN(CC)c1ccc(-c2nn3c(-c4[nH]nc5c4CCC5)nnc3s2)cc1,3.37,30ed16d5358558fdb91ec4edb83713f3
CCN(CC)c1ccc2cc(C(=O)O)c(=O)oc2c1,-0.2,04f008abeae0c1c1a6407c8af550b8cf
CCN(CC)c1ccc2cc(C(C)=O)c(=O)oc2c1,2.0,04f008abeae0c1c1a6407c8af550b8cf
CCN(CC)c1ncnc2c1ncn2Cc1c(Cl)cccc1Cl,1.25,3970dc3f513b6d639d325eb52311c764
CCN(CCCOCCOCCc1ccccc1)CCc1ccc(O)c2nc(O)sc12,2.45,3fdfd76fd1aee42af3fc18d2010fa627
CCN(CCN(C)C)S(=O)(=O)c1ccc(-c2cnc(N)c(C(=O)Nc3cccnc3)n2)cc1,2.0,0e17509785581edae424998def646526
CCN(CCNCCc1ccc(O)c2[nH]c(=O)sc12)C(=O)CCOCCc1ccccc1,1.92,379e1606d306de842071be846b05002b
CCN(CCO)CCCC(C)Nc1ccnc2cc(Cl)ccc12,0.77,b4c5eb807b1cc2dd9fda95a2f838d284
CCN(CCO)CCCOc1cc2ncnc(Nc3cc(CC(=O)Nc4cccc(F)c4)[nH]n3)c2cc1OC,2.12,5c0275b49c57813f7cfa6510f5d4c964
CCN(CCO)CCCOc1cc2ncnc(Nc3cc(CC(=O)Nc4cccc(F)c4F)[nH]n3)c2cc1OC,1.94,44377a3307b10928ba2453fa833eb286
CCN(c1ccccc1)c1cc(NC)[n+](C)c(C)n1,-0.91,1687ab3ffc6bb7f8f1ebd96aac454cd3
CCN(c1ccnc(Nc2cc(N3CCOCC3)cc(N3CCOCC3)c2)n1)c1cc(CO)ccc1C,3.8,f4d16992bfcd4fc0bf1e394e2feae9e2
CCN1C(=O)N(C)c2cnc(Nc3ccc(C(=O)NC4CCN(C)CC4)cc3OC)nc2N1C1CCCC1,2.75,c25ef3f77b1972854b1b7f492add19df
CCN1C(=O)NC(c2ccccc2)C1=O,1.0,c0e96a9b6d1dce835cdcc5d59db0a0a5
CCN1CCCC1CNC(=O)c1cc(S(N)(=O)=O)ccc1OC,-1.2,685c3edac22b9feaa42724ae525e5a8a
CCN1CCC[C@@H](C(=O)N2CCN(C(=O)Nc3ccc(Cl)c(Cl)c3)CC2)C1,1.6,8b89afb8317d83fcae1e5fa73bb2a2eb
CCN1CCC[C@@H](CN2CCN(C(=O)Nc3ccc(Cl)c(Cl)c3)CC2)C1,1.94,3762a3fead6cf46ede54fed4966cced3
CCN1CCC[C@H](CN2CCN(C(=O)Nc3ccc(Cl)c(Cl)c3)CC2)C1,1.86,3762a3fead6cf46ede54fed4966cced3
CCN1CCC[C@H]1CNC(=O)c1c(O)c(Cl)cc(Cl)c1OC,1.09,8d6218c032bea8788cd09c50e44d9387
CCN1CCC[C@H]1CNC(=O)c1c(OC)ccc(Br)c1OC,0.05,84e531589601e399fe42db19550533a1
CCN1CCC[C@H]1CNC(=O)c1cc(Br)cc(OC)c1OC,1.2,abeef3b73b9aab4860d94b9cacf16be1
CCN1CCC[C@H]1CNC(=O)c1cc(S(N)(=O)=O)ccc1OC,-0.84,685c3edac22b9feaa42724ae525e5a8a
CCN1CCN(C(=O)c2cc3cc(Cl)ccc3[nH]2)CC1,3.14,478e6bc1ab5d0611efdacfc820ef5d3d
CCN1CCN(C(=O)c2cc3cc(F)ccc3[nH]2)CC1,2.28,478e6bc1ab5d0611efdacfc820ef5d3d
CCN1CCN(C(=O)c2cc3ccccc3[nH]2)CC1,1.95,0531fbebaafa4a7b426be29513226b0a
CCN1CCN(CC(=O)Nc2ccc(-c3cccc4c(=O)cc(N5CCOCC5)[nH]c34)c3sc4ccccc4c23)CC1,2.6,cd91a73430b6d36f39661d7ea43a7622
CCN1CCN(CC(=O)Nc2ccc(-c3cccc4c(=O)cc(N5CCOCC5)oc34)c3sc4ccccc4c23)CC1,3.05,cd91a73430b6d36f39661d7ea43a7622
CCN1CCN(Cc2ccc(-c3cc4c(N[C@H](C)c5ccccc5)ncnc4[nH]3)cc2)CC1,3.97,334b13ae303c3330a82bce3b5575d839
CCN1CCN(Cc2cnc(-c3ccc(C(=O)Nc4ccccc4N)cc3)c(C#N)c2)CC1,1.14,2da1d71a936e666ace331d69ff1d57f6
CCN1CCN(Cc2cnc(-c3ccc(C(=O)Nc4ccccc4N)cc3)c(C)c2)CC1,1.2,37af771c02431bf3f02279187a133546
CCN1CCN(Cc2cnc(-c3ccc(C(=O)Nc4ccccc4N)cc3)c(Cl)c2)CC1,1.81,37af771c02431bf3f02279187a133546
CCN1CCN(c2ccc(Nc3cc(N(C)C(=O)Nc4c(Cl)c(OC)cc(OC)c4Cl)ncn3)cc2)CC1,3.7,88b3437da73a8d7d7817f4ee94321dd4
CCN1CCOC(C(=O)N2CCN(C(=O)Nc3ccc(Cl)c(Cl)c3)CC2)C1,2.1,8b89afb8317d83fcae1e5fa73bb2a2eb
CCN1CCO[C@@H](CN2CCN(C(=O)Nc3ccc(Cl)c(Cl)c3)CC2)C1,2.68,3762a3fead6cf46ede54fed4966cced3
CCN1CCOc2cc(COc3ccccc3)cnc21,3.7,c8380be039ccb33a2a748f65d3a64778
CCNC(=O)C[C@@H]1N=C(c2ccc(Cl)cc2)c2cc(OC)ccc2-n2c(C)nnc21,2.46,99ea3ffb07def3121ebb4c2487b94054
CCNC(=O)C[C@H]1N=C(c2ccc(Cl)cc2)c2cc(OC)ccc2-n2c(C)nnc21,2.42,99ea3ffb07def3121ebb4c2487b94054
CCNC(=O)Nc1nc2cc(-c3cccnc3)ccc2[nH]1,2.34,df205c2f8038ae359ff332db07d044c7
CCNC(=O)OC[C@@H](C)N(c1cc(Cl)ccc1CO)S(=O)(=O)c1ccc(Cl)cc1,3.4,be4c3c29ddc10abc8d276d1b33879b2c
CCNC(=O)c1cc2c(-n3ccc(C(F)(F)F)n3)c(-c3cc(-c4n[nH]c(=O)o4)cnc3OC)cnc2[nH]1,2.91,c9f8bc63d7d0f7086f30a17984ced9b0
CCNC(=O)c1cc2c(-n3ccc(C(F)(F)F)n3)c(-c3cnc(OC)c(-c4n[nH]c(=O)o4)c3)cnc2[nH]1,2.32,4ae7726459cb54443945851021e936da
CCNC(=O)c1cc2c(-n3ccc(C(F)(F)F)n3)c(-c3cncc(-c4n[nH]c(=O)o4)c3)cnc2[nH]1,1.65,0a917ba29868e72c9a3cd6872a4fce2b
CCNC(=O)c1cc2c(-n3ccc(C(F)(F)F)n3)c(-c3cncc(C#N)c3)cnc2[nH]1,2.62,00ce3abe874bdb709997e4a84b9c0e57
CCNC(=O)c1cc2c(-n3ccc(C(F)(F)F)n3)c(-c3cncc(C(=O)NC)c3)cnc2[nH]1,2.21,bdd0f5615bda8664fa2cc58b3b778c41
CCNC(=O)c1cc2c(-n3ccc(C(F)(F)F)n3)c(-c3cncc(C(=O)O)c3)cnc2[nH]1,-0.99,c174154d788c02ee145fa38fe0c40f61
CCNC(=O)c1cc2c(-n3ccc(C(F)(F)F)n3)c(-c3cncc(C(N)=O)c3)cnc2[nH]1,1.81,c174154d788c02ee145fa38fe0c40f61
CCNC(=O)c1cc2c(-n3nc(C(F)(F)F)cc3C)c(-c3cncc(C(=O)O)c3)cnc2[nH]1,-0.88,0d708a578e7daae1b0a3507803765975
CCNC(=O)c1ccc(C)c(-n2cnc3ccc(N4CCN(C)CC4)cc3c2=O)c1,1.47,b0d08352a633b4a4219fcfb39f3a5812
CCNC(=O)c1ccc(CN2CCC(c3ccc(C(=O)Nc4ccccc4N)cc3)CC2)cc1,2.24,5ff38706098e27b445219636f79ca186
CCNC1=Nc2ccccc2C(c2ccccc2)=NC1c1cccs1,3.98,d5ba12a3f10d6abac29795255b17ee8a
CCNCc1cnc(-c2ccc(C(=O)Nc3ccccc3N)cc2)s1,0.95,f27902de65ca7e37701d549421a72b35
CCNCc1cncc(-c2ccc(F)cc2OC)n1,1.18,b490560305860a8537142eb07a2eaa0f
CCN[C@H]1C[C@H](C)S(=O)(=O)c2sc(S(N)(=O)=O)cc21,0.27,d5dc203680615f9bdcd62925671dabac
CCNc1ccc(-c2ccccc2)n(CC(=O)NC(C(=O)C(F)(F)F)C(C)C)c1=O,2.37,b8b56c7bdffdd8610e48909c5de156d6
CCNc1nc(C#N)nc(Nc2ccccc2)n1,3.11,017e39b449c09f5c8755671ebb757c80
CCNc1nc(N)c(C(=O)c2ccc(Cl)s2)s1,3.63,ad64e7ed146a4f42426ff08e2053321b
CCO/N=C(\c1ccc(Br)cc1)C1CCN(C2(C)CCN(C(=O)c3c(C)cc[n+]([O-])c3C)CC2)CC1,2.14,a73ae43e0c4214f5647d6ef990a5173a
CCO/N=C(\c1ccc(Br)cc1)C1CCN(C2(C)CCN(C(=O)c3c(Cl)cncc3Cl)CC2)CC1,4.0,b22d56f630efe9a1eb0dbf1b543667e7
CCOC(=O)/C=C/[C@H](C[C@@H]1CCNC1=O)NC(=O)[C@@H](CC(=O)[C@@H](NC(=O)c1cc(C)on1)C(C)C)Cc1ccc(F)cc1,2.8,b6a1a97ca3f218231a94df30d163f1e8
CCOC(=O)C(CCc1ccccc1)NC1CCc2ccccc2N(CC(=O)O)C1=O,-0.2,fee3c2e9f7a6f1c93238068085a51764
CCOC(=O)C1(c2cccc(O)c2)CCCN(CC2CC2)C1,1.89,4091be5998bb35001a9bb44c610b3e38
CCOC(=O)C1(c2ccccc2)CCN(C)CC1,1.4,198420511967d2bf3933278decc57c2a
CCOC(=O)C1=C(C)NC(C)=C(C(C)=O)[C@H]1c1cccc2c(=O)cc(C)oc12,2.63,a2c8ff3e9ba9d6d8f384837bb0c37a94
CCOC(=O)CN(c1ccccc1C)S(=O)(=O)c1ccc(Cl)cc1,4.03,d08919516957acabc2137cd64bf2ae10
CCOC(=O)Cc1csc(NS(=O)(=O)c2ccc(Cl)cc2)n1,1.32,f2536e1039d96c80632ec259f832d07d
CCOC(=O)N1CCN(C(=O)[C@H](Cc2cccc(C(=N)N)c2)NS(=O)(=O)c2c(C(C)C)cc(C(C)C)cc2C(C)C)CC1,1.67,a3724311d6ddcb5aa8b72e59e683e9bd
CCOC(=O)Nc1ccc(NCc2ccc(F)cc2)nc1N,2.22,111498fd2876159db985c8ea3f7e0fee
CCOC(=O)Nc1ccc2c(c1)N(C(=O)CCN1CCOCC1)c1ccccc1S2,3.1,7714acbdf8fb6ba6abad60b57018b346
CCOC(=O)Nc1cccc([C@@H](c2ccc(C(=O)N(C)CC)cc2)N2CCN(Cc3c[nH]c(C)n3)CC2)c1,2.11,8cc309c2dfeddb89327987021b4b0ded
CCOC(=O)Nc1cccc([C@@H](c2ccc(C(=O)N(C)CC)cc2)N2CCN(Cc3nc[nH]c3C)CC2)c1,2.32,5c55dca60181d6161b02159e1be9a511
CCOC(=O)Nc1cccc([C@@H](c2ccc(C(=O)N3CCC3)cc2)N2CCN(Cc3cccnc3)CC2)c1,3.02,d160744469188dc48a7b10f9f7a49bcb
CCOC(=O)[C@H](CCc1ccccc1)N[C@@H](C)C(=O)N1[C@H](C(=O)O)C[C@@H]2CCC[C@@H]21,-0.41,a4c59addda6a2c8e2f1b5a7204ef482a
CCOC(=O)[C@H](Cc1ccc(O)cc1)NC(=O)c1cccc2ccccc12,3.12,62eb2412f4c699ce267d2edb331c0d8c
CCOC(=O)[C@H](Cc1ccc([N+](=O)[O-])cc1)NC(=O)c1ccccc1,2.79,178f3e7149615c01ee08ac26741968b0
CCOC(=O)c1c(-c2ccccc2)nc2cc(C)ccn12,3.8,eadd01fd4754c4b13733aa71f63f4b8d
CCOC(=O)c1c(C)n(Cc2ccco2)c2ccc(O)cc12,3.5,f92812c0d4365de739c693552c9e4f19
CCOC(=O)c1cc(O)c(-c2ccccc2)nn1,0.69,f18e2537396ea437ec3c4597a2ce92a0
CCOC(=O)c1cc2ccc(O)cc2oc1=O,1.2,9bc5f424ca58c23ce4c8e5175d1336ef
CCOC(=O)c1ccc(CCN2CCN(c3ccc(C)nn3)CC2)cc1,2.58,04f1f8d0bc7c6c32011807c124586223
CCOC(=O)c1ccc(COC2CN(c3ccc(C)nn3)C2)cc1,2.5,92241902bf994bf3d519215f66dfee4a
CCOC(=O)c1ccc(COCC2CCN(c3ccc(C)nn3)CC2)cc1,2.68,508bccda1329a7dc4d4102f2f00c6b0d
CCOC(=O)c1ccc(N)cc1,1.83,8ff2357579c5b662ecb689e17e6cc917
CCOC(=O)c1ccc(OC(=O)CCCCCN=C(N)N)cc1,2.41,ddc1ae564d876c41e85d34db98cd1fa9
CCOC(=O)c1ccc(OCC2CCN(c3ccc(C)nn3)C2)cc1,3.44,30c3d889d02d5468d2e91ec5189b8f5b
CCOC(=O)c1ccc(OCC2CN(c3ccc(C)nn3)C2)cc1,3.1,92241902bf994bf3d519215f66dfee4a
CCOC(=O)c1ccc(OCCC2(C#N)CCN(c3ccc(C)nn3)CC2)cc1,3.54,e006a45c868534fb8602da1cc5c81a2a
CCOC(=O)c1ccc(OCCC2CCN(c3ccc(C)nn3)CC2)cc1,4.42,508bccda1329a7dc4d4102f2f00c6b0d
CCOC(=O)c1ccc(OCCC2CCN(c3ccc(C)nn3)CC2)cn1,2.63,508bccda1329a7dc4d4102f2f00c6b0d
CCOC(=O)c1ccc(OCCC2CCN(c3ccc(C)nn3)CC2)nc1,3.76,508bccda1329a7dc4d4102f2f00c6b0d
CCOC(=O)c1ccc(OCCC2CN(c3ccc(C)nn3)C2)cc1,3.22,a74d0207caff1cf2dce881b2f88483c0
CCOC(=O)c1ccc(OCCC2CN(c3ccc(C)nn3)CCO2)cc1,2.7,b442248da019f93d3ed18bf0187d2ce6
CCOC(=O)c1ccccc1-c1csc(NS(=O)(=O)c2ccc(Cl)cc2)n1,2.43,b1be81fbb7b88e6dce34ea41450b60bf
CCOC(=O)c1cnc2c(N)cccc2c1O,0.9,4ce042c90ff088f8d88f0b195fa3807e
CCOC(=O)c1coc2ccccc2c1=O,1.81,5c21184680a0d7e73b2ebcaca9893ff5
CCOC(=O)c1ncn2c1CN(C)C(=O)c1cc(F)ccc1-2,1.1,69b1d01138360dfb05b762ecfbb9fa81
CCOCc1nc2c(N)nc3ccccc3c2n1CC(C)(C)O,1.69,a5783b3b9e4da32f863e3f6999bd2c9a
CCO[C@@H]1OC(=O)C[C@@H]1NC(=O)[C@@H]1CCCN2C(=O)CC[C@H](NC(=O)c3nccc4ccccc34)C(=O)N12,1.16,d8a3d39f5990af5d57d4f5aebeda7e47
CCOc1cc(-c2cccc3c(=O)cc(N4CCOCC4)oc23)ccc1NC(=O)CN1CCOCC1,2.8,f34e76f931f088e7a219d23d5a2c2806
CCOc1cc(CC(=O)N[C@@H](CC(C)C)c2ccccc2N2CCCCC2)ccc1C(=O)O,2.31,847ca4d41f42fec1d836631d8450ffc6
CCOc1cc(Nc2nc3c(cc2F)ncn3[C@@H](CO)c2ccc(F)cn2)n[nH]1,2.55,ef250328fed07fbd13efb055fd08f829
CCOc1cc2ncc(C(N)=O)c(Nc3ccc(F)cc3F)c2cc1N1CCC(O)CC1,2.74,45d43374850aa161b849d053127c6e97
CCOc1cc2nccc(Oc3cnc(CC(=O)Nc4n[nH]c(CC)c4C)c(OC)c3)c2cc1OC,3.29,f5fc69ac8d3647d5590b8c6332b46c4b
CCOc1cc2nnc(C(N)=O)c(Nc3cc(C)ccc3F)c2cc1N1CCN(C)CC1,3.02,1f00ff7a8f7ea50e775586f30981aeed
CCOc1cc2nnc(C(N)=O)c(Nc3ccc(F)cc3F)c2cc1N1CCN(C)CC1,2.63,45d43374850aa161b849d053127c6e97
CCOc1cc2nnc(C(N)=O)c(Nc3cccc(Cl)c3F)c2cc1N1CCN(C)CC1,1.99,a68ba4e0cdac9cfbf09a2a36c7e93959
CCOc1ccc(-c2cnc3n2CCC3)cc1,2.65,9833a5ab35f302ac1a8e3046988e7ef7
CCOc1ccc(-c2cnc3n2CCCCC3)cc1,3.01,72e7b8f793e7a147734c2aefae28fa23
CCOc1ccc(-n2c(CC)nc3ccccc3c2=O)cc1,3.27,2ff85434a2df8ceb352013c60b83804f
CCOc1ccc(-n2c([C@@H](C)N(CC3CCN(C)CC3)C(=O)Cc3ccc(F)c(C(F)(F)F)c3)nc3ncccc3c2=O)cc1,1.4,75961f8ab9a469804a77af6f917e0843
CCOc1ccc(-n2c([C@@H](C)N(Cc3cccnc3)C(=O)Cc3ccc(C(F)(F)F)cc3)nc3ccccc3c2=O)cc1,4.25,ff3bf6b6f0442b2818dee46fadc61476
CCOc1ccc(-n2c([C@@H](C)N(Cc3cccnc3)C(=O)Cc3ccc(OC(F)(F)F)cc3)nc3ncccc3c2=O)cc1,3.7,b59ead6c13e39c9579c0fcb307a4bed4
CCOc1ccc(CCNCCCSCCNC[C@H](O)c2ccc(O)c3[nH]c(=O)sc23)cc1,0.41,777db4e77dc7895ee431f96b9f9b806c
CCOc1ccc(NC(=O)CCc2c(C)nc3nc(C)nn3c2C)cc1,2.1,c52c5d4db40c9d6705201ea3f1b04c51
CCOc1ccc(NC(C)=O)cc1,1.5,832131c7f4c0610a55e39e2b9dcde92b
CCOc1ccc(Oc2ccc(S(=O)(=O)NC(=O)c3cccc(-c4ccc(Cl)c(Cl)c4)c3)cc2)cc1,2.94,3c91300aded8aacab703827a196470e9
CCOc1ccc2ccc(=O)oc2c1,2.2,9835b91a0ea0882ed0e1875538125487
CCOc1ccc2nc(N)sc2c1,2.4,a899dcbdad53bc169d745429c9dae820
CCOc1ccc2nc(NC(=O)CC)sc2c1,3.4,2ebc0c8fd2b36d7ecb109bdc3772336a
CCOc1ccc2oc(C(=O)NC(CCSC)c3nc4cnccc4[nH]3)c(C)c2c1,4.31,128b0cae6f2abf327ed435b2e42fa21e
CCOc1ccc2oc(C(=O)NC(CCSC)c3nc4ncccc4[nH]3)c(C)c2c1,4.23,128b0cae6f2abf327ed435b2e42fa21e
CCOc1cccc(/C=C2\SC(=O)NC2=O)c1N1CCC[C@@H](N)C1,1.86,b1a2ba66323ba0bc0b1247051c778020
CCOc1cccc(Nc2nnc(C(=O)Nc3ccc(N4CCOCC4)nc3)o2)c1,3.6,d20ccec952471beef5ba6845fdf8ac61
CCOc1cccc2c3c([nH]c12)CCN(C(=O)[C@@H]1CCCC[C@H]1C(=O)NC1(C#N)CC1)C3,3.1,9a54e99dadd69a0918886b7a59f1574d
CCOc1ccccc1-c1ccc(-c2nc3ccc(F)cc3c(C(=O)NCCOCCN)c2C)cc1,2.46,4c15efb3865da6b740633cf9556ac2d3
CCOc1ccccc1-c1ccc(-c2nc3ccc(F)cc3c(C(=O)O)c2C)cc1,1.18,37163295684beb533e58986b90851eb4
CCOc1ccccc1-c1ccc(-c2nc3ccc(F)cc3c(N[C@H](C)C(=O)O)c2C#N)cc1,2.5,c775a031f8c85f6d11433efb15adb6cf
CCOc1ccccc1-c1ccc(-c2nc3ccncc3c(O)c2C#N)cc1,3.0,f1074db201a4a62347fad2611c32f6ce
CCOc1ccccc1-c1ccc2c(c1)C(=O)C(=O)c1ccccc1-2,2.67,07e1b359f8441df79373139081f5325e
CCOc1ccccc1CNCc1cccc(CCNC[C@H](O)c2ccc(O)c3[nH]c(=O)sc23)c1,1.13,1fbf50910d8b5f3eb8dd0bebd98ecb47
CCOc1ccccc1N1CCN(Cc2c[nH]nc2-c2ccc(F)cc2)CC1,3.38,722628efac3030df5aa63f1c5f993482
CCOc1nc2cccc(C(=O)O)c2n1Cc1ccc(-c2ccccc2-c2nnn[nH]2)cc1,0.3,d5fcc894fe1c3ea1bccc1493bc38fc43
CCOc1ncc(C)c2c1[C@H](c1ccc(C#N)cc1OC)C(C(N)=O)=C(C)N2,2.51,ff05a7b22152412ca9e5491a98d56fd8
CCOc1noc2cc(OCCC3CCN(c4ccc(C)nn4)CC3)ccc12,4.23,bd86bf68774ee8abbd7d510976d87eb8
CCS(=O)(=O)Nc1cccc2c1c(Oc1ccc(Cl)cc1)c(C)n2CC(=O)O,-0.29,8fbe1ae31c6265a1491142bcde0516b0
CCS(=O)(=O)c1ccc(-c2cc(C(F)(F)F)ccc2CCC(=O)O)c(C)c1,0.76,89be263a7a079ff85317b9af2ea0837b
CCS(=O)(=O)c1ccc(-c2cc(C(F)(F)F)ccc2OCC(=O)O)c(C)c1,-0.45,89be263a7a079ff85317b9af2ea0837b
CCS(=O)(=O)c1ccc(-c2cc(C(F)(F)F)ccc2OCC(N)=O)c(C)c1,2.77,89be263a7a079ff85317b9af2ea0837b
CCS(=O)(=O)c1ccc(-c2cc(C(F)(F)F)ccc2O[C@H](C)C(=O)O)c(C)c1,-0.4,6d568a4f8c4e9317fb4e6c21b4125f67
CCS(=O)(=O)c1ccc(-c2cc(Cl)ccc2OCC(=O)O)c(C(F)(F)F)c1,0.62,91c79588e44213e3eedd7a7b736eb179
CCS(=O)(=O)c1ccc(-c2cc(Cl)ccc2OCC(=O)O)c(C)c1,-0.65,622984a77e8c90e482102d2d8879075f
CCS(=O)(=O)c1ccc(-c2cc(Cl)ccc2OCC(=O)O)c(Cl)c1,-0.43,622984a77e8c90e482102d2d8879075f
CCS(=O)(=O)c1ccc(-c2cc(Cl)ccc2OCC(=O)O)c(F)c1,-0.92,622984a77e8c90e482102d2d8879075f
CCS(=O)(=O)c1ccc(-c2cc(Cl)ccc2OCC(=O)O)cc1,-0.78,4151e96da19149225d7981ce5f07aa1c
CCS(=O)(=O)c1ccc(Oc2c(C)n(CC(=O)O)c3ccc(C(F)(F)F)cc23)cc1,0.29,4eb0aafd3b681b6522936eb9a65b5c1d
CCS(=O)(=O)c1ccc(Oc2cc3nc(-c4ccccn4)[nH]c3cc2CN2C(=O)CCC2=O)cc1,2.0,961dd30ba82693cdc61f6a5b8126616c
CCS(=O)(=O)c1ccc2c(c1)N(CCN1CCC(NCc3ccc4c(n3)NC(=O)CO4)CC1)C(=O)CO2,-0.11,360f46df760a9daf55191cbba6100db6
CCS(=O)(=O)c1cccc(-c2cc(C(F)(F)F)ccc2OCC(=O)O)c1,-0.66,8e4762400761bcd17dd4be01a3a2aa88
CCSc1c(Cc2ccccc2C(F)(F)F)sc2c1c(=O)n(C)c(=O)n2CC(C)C,4.49,82384e75b15e18ffc8b484b2678a4408
CCSc1ccc(-c2cc(C(F)(F)F)ccc2OCC(=O)O)cc1,1.54,d593ae0ba1a7373da08a2cae3fe53ed5
CC[C@@H](CO)Nc1nc(SCc2ccccc2)nc2nc(N)sc12,2.99,835075148520fc3868205a30274aedd2
CC[C@@H](Nc1c(Nc2cccc(C(=O)N(C)C)c2O)c(=O)c1=O)c1ccc(C)o1,2.32,589002411e20df4a82c9a2a5d19bbd7d
CC[C@@H](Nc1c(Nc2cccc(C(=O)N(C)C)c2O)c(=O)c1=O)c1ccccc1,2.14,4082b26e482be46ab08726b1a3951bbc
CC[C@@H](c1ccc(C(=O)O)c(Oc2cccc(Cl)c2)c1)N1CCC[C@H](n2cc(C)c(=O)[nH]c2=O)C1,0.22,9e68faa56736e5e18bdd57b29ea3f921
CC[C@@H]1C(=O)N(C)c2cnc(Nc3ccc(C(=O)NC4CCN(C)CC4)cc3OC)nc2N1C1CCCC1,3.14,c25ef3f77b1972854b1b7f492add19df
CC[C@@H]1C(=O)OC[C@@H]1Cc1cncn1C,-0.37,9f03be647819b0fcb8f5ce50c092eabe
CC[C@@H]1COCCN1c1cc(C2(S(C)(=O)=O)CC2)nc(-c2cccc3[nH]ccc23)n1,3.0,af2684e44591c07a413afbda1e33d9a1
CC[C@@]1(O)C(=O)OCc2c1cc1n(c2=O)Cc2cc3c(CN(C)C)c(O)ccc3nc2-1,0.31,6947ff6dd94590dcdffd3391d723a37a
CC[C@H](C)C(=O)O[C@H]1C[C@@H](C)C=C2C=C[C@H](C)[C@H](CC[C@@H](O)C[C@@H](O)CC(=O)O)[C@H]21,1.07,459e076947359b2eb07c119c120f3cff
CC[C@H](C)C(=O)O[C@H]1C[C@H](O)C=C2C=C[C@H](C)[C@H](CC[C@@H](O)C[C@@H](O)CC(=O)O)[C@H]21,-0.76,459e076947359b2eb07c119c120f3cff
CC[C@H](C)[C@@H](CO)NS(=O)(=O)c1ccc(Cl)s1,2.7,1ab20e5fa3ba83bdc29e194c8bf6b0ba
CC[C@H](C)[C@H](N)C1=N[C@H](C(=O)N[C@@H](CC(C)C)C(=O)N[C@H](CCC(=O)O)C(=O)N[C@H](C(=O)N[C@H]2CCCCNC(=O)[C@H](CC(N)=O)NC(=O)[C@@H](CC(=O)O)NC(=O)[C@H](Cc3cnc[nH]3)NC(=O)[C@@H](Cc3ccccc3)NC(=O)[C@H]([C@@H](C)CC)NC(=O)[C@@H](CCCN)NC2=O)[C@@H](C)CC)CS1,-0.46,6c3b3613ec5e3e1b8014c036eaf3c602
CC[C@H](CO)Nc1nc(NCc2ccccc2)c2ncn(C(C)C)c2n1,3.63,ef0abcf8f648cdfefcf1c4c32b7d2504
CC[C@H](CO)Nc1nc(SCc2ccccc2)nc2[nH]c(=O)sc12,3.22,835075148520fc3868205a30274aedd2
CC[C@H](CO)Nc1nc(SCc2ccccc2)nc2nc(N)sc12,3.27,835075148520fc3868205a30274aedd2
CC[C@H](N)C(=O)N[C@H](C#N)Cc1ccc(-c2ccccc2)cc1,2.6,576957753c47988ddde95a0d2fd53aa5
CC[C@H](NC(=O)c1c(CC[S+](C)[O-])c(-c2ccccc2)nc2ccccc12)c1ccccc1,3.15,879d915c8501c16a7bc456d7a07870a9
CC[C@H](NC(=O)c1c(CN(C)C)c(-c2ccccc2)nc2ccccc12)c1ccccc1,4.18,407df7aaeba85fc7aa25115a71e861cd
CC[C@H](NC(=O)c1c(CS(C)(=O)=O)c(-c2ccccc2)nc2ccccc12)c1ccccc1,3.25,bc3c72b7910b791a8a2231225efb6f3a
CC[C@H](NC(=O)c1c(N)c(-c2cccc(F)c2)nc2ccccc12)c1ccccc1,4.05,8f57091f250a6ac6b6d16dfd5d8565e7
CC[C@H](NC(=O)c1c(N)c(-c2ccccc2)nc2ccccc12)c1ccccc1,3.89,e591fbdfc442e0ab50e3bb56297f5c7a
CC[C@H](NC(=O)c1c(O)c(-c2ccccc2)nc2ccccc12)c1ccccc1,3.91,e591fbdfc442e0ab50e3bb56297f5c7a
CC[C@H](NC(=O)c1c(S(C)(=O)=O)c(-c2ccccc2)nc2ccccc12)c1ccccc1,3.17,192b5cbba06899cf8e7681b3d910541e
CC[C@H](NC(=O)c1c([S+](C)[O-])c(-c2ccc(F)cc2)nc2ccccc12)c1ccccc1,3.72,76bf5975fdb2598d7059fe15dbb1b07a
CC[C@H](NC(=O)c1c([S+](C)[O-])c(-c2cccc(F)c2)nc2ccccc12)c1ccccc1,3.14,31ba071e089e2e5f2c97e0fde372803f
CC[C@H](NC(=O)c1c([S+](C)[O-])c(-c2ccccc2)nc2c(F)cccc12)c1ccccc1,2.84,bc48ff4c86683e5c0e383dad41d10b5b
CC[C@H](NC(=O)c1c([S+](C)[O-])c(-c2ccccc2)nc2cc(Br)ccc12)c1ccccc1,3.18,c5385e3ecfe6372c7c12a6fbd08fe632
CC[C@H](NC(=O)c1c([S+](C)[O-])c(-c2ccccc2)nc2cc(CN(C)C)ccc12)c1ccccc1,2.75,3f16b62d4babde1d9d378b07e5230606
CC[C@H](NC(=O)c1c([S+](C)[O-])c(-c2ccccc2)nc2cc(Cl)ccc12)c1ccccc1,3.07,c5385e3ecfe6372c7c12a6fbd08fe632
CC[C@H](NC(=O)c1c([S+](C)[O-])c(-c2ccccc2)nc2cc(F)ccc12)c1ccccc1,3.62,c5385e3ecfe6372c7c12a6fbd08fe632
CC[C@H](NC(=O)c1c([S+](C)[O-])c(-c2ccccc2)nc2ccccc12)c1ccccc1,3.17,c65ba7a619df908fc244361af4c433cd
CC[C@H](NC(=O)c1c([S+](C)[O-])c(-c2ccccc2)nc2ccccc12)c1cccnc1,2.2,c65ba7a619df908fc244361af4c433cd
CC[C@H](NC(=O)c1c([S+](C)[O-])c(-c2cccs2)nc2ccccc12)c1ccccc1,3.56,2696bbd9422fc058a51ceb84c9db1434
CC[C@H](NC(=O)c1c([S+](C)[O-])c(-c2ccsc2)nc2ccccc12)c1ccccc1,2.66,2696bbd9422fc058a51ceb84c9db1434
CC[C@H](NC(=O)c1c([S+]([O-])C(C)C)c(-c2ccccc2)nc2ccccc12)c1ccccc1,3.81,c241b4220a339e7ace35da001169ef30
CC[C@H](NC(=O)c1c([S+]([O-])CC)c(-c2ccccc2)nc2ccccc12)c1ccccc1,3.45,42089811e53c49509c78e85d6ba24bd7
CC[C@H](Nc1ncnc2[nH]cnc12)c1nc2cccc(F)c2c(=O)n1-c1ccccc1,2.72,f8197fe0a6b7498c4346d512ed633d9b
CC[C@H](c1ccc(C(=O)O)c(Oc2cccc(Cl)c2)c1)N1CCC[C@H](n2cc(C)c(=O)[nH]c2=O)C1,0.22,9e68faa56736e5e18bdd57b29ea3f921
CC[C@H]1CN(Cc2cc(Cl)ccc2OCC(=O)O)CCN1S(=O)(=O)c1ccccc1,0.44,bc968a8d4157a85e95b743fd8e452ad3
CC[C@H]1OC(=O)[C@H](C)[C@@H](O[C@H]2C[C@@](C)(OC)[C@@H](O)[C@H](C)O2)[C@H](C)[C@@H](O[C@@H]2O[C@H](C)C[C@H](N(C)C)[C@H]2O)[C@](C)(O)C[C@@H](C)/C(=N\OCOCCOC)[C@H](C)[C@@H](O)[C@]1(C)O,1.8,0c7833febbe81b9414f7bf296703ca8f
CC[S+]([O-])c1ncccc1C1(O)CCN(CC23CC(c4ccccc42)c2ccccc23)CC1,2.0,dd078df9f88328f58cfeb0a328acfe82
CCc1[nH]c2nc(Sc3cnc4ccc[n+]([O-])c4c3)nc(N3CC[C@@H](N)C3)c2c1Cl,2.0,dfdcf7c062d3f15c1d239d1879686845
CCc1[nH]c2nc(Sc3cnc4ccc[n+]([O-])c4c3)nc(N3C[C@@H]4[C@@H](N)[C@@H]4C3)c2c1Cl,2.3,28f41ac02c2caf56606189e7c32cb805
CCc1[nH]nc(NC(=O)Cc2ncc(Oc3ccnc4cc(OC)c(OC)cc34)cc2OC)c1C,2.79,1c1da78b37132ae719a187924d05644d
CCc1c(C(=O)C(N)=O)c2c(OCC(N)=O)cccc2n1Cc1ccccc1,2.1,f405074e23ee6d802aa5130707314559
CCc1c(C(=O)NC2C3CC4CC(C3)CC2C4)cnn1-c1ccc(C(=O)O)cc1,0.9,1993230c9a09186ccc6ef26d53c71734
CCc1c(C)[nH]c2c1C(=O)C(CN1CCOCC1)CC2,1.54,1a2072688c11a15b2af4371e3f94bb04
CCc1c(C)nc(SCC(=O)Nc2nc(-c3ccc(OC)cc3)cs2)nc1O,3.78,766327def0f79bbeab7aa14b943c7d12
CCc1c(C)nc2sc(C(N)=O)c(N)c2c1C,2.62,177ba1ee7a02ebe61582227b9ff9a856
CCc1c2c(nc3ccc(O)cc13)-c1cc3c(c(=O)n1C2)COC(=O)[C@]3(O)CC,1.6,2ccc00a07fe5269e67cdacc91fbfc6f7
CCc1cc(C(=O)N[C@@H](Cc2cccc(Cl)c2)C(=O)NCC#N)n(C)n1,2.6,6b2a5d8041cd2023d602e9f1177c2973
CCc1cc(C(N)=S)ccn1,1.52,2e381cd1c70e9020bfb5cb0821d5ebaf
CCc1cc(O)c(Oc2ccc(C(N)=O)cc2F)cc1F,2.87,0b2370d42ebaedffcd6047d8c05a4909
CCc1cc(OCc2ccc(-c3ccccc3-c3nn[nH]n3)cc2)c2c(n1)CCCC2,1.7,e42351dc79c88a1af29d5d849417683d
CCc1cc2c(s1)-n1c(C)nnc1CN=C2c1ccccc1Cl,2.52,a24ca0d77202fa1f1814f145e893c72d
CCc1ccc(CCNCCCSCCNC[C@H](O)c2ccc(O)c3[nH]c(=O)sc23)cc1,0.86,7ec5adac22a4fad8f7bb73ebed53b084
CCc1ccc(CCOc2ccc(CC3SC(=O)NC3=O)cc2)nc1,2.8,50eb45ed18e5ec398af50a705cbb06f2
CCc1ccc(NC(=O)c2ccc3cc(C(=N)N)ccc3c2)cc1,1.1,95dccfb298928892d552e83b53682c2b
CCc1cccc(CC)c1NC(=O)N1Cc2[nH]nc(NC(=O)c3ccc(N4CCN(C)CC4)cc3)c2C1,3.31,4f43927696675b1a2f6c9dbbdf8cb797
CCc1cccc(N(C)C(=N)Nc2cccc3ccccc23)c1,1.57,3f7cfaa5164d501252279950045133ad
CCc1cccc2c(C#N)cn(CC(=O)NCCOC)c12,1.95,36afea53d28c85bcc0a03404de419048
CCc1cccc2c3c([nH]c12)C(CC)(CC(=O)O)OCC3,0.49,bb0aa6ccfc7b61b09c04f15665982ced
CCc1ccccc1-c1ccc(-c2nc3ccncc3c(O)c2C#N)cc1,3.5,eec12a33736577d91618eb17ba6b1a5c
CCc1csc(N2CCN(C(=O)[C@@H]3CCCC[C@H]3C(=O)NC3(C#N)CC3)CC2)n1,2.1,50163bb5435c5313620dcc1ef812392d
CCc1nc(N)nc(N)c1-c1ccc(Cl)cc1,2.31,9083471dd76d33f0589bc961eb4c08c3
CCc1nc2c(N)nc3ccccc3c2n1CC(C)(C)O,1.38,e014025b52e0b600643f7dd0abf3bae0
CCc1nc2c(N)nc3ccccc3c2n1CC(C)C,2.55,8e267f9332805d8ce1aa270781b8a7fd
CCc1nc2c(N)nc3ccccc3c2n1CCCCNS(C)(=O)=O,1.24,ebb647d3c7611a56889dae98b3173e0d
CCc1nc2c(N)nc3ccccc3c2n1Cc1ccccc1,3.29,9e5a025b70f2d7f029037cbc4cf29b4c
CCc1nc2cc(O)ccc2c(Oc2ccc(/C=C/C(=O)O)cc2)c1-c1ccccc1,3.0,5a91d55b3505d4170e14cb8ce45bfd02
CCc1nc2ccc(C(=O)NCc3ccc4c(c3)OCO4)cn2c1N(C)Cc1cccs1,4.1,56d680abfcc5be7459085ac61f68ddca
CCc1nn(C2CCCC2)c2c1CCn1c(-c3cccs3)nnc1-2,3.6,006cc8ea5be3f328556d3ab72d43049a
CCn1c(-c2ccnc(Nc3ccc(C(=O)NC)cc3)n2)cnc1C,2.53,73869be8c5ec49d89292959ecb1924e5
CCn1c(-c2ccnc(Nc3ccc(S(=O)(=O)NCCOC)cc3)n2)cnc1C,2.44,f0d76394f19bfc7964819069497030fd
CCn1c(-c2nonc2N)nc2c(C#CC(C)(C)O)ncc(OCC3CCCNC3)c21,0.6,10af7466723949ac5b0e3f92e731b5e8
CCn1c(=O)c2c(-c3cc(C#N)cn3C)n(Cc3ccnc4ccc(Cl)cc34)nc2n(CC2CC2)c1=O,4.13,1d5e59ef6c3d19b501d08bb48f0a2b2a
CCn1c(=O)c2c(-c3cncn3C)n(Cc3ccnc4ccc(Cl)cc34)nc2n(CC2CC2)c1=O,2.87,91fdaaa283f5d61722dc11d4e5266c90
CCn1c(=O)c2c(=O)cc(O)oc2c2ccccc21,1.13,7ec9727a2cc62ed5195f449c608fe85d
CCn1c(=O)c2nc(-c3ccccc3)[nH]c2n(CC)c1=O,3.3,7a03a4befc58fa17b45dd295a7d5b7a6
CCn1c(=O)ccc2cc(COc3cc(F)cc(C4(OC)CCOCC4)c3)ccc21,3.89,51536d59ed67b3194ba98afbbffad553
CCn1c(=O)ccc2cnc(Nc3ccc(OC)c(OC)c3)nc21,2.7,821473c914be9b5b82e918d1a1b53a5b
CCn1c(C)c(C(=O)O)c(-c2cccc(N3CCN(c4ccc(NS(=O)(=O)c5ccc(N[C@H](CCN6CCC(O)CC6)CSc6ccccc6)c(S(=O)(=O)C(F)(F)F)c5)cc4)CC3)c2)c1-c1ccc(Cl)cc1,4.2,a33cde46839271b9897205e89e9c7d49
CCn1c(SCC(=O)Nc2c(C#N)cnn2-c2ccccc2)nnc1-c1cccs1,2.1,9d7acb7fd3951678522f88b25f25617d
CCn1c2ccccc2c2cc(NC(=O)C(C)C)ccc21,4.2,af726723f082207d9d5e96dc0e8f4f66
CCn1c2ccccc2c2cc(NC(=O)CCc3ccncc3)ccc21,3.75,2f5f5116e948e6ec5108d5a1c6eff067
CCn1c2ccccc2c2cc(NC(=O)CN(C)C)ccc21,3.2,4d45911ad79869c5b6def1f1263158fd
CCn1c2ccccc2c2cc(NC(=O)N3CCOCC3)ccc21,3.2,e2189430a7ed018148eb560250c15261
CCn1c2ccccc2c2cc(NC(C)=O)ccc21,3.5,20dd5cf20befb5cc27abe06a9769fe8a
CCn1c2nc(=O)n(C)c(=O)c-2cc2ccccc21,1.1,98f5ae921f9b7566d23ba21dc616f567
CCn1cc(C(=O)O)c(=O)c2cc(F)c(N3CCNC(C)C3)c(F)c21,-1.1,bb4dcf5a388768d27c92f802e29cd87d
CCn1cc(C(=O)O)c(=O)c2cc(F)c(N3CCNCC3)cc21,-0.87,644f32873f442eb5803998435f967499
CCn1cc(C(=O)O)c(=O)c2cc(F)c(N3CCNCC3)nc21,-0.83,644f32873f442eb5803998435f967499
CCn1cc(C(=O)O)c(=O)c2ccc(C)nc21,-0.1,5dbc029596a71ce7e1fb247db8b75044
CCn1cc(NC(=O)Cc2ccc(Oc3ccnc4cc(F)ccc34)cc2OC)cn1,3.93,ed8b8950115a209b793301991e0a6e3d
CCn1cc(NC(=O)Cc2ccc(Oc3ccnc4cc(OC)c(OC)cc34)cc2OC)cn1,3.42,b126b67d3b7b19100f46fbabd48c0f33
CCn1cc(NC(=O)Cc2ccc(Oc3ccnc4ccc(F)cc34)cc2OC)cn1,3.88,0b33d1b90e66646446964357eda1e081
CCn1cnc(-c2ccccc2)c1-c1nc2c(N)ncnc2s1,2.97,56ea20585137a18329341781685e24b3
CCn1cnc2cnc(-c3ccc(C4(N)CCC4)cc3)c(-c3ccccc3)c21,2.0,aae5c7b0829092334c86b743e171e480
CCn1nc(C)c(C(=O)N[C@@H](C)C(C)(C)C)c1NS(=O)(=O)c1ccc(C)cc1,0.95,8232c555a7492c0c161d3d702cd70833
CN(C(=O)C1CCC1)C1CCN(CCC(c2ccccc2)c2ccccc2)CC1,3.2,8d141881e15671a392cac0faac27fa5e
CN(C(=O)Cc1ccc(-n2cnnn2)cc1)C1CCN(Cc2ccc(C(F)(F)F)cc2)CC1,3.0,9d7d4452c0bab4049db72c7b8c045a8f
CN(C(=O)Cc1ccc(-n2cnnn2)cc1)C1CCN(Cc2ccc(C(F)(F)F)cn2)CC1,1.9,9d7d4452c0bab4049db72c7b8c045a8f
CN(C(=O)Cc1ccc(-n2cnnn2)cc1)C1CCN(Cc2ccc(C(F)(F)F)nc2)CC1,1.8,9d7d4452c0bab4049db72c7b8c045a8f
CN(C(=O)Cc1ccc(-n2cnnn2)cc1)C1CCN(Cc2nc3c(s2)CCCC3)CC1,2.5,8881a5847d901c8fe3e13eae8d6c9470
CN(C(=O)Cc1ccc(-n2cnnn2)cc1)C1CCN(Cc2nc3cc(F)ccc3s2)CC1,2.85,b677a4ae23d127422345efbc0813b859
CN(C(=O)Cc1ccc(-n2cnnn2)cc1)[C@@H]1CCN(Cc2ccc(C(F)(F)F)cc2)C[C@@H]1F,3.3,65e54f96b3bb560b2fbd9cce5f1521ab
CN(C(=O)Cc1ccc(-n2cnnn2)cc1)[C@@H]1CCN(Cc2ccc(C(F)(F)F)cn2)C[C@@H]1F,2.1,65e54f96b3bb560b2fbd9cce5f1521ab
CN(C(=O)Cc1ccc(-n2cnnn2)cc1)[C@@H]1CCN(Cc2ccc(C(F)(F)F)nc2)C[C@@H]1F,1.8,65e54f96b3bb560b2fbd9cce5f1521ab
CN(C(=O)Cc1ccc(-n2cnnn2)cc1)[C@H]1CCN(Cc2ccc(C(F)(F)F)cc2)C[C@H]1F,3.3,65e54f96b3bb560b2fbd9cce5f1521ab
CN(C(=O)Cc1ccc(C#N)cc1)C1CCN(CCC(c2ccccc2)c2ccccc2)CC1,3.7,e9b7047ea520967522d45dd2e6efd90b
CN(C(=O)Cc1ccc(Cl)c(Cl)c1)C(CN1CCCC1)c1ccccc1,3.38,16eff70f5d1646ed72af291b6905a30d
CN(C(=O)Cc1ccc(Cl)c(Cl)c1)[C@H](CN1CCCC1)c1ccccc1,3.42,16eff70f5d1646ed72af291b6905a30d
CN(C(=O)Cc1ccc(Cl)cc1)C1CCN(CCC(c2ccccc2)c2ccccc2)CC1,3.5,ed012dbe00272fcc01ae35aca57acfb2
CN(C(=O)Cc1ccc(O)cc1)C1CCN(CCC(c2ccccc2)c2ccccc2)CC1,3.3,ed012dbe00272fcc01ae35aca57acfb2
CN(C(=O)Cc1ccc(S(=O)(=O)N(C)C)cc1)C1CCN(CCC(c2ccccc2)c2ccccc2)CC1,3.5,c12f5176ea6f2ca69b9449b9685b393a
CN(C(=O)Cc1ccc(S(C)(=O)=O)c(F)c1)C1CCN(Cc2ccc(C(F)(F)F)cc2)CC1,3.0,09ede0468942a11fd676a854cbb846dd
CN(C(=O)Cc1ccc(S(C)(=O)=O)cc1)C1CCN(Cc2ccc(C(F)(F)F)cc2)CC1,2.5,13fb8b169c521f7725f076f6619681e3
CN(C(=O)Cc1ccc(S(C)(=O)=O)cc1)[C@@H]1CCN(Cc2ccc(C(F)(F)F)cc2)C[C@@H]1F,2.7,ad01ccbe39980d46c684f5da7aa925d2
CN(C(=O)Cc1ccc(S(C)(=O)=O)cc1)[C@@H]1CCN(Cc2nc3cc(F)ccc3s2)C[C@@H]1F,2.2,d77db7072ce777b727433099fa9bdffb
CN(C(=O)Cc1ccc(S(C)(=O)=O)cc1)[C@@H]1CCN(Cc2nc3ccccc3s2)C[C@@H]1F,2.1,e0c35f20801be7caeffd772af8712b57
CN(C(=O)Cc1ccc(S(C)(=O)=O)cc1F)C1CCN(Cc2ccc(C(F)(F)F)cc2)CC1,2.7,b172e6242ec05c8b37ff99288ec20a4d
CN(C(=O)Cc1ccc(S(N)(=O)=O)cc1)C1CCN(CCC(c2ccccc2)c2ccccc2)CC1,2.3,6264676212b03f19a0171632ca92e5de
CN(C(=O)Cc1ccccc1)[C@H]1CC[C@@]2(CCCO2)C[C@@H]1N1CCCC1,0.99,7a75bbf30647be01b17bb7d79a22cfea
CN(C(=O)NCc1ccccc1)C1CCN(CCC(c2ccccc2)c2ccccc2)CC1,3.4,60fda92d749f5b9e7bd7a1720b7357b5
CN(C(=O)c1ccncc1)C1CCN(CCC(c2ccccc2)c2ccccc2)CC1,2.8,877736dfebe202f9dac916b041416de1
CN(C)C(=O)C(CCN1CCC(O)(c2ccc(Cl)cc2)CC1)(c1ccccc1)c1ccccc1,3.47,63a41f239654874f2e05295d36ff4fd3
CN(C)C(=O)C1(N2CCCCC2=O)CCN(CC[C@H](CN(C)C(=O)c2cc(C#N)cc3ccccc23)c2ccc(Cl)c(Cl)c2)CC1,2.52,3bfe7f4dae55184fde303f3dfc0a39a4
CN(C)C(=O)CC(NC(=O)C1(N)CCN(c2ncnc3[nH]ccc23)CC1)c1ccc(Cl)cc1,2.4,f5302001b2fa1845f7de9abf32c44a26
CN(C)C(=O)CN1C(=O)C(NC(=O)c2cc3cc(Cl)sc3[nH]2)Cc2ccccc21,3.07,437834995af338e73e735935463e96e7
CN(C)C(=O)N1CCC(C(=O)NCc2cccs2)CC1,1.1,be7480f5dc646681ad88a1c98f58b5ad
CN(C)C(=O)N[C@H]1CC[C@@H](CCN2[C@@H]3CC[C@H]2C[C@@H](Oc2cccc(C(N)=O)c2)C3)CC1,0.22,02eb77c030ffc58e80437c0386be4530
CN(C)C(=O)N[C@H]1CC[C@H](CCN2CCN(c3ccc(Cl)c(Cl)c3)CC2)CC1,3.15,36edcf91c7632be3c9246fd4e9d88fe2
CN(C)C(=O)N[C@H]1CC[C@H](CCN2CCN(c3ccc(Cl)cc3)CC2)CC1,2.81,8e25a060daa26b37698e0b2e4333bb1e
CN(C)C(=O)N[C@H]1CC[C@H](CCN2CCN(c3cccc(Cl)c3Cl)CC2)CC1,3.6,37f93e66026d1b8ecbc87a98755d7077
CN(C)C(=O)N[C@H]1CC[C@H](CCN2[C@@H]3CC[C@H]2C[C@@H](Oc2cccc(C(N)=O)c2)C3)CC1,0.12,02eb77c030ffc58e80437c0386be4530
CN(C)C(=O)N[C@H]1CC[C@H](CN2[C@@H]3CC[C@H]2C[C@@H](Oc2cccc(C(N)=O)c2)C3)CC1,-0.07,b8042ac754069b40adaa65ee2a334873
CN(C)C(=O)Nc1ccc(Cn2[nH]c(=O)c3[nH]c4cc(Cl)ccc4c(=O)c3c2=O)cc1,1.1,572c74f8a04ddaa5e769a576883a8290
CN(C)C(=O)[C@H](Cc1ccccc1)NC(=O)c1cc2cc(F)ccc2[nH]1,3.5,9c2d6380c09ea7d35714ed7842442c89
CN(C)C(=O)[C@H](Cc1ccccc1)NC(=O)c1cc2ccccc2[nH]1,3.4,0d52d9674ad20c7aef9deba53f90776a
CN(C)C(=O)[C@H](Cc1ccccc1)NC(=O)c1cc2ccsc2[nH]1,3.1,b139a98fa9d2f4cbcb8876a4c7c9b408
CN(C)C(=O)[C@H](Cc1ccccc1)NC(=O)c1cc2sccc2[nH]1,3.1,b139a98fa9d2f4cbcb8876a4c7c9b408
CN(C)C(=O)[C@H](O)[C@H](Cc1ccccc1)NC(=O)c1cc2cc(Cl)ccc2[nH]1,3.6,1ddc8c4f6af4abc95c61c17db0227698
CN(C)C(=O)c1ccc(C(=C2CCN(Cc3cscn3)CC2)c2cccc3cccnc23)cc1,2.3,87e65adb18eaab951a5433e280a4ef15
CN(C)C(=O)c1ccc(CN2CCC(c3ccc(C(=O)Nc4ccccc4N)cc3)CC2)cc1,1.53,f707d26728cfe56c97f93477ac5f37fa
CN(C)C(=O)c1ccc(CN2CCc3cc4nc(N)sc4cc3CC2)cc1,1.72,170479c1a23849b9053bca50402fa9ba
CN(C)C/C=C/C(=O)Nc1cc2c(Nc3ccc(F)c(Cl)c3)ncnc2cc1O[C@H]1CCOC1,3.7,af6034217fdbdee46fc79c9376f86057
CN(C)CC(O)COc1ccc(Nc2cc(N(CC#N)c3cc(Cl)ccc3Cl)ncn2)cc1,2.1,9dcda8bbddc5bcdb0690a30facad2fd4
CN(C)CC(O)COc1ccc(Nc2cc(N(CCC#N)c3cc(Cl)ccc3Cl)ncn2)cc1,2.1,85ee6d9ab6a51da7323209836c0205e3
CN(C)CC(O)COc1ccc(Nc2cc(Nc3cc(Cl)ccc3Cl)ncn2)cc1,2.6,0a2d69e9e26ec3332574bccb5a8f7fe5
CN(C)CC(O)COc1ccc(Nc2cc(Nc3ccc(F)cc3F)ncn2)cc1,1.48,87049ebe013675eb9245e59e910d3202
CN(C)CC(O)COc1ccc(Nc2ncc(Cl)c(Nc3ccccc3)n2)cc1,2.25,2f2ae4d8002bdf2165d293a28f397a13
CN(C)CC(O)COc1ccc(Nc2nccc(N(CC#N)c3cc(Cl)ccc3Cl)n2)cc1,2.4,9dcda8bbddc5bcdb0690a30facad2fd4
CN(C)CC(O)COc1ccc(Nc2nccc(Nc3cc(Cl)ccc3Cl)n2)cc1,2.9,0a2d69e9e26ec3332574bccb5a8f7fe5
CN(C)CC(O)COc1ccc(Nc2nccc(Nc3ccc(Cl)cc3)n2)cc1,2.6,aa1eea263e818a68e468f55bedb22378
CN(C)CC(O)COc1ccc(Nc2nccc(Nc3cccc(Cl)c3)n2)cc1,2.5,eb71fbd29f8d78529edcc1b14c02f610
CN(C)CC(O)COc1ccc(Nc2nccc(Nc3ccccc3)n2)cc1,1.58,53b103b99b7a8137bd53a6473f2f6a67
CN(C)CC(O)COc1ccc(Nc2nccc(Nc3ccccc3C#N)n2)cc1,1.2,136a52fd8c83bce1e0c7d41e79e5e60c
CN(C)CC/C=C1\c2ccccc2Sc2ccc(Cl)cc21,3.42,a7a9e333c8b37f240a549f5c83e05c32
CN(C)CC1CCn2c(c(C3=C(c4cn(C)c5ccccc45)C(=O)NC3=O)c3ccccc32)C1,2.88,93ae968cb9201d7fee8ac3e5e70e6dd2
CN(C)CCC=C1c2ccccc2C=Cc2ccccc21,2.83,4d37c48d1e9a45fec7bf1ef46c403c4c
CN(C)CCC=C1c2ccccc2COc2ccccc21,2.15,4d37c48d1e9a45fec7bf1ef46c403c4c
CN(C)CCCC(NC(=O)C1(N)CCN(c2ncnc3[nH]ccc23)CC1)c1ccc(Cl)cc1,1.4,3d206a9ecdeeb6ee718226b290d0428d
CN(C)CCCC1(c2ccc(F)cc2)OCc2cc(C#N)ccc21,1.56,1e71ff8489c53d46b8f07271131fea0a
CN(C)CCCN(C)S(=O)(=O)c1ccc(Nc2nccc(-c3cnc4ccccn34)n2)cc1,2.16,c4c49ba1a4fbff9af45391f5218192f7
CN(C)CCCN1c2ccccc2CCc2ccc(Cl)cc21,3.36,c46aa5d2e82718b03d24906f1629645d
CN(C)CCCN1c2ccccc2CCc2ccccc21,2.49,4d37c48d1e9a45fec7bf1ef46c403c4c
CN(C)CCCN1c2ccccc2Sc2ccc(C(F)(F)F)cc21,3.59,80c98295bbac114b9389fe97ff1d27a4
CN(C)CCCN1c2ccccc2Sc2ccc(Cl)cc21,3.37,a7a9e333c8b37f240a549f5c83e05c32
CN(C)CCCN1c2ccccc2Sc2ccccc21,2.56,965e7c7643a9fcd35c89c13e89ea4d84
CN(C)CCCNC(=O)c1nc(Cl)c(N)nc1N,-1.0,bd69168f47673a45938c7960360d8a80
CN(C)CCCNS(=O)(=O)c1ccc(Nc2nccc(-c3cnc4ccccn34)n2)cc1,1.9,c95393d1df6d7c2c236dfe0a504335d5
CN(C)CCCNS(=O)(=O)c1ccc(Nc2nccc(-c3cnc4cccnn34)n2)cc1,1.4,c95393d1df6d7c2c236dfe0a504335d5
CN(C)CCCOc1ccc(-c2cc(C(N)=O)c(NC(N)=O)s2)cc1,0.64,af14c094607bb9cd63b49b366e30d0e0
CN(C)CCCOc1nn(Cc2ccccc2)c2ccccc12,2.4,4d0e15af57d7ea2bda313df883d0f97c
CN(C)CCC[C@@]1(c2ccc(F)cc2)OCc2cc(C#N)ccc21,1.48,1e71ff8489c53d46b8f07271131fea0a
CN(C)CCCn1c2c(c3ccccc31)CCCCCC2,2.96,1c6d65bd30bce450c53e48a0154c8b2b
CN(C)CCN(Cc1ccccc1)c1ccccn1,1.28,0fa80858f268e8a7dcf2f0cec79f101e
CN(C)CCNC(=O)c1ccc(Nc2ncc3cc(-c4ccncc4)ccc3n2)cc1,2.29,40da0de1f8f92a8e6efc66dd60a3a9e1
CN(C)CCNCc1ccc(Nc2ncc3cc(-c4ccncc4)ccc3n2)cc1,1.4,b9fb3b21ba5c41a1f8151a7ae8e0e319
CN(C)CCNS(=O)(=O)c1ccc(Nc2nccc(-c3cnc4ccccn34)n2)cc1,2.7,c778897b58086613a41bbc1fad9b208d
CN(C)CCNc1cc(-c2ccccc2)nc2cc(-c3ccc(F)cc3)nn12,4.5,b164636fb7618e12fe1ec966ba3869c7
CN(C)CCOC(C)(c1ccccc1)c1ccccn1,-0.2,83c8ee3cae73f49929e09d6fbbac60cc
CN(C)CCOc1cc(NS(=O)(=O)c2c(Cl)cc(C(F)(F)F)cc2Cl)ccc1Cl,2.99,5caf137427feafd527c2fb5e6f5ed3aa
CN(C)CCOc1ccc(-c2cc(C(N)=O)c(NC(N)=O)s2)cc1,1.16,2d772db758c2310a630734f13ea14c36
CN(C)CCOc1ccc(-c2oc3ncnc(NC[C@@H]4CCCO4)c3c2-c2ccccc2)cc1,3.6,b24200f41c4a3b6a517df11a72aaaa3f
CN(C)CCOc1ccccc1Cc1ccccc1,2.53,13d6aaa9764e697a2181d96a6065f181
CN(C)C[C@H](O)Cc1ccc(Cl)c(C(=O)NCC23CC4CC(CC(C4)C2)C3)c1,2.19,e9f42ea82db0e00ce4db74574e6c311b
CN(C)N(C)C(=O)[C@@]1(Cc2ccccc2)CCCN(C(=O)[C@@H](Cc2c[nH]c3ccccc23)NC(=O)C(C)(C)N)C1,2.1,0a6e49386f2483e766c1531f69b0c744
CN(C)S(=O)(=O)c1ccc2c(C(=O)NC[C@@H](O)CN3CCC(Oc4ccc(Cl)c(Cl)c4)CC3)c[nH]c(=O)c2c1,3.13,746ce0eecfbc8bbfa6fc2bc65a891d5f
CN(C)S(=O)(=O)c1ccc2c(c1)N(CCN1CCC(NCc3ccc4c(n3)NC(=O)CO4)CC1)C(=O)CO2,0.15,10c4d49ea38479e766322ed3e463c04e
CN(C)c1ccc(S(=O)(=O)NC(=O)N2CCC(N3CCC(Oc4ccc(Cl)c(Cl)c4)CC3)CC2)cc1,1.7,2d53bb1e5fbff0ebd1b8653935910c85
CN(C)c1ccc2nc3ccc(=[N+](C)C)cc-3sc2c1,-0.88,49a4fca690fad8caf75f9a5a0b2f20f3
CN(C)c1cccc2c(S(=O)(=O)N(C)CC(=O)O)cccc12,-1.45,20a7647d1d2dc8062e8ad7d6f83f956d
CN(C)c1cccc2c(S(=O)(=O)Nc3cnccn3)cccc12,0.9,06e56f529925ef0223ef42c1cb7c5e02
CN(C)c1cccc2c(S(N)(=O)=O)cccc12,1.95,fa4d2461a4f94f2fbe991cc585af7aa7
CN(C)c1ccccc1S(=O)(=O)NC(=O)N1CCC(N2CCC(Oc3ccc(Cl)c(Cl)c3)CC2)CC1,1.74,6d1e3f40c53dd35d8c88d518c6fed218
CN(C)c1ccnc2sc(C(=O)NCc3ccccc3)c(N)c12,3.62,1796a68dbe0703dbd55546968f132c49
CN(C)c1ccnc2sc(C(N)=O)c(N)c12,1.7,ee5fe8fdf431a99314f5f60b9f3b4623
CN(C)c1ccnc2sc3c(=O)n(-c4ccccc4)cnc3c12,2.34,c7251f0d2a7b5a2fdadd36944def568e
CN(C)c1nc(Cc2ccc(NC(=O)c3ccc(C(F)(F)F)cc3)cc2)nc(N(C)C)c1CC(=O)O,1.46,45981089c38c7a386d4d109f2c0835e2
CN(C)c1nc(N(C)C)nc(N(C)C)n1,2.44,a08bcc2b4952fb712c2ec72b47dbff5c
CN(C)c1nc(N[C@H]2CC[C@@H](NC(=O)c3ccc(F)c(F)c3)CC2)nc2ccccc12,3.13,74458b8dfb597c054bc5f8eff0ffa223
CN(C)c1ncnc2nc[nH]c12,0.95,44fc00119fa30707a2d9b734d768b5fe
CN(C/C=C/C#CC(C)(C)C)Cc1cccc2ccccc12,2.83,00c7a903eab82b28588f98570c55b6da
CN(CCCOCCOCCc1ccccc1)CCc1ccc(O)c2nc(O)sc12,2.44,7feda504714bcd5455e684b684372e65
CN(CCCc1ccccc1)S(=O)(=O)c1cc(C(=O)N2CCc3ccc(S(=O)(=O)NCCc4ccccc4)cc3C2)c(O)c(O)c1O,0.75,1b1ac0fc2c9ed6ad9c787ae3b569fb78
CN(CCNC[C@H](O)c1ccc(O)c2[nH]c(=O)sc12)C(=O)CCOCCc1ccccc1,1.21,b788a42471451b30ede53d5791b56c65
CN(CCO)C(=O)c1ccc([C@H](c2cccc(NC(=O)C3CC3)c2)N2CCN(Cc3ccc(F)cc3)CC2)cc1,3.38,038b3b3ed14638d09ec0bee7ef2854cd
CN(CCO)Cc1ccc(-c2cc(C(N)=O)c(NC(N)=O)s2)cc1,0.97,03183e6053b891f78a4f39f2d74c73b9
CN(CCOc1ccc(CC2SC(=O)NC2=O)cc1)c1ccccn1,2.5,e7af821d8499e361de0aaf32979f03db
CN(CCOc1ccc(C[C@H](Nc2ccccc2C(=O)c2ccccc2)C(=O)O)cc1)c1ccccn1,2.15,77b51e8bdbb59b6709dc08db4d37f06e
CN(CCOc1ccc(C[C@H](Nc2ccccc2C(=O)c2ccccc2)C(=O)O)cc1)c1nc2ccccc2o1,2.47,c47062a3b89dae48e58ec58100a58503
CN(CCOc1ccc(NS(C)(=O)=O)cc1)CCc1ccc(NS(C)(=O)=O)cc1,0.6,27b8a539fa302a7276712ad9c4c31855
CN(CCOc1ccccc1-c1cc(C(N)=O)c(NC(N)=O)s1)Cc1ccccc1,3.46,629cb5847aec6be65b947e25f145d65c
CN(CC[C@@H](Oc1ccc(-c2ccccc2)cc1)c1ccc(F)cc1)CC(=O)O,2.86,338914cae34a91484a7eec442f9af33e
CN(CCc1ccc(O)c2nc(O)sc12)CCN(C)C(=O)CCOCCc1ccccc1,2.59,355aaca73cc4104c7e99b346fbc105e6
CN(Cc1ccc(Cl)cc1)C(=O)C1(N)CCN(c2ncnc3[nH]ccc23)CC1,2.8,cda49e7ce8cb465f139c952401ff6a1b
CN(c1ccc(-c2cc(C(F)(F)F)ccc2OCC(=O)O)cc1)S(C)(=O)=O,-0.81,26e6b3502d832e4c9ec8c7884b05d9f2
CN(c1ccc(-c2cc(F)ccc2OCC(=O)O)c(Cl)c1)S(C)(=O)=O,-1.17,097a97adf51af3842cd54f7dc16c5d5d
CN(c1cccc(CO)c1)c1ccnc(Nc2cc(N3CCOCC3)cc(N3CCOCC3)c2)n1,2.6,68ca1d455abf13eb2c4ed577c49abe43
CN(c1ccccc1)c1ccnc(Nc2cc(N3CCOCC3)cc(N3CCOCC3)c2)n1,3.47,880d0f9ef80b43d669522045eeb5ddd6
CN(c1ccnc(Nc2cc(N3CCOCC3)cc(N3CCOCC3)c2)n1)c1cccc2[nH]ncc12,3.23,39293bf248769549eac36e00dd744c1e
CN(c1ccnc(Nc2cccc(S(C)(=O)=O)c2)n1)c1cccc2[nH]ncc12,3.21,76432579b6e3dd7eb2083db96f14775f
CN(c1ncccc1CNc1nc(Nc2ccc3c(c2)CC(=O)N3)ncc1C(F)(F)F)S(C)(=O)=O,2.63,81f00d0241ce0004ab3d6f50063a036b
CN1C(=O)CC(C)(CCc2cccc(-c3ccccc3)c2)N=C1N,2.03,3e5da929c6e66a6c0bdc3013ec96fc67
CN1C(=O)CC(c2ccccc2)C1=O,0.68,25a5dd3f9c88206b5406f193dee72fbd
CN1C(=O)CN=C(c2ccccc2)c2cc(Cl)ccc21,2.69,a113e35766a9c52636983625068be0f3
CN1C(=O)CN=C(c2ccccc2F)c2cc([N+](=O)[O-])ccc21,2.1,8fd2102f7788e0f9eb8d8b28333a4f80
CN1C(=O)NC(=O)C(C)(C2=CCCCC2)C1=O,1.5,24dc5dc950ea4f990830b1d23616eb4c
CN1C2CC(OC(=O)C(CO)c3ccccc3)CC1C1OC12,0.17,bd0ad762ae10da9b956fd10f58457769
CN1C2CCC1CC(OC(=O)C(CO)c1ccccc1)C2,-0.09,9429dd492cf9667b8b31f9ac23841747
CN1CC(=O)N2[C@H](c3ccc4c(c3)OCO4)c3[nH]c4ccccc4c3C[C@@H]2C1=O,2.6,b4c9035b6f41e448534adc5eca45e94d
CN1CC(n2nccc2-c2cc(Cl)ccc2Oc2cc(F)c(S(=O)(=O)Nc3ncns3)cc2F)C1,1.0,01be7eb2632641812bbc098eaacb8613
CN1CC=C(c2cccc(O)c2)CC1,0.53,a2220ea222a72106ff8313704d1c9ff7
CN1CC=CCC(c2cc3ccccc3o2)C1,2.47,eb6b8f8277f517f65a8c4f5d5e496999
CN1CC=CCC(c2ccc(Cl)c(Cl)c2)C1,3.32,f1fa62a98e1a1411489d849874f1fec7
CN1CCC(=C2c3ccccc3C=Cc3ccccc32)CC1,3.06,229c78c5d830658055999110e591d786
CN1CCC(C#N)(c2cccc3ccccc23)CC1,2.73,a901d99e84ff158b0c4ac767ebb557de
CN1CCC(COc2cc(OC3CCOCC3)c3c(Nc4c(Cl)ccc5c4OCO5)ncnc3c2)CC1,2.59,c5e915835650b999fd2854659300b4f0
CN1CCC(NC(=O)c2ccc(Oc3ccc(C#C[C@]4(O)CN5CCC4CC5)cc3)cc2)CC1,1.0,66d5dc04bb8f3ee38092a7b094920830
CN1CCC(Oc2cccc3ncnc(Nc4ccc(OCc5cnccn5)c(Cl)c4)c23)CC1,3.21,45940932530f3008311d161827d0df91
CN1CCC(c2cc(N3CCOCC3)nc(-c3cccc4[nH]ccc34)n2)(S(C)(=O)=O)CC1,1.9,b908fac55096ef603647309707ab9535
CN1CCC(n2cc(-c3cnc(N)c(-c4nc5ccc(F)cc5o4)c3)cn2)CC1,3.35,ebf923ef6edf3d9ce0a300fbc4354b3a
CN1CCCC(CN2CCN(C(=O)Nc3ccc(Cl)c(Cl)c3)CC2)C1,1.98,5ecaf6500e4d9ae550fea0853e30337c
CN1CCCC(n2nc(Cc3ccc(Cl)cc3)c3ccccc3c2=O)CC1,2.46,fff5e39b9029b6d674ab99819faee683
CN1CCCC1CCNC(=O)c1ccc(Nc2ncc3cc(-c4ccncc4)ccc3n2)cc1,2.01,9b7f43efdfccae564120968e9fc4c144
CN1CCCC1CCOC(C)(c1ccccc1)c1ccc(Cl)cc1,3.04,bb0fb94418be5fa2b0a1b18ff308bf29
CN1CCCC1c1cccnc1,0.5,2bd71772220b1d36d782f5b4958deba7
CN1CCCCC1CCN1c2ccccc2Sc2ccc([S+](C)[O-])cc21,1.6,501f8265746d7743e956da5973c8a415
CN1CCCN(C(c2ccccc2)c2ccc(Cl)cc2)CC1,2.36,7d268d24ef52893cc9993b2475be1134
CN1CCC[C@@H]1CCO[C@](C)(c1ccccc1)c1ccc(Cl)cc1,3.48,bb0fb94418be5fa2b0a1b18ff308bf29
CN1CCC[C@H]1CCN1CCCc2cc(NC(=N)c3cccs3)ccc21,0.37,f3be993d9472253d2935afe665fbcc28
CN1CCC[C@H]1c1ccccn1,0.44,2bd71772220b1d36d782f5b4958deba7
CN1CCN(C(=O)OC2c3nccnc3C(=O)N2c2ccc(Cl)cn2)CC1,1.1,36eeb1cee0e04dbdd250e2431775360f
CN1CCN(C(=O)[C@@H]2CCCC[C@H]2C(=O)NCC#N)CC1,-0.1,b6d421343bee081f1c773f2c5b1efbff
CN1CCN(C(=O)c2cc(-c3ccccc3)sc2NC(N)=O)CC1,2.17,6402d8ce5caa4ad2ba78b38bf0c1cafe
CN1CCN(C(=O)c2cc(Cc3n[nH]c(=O)c4ccccc34)ccc2F)CC1,1.03,e39a31821092188c0242f20512ebb638
CN1CCN(C(=O)c2cc3cc(Br)ccc3[nH]2)CC1,2.79,e8d848bee43abab864c12fd7566b4695
CN1CCN(C(=O)c2cc3cc(Cl)ccc3[nH]2)CC1,2.4,e8d848bee43abab864c12fd7566b4695
CN1CCN(C(=O)c2cc3cc(F)ccc3[nH]2)CC1,1.97,e8d848bee43abab864c12fd7566b4695
CN1CCN(C(=O)c2cc3ccccc3[nH]2)CC1,1.7,6c60f59d288ab1aef7d38d3608c01637
CN1CCN(C(=O)c2cc3ccccc3n2C)CC1,1.71,c520b4cef365bfb275e8baa41c03f706
CN1CCN(C(=O)c2ccc(C(=C3CCN(Cc4cscn4)CC3)c3cccc4cccnc34)cc2)CC1,1.98,39bb79e84b6f311de717f0bdd6dc6227
CN1CCN(C(=O)c2cccc(Cc3n[nH]c(=O)c4ccccc34)c2)CC1,0.92,677585e0e8302cc19230e33b67fe7243
CN1CCN(C2=Nc3cc(Cl)ccc3Nc3ccccc32)CC1,3.08,b8ba035492b5896b258cee621ac8b167
CN1CCN(C2=Nc3ccccc3Oc3ccc(Cl)cc32)CC1,3.24,2831c6038b4546aabe7d8567922c899c
CN1CCN(CC(=O)N2c3ccccc3C(=O)Nc3cccnc32)CC1,-0.49,58257d1de46c953497a627388f55e127
CN1CCN(CC(=O)Nc2c(C#N)cnn2-c2ccccc2)CC1,0.0,b1d779a704faaa0f672404e54e7c4206
CN1CCN(CC(=O)Nc2ccc(-c3cccn4c(=O)cc(N5CCOCC5)nc34)c3sc4ccccc4c23)CC1,2.6,ffcbca7ccd6609d0beeb57f61bc27c19
CN1CCN(CC/C=C2/c3ccccc3Sc3ccc(S(=O)(=O)N(C)C)cc32)CC1,3.16,0ad5d6108656cd01d5de6303e812e009
CN1CCN(CCCN2c3ccccc3Sc3ccc(C(F)(F)F)cc32)CC1,4.31,cf0e61847539aea39ffd791ff7f21447
CN1CCN(CCCN2c3ccccc3Sc3ccc(Cl)cc32)CC1,3.92,b29d7547d71be79039c386c89a6c6e41
CN1CCN(CCCOc2ccc(-c3cc(-c4ccc(F)cc4)no3)cc2)CC1,3.81,ffa8c7c7c40b12a4eeba12f2f80bbd12
CN1CCN(CCOc2n[nH]c3ncnc(Nc4ccc(OCc5ccccn5)c(Cl)c4)c23)CC1,2.45,7cc85d6ce94bbe8653434f77a2cf15d2
CN1CCN(S(=O)(=O)c2ccc(-c3cnc(N)c(C(=O)Nc4cccnc4)n3)c(C(F)(F)F)c2)CC1,3.25,f029fcdcbe886488e0aa953acbe98a9b
CN1CCN(S(=O)(=O)c2ccc(-c3cnc(N)c(C(=O)Nc4cccnc4)n3)cc2F)CC1,2.66,e133ea3bf92e1108c7a813ad1b3759a4
CN1CCN(S(=O)(=O)c2ccc(-c3cnc(N)c(C(=O)Nc4cnccc4CN4CCCC4)n3)cc2)CC1,3.28,470f58b2a68be49da28207aa9cc1e302
CN1CCN([C@H]2C[C@@H](c3nc(-c4ccc5ccc(-c6ccccc6)nc5c4)c4c(N)nccn43)C2)CC1,3.2,386bc7ca4cb5cb5cb9cb9d257099fcbc
CN1CCN(c2cc(F)cc3c(=O)cc(C(=O)Nc4ccc(N5CCOCC5)cc4)[nH]c23)CC1,2.7,3b037a2098f4530b1a0b134c7ef6ff3c
CN1CCN(c2cc3c(Nc4ccc(F)cc4F)c(C(N)=O)cnc3cc2F)CC1,2.63,b18a1cd5a7c995646c688302966fe543
CN1CCN(c2ccc(NC(=O)c3nnc(Nc4ccccc4F)o3)cn2)CC1,2.36,67549bdd5f975ab9b8e0b3ba5090858d
CN1CCN(c2ccc(Nc3ccnc4ccccc34)cc2)CC1,1.3,9127f1cef1a08a99c75ca1f9cd8c6c3d
CN1CCN(c2ccc3nc(-c4c(N)c5c(F)cccc5[nH]c4=O)[nH]c3c2)CC1,3.45,d812b3492850020d0bdb092819019bde
CN1CCN(c2ccc3ncc(C(N)=O)c(Nc4ccc(Cl)cc4Cl)c3c2)CC1,3.23,b047ef7ced547d9c9ee07103e73e2dcc
CN1CCN(c2ccc3ncc(C(N)=O)c(Nc4ccc(F)cc4F)c3c2)CC1,2.3,b047ef7ced547d9c9ee07103e73e2dcc
CN1CCN(c2nc(NCCNc3ccc([N+](=O)[O-])cc3)c3ccccc3n2)CC1,2.91,51f87565f9447f2f1f3c5613e3639783
CN1CCN(c2nc3ccccc3cc2Cn2nc(-c3ccc4nc(N)sc4c3)c3c(N)ncnc32)CC1,3.09,a4e4e7c8ec71cf7e88d542234353b530
CN1CCN2c3ncccc3Cc3ccccc3C2C1,2.82,06c867fc765ea4d3bc7f104f3b15e02b
CN1CCNc2nc(CCOc3ccc(C[C@H](NC(=O)c4c(Cl)cccc4Cl)C(=O)O)cc3)ccc21,0.07,6faf2f97e1fa36d813c740cdc406ac69
CN1CCOc2cc(COC3CCCCC3)cnc21,3.1,3056627143acd51a120b124b64d745af
CN1CCOc2cc(COc3ccccc3)cnc21,3.3,3056627143acd51a120b124b64d745af
CN1CCOc2cc(OC(=O)c3ccccc3)cnc21,3.3,ee79f98da648707fc795d136c5739a92
CN1CCOc2nc(C#Cc3ccccc3)ccc21,3.8,3056627143acd51a120b124b64d745af
CN1CCc2c1nc1ccccc1c2NC(=O)Cc1ccccc1,2.8,34f19b349474e2266753f83ddde08f7d
CN1CCc2cc(Cl)c(O)cc2[C@@H](c2ccccc2)C1,2.5,5c2bdb269e2b978da5ffffa6b67ae206
CN1Cc2c(N)cccc2C(c2ccccc2)C1,2.08,54dc5d3e9c9fc9a3b01c91ef94ae9323
CN1Cc2c(N)cccc2[C@@H](c2ccccc2)C1,2.11,54dc5d3e9c9fc9a3b01c91ef94ae9323
CN1Cc2c(N)cccc2[C@H](c2ccccc2)C1,2.11,54dc5d3e9c9fc9a3b01c91ef94ae9323
CN1Cc2ccccc2C(c2ccc(Cl)cc2)C1,3.64,b7d4286b882fe474ee1fec39420c5201
CN1[C@@H]2CC[C@H]1C[C@@H](OC(=O)C(CO)c1ccccc1)C2,-0.66,9429dd492cf9667b8b31f9ac23841747
CN1[C@@H]2CC[C@H]1C[C@@H](OC(=O)C(O)c1ccccc1)C2,-1.29,7b9eb30c2af7f0c44a68710ba33801aa
CN1[C@@H]2CC[C@H]1C[C@@H](OC(c1ccccc1)c1ccccc1)C2,1.49,b25c0f965af64cdf5f25fd711657f289
CN1c2ccccc2C(NCCCCCCC(=O)O)c2ccc(Cl)cc2S1(=O)=O,1.33,ee3f668de4b3062a4c8c2df33661e07e
CNC(=C[N+](=O)[O-])NCCSCc1ccc(CN(C)C)o1,-0.95,6fe9db19e0f6233550aa6ce288e67967
CNC(=O)C1(N2CCCCC2=O)CCN(CC[C@H](CN(C)C(=O)c2c(OC)c(C#N)cc3ccccc23)c2ccc(Cl)c(Cl)c2)CC1,2.78,a9414e71c92b4304711241fa7561f311
CNC(=O)C1(N2CCCCC2=O)CCN(CC[C@H](CN(C)C(=O)c2cc(C#N)cc3ccccc23)c2ccc(Cl)c(Cl)c2)CC1,2.5,b0f40b24f87c5b338e4d33746d66470e
CNC(=O)C1(N2CCCNC2=O)CCN(CC[C@H](CN(C)C(=O)c2c(OC)c(C#N)cc3ccccc23)c2ccc(Cl)c(Cl)c2)CC1,2.2,a9414e71c92b4304711241fa7561f311
CNC(=O)C[C@H](Nc1ncc(Cl)c(Nc2cc(C3CC3)[nH]n2)n1)c1ccc(F)cc1,2.23,2304b26dca4ecfa2a52e4b8ff400a6e1
CNC(=O)Nc1cc(-c2ccccc2)sc1C(N)=O,2.71,a377fa5a09641563cfe9576f22d298a3
CNC(=O)Nc1nc2ccc(-c3cncc(S(=O)(=O)NC(C)(C)C)c3)cn2n1,1.58,e145fc4913408477762132dd7e780b32
CNC(=O)OC[C@@H](C)N(c1cc(Cl)ccc1CO)S(=O)(=O)c1ccc(Cl)cc1,3.0,212eb85be0dcf11e668d4dd4e0e9622b
CNC(=O)[C@H]1CCCN1Cc1cc2c(Nc3cccc(Cl)c3F)ncnc2cc1OC,3.65,d71ed82fe4d46408f8c0f34f9f64a959
CNC(=O)c1[nH]cnc1C(=O)Nc1ccc(OC)cc1,2.2,7c1cc3b47d859207c163af82c527cbc8
CNC(=O)c1c(F)cccc1Nc1nc(Nc2cc3c(cc2OC)CCN3C(=O)CN(C)C)nc2[nH]ccc12,2.61,bfef9235035ed7ae117978accfa50257
CNC(=O)c1cc(-c2ccccc2)sc1NC(N)=O,3.19,1e22f389c3127440ed517c46b4e1fcf7
CNC(=O)c1cc(-c2nc(N3CCOCC3)cc(C3(S(C)(=O)=O)CC3)n2)c2cc[nH]c2c1,1.7,25e55ca6d54f7f6f66da16a997d63305
CNC(=O)c1cc(C(=O)c2ccc(Cl)cc2)c(Br)[nH]1,3.1,4a4fccc8998ec466b37d3f50ab9114e4
CNC(=O)c1ccc(-c2cc(C(=O)N[C@H]3CCCNC3)c(NC(N)=O)s2)cc1,0.7,d1b67a613f6ed1c5d20f751c077a7af6
CNC(=O)c1ccc(C)c(-n2c(C)cc(OCc3ccc(F)cc3F)c(Br)c2=O)c1,2.8,b9da7548d29345217060b7a6b4551e13
CNC(=O)c1ccc(CC(=O)N(C)C2CCN(Cc3ccc(C(F)(F)F)cc3)CC2)cc1,2.8,ba23fc568f5b8d866921524ced54d246
CNC(=O)c1ccc(CCC(COc2ccc(-c3cccc([N+](=O)[O-])c3)cc2)N2C(=O)CSC2=O)cc1,3.5,4ade88ac345d1989a01a4a8fb55a0998
CNC(=O)c1ccc(CN2CCC(c3ccc(C(=O)Nc4ccccc4N)cc3)CC2)cc1,1.99,ff564bb9759f733738631db2198a005c
CNC(=O)c1ccc(N2C(=S)N(c3ccc(C#N)c(C(F)(F)F)c3)C(=O)C23CCC3)cc1F,3.3,d9921fd6acd83e43f76528a51117de21
CNC(=O)c1ccc(Nc2ncc(F)c(-c3cnc(C)n3C(C)C)n2)cc1,3.0,f44494b5a86a3d06d3f8090a99ca96ba
CNC(=O)c1ccc(Nc2ncc(F)c(-c3cnc(C)n3C(C)C)n2)cc1F,3.31,5c00a5cb377176db5d7b5680811cbd8f
CNC(=O)c1ccc(Nc2nccc(-c3cnc(C)n3C(C)C)n2)cc1,2.69,46bf48258de6fae1e7d0eff93eed90f9
CNC(=O)c1ccc(Nc2nccc(-c3cnc(C)n3C(C)C)n2)cc1F,2.95,8297abc088db990bca67448f57602b9b
CNC(=O)c1ccc(Nc2nccc(-c3cnc(C4CC4)n3C(C)C)n2)cc1,2.77,4809bcdf5e62b7ae3411cf853e9c3a78
CNC(=O)c1ccc(Oc2ccc(C#C[C@]3(O)CN4CCC3CC4)cc2)cc1,1.99,1d783bc89773d0cac0d0adb92a5b1293
CNC(=O)c1ccc(Oc2ccc3c(c2)CCN(C2CCC2)CC3)nc1,1.45,3b0377d759aadef24cce7e080f138e96
CNC(=O)c1ccc2c(=O)cc(-c3cccnc3)[nH]c2c1,1.01,e1a2f4a9984ad585245b6caeacdaa176
CNC(=O)c1cccc(NC(=O)Nc2cccc(C#N)c2)c1CN1CCC(Cc2ccc(F)cc2)CC1,3.97,6b87b260b912bd3d212e27298d26e8ae
CNC(=O)c1cccc(O[C@H]2C[C@H]3CC[C@@H](C2)N3Cc2ccccc2)c1,1.93,921d17584989cb5fa74d97f5a747372a
CNC(=O)c1cccc(S(=O)(=O)Nc2ncc(C)nc2OC)c1-c1ccc(CC(C)C)cc1,1.68,d27539ee1c9954f0d158c126b62f4248
CNC(=O)c1cccc2c1c(Sc1ccc(Cl)cc1)c(C)n2CC(=O)O,-0.89,2bf3526753dcc67d58166c9e302f2e9b
CNC(=O)c1ccccc1Sc1ccc2c(/C=C/c3ccccn3)n[nH]c2c1,3.8,af82fd8b8934598caaa4793c3aec38ea
CNC(=O)c1cnn(-c2ccccc2)c1NS(=O)(=O)c1ccc(C)cc1,-0.54,1aea1a1da255ffe2683a824c6f1c052b
CNC(=O)c1nc(-c2ccc(Cl)c(S(=O)(=O)Nc3cccc(F)c3F)c2)cnc1N,2.8,90090512ab66eb88a4575f7ebfe50f05
CNC(=O)c1snnc1-c1ccccc1,1.23,d072ba0ae802bd3d3e43646f6873ae0f
CNC1(C)C2CCC(C2)C1(C)C,-0.84,6438326cdb4dc09352d243881dce10c7
CNC1=Nc2ccc(Cl)cc2C(c2ccccc2)=[N+]([O-])C1,2.41,7149dd4530efc8a21d0873e75bec3003
CNC1=Nc2ncccc2C(c2cc[nH]c2)=NC1c1cccs1,1.73,1884148e8dd81d9afd051f58bcd99fbf
CNC1=Nc2ncccc2C(c2ccccc2)=NC1c1cccs1,2.68,830e27dea2f2b945e6e99922dc7861bf
CNC1=Nc2ncccc2C(c2ccco2)=NC1c1cccs1,1.85,1884148e8dd81d9afd051f58bcd99fbf
CNC1=Nc2ncccc2C(c2ccco2)=NC1c1ccns1,1.44,1884148e8dd81d9afd051f58bcd99fbf
CNC1=Nc2ncccc2C(c2cccs2)=NC1c1cccs1,2.63,1884148e8dd81d9afd051f58bcd99fbf
CNC1=Nc2ncccc2C(c2ccns2)=NC1c1cccs1,2.15,1884148e8dd81d9afd051f58bcd99fbf
CNC1=Nc2ncccc2C(c2ncco2)=NC1c1cccs1,1.14,1884148e8dd81d9afd051f58bcd99fbf
CNC1CCN(c2ccc(NC(=O)c3ccc(-c4ccccc4)cc3)cn2)C1,2.35,240061da2074892b03f2acbaa6cd5134
CNCCC(Oc1ccc(C(F)(F)F)cc1)c1ccccc1,1.92,5b1fefce454441837a16ab38249c805d
CNCCC(Oc1ccccc1OC)c1ccccc1,0.22,0c9c50856c23ebc2b61e4b66a6545f75
CNCCC=C1c2ccccc2CCc2ccccc21,1.58,9174fb18628a2e41aef32671dce9b82b
CNCCCC12CCC(c3ccccc31)c1ccccc12,0.89,8e83368c86074151378c5d1fe50e250d
CNCCCN1c2ccccc2CCc2ccccc21,1.24,9174fb18628a2e41aef32671dce9b82b
CNCC[C@@H](Oc1cc(C(F)(F)F)ccc1C#N)c1ccccc1,1.3,3c53840c67300662df17850674b54c00
CNCC[C@@H](Oc1cc(OC)ccc1C#N)c1ccccc1,0.87,722cd831f2e8a2272142c0204520170c
CNCC[C@@H](Oc1ccc(C(F)(F)F)cc1)c1ccccc1,1.96,5b1fefce454441837a16ab38249c805d
CNCC[C@@H](Oc1ccccc1C)c1ccccc1,1.2,a2b57cb6283f9613694b8e3052e181de
CNCC[C@H](Oc1ccc(C(F)(F)F)cc1)c1ccccc1,1.89,5b1fefce454441837a16ab38249c805d
CNCC[C@H](Oc1cccc2ccccc12)c1cccs1,2.09,dc690e6e648e48b4864cc349943e1b17
CNC[C@H](O)c1ccc(Cl)c(C(=O)NCC23CC4CC(CC(C4)C2)C3)c1,1.41,6fb032f544980b576a30b34d0f59cf60
CNCc1ccc(-c2[nH]c3cc(F)cc4c3c2CCNC4=O)cc1,1.17,4a669532355fcd47a6b6b6f6d6262175
CNCc1cccc(-c2ccc3c(N4CCOCC4)nc(N4C[C@@H](C)O[C@@H](C)C4)nc3n2)c1,1.26,62743ce8693fa1b42cb23a77d68f2c27
CNS(=O)(=O)CCc1ccc2[nH]cc(C3CCN(C)CC3)c2c1,0.48,4ca4e8f700ef5a0b67226d933e650536
CNS(=O)(=O)Cc1ccc2[nH]cc(CCN(C)C)c2c1,-0.96,63eed4558318ea20232d424c93f51ce3
CNS(=O)(=O)Nc1ccc(-c2ccccc2)n(CC(=O)NC(C(=O)C(F)(F)F)C(C)C)c1=O,1.79,b28016f06726a8bc4362771a7f68e5b5
CNS(=O)(=O)c1ccc(Nc2nccc(-c3cnc4cccnn34)n2)cc1,2.8,14a08074458e79b3f005bf5f6d7a7529
CNS(=O)(=O)c1ccc(Oc2ccc(C#C[C@]3(O)CN4CCC3CC4)cc2)cc1,2.03,1660faef60cb45a1bb7d5e11adbb3fcf
CNS(=O)(=O)c1ccc2c(C(=O)NC[C@@H](O)CN3CCC(Oc4ccc(Cl)c(Cl)c4)CC3)c[nH]c(=O)c2c1,2.77,b6bbf7a96d2496d6b972623343bc01d1
CN[C@@H](C)C(=O)N[C@H](C(=O)N(C)[C@H]1CCCN(CCc2ccccc2)C1)C1CCCCC1,2.34,11d773465baad1bdbc20ad40cc1435dd
CN[C@@H](C)C(=O)N[C@H](C(=O)N1CCC[C@H]1C(=O)N[C@H](C(=O)OC)C(c1ccccc1)c1ccccc1)C1CCCCC1,2.42,4e02d19831d78d2d59fa15e9d1db68b0
CN[C@@H](C)C(=O)N[C@H](C(=O)N1CC[C@H]2CCN(CCc3ccccc3)C[C@H]21)C1CCCCC1,2.47,c13704f09461d393713b9c9364de3642
CN[C@@H](C)C(=O)N[C@H](C(=O)N1CC[C@H]2CC[C@H](NC(=O)c3cccc4ccccc34)[C@H]21)C(C)(C)C,1.94,99b1f626733a567389b6dce90dc57c57
CN[C@@H](C)C(=O)N[C@H](C(=O)N[C@H]1CCCCN(Cc2ccccc2)C1)C1CCCCC1,2.12,6d22761111df795666b4a0557aa76b1e
CN[C@@H](C)C(=O)N[C@H](C(=O)N[C@H]1CCCN(C(=O)Cc2ccccc2)C1)C1CCCCC1,1.32,b3ccadccb38e17ef78bbf3d645fe437d
CN[C@@H](C)C(=O)N[C@H](C(=O)N[C@H]1CCCN(C(=O)c2ccccc2)C1)C1CCCCC1,0.87,8cc19c9ab4bcb3409659958724b22d14
CN[C@@H](C)C(=O)N[C@H](C(=O)N[C@H]1CCCN(CCCc2ccccc2)C1)C1CCCCC1,2.6,560804c73a7e792570f5c2cf88205d88
CN[C@@H](C)C(=O)N[C@H](C(=O)N[C@H]1CCCN(CCc2ccc(Br)cc2)C1)C(C)(C)C,2.92,5079e1db079389f0e7a9dcba941c321d
CN[C@@H](C)C(=O)N[C@H](C(=O)N[C@H]1CCCN(CCc2ccc(C(F)(F)F)cc2)C1)C(C)(C)C,2.85,7f83228a9f9fe1be9eb1b6aff6b892fb
CN[C@@H](C)C(=O)N[C@H](C(=O)N[C@H]1CCCN(CCc2ccc(C)cc2)C1)C(C)(C)C,2.05,5079e1db079389f0e7a9dcba941c321d
CN[C@@H](C)C(=O)N[C@H](C(=O)N[C@H]1CCCN(CCc2ccc(F)cc2)C1)C(C)(C)C,3.12,5079e1db079389f0e7a9dcba941c321d
CN[C@@H](C)C(=O)N[C@H](C(=O)N[C@H]1CCCN(CCc2ccc(F)cc2)C1)C1CCCCC1,2.39,840556a061f443b17d422d59ec937346
CN[C@@H](C)C(=O)N[C@H](C(=O)N[C@H]1CCCN(CCc2ccc(O)cc2)C1)C(C)(C)C,0.77,5079e1db079389f0e7a9dcba941c321d
CN[C@@H](C)C(=O)N[C@H](C(=O)N[C@H]1CCCN(CCc2ccc(OC)cc2)C1)C(C)(C)C,1.45,69a1dafbc6a10fb7a87f15cc3f66f640
CN[C@@H](C)C(=O)N[C@H](C(=O)N[C@H]1CCCN(CCc2ccc([N+](=O)[O-])cc2)C1)C(C)(C)C,1.54,5e10599e52c4f288cf30ec5c7a66d8ee
CN[C@@H](C)C(=O)N[C@H](C(=O)N[C@H]1CCCN(CCc2cccc(F)c2)C1)C1CCCCC1,2.64,ce0e6f1c94acc8baa75866db4e6da283
CN[C@@H](C)C(=O)N[C@H](C(=O)N[C@H]1CCCN(CCc2cccc(OC)c2)C1)C(C)(C)C,1.47,1725237e98ad61c725c833e07585552d
CN[C@@H](C)C(=O)N[C@H](C(=O)N[C@H]1CCCN(CCc2ccccc2)C1)C(C)(C)C,1.46,2fa2cc119b54e5f4fc43b7bfbc524cf3
CN[C@@H](C)C(=O)N[C@H](C(=O)N[C@H]1CCCN(CCc2ccccc2)C1)C1CCCCC1,1.65,76a346aa4f5fb0a43bf2007dd0b36669
CN[C@@H](C)C(=O)N[C@H](C(=O)N[C@H]1CCCN(CCc2ccccc2F)C1)C1CCCCC1,2.51,bdfc515d08239701f804083f99f78c68
CN[C@@H](C)C(=O)N[C@H](C(=O)N[C@H]1CCCN(CCc2ccccc2OC)C1)C(C)(C)C,1.61,d29078dbf66d38a941752deca5cbfdb0
CN[C@@H](C)C(=O)N[C@H](C(=O)N[C@H]1CCCN(CCc2ccccn2)C1)C(C)(C)C,-0.55,2fa2cc119b54e5f4fc43b7bfbc524cf3
CN[C@@H](C)C(=O)N[C@H](C(=O)N[C@H]1CCCN(Cc2ccccc2)C1)C1CCCCC1,2.01,99da8ea4f5a5463313b5e2b11666e71d
CN[C@@H](C)C(=O)N[C@H](C(=O)N[C@H]1CCCN(S(=O)(=O)Cc2ccccc2)C1)C(C)(C)C,0.78,8a7e38b3079b40836dd73806631de59a
CN[C@@H](C)C(=O)N[C@H](C(=O)N[C@H]1CCCN(S(=O)(=O)c2ccccc2)C1)C(C)(C)C,0.9,626748350b4f6e6d928cf64e0fe03647
CN[C@@H](C)C(=O)N[C@H](C(=O)N[C@H]1CCN(C(=O)Cc2ccccc2)C1)C1CCCCC1,0.81,e840c8e37f967e9e072f6582d69f575f
CN[C@@H](C)C(=O)N[C@H](C(=O)N[C@H]1CCN(C(=O)c2ccccc2)C1)C1CCCCC1,0.82,f6450344c9689f4b6ab5f1ab6be8f6ce
CN[C@@H](C)C(=O)N[C@H](C(=O)N[C@H]1CCN(CCCc2ccccc2)C1)C1CCCCC1,1.9,126f35448530a587142cf6c660029802
CN[C@@H](C)C(=O)N[C@H](C(=O)N[C@H]1CCN(CCc2ccccc2)C1)C1CCCCC1,1.65,1e7b6dd5b0995de767917840e7bcef35
CN[C@@H](C)C(=O)N[C@H](C(=O)N[C@H]1CCN(Cc2ccccc2)C1)C1CCCCC1,1.49,de231bd758268de938e36daba009e737
CN[C@@H](C)C(=O)N[C@H](C(=O)N[C@H]1C[C@@H]2CC[C@H]1N(CCc1ccccc1)C2)C1CCCCC1,1.64,a7913e0a52d25b1d033ebfc9ab02b893
CN[C@@H](C)C(=O)N[C@H]1CN(C(=O)CC(C)C)CC[C@H]2CC[C@@H](C(=O)NC(c3ccccc3)c3ccccc3)N2C1=O,1.82,4db3e5566f5518d6dd3a581bec4ae9af
CN[C@@H](C)[C@H](O)c1ccccc1,-1.15,c307c6018f20b81687965c6b56932a0f
CN[C@H]1CCN(C(=O)c2ccc(Nc3nccc(-c4cnc(C)n4C(C)C)n3)cc2)C1,1.22,0af183d6e5b89214465347df1db2934c
CN[C@H]1CC[C@@H](c2ccc(Cl)c(Cl)c2)c2ccccc21,3.15,76c0b5d0358df8156a31969998f3ce49
CNc1c(Br)cnc2[nH]c(-c3ccc(O)cc3)nc12,2.47,1c6f7707ec6e78883b539898ea363dbe
CNc1c(Br)cnc2[nH]c(-c3ccc(OCCCN4CCOCC4)cc3)nc12,2.96,47b8c8a1c36019ba3f7553de8ba842a9
CNc1c(Br)cnc2[nH]c(-c3ccc(OCCN4CCCCC4)cc3)nc12,2.56,c72630558145b33a761365aa5dc20ac5
CNc1c(Br)cnc2[nH]c(-c3ccc(OCCN4CCN(C)CC4)cc3)nc12,2.91,f3dd2458285b48f4aba941c9eed6aec2
CNc1c(Br)cnc2[nH]c(-c3ccc(S(C)(=O)=O)cc3)nc12,2.88,f13cde6250678f3ea6c5a6c41c8eccb8
CNc1c(Br)cnc2[nH]c(-c3cccc(N)c3)nc12,2.96,975d4487011baff489901bbe75971ad0
CNc1c(Br)cnc2[nH]c(-c3ccnc(N)c3)nc12,2.83,975d4487011baff489901bbe75971ad0
CNc1c(Br)cnc2[nH]c(-c3cnn(C4CCN(C)CC4)c3)nc12,2.5,194ed1d7971cfbe25c0fc843bcb8562d
CNc1c(C(N)=O)cnc2[nH]c(-c3ccc(OCCN4CCOCC4)cc3)nc12,2.14,77801e65587633a6814b7fef6c73b161
CNc1c(Cl)cnc2[nH]c(-c3ccc(OCCN4CCOCC4)cc3)nc12,2.63,c72630558145b33a761365aa5dc20ac5
CNc1cc(C(=O)Nc2ccc(N3CCOCC3)cc2)nc2c(N3CCN(C)CC3)cc(OC)cc12,2.93,51f43c56474059dbdf9755571decb2a9
CNc1ccc(-c2nc3ccc(O)cc3s2)cc1,3.5,69bad0df1653e71be906649b1d0649ba
CNc1ccc2ncc(-c3cccc(O)c3)n2n1,2.99,ac2b798df4ce595397f82239b0ec9e5c
CNc1cccc(CCCc2ccc(C[C@H](NC(=O)c3c(Cl)cccc3Cl)C(=O)O)cc2)n1,0.57,b4469c564f3ee84c732e73233c06fa03
CNc1cccc(CCCc2ccc(C[C@H](NC(=O)c3c(Cl)cccc3Cl)C(=O)O)s2)n1,0.78,98e14b74780750b741a7c5352c3d4552
CNc1cccc(CCOc2ccc(C[C@H](NC(=O)c3c(C)cc(C)cc3C)C(=O)O)cc2)n1,0.52,b0c969096a5347d37ecc0965f16c84e9
CNc1cccc(CCOc2ccc(C[C@H](NC(=O)c3c(Cl)cccc3Cl)C(=O)O)cc2)n1,-0.15,b4469c564f3ee84c732e73233c06fa03
CNc1cccc(CCOc2ccc(C[C@H](NC(=O)c3c(Cl)cccc3Cl)C(=O)O)cc2C)n1,0.34,30facd057a089192335291e986b26054
CNc1cccc(CCOc2ccc(C[C@H](NC(=O)c3c(Cl)cccc3Cl)C(=O)O)cc2F)n1,-0.05,30facd057a089192335291e986b26054
CNc1cccc(CCOc2ccc(C[C@H](NC(=O)c3c(F)cccc3Cl)C(=O)O)cc2)n1,-0.42,b4469c564f3ee84c732e73233c06fa03
CNc1cccc(CCOc2ccc(C[C@H](NC(=O)c3ccc(F)cc3Cl)C(=O)O)cc2)n1,-0.04,b3985456e8a2a8670f2aaa70ae534003
CNc1cccc(CCOc2ccc(C[C@H](NC(=O)c3ccccc3Cl)C(=O)O)cc2)n1,-0.31,108d22b491e83ded16800f57df53157e
CNc1cnc(-c2ccc(F)cc2)n(CC(=O)NC(C(=O)C(F)(F)F)C(C)C)c1=O,1.86,b6a54d1c8a155a4f6aa743436a686e3c
CNc1nc(C)c(-c2nc(Nc3cccc(N4CCCN(C(C)=O)CC4)c3)ncc2C#N)s1,3.2,c3798b660d7c8d723fd1129cc9ef1140
CNc1nc(C)c(-c2nc(Nc3cccc(N4CCCNCC4)c3)ncc2C#N)s1,1.64,131046db737d179c6cdf61468a4e1ecb
CNc1nc(C)c(-c2nc(Nc3cccc(N4CCNCC4)c3)ncc2C#N)s1,1.9,b4c929111df5adc445dde8df85b4aa9f
CNc1nc2ccccc2n1Cc1sc2c(c1C(=O)N1CC[C@@H](O)C1)c(=O)n(C)c(=O)n2CC(C)C,1.61,98c0a76d147ba92161993afaaf4b0029
CNc1nc2ccccc2n1Cc1sc2c(c1C(=O)N1C[C@H](O)CO1)c(=O)n(C)c(=O)n2CC(C)C,1.77,98c0a76d147ba92161993afaaf4b0029
CNc1nc2nc(SCc3cccc(F)c3F)nc(N[C@H](C)CO)c2s1,3.7,2e78466be71c4de7d1c855ec6946b3a5
CNc1ncc(C(=O)c2ccccc2)s1,2.36,9d3cd05b2b2f884e14f717635dcb5550
CNc1ncnc2c(CNc3cc(NC(=O)c4ccc5c(c4)OCCO5)ccc3C)cccc12,4.0,894341345c586ba20b85bbc760e62a89
COC(=O)C1=C(C)NC(C)=C(C(=O)OC(C)C)[C@@H]1c1cccc2nonc12,3.77,69c39892cfad06dc0590edaf2852fb20
COC(=O)C1=C(C)NC(C)=C(C(=O)OC)C1c1ccccc1[N+](=O)[O-],3.29,34031165c8040845d7dca855a138ce1e
COC(=O)C1=C(C)NC(C)=C(C(=O)OCC(C)C)C1c1ccccc1[N+](=O)[O-],3.59,bf73723ce9a79dabab390f539752be0b
COC(=O)C1C(OC(=O)c2ccccc2)CC2CCC1N2C,1.06,e263b3e040c880e26d1c5180232125d6
COC(=O)CCC(=O)Nc1ccc2c(c1)-c1ccccc1C(=O)C2=O,2.72,77fffcca739ec11e3b54209280e9a752
COC(=O)CCC(=O)Nc1ccc2c(c1)C(=O)C(=O)c1cc(NC(=O)CCC(=O)OC)ccc1-2,2.67,2e696d8fb51f41cb6ae74109cdd21812
COC(=O)CCCC(=O)Nc1ccc2c(c1)-c1ccccc1C(=O)C2=O,2.96,37bea8d28a0d0e207a37cdcb9ed94ac2
COC(=O)CCCCCCC(=O)Nc1ccc2c(c1)-c1ccccc1C(=O)C2=O,2.6,e653c781f5636c946c9ae91b72c6ec5e
COC(=O)CCCCCCC(=O)Nc1ccc2c(c1)C(=O)C(=O)c1ccccc1-2,2.9,bbfa47603cb9329ae8c03d2fec9b79b6
COC(=O)CCn1cc(-c2cc(NC3CC3)n3ncc(C#N)c3n2)c2cc(NC(C)=O)ccc21,2.72,d7aa622a6f2cb16c8180e10a944f50f2
COC(=O)COc1ccc(C(=O)Nc2ccc(F)cc2)cn1,2.43,d79129a69dcf2bb2e86935e9fcb4cee6
COC(=O)COc1ccc(O)cc1,0.92,219d76c963293f222d44704963459f17
COC(=O)COc1ccc(OCCNCC(O)COc2ccccc2)cc1,1.54,6d9108473f5999874c4f4689a4eab003
COC(=O)N1CCN(C(=O)Cc2ccc(Cl)c(Cl)c2)[C@@H](CN2CCCC2)C1,1.97,0bc9a1028627955e9698a0903ad8386a
COC(=O)N1CCN(C(=O)Cc2ccc(Cl)c(Cl)c2)[C@H](CN2CCCC2)C1,2.05,0bc9a1028627955e9698a0903ad8386a
COC(=O)N1CCN(c2ccnc(-n3ccnc3)n2)C(CC(=O)NCc2ccc3c(c2)OCO3)C1,1.88,e0c8989e72d1d993c1acf0fb53b154fd
COC(=O)N1CCOc2cc(COc3ccccc3)cnc21,2.5,fe9a711041307cc1ab7df544e4ac8893
COC(=O)Nc1cnc(-c2ccc(F)cc2)n(CC(=O)NC(C(=O)C(F)(F)F)C(C)C)c1=O,1.82,7f6b737c2dc2be0b75f0033d49283ef3
COC(=O)Nc1nc2ccc(C(=O)c3ccccc3)cc2[nH]1,2.9,60205417a7c65c38c927335cf1d20bbb
COC(=O)[C@@H]1C2CCC(C[C@@H]1c1ccc(I)cc1)N2CCCF,2.3,47143b7338fc73e79021d5fc9d854e7e
COC(=O)[C@@H]1[C@H]2C[C@H]3c4[nH]c5ccccc5c4CCN3C[C@@H]2CC[C@@H]1O,1.65,31616a2e8d8df3b7cf9c18601aa2a1a3
COC(=O)[C@H](Cc1ccc([N+](=O)[O-])cc1)NC(=O)c1cccc2ccccc12,3.58,0c9a206523cbcf3d5f6accd3d36902d6
COC(=O)[C@H](c1ccccc1Cl)N1CCc2sccc2C1,3.69,1991f44e931c4055c1ef5c0435a0a61c
COC(=O)c1c(C)[nH]c(C)c1C(=O)c1ccccc1Cl,2.7,c7b3e021a581e6a6046c053e80fc73a8
COC(=O)c1c(O)cccc1OC/C=C/c1ccc(F)c(-c2cc(C(=O)O)no2)c1,0.66,4eeccfdc1c113a1c5ddef58d9ffbab93
COC(=O)c1ccc(C(C)n2[nH]c(=O)c3[nH]c4cc(Cl)ccc4c(=O)c3c2=O)cc1,1.3,4652f872b004889da68269ce655c8509
COC(=O)c1ccc(C)c(NS(=O)(=O)c2ccc3c(c2)c(=O)sn3C)c1,2.6,591ab12ca0b8fa58b31a9a6cd70ec52b
COC(=O)c1ccc(CC(=O)N(C)C2CCN(CCC(c3ccccc3)c3ccccc3)CC2)cc1,4.0,5b65acb785449c98c1e7260198c0d5db
COC(=O)c1ccc(Cn2[nH]c(=O)c3[nH]c4cc(Cl)ccc4c(=O)c3c2=O)cc1,1.17,76005ceb3f5f348463c0a1a76aed480c
COC(=O)c1ccc(NC(=O)c2cc(OC)c(OC)c(OC)c2)cc1,3.2,ee9511dcdd3b1daede6581816a1dbbdb
COC(=O)c1ccc2c(c1)N(CCN1CCC(NCc3ccc4c(n3)NC(=O)CO4)CC1)C(=O)CO2,0.83,14313c0d9b57a709bcbace2b7e5e0873
COC(=O)c1cccc(Cn2[nH]c(=O)c3[nH]c4cc(Cl)ccc4c(=O)c3c2=O)c1,1.1,768049706768721d49cc2badbb6aeee1
COC(=O)c1nc2c(N[C@H](C)CO)nc(SCc3cccc(F)c3F)nc2[nH]c1=O,2.49,9a73ae7a2e43457d7d7e9b36402d08a0
COC(Cn1c(=O)[nH]c2c(=O)n(CC(=O)NC(C(=O)C(F)(F)F)C(C)C)c(-c3ccccc3)cc2c1=O)OC,1.56,842da7b6331b34cd270aaa13e006240b
COC1(c2cc(F)cc(OCc3ccc4c(ccc(=O)n4C)c3)c2)CCOCC1,3.52,eaf3197d1a3b28c6521af0aaf0a70279
COC1(c2ccc(NC(=O)c3cc(=O)c4cc(F)cc(-c5c(C)nn(C)c5C)c4o3)cn2)CCOCC1,2.98,ed6401333ea027340d0aff13b1fdc62b
COC1/C=C/OC2(C)Oc3c(C)c(O)c4c(c3C2=O)C(=O)C=C(NC(=O)/C(C)=C\C=C\C(C)C(O)C(C)C(O)C(C)C(OC(C)=O)C1C)C4=O,0.7,fa7c285eab7f85e6e3fbcdc876fab12f
COC1=CC(c2cc3ccccc3[nH]2)=N/C1=C\c1[nH]c(C)cc1C,2.55,08028a6feae376b58ace1df76df73550
COC1CCN(C(=O)C2CCN(CCc3c(-c4cc(C)cc(C)c4)[nH]c4sc(C(C)(C)C(=O)N5C6CCC5CC6)cc34)CC2)CC1,4.09,bbf680322996e2225e2b07b4d44c8393
COCC(=O)N1CCC(n2cc(-c3cnc(N)c(-c4nc5ccccc5o4)c3)cn2)CC1,3.4,6ee997f9d08767aaf10f0f7b39dc5427
COCC(C)n1nc(C)c(C(=O)N[C@@H](C)C(C)(C)C)c1NS(=O)(=O)c1ccc(C)cc1,0.61,1ef89ab9a272ba606904959705082b74
COCC1=C(C(=O)OC(C)OC(=O)OC(C)C)N2C(=O)[C@@H](NC(=O)/C(=N\OC)c3csc(N)n3)[C@H]2SC1,1.7,1f47f968655ea1239813cd9271e15666
COCCC(=O)N(C)c1ccc(Nc2ncc3cc(-c4ccncc4)ccc3n2)cc1,3.23,fd173bd99f1b5fd3ae355ff3204c1bca
COCCC(=O)NC(C)c1ccc(Nc2ncc3cc(-c4ccncc4)ccc3n2)cc1,2.98,22f2f042bc85d99002038753ba80f6fc
COCCC(=O)N[C@@H](C)c1ccc(Nc2ncc3cc(-c4ccncc4)ccc3n2)cc1,3.05,22f2f042bc85d99002038753ba80f6fc
COCCC(=O)N[C@H](C)c1ccc(Nc2ncc3cc(-c4ccncc4)ccc3n2)cc1,3.08,22f2f042bc85d99002038753ba80f6fc
COCCC(=O)Nc1ccc(Nc2ncc3cc(-c4ccncc4)ccc3n2)cc1,2.78,f840e58a06f17620c3ace8613e284a3e
COCCC(C)n1nc(C)c(C(=O)N[C@@H](C)C(C)(C)C)c1NS(=O)(=O)c1ccc(C)cc1,0.78,c61fa9cb55f610231b0e56c1badec8f2
COCCC(NC(=O)C1(N)CCN(c2ncnc3[nH]ccc23)CC1)c1ccc(Cl)cc1,2.95,c7556b385997162ad24429c26be4aee5
COCCC(Oc1ncnc2c1cnn2-c1ccccc1C(F)(F)F)C(=O)Nc1ccc(C)cn1,3.5,f65338651d2611749663ce595c862f5c
COCCCCC(=NOCCN)c1ccc(C(F)(F)F)cc1,1.55,fae0016219038fd0492125eb424756e1
COCCCNS(=O)(=O)c1ccc(Nc2nccc(-c3cnc4ccccn34)n2)cc1,3.41,acc4b0bb8a3a6a6274d26cb44f75f099
COCCCOc1ccnc(C[S+]([O-])c2nc3ccccc3[nH]2)c1C,-0.69,603564f74d822b242fe88c8a7911c77a
COCCCc1cc(Nc2ccnc(NCc3cc(C)no3)n2)n[nH]1,2.04,a7d6ec4220e6f22e8d9b51a9f403394d
COCCCc1cc(Nc2nc(NCc3cc(C)no3)ncc2Br)n[nH]1,3.07,28b2a5d5caf826fcd82423eb88f0e4f5
COCCN(C)Cc1ccc(Nc2ncc3cc(-c4ccncc4)ccc3n2)cc1,2.65,f840e58a06f17620c3ace8613e284a3e
COCCN(c1ccnc(Nc2cc(N3CCOCC3)cc(N3CCOCC3)c2)n1)c1cc(CO)ccc1C,2.8,0fe1f7abc19c1207178c21241b1fad51
COCCN1CCC(Cc2ccc(C(=O)NCc3cnc(C#N)nc3NCC(C)(C)C)cc2)CC1,3.5,ddb5a9b8e084fe24b49774ac14c8131e
COCCN1CCN(CC(=O)Nc2ccc(-c3cccn4c(=O)cc(N5CCOCC5)nc34)c3sc4ccccc4c23)CC1,3.2,f0ab952144a8ee567199f1c63839b4dc
COCCNC(=O)c1ccc(Nc2ncc3cc(-c4cccnc4)ccc3n2)cc1,3.11,817449fd0171dceed966f2c256b5279b
COCCNC(=O)c1ccc(Nc2ncc3cc(-c4ccnc(C)c4)ccc3n2)cc1,3.56,177665d323385b2be3fea4f36a3413a8
COCCNC(=O)c1ccc(Nc2ncc3cc(-c4ccncc4)ccc3n2)cc1C,2.78,649a480234551b093f92c40646fd7cb4
COCCNC(=O)c1ccc(Nc2ncc3cc(-c4ccncc4OC)ccc3n2)cc1,3.14,400fff809e902e681aeb5cd6e1783dcb
COCCNC(=O)c1cccc(Cn2[nH]c(=O)c3[nH]c4cc(Cl)ccc4c(=O)c3c2=O)c1,1.2,cecdc821fd6e31b2da633af8f90ab92e
COCCNC(=O)c1cccc(Nc2ncc3cc(-c4ccncc4)ccc3n2)c1,3.21,95ecd91a6603221a2398e9068523bd2a
COCCNCc1ccc(-c2cc(C(N)=O)c(NC(N)=O)s2)cc1,0.87,fd530b9456c58e9c0c8f5b2128f27df7
COCCNCc1ccc(CCNC[C@H](O)c2ccc(O)c3[nH]c(=O)sc23)cc1,-0.54,88419da2a7bb4949a524b945fcb4637d
COCCNCc1ccc(Nc2ncc3cc(-c4ccncc4)ccc3n2)cc1,1.86,5da0274a061a184e4651276a0b2bc5d7
COCCNCc1cccc(CCNC[C@H](O)c2ccc(O)c3[nH]c(=O)sc23)c1,0.01,0bd154c343842c62303f8bc64055e35a
COCCNCc1cncc(-c2ccc(F)cc2OC)n1,1.61,7bfbaa9a5ec6ade177e1471c8c96b40d
COCCNS(=O)(=O)c1ccc(-c2cnc(N)c(C(=O)Nc3cccnc3)n2)cc1,2.26,1f7f3f99699ab0cca59a768d0ae61a06
COCCNS(=O)(=O)c1ccc(Nc2nccc(-c3cnc4cccnn34)n2)cc1,2.8,0d97fed0291ffee6c27423e381f2c42c
COCCNc1nc(C#N)nc(NCC(C)C)c1N,2.8,f0da818548d400e0219621d6ade51788
COCCNc1nc(N)c2nc(O)n(Cc3ccccc3)c2n1,2.18,7243083718d60cb9b8f7833ea15aff85
COCCNc1nc(NCc2ccccc2F)c2sccc2n1,3.4,2ce68fd5206ecb9f0b4c2bce6ee6ce2c
COCCOC(=O)C1=C(C)NC(C)=C(C(=O)OC(C)C)C1c1cccc([N+](=O)[O-])c1,3.8,a9dc2f863384e6a2ccddf2cdb60b830c
COCCOCCOc1ccc(-c2cc(C(N)=O)c(NC(N)=O)s2)cc1,2.21,b070622ee23737455147bdcdae8ac00a
COCCOc1cc(Nc2nccc(N(C)c3cc(CO)ccc3C)n2)cc(N2CCOCC2)c1,3.3,9315a43ec78f8792d9daa11fb3595aeb
COCCOc1cc2ncc(C(N)=O)c(Nc3ccc(C)cc3F)c2cc1N1CCN(C)CC1,2.24,98ac5f4318f076691934470c0ee9d64a
COCCOc1cc2nccc(Nc3cc(O)c(Cl)cc3F)c2cc1OC,2.64,bf0aeafc77a488ae91c93b8181bd7bef
COCCOc1ccc(-c2cc(C(N)=O)c(NC(N)=O)s2)cc1,2.34,ef825f1dad40c339d502ff1f83ac1508
COCCOc1ccc(C(=O)Nc2cc(NC(=O)c3cccc(N(C)C)c3)ccc2C)cc1,2.74,1a95af298a1cddf8254b3baad32fd5a2
COCCOc1ccc(Nc2ncc3cc(-c4ccncc4)ccc3n2)cc1,3.1,5f30a92e62d7ea7eda2941805598d1c4
COCCOc1nc(N)c2[nH]c(=O)n(Cc3cccc(CC(=O)OC)c3)c2n1,1.86,9b186506ed4f4e00422b6fb1fa25320b
COCCOc1nc(N)c2[nH]c(=O)n(Cc3ccccc3)c2n1,2.26,7243083718d60cb9b8f7833ea15aff85
COCCS(=O)(=O)N1CCN(c2ccc(Nc3nccc(-c4cnc(C)n4C(C)C)n3)cc2)CC1,2.75,01638ddbf039f6ad4496438fd4733031
COCCS(=O)(=O)c1ccc(Nc2nccc(-c3cnc(C)n3C(C)C)n2)cc1,2.56,49f220df940cc47744b90a94928d10fc
COCC[C@H](Oc1ncnc2c1cnn2-c1ccccc1Cl)C(=O)Nc1ccc(C)cn1,3.6,5d644660b48c05246b11ed9f10012e5b
COC[C@@H](O)Cn1c(=O)cnn(-c2ccc(Cl)c(C(=O)NCC3(O)CCCCCC3)c2)c1=O,1.44,73b679de6472e22905c5ebabb6921117
COC[C@@H](c1ccc(C(F)(F)F)cc1)N1CCN(C2(C)CCN(C(=O)c3c(C)ncnc3C)CC2)C[C@@H]1C,2.7,ba5e9b7d162b822e95fa58b3139f0e16
COC[C@H](C)Oc1cc(O[C@@H](C)Cc2ccccc2)cc(C(=O)Nc2ccc(C(=O)O)cn2)c1,1.5,9fa200d67a14995c1437e84631771086
COC[C@H](C)Oc1cc(Oc2cc(F)cc(F)c2)cc(C(=O)Nc2ccc(C(=O)O)cn2)c1,1.36,4269eb4a9618baf20761210f5355181c
COC[C@H](C)Oc1cc(Oc2ccc(Cl)cc2)cc(C(=O)Nc2ccc(C(=O)O)cn2)c1,1.69,ed3a967141a35015bd6c95da241f25aa
COC[C@H](C)Oc1cc(Oc2ccc(S(C)(=O)=O)cc2)cc(C(=O)Nc2ccc(C(=O)O)cn2)c1,-0.41,d20f0ed0bcd1ef60d78705580928846a
COC[C@H](C)Oc1cc(Oc2ccccc2)cc(C(=O)Nc2ccc(C(=O)O)cn2)c1,0.95,c22f292357704bca0726381b4355c8a0
COC[C@H](O)Cn1c(=O)cnn(-c2ccc(Cl)c(C(=O)NCC3(O)CCCCCC3)c2)c1=O,1.46,73b679de6472e22905c5ebabb6921117
COCc1c(C(C)C)nc(C(C)C)c(/C=C/[C@@H](O)C[C@@H](O)CC(=O)O)c1-c1ccc(F)cc1,1.72,5bd9825e7e24d77014bab97efdbc1603
COCc1ccoc1C(=O)N(c1ccc(OC)cc1OC)C(C(=O)NC[C@@H](C)O)c1ccccc1F,1.98,56739d62ef8c8e4e8eb8dd12460dc84a
CON(C)C(=O)c1c(Cn2c(C)nc(Cl)c2Cl)sc2c1c(=O)n(C)c(=O)n2CC(C)C,2.23,2d58dadfd8c422d9d7174e7f3567091b
CONC(=O)c1cnc(N2CCC(NC(=O)c3[nH]c(C)c(Cl)c3Cl)CC2)s1,3.1,36952990660d3334bc14454b80e968e2
CO[C@@H](C(=O)N1Cc2n[nH]c(NC(=O)c3ccc(N4CCN(C)CC4)cc3)c2C1)c1ccccc1,2.0,759ae8dcf300363e950a14eb0196b85b
CO[C@@H]1CN(CCn2c(=O)ccc3ccc(C#N)cc32)CC[C@H]1NCc1ccc2c(n1)NC(=O)CO2,0.81,43bb5258e308e779d764a3e938649ce6
CO[C@@H]1CN(Cc2ccc(C(F)(F)F)cc2)CC[C@@H]1N(C)C(=O)Cc1ccc(-n2cnnn2)cc1,3.1,d69ae53c39261e7c290c2c02f8a83daf
CO[C@H]1/C=C/O[C@@]2(C)Oc3c(C)c(O)c4c(O)c(cc(O)c4c3C2=O)NC(=O)/C(C)=C\C=C\[C@H](C)[C@H](O)[C@@H](C)[C@@H](O)[C@@H](C)[C@H](OC(C)=O)[C@@H]1C,1.19,fa7c285eab7f85e6e3fbcdc876fab12f
CO[C@H]1CC[C@]2(CC1)Cc1ccc(-c3cc(Cl)cc(C#N)c3)cc1C21N=C(C)C(N)=N1,3.8,7efc7c1cdae84a7cf78c6b667c32960c
CO[C@H]1CC[C@]2(CC1)Cc1ccc(-c3cncc(Br)c3)cc1C21N=C(C)C(N)=N1,3.4,fcab92769768a171fbc64249655e1415
CO[C@H]1CC[C@]2(CC1)Cc1ccc(OCC(C)C)cc1C21N=C(C)C(N)=N1,3.4,f7b5f61fb9274c1a036ca9c82745d176
CO[C@H]1CN(CCn2c(=O)ccc3ccc(C#N)cc32)CC[C@@H]1NCc1cc2c(cn1)OCCO2,1.05,4fb77cb862b844832f68410c3d9fe10e
CO[C@H]1CN(CCn2c(=O)ccc3ccc(C#N)cc32)CC[C@H]1NCc1cc2c(cn1)OCCO2,0.63,4fb77cb862b844832f68410c3d9fe10e
CO[C@H]1CN(CCn2c(=O)ccc3ccc(C#N)cc32)CC[C@H]1NCc1ccc2c(n1)NC(=O)CO2,0.32,43bb5258e308e779d764a3e938649ce6
CO[C@H]1CN(Cc2ccc(C(F)(F)F)cc2)CC[C@H]1N(C)C(=O)Cc1ccc(-n2cnnn2)cc1,3.0,d69ae53c39261e7c290c2c02f8a83daf
COc1c(C#N)cc2ccccc2c1C(=O)N(C)C[C@@H](CCN1CCC(N2CCCNC2=O)CC1)c1ccc(Cl)c(Cl)c1,3.0,fcb7385d1b4103b58f7548008aa71b3f
COc1c(C#N)cc2ccccc2c1C(=O)N(C)C[C@@H](CCN1CCC(c2ccc(O)cc2[S+](C)[O-])CC1)c1ccc(Cl)c(Cl)c1,3.5,f839e6975d7a5a991da9f9ec7fbce5d4
COc1c(C)c2c(c(O)c1C/C=C(\C)CCC(=O)OCCN1CCOCC1)C(=O)OC2,2.26,b3a5c7802fc636f770d0d91384b9221a
COc1c(C)cnc(Cn2cnc3c(Cl)nc(N)nc32)c1C,1.67,2c9a6b6f06dc2656ed842c6124da1a3b
COc1c(N2CCNC(C)C2)c(F)cc2c(=O)c(C(=O)O)cn(C3CC3)c12,-0.82,a25f85297c0b890edb0503290adefbe6
COc1c(N2CCO[C@@H](CN(C)C)C2)c(F)cc2c(=O)c(C(=O)O)cn(C3CC3)c12,-0.62,0fa5a8e2c8605169b72c28397eff1159
COc1c(N2C[C@@H]3CCCN[C@@H]3C2)c(F)cc2c(=O)c(C(=O)O)cn(C3CC3)c12,-0.18,abbaa17421e4bbb6eb7ebda048ba8b20
COc1c(Nc2ccc(S(C)(=O)=O)nc2C)ncnc1OC1CCN(C(=O)OC(C)C)CC1,2.4,e374d2402bd2b174bb375105d533cd48
COc1c2occc2cc2ccc(=O)oc12,1.97,cd43af08d124268face832a03611494b
COc1cc(-c2c(F)ccc3c(N)c(C(=O)NC4CC4)nnc23)c(OC)nn1,2.75,6a0a7870cf3e50e32a7d5c74b02de691
COc1cc(-c2ccc(Nc3ccccc3C(=O)O)c(OC)c2)ccc1Nc1ccccc1C(=O)O,1.8,8ae1fe03c567cb73938ca27d8a931236
COc1cc(-c2cccc3c(=O)cc(N4CCOCC4)oc23)ccc1NC(=O)CN1CCOCC1,2.3,e7e034d69369641db45d4184ac8ee5f5
COc1cc(-c2ccncc2)cc2cnc(Nc3ccc([C@@H](C)NC(C)=O)cc3)nc12,2.73,987599d8a8e968e9d5db12df582fbc40
COc1cc(-c2nc(N3CCOCC3)cc(C3(S(C)(=O)=O)CC3)n2)c2cc[nH]c2c1,2.4,20d9e91d8b8d89de634acf2417432bbe
COc1cc(-c2nn[nH]n2)ccc1Cn1ccc2ccc(NC(=O)OC3CCCC3)cc21,2.7,76136fa14c4ace33d960ebe5782c6a91
COc1cc(-c2nnc(S)n2-c2cccc(C(F)(F)F)c2)cc(OC)c1OC,2.27,9c7b6260fdff8a7bed21038904e8825d
COc1cc(-n2cnc3cc(-c4ccc(Cl)cc4)sc3c2=O)ccc1OCCN1CCCC1,2.74,ecfb5d90b90aede41e9210cf9bb373d1
COc1cc(-n2cnc3cc(-c4ccc(Cl)cc4)sc3c2=O)ccc1OC[C@H](OP(=O)(O)O)C1CC1,-0.04,78725a8092d4a581cccea3f5cf402b71
COc1cc(-n2nnc3cc(-c4ccc(Cl)cc4)sc3c2=O)ccc1N1CC[C@@H](O)C1,3.15,75e728ea29b190b993551128819a8881
COc1cc(/C=C2/SC(=O)NC2=O)cc(OC)c1O,0.74,562e84cdb5426b7a59613b8f4d85e801
COc1cc(C(=O)N2CCOCC2)ccc1Nc1ncc(Cl)c(-c2cnc3ccccn23)n1,3.4,34d64ae09312aaed758ed7309e85bbdf
COc1cc(C(=O)N2CC[C@](CCN3CCC(C(N)=O)(c4ccccc4)CC3)(c3ccc(Cl)c(Cl)c3)C2)cc(OC)c1OC,3.23,c420f8614968b9720a6b4b64b177b0ad
COc1cc(C(=O)NC2CCN(C)CC2)ccc1Nc1ncc2c(n1)N(C1CCCCC1)CCC(=O)N2C,2.87,afa2a660a43cace48b94550cabb037ae
COc1cc(C(=O)NC[C@@H](O)CN2CCC(Oc3ccc(Cl)c(Cl)c3)CC2)ccc1N,3.12,09367986ed745f7caffc7e1dc2fcf977
COc1cc(C(=O)NCc2ccc(OCCN(C)C)cc2)cc(OC)c1OC,0.74,00c99f0473c7dc3b05639cf91b541cb1
COc1cc(C(=O)NS(=O)(=O)c2ccccc2)ccc1Cn1ccc2ccc(C(=O)NCC3CCCC3)cc21,1.93,41f6532f576b95afb94cdd63fe6e2bba
COc1cc(C(=O)NS(=O)(=O)c2ccccc2)ccc1Cn1ccc2ccc(NC(=O)OC3CCCC3)cc21,2.2,0262d16245d7c97dbd53cc28516bccd1
COc1cc(C(=O)NS(=O)(=O)c2ccccc2)ccc1Cn1cnc2ccc(NC(=O)CC3CCCC3)cc21,0.9,0262d16245d7c97dbd53cc28516bccd1
COc1cc(C(=O)NS(=O)(=O)c2ccccc2)ccc1Cn1ncc2ccc(NC(=O)CC3CCCC3)cc21,1.6,0262d16245d7c97dbd53cc28516bccd1
COc1cc(C(=O)NS(=O)(=O)c2ccccc2)ccc1Cn1ncc2ccc(NC(=O)OC3CCCC3)cc21,1.8,0262d16245d7c97dbd53cc28516bccd1
COc1cc(C(=O)NS(=O)(=O)c2ccccc2C)ccc1Cc1c[nH]c2ccc(NC(=O)CC3CCCC3)cc12,2.0,127352860072a4f0bc4348cf6213445a
COc1cc(C(=O)NS(=O)(=O)c2ccccc2C)ccc1Cc1cn(C)c2ccc(C(=O)NCCc3ccccc3)cc12,2.51,c982a1969fc3a57f4829edfafaf00d75
COc1cc(C(=O)Nc2cc(NC(=O)c3cccc(N(C)C)c3)ccc2C)cc(OC)c1OC,2.54,4dd79df8d49064908b8b893d0dcd7a2b
COc1cc(C(=O)Nc2ccc(Cl)c(-c3nc4ccccc4[nH]3)c2)cc(OC)c1OC,3.83,9a49f96d756e85c0b6d35cb7b51a77e9
COc1cc(C(=O)Nc2ccc(N3CCOCC3)cc2)nc2c(N3CCN(C)CC3)cc(F)cc12,3.85,8120bb20516f10e197b7ae509feb6e34
COc1cc(C(=O)O)ccc1Cc1cn(C)c2ccc(NC(=O)CC3CCCC3)cc12,2.0,d2031aec7b83283186673dea717f22ec
COc1cc(C(=O)O)ccc1Cn1ccc2ccc(NC(=O)OC3CCCC3)cc21,2.1,adb6c7be2e883c053f20db276cf17050
COc1cc(C(=O)c2cc(Cl)ccc2N)cc(OC)c1OC,3.38,4db605f8a08748c84f0a7581de3713c3
COc1cc(C(CO)CO)ccc1Nc1ncc(Cl)c(-c2cnc3ccccn23)n1,3.1,2feca75c5f8d7efdbac03ef227db0992
COc1cc(C)c(S(=O)(=O)N(C)CCOCC(=O)N2CCC(C3CCN(C)CC3)CC2)c(C)c1,0.3,2a03f1a9fee4cfe3e6a5b29f90413a62
COc1cc(C)c(S(=O)(=O)N(C)CCOCC(=O)N2CCN(C3CCN(C)CC3)CC2)c(C)c1,-0.4,2a03f1a9fee4cfe3e6a5b29f90413a62
COc1cc(CCc2cc(Nc3ccnc(NCc4cc(C)no4)n3)n[nH]2)cc(OC)c1,3.1,a2266a449168d4a0b9ee74547027dc07
COc1cc(CCc2cc(Nc3ccnc(NCc4ccccn4)n3)n[nH]2)cc(OC)c1,3.5,05b697a7e928f4782062ba35cc293c2d
COc1cc(CNc2nc3ccccc3[nH]2)cc(OC)c1OC,2.36,aa16b92391f2d89f230694fb445a6c01
COc1cc(CO)cc(N(C)c2ccnc(Nc3cc(N4CCOCC4)cc(N4CCOCC4)c3)n2)c1,3.0,b3d674be05c83ff302ab0582a2eeaf99
COc1cc(Cc2cnc(N)nc2N)cc(OC)c1OC,0.63,800b0d5a906589485a02a6363b3c92bb
COc1cc(F)ccc1-c1cc(CNC2CCCC2)ccn1,1.71,91aa9cdf1f872d63b9e3d524bf05a050
COc1cc(F)ccc1-c1cccc(CNC2CCCC2)c1,2.29,91aa9cdf1f872d63b9e3d524bf05a050
COc1cc(F)ccc1-c1cccc(CNC2CCCC2)n1,2.06,91aa9cdf1f872d63b9e3d524bf05a050
COc1cc(F)ccc1-c1cncc(C2CCCN2)c1,1.1,390899354e65ff356fe417a98d197f15
COc1cc(F)ccc1-c1cncc(CNC(=O)C2CC2)c1,2.9,48128af0779caf797f74052f32af38d3
COc1cc(F)ccc1-c1cncc(CNC(=O)C2CCC2)c1,3.2,c593446a62362e7cad244a7dd81d4d25
COc1cc(F)ccc1-c1cncc(CNC(=O)c2ccccc2)c1,3.76,b526b5de6a5ec46a2088669eb75e4cb7
COc1cc(F)ccc1-c1cncc(CNC(=O)c2ccccn2)c1,3.2,b526b5de6a5ec46a2088669eb75e4cb7
COc1cc(F)ccc1-c1cncc(CNC(=O)c2cnccn2)c1,2.5,b526b5de6a5ec46a2088669eb75e4cb7
COc1cc(F)ccc1-c1cncc(CNC(C)C)c1,1.5,2fb9efaf07401eefb8337806896c33d3
COc1cc(F)ccc1-c1cncc(CNC2CCC2)n1,2.23,855f71a319fdb179457dcd7acf92f6c4
COc1cc(F)ccc1-c1cncc(CNC2CCCC2)c1,2.29,91aa9cdf1f872d63b9e3d524bf05a050
COc1cc(F)ccc1-c1cncc(CNC2CCCCC2)c1,2.6,b426eee54794ca34d35aa435057a9907
COc1cc(F)ccc1-c1cncc(CNCC2CC2)n1,1.8,445ad339e9bf6219d0fd340f3394cb8f
COc1cc(F)ccc1-c1cncc(CNC[C@@H]2CCCO2)n1,2.0,ee0199516730e796dab0ef3cf339cbcb
COc1cc(N)c(Cl)cc1C(=O)N[C@@H]1CCN(CCCOc2ccc(F)cc2)C[C@@H]1OC,3.56,358884d4b96701917663f98f98d48d38
COc1cc(N2CC3CN(CCO)CC(C2)O3)ccc1Nc1ncc(Cl)c(-c2cnc3ccccn23)n1,2.5,cfbacd092dbac78c6e736d32e65dd82f
COc1cc(N2CC3CNCC(C2)O3)ccc1Nc1ncc(Cl)c(-c2cnc3ccccn23)n1,2.3,4b6be425bb5c25b6567b07240e1a7fdc
COc1cc(N2CC3COCC(C2)N3)ccc1Nc1ncc(Cl)c(-c2cnc3ccccn23)n1,3.0,4b6be425bb5c25b6567b07240e1a7fdc
COc1cc(N2CCCN(C)CC2)c2[nH]c(C(=O)Nc3ccc(N4CCOCC4)cc3)cc(=O)c2c1,2.1,3dc2a2ba8008701d37b5c9354a103a98
COc1cc(N2CCN(C(=O)[C@@H]3CCCC[C@H]3C(=O)NC3(C#N)CC3)[C@H](C)C2)ccc1C1CC1,3.49,069ad48783eae14aefe301593273cdfa
COc1cc(N2CCN(C(C)=O)CC2)ccc1Nc1ncc(Br)c(-c2cnc3ccccn23)n1,3.7,24fd1b6df47f05a2057a7f27c94f900f
COc1cc(N2CCN(C(C)=O)CC2)ccc1Nc1ncc(C#N)c(-c2cnc3ccccn23)n1,2.8,b64d4b15e791e87205cfd2b567a8fe89
COc1cc(N2CCN(C(C)=O)CC2)ccc1Nc1ncc(C(F)(F)F)c(-c2cnc3ccccn23)n1,3.7,67d7ab8f284f2ec42957e47f26ff0cde
COc1cc(N2CCN(C(C)=O)CC2)ccc1Nc1ncc(C)c(-c2cnc3ccccn23)n1,2.9,24fd1b6df47f05a2057a7f27c94f900f
COc1cc(N2CCN(C(C)=O)CC2)ccc1Nc1ncc(Cl)c(-c2cnc3c(C)cccn23)n1,3.2,a4f21463607c65bbbad7c6e2358dede6
COc1cc(N2CCN(C(C)=O)CC2)ccc1Nc1ncc(Cl)c(-c2cnc3c(CO)cccn23)n1,3.1,9ed019d43ad49250ac8601e46731aec7
COc1cc(N2CCN(C(C)=O)CC2)ccc1Nc1ncc(Cl)c(-c2cnc3c(F)cc(F)cn23)n1,3.2,ff9ef4e9f9450c0b443739136f350b09
COc1cc(N2CCN(C(C)=O)CC2)ccc1Nc1ncc(Cl)c(-c2cnc3c(F)cccn23)n1,3.5,a4f21463607c65bbbad7c6e2358dede6
COc1cc(N2CCN(C(C)=O)CC2)ccc1Nc1ncc(Cl)c(-c2cnc3c(N)cccn23)n1,3.4,a4f21463607c65bbbad7c6e2358dede6
COc1cc(N2CCN(C(C)=O)CC2)ccc1Nc1ncc(Cl)c(-c2cnc3c(OC)cccn23)n1,3.5,9ed019d43ad49250ac8601e46731aec7
COc1cc(N2CCN(C(C)=O)CC2)ccc1Nc1ncc(Cl)c(-c2cnc3cc(C#N)ccn23)n1,2.3,db65d8e9d68e875d66302b5fd8ab7490
COc1cc(N2CCN(C(C)=O)CC2)ccc1Nc1ncc(Cl)c(-c2cnc3cc(C)ccn23)n1,3.3,64401f03a904ce5d9fbddab0f5534d5d
COc1cc(N2CCN(C(C)=O)CC2)ccc1Nc1ncc(Cl)c(-c2cnc3cc(CO)ccn23)n1,3.1,db65d8e9d68e875d66302b5fd8ab7490
COc1cc(N2CCN(C(C)=O)CC2)ccc1Nc1ncc(Cl)c(-c2cnc3cc(Cl)ccn23)n1,4.2,64401f03a904ce5d9fbddab0f5534d5d
COc1cc(N2CCN(C(C)=O)CC2)ccc1Nc1ncc(Cl)c(-c2cnc3cc(F)ccn23)n1,3.7,64401f03a904ce5d9fbddab0f5534d5d
COc1cc(N2CCN(C(C)=O)CC2)ccc1Nc1ncc(Cl)c(-c2cnc3cc(N4CCCC4)ccn23)n1,3.5,a0ae0f60afb888a030ce458303286509
COc1cc(N2CCN(C(C)=O)CC2)ccc1Nc1ncc(Cl)c(-c2cnc3ccc(N(C)C)cn23)n1,4.1,83c72fda1fc9ad53365752b1d5ad33e8
COc1cc(N2CCN(C(C)=O)CC2)ccc1Nc1ncc(Cl)c(-c2cnc3ccccn23)n1,3.65,24fd1b6df47f05a2057a7f27c94f900f
COc1cc(N2CCN(C(C)=O)CC2)ccc1Nc1ncc(OC)c(-c2cnc3ccccn23)n1,3.2,b64d4b15e791e87205cfd2b567a8fe89
COc1cc(N2CCN(C(C)=O)CC2)ccc1Nc1nccc(-c2cnc3ccccn23)n1,3.0,440ce067e65632de0c89709e45877cce
COc1cc(N2CCN(C(N)=O)CC2)ccc1Nc1ncc(Cl)c(-c2cnc3ccccn23)n1,3.3,24fd1b6df47f05a2057a7f27c94f900f
COc1cc(N2CCN(C)CC2)c2[nH]c(C(=O)Nc3ccc(N4CCOCC4)cc3)cc(=O)c2c1,2.7,323800e28f6a3e16e5019cc6fa4df9a7
COc1cc(N2CCN(C)CC2)c2nc(C(=O)Nc3ccc(N4CCOCC4)cc3)cc(N(C)C)c2c1,3.3,2799601440882d6257d612201f2ba86e
COc1cc(N2CCN(CCO)CC2)ccc1Nc1ncc(Cl)c(-c2cnc3ccccn23)n1,3.2,e3c5d28988367065516f81381b8aba34
COc1cc(N2CCN(CCS(C)(=O)=O)CC2)ccc1Nc1ncc(Cl)c(-c2cnc3ccccn23)n1,3.1,1a3e45f559b968ef87b251b7a4bc071a
COc1cc(N2CCNCC2)ccc1Nc1ncc(Cl)c(-c2cnc3ccccn23)n1,2.4,cbcba652cde6042a588cf8b028534fe6
COc1cc(N2CC[C@@H](N(C)C)C2)c2[nH]c(C(=O)Nc3ccc(N4CCOCC4)cc3)cc(=O)c2c1,2.7,95fe3124b64922b9b49c6116173d8f1f
COc1cc(NC(=O)Nc2cccc(CNC(=O)O[C@H]3CCOC3)c2)ccc1-c1cnco1,3.6,43e8844e0ea76076a441ae2ebd555311
COc1cc(NS(=O)(=O)c2ccc(N)cc2)nc(OC)n1,0.2,43f8c9aef3f8729156c0d8bec690a0c8
COc1cc(Nc2c(C#N)cnc3cc(OC)c(OC)cc23)cc(OC)c1,3.5,5ed9748d4945d62592e5c09834d35041
COc1cc(Nc2c(C#N)cnc3cc(OCCCN4CCN(C)CC4)c(OC)cc23)c(Cl)cc1Cl,3.5,9d9659e1be57fbeacd091503a13c943b
COc1cc(Nc2cc(N3CCOCC3)nc(N[C@@H](C)c3ncc(F)cn3)n2)n[nH]1,2.18,eccc8bc0c50580ab0a49a6f1d9f2ee2c
COc1cc(Nc2cc(Nc3c(Cl)ccc4c3OCO4)ncn2)cc(OC)c1OC,3.07,ab62372c55e21f7a1f20bf320cbeb6bf
COc1cc(Nc2cc(Oc3cc(C)c(C)nc3-c3ccccn3)ccn2)cc(OC)c1OC,3.22,c93c1c00b7d7bc7e6c508ef997a26df7
COc1cc(Nc2cc(Oc3ccc(C)nc3)ccn2)cc(OC)c1OC,3.21,225667cd263b1459640f2fa20dacd527
COc1cc(Nc2cc(Oc3cccnc3)ccn2)cc(OC)c1OC,2.66,d7c4a62cddbcef8816ab5974d0c375f4
COc1cc(Nc2cc(Oc3cccnc3C)ccn2)cc(OC)c1OC,3.19,9623d27fcc1706f70c9a974be5b96e17
COc1cc(Nc2nc(N[C@@H](C)c3ncc(F)cn3)nc(N3CCOCC3)c2Cl)n[nH]1,2.85,a9188b9c87bbae6886bd86188efc1dfc
COc1cc(Nc2nc(N[C@@H](C)c3ncc(F)cn3)nc(N3CCOCC3)c2F)n[nH]1,2.64,a9188b9c87bbae6886bd86188efc1dfc
COc1cc(Nc2nc(N[C@@H](C)c3ncc(F)cn3)ncc2Br)n[nH]1,2.6,b0957e5b7eed7af513e3f2612a2115d1
COc1cc(Nc2nc(N[C@@H](C)c3ncc(F)cn3)ncc2Cl)n[nH]1,2.53,b0957e5b7eed7af513e3f2612a2115d1
COc1cc(Nc2nc3c(cc2F)ncn3[C@@H](CO)c2ccc(F)cn2)n[nH]1,2.18,4273908e1ba3829dfa8beae8bc935145
COc1cc(Nc2ncc(C)s2)nc(N[C@@H](C)c2ncc(F)cn2)n1,2.99,5f8462fb6872f646509019e252950121
COc1cc(Nc2nccc(N(C)c3cc(CO)ccc3C)n2)cc(N2CCOCC2)c1,3.9,5aef2abd22f1ff150b051b26d4e65915
COc1cc(Nc2nccc(Oc3cnc4ccccc4c3)n2)cc(OC)c1OC,3.41,c6f6474730e36467d4930f133c2940c2
COc1cc(Nc2ncnc(Nc3c(Cl)ccc4c3OCO4)n2)cc(OC)c1OC,3.01,ab62372c55e21f7a1f20bf320cbeb6bf
COc1cc(Nc2ncnc3cccc(O[C@H](C)C(=O)N4CCOCC4)c23)ccc1Oc1ccc(C)nc1,3.6,df90faaa5e07240eef557c6a1246ee70
COc1cc(O)c(C(CC(=O)N2CC(C)CC(C)C2)c2ccc3c(c2)OCO3)c(OC)c1,4.3,be41df711774f165743acb063292526f
COc1cc(O)c(S(=O)(=O)N2c3ccccc3CCC2C)cc1NC(=O)CCC(=O)O,-0.27,c95c92d5026c104521e83ea3ac6183a8
COc1cc(O)c2c(c1)/C=C/C[C@H](O)[C@H](O)C(=O)/C=C\C[C@H](C)OC2=O,1.64,60e3e1b0d2d4317423bfa2c3cadee636
COc1cc(O)cc2occ(-c3ccc(O)cc3)c(=O)c12,2.0,c88f3b3be4c338aef43cc4f5dac901d5
COc1cc(O)ccc1/C=C1\CCCN=C1c1cccnc1,2.2,96100278d969d5332fb54546bf460d4f
COc1cc(OC)c(S(=O)(=O)N(C)c2ccccc2)cc1NC(C)=O,1.1,5eb8d45ca2e8bfcda4558cd75b376d09
COc1cc(OC)c(S(=O)(=O)N(c2ccc(C)cc2)c2ccc(C)cc2)cc1NC(=O)CCC(=O)O,0.06,3ca00717997b61ce4933cbda238b9db0
COc1cc(OC)c(S(=O)(=O)N(c2ccccc2)C(C)C)cc1NC(C)=O,1.6,f851828f2997afa1a4b7317833f6539a
COc1cc(OC)c(S(=O)(=O)N(c2ccccc2)c2ccccc2)cc1NC(=O)CCC(=O)O,-0.8,e079a5d4d2b7141c37427f82b46935ab
COc1cc(OC)c(S(=O)(=O)N2c3ccccc3CC2C)cc1NC(C)=O,1.95,94922a88ee544d88488c96224e525ad3
COc1cc(OC)c(S(=O)(=O)N2c3ccccc3CCC2C)cc1NC(=O)CCC(=O)O,-0.87,4e7baf83e5363d62a951ca8336d34f2e
COc1cc(OC)c(S(=O)(=O)N2c3ccccc3CCC2C)cc1NC(=O)CCc1nn[nH]n1,-0.34,c05a843c266e24215a5441eea536eb65
COc1cc(OC)c(S(=O)(=O)N2c3ccccc3CCC2C)cc1NC(=O)COC(C)=O,2.07,4e7baf83e5363d62a951ca8336d34f2e
COc1cc(OC)c(S(=O)(=O)N2c3ccccc3CCC2C)cc1NC(=O)CSCC(=O)O,-1.18,3b291d2f233a9a6b461f990b43cd0c59
COc1cc(OC)c(S(=O)(=O)N2c3ccccc3CCC2C)cc1NC(=O)CSc1ccncc1,2.82,263bbe81dc895c8a5d78b50b125e3bad
COc1cc(OC)c(S(=O)(=O)N2c3ccccc3CCC2C)cc1NC(=O)Cc1ccnc(F)c1,2.49,e01fc5fe25252546e8a70cd24add51c9
COc1cc(OC)c(S(=O)(=O)N2c3ccccc3CCC2C)cc1NC(=O)NCC(=O)O,-1.02,4e7baf83e5363d62a951ca8336d34f2e
COc1cc(OC)c(S(=O)(=O)N2c3ccccc3CCC2C)cc1NC(=S)NCC(=O)O,-1.04,4e7baf83e5363d62a951ca8336d34f2e
COc1cc(OC)c(S(=O)(=O)N2c3ccccc3CCC2C)cc1NC(C)=O,1.97,53abcb3e303de0f3515903d16935e1cc
COc1cc(OC)c(S(=O)(=O)N2c3ccccc3Oc3ccccc32)cc1NC(=O)/C=C/C(=O)O,-0.71,0eaca1894df2cb966039ed15e25f4558
COc1cc(OC)c(S(=O)(=O)N2c3ccccc3Oc3ccccc32)cc1NC(=O)CCC(=O)O,-0.53,0eaca1894df2cb966039ed15e25f4558
COc1cc(OC)c(S(=O)(=O)N2c3ccccc3Oc3ccccc32)cc1NC(=O)Cc1ccnc(F)c1,3.37,f2f8552cde60485ef198e074db14d65c
COc1cc(OC)c(S(=O)(=O)NCc2ccccc2N2CCC(CO)CC2)cc1NC(C)=O,1.03,76d84c6ca87494a6fe123ccf9b17ced1
COc1cc(OC)c(S(=O)(=O)NCc2ccccc2N2CCCCC2)cc1NC(=O)CCC(=O)O,-0.72,85f6838a53bd58faa939296d14937eed
COc1cc(OC)c2nc(C)c3c(c2c1)N(c1ccc(O)cc1)CC3,1.5,358999dce4b5e0b59a788a42bac2ed65
COc1cc(OC)cc(-c2cc3cnc(N)nc3nc2N)c1,2.14,b21f146848a9eabd0d8315e80e8fc9b8
COc1cc(OC)cc(-c2ccc(NC(=O)OCc3ccccc3)c(=O)n2CC(=O)NC(C(=O)C(F)(F)F)C(C)C)c1,2.26,3f3489c9473a67c67eb5560b767dd7d1
COc1cc(OC)nc(-n2ncc(Cl)c(Cl)c2=O)n1,1.4,cc7c45f576ea4e1daad4ca51ae8e75b8
COc1cc(OC2CCN(C(C)=O)CC2)ccc1Nc1ncc(Cl)c(-c2cnc3ccccn23)n1,4.0,538fbfd96da42eafb9ba010d40800c0d
COc1cc(OC2CCN(C)CC2)c2c(Nc3c(Cl)ccc4c3OCO4)ncnc2c1,2.98,afcc54b18887b075bb92f594fc42fc36
COc1cc(OC2CCN(C)CC2)c2c(Nc3cccc4c3OCCO4)ncnc2c1,2.26,dc9bf93d1d5b7a7ceaf9fca116b1a88a
COc1cc(OC2CCN(C)CC2)c2c(Nc3cccc4c3OCO4)ncnc2c1,3.02,2b67e159dfccf4a567aaf459da062c3c
COc1cc(OC2CCNCC2)ccc1Nc1ncc(Cl)c(-c2cnc3ccccn23)n1,1.8,5deced46300f9957ad85f406458ab16c
COc1cc(Oc2ccnc3ccc(F)cc23)ccc1CC(=O)Nc1noc(C)c1C,4.06,fa62798dadf311359f31075e42358935
COc1cc([C@@H]2c3cc4c(cc3C(O[C@@H]3O[C@@H]5CO[C@@H](C)O[C@H]5[C@H](O)[C@H]3O)C3COC(=O)[C@@H]32)OCO4)cc(OC)c1O,0.91,5beda72c0752c9a1dce6319aabb242c2
COc1cc2c(N3CCN(C(=O)Nc4ccc(OC(C)C)cc4)CC3)ncnc2cc1OCCCN1CCCCC1,2.6,a13e0bec50230f9534755fce2124645f
COc1cc2c(NC(=O)Nc3c(Cl)cccc3Cl)ncnc2cc1OCC1CCN(C)CC1,2.7,e1f4bf7830073925a48325d598434c58
COc1cc2c(Nc3c(Cl)ccc4c3OCO4)ncnc2cc1OCC1CCN(C)CC1,1.83,130a64bc5bd3f080aa442954796349d2
COc1cc2c(Nc3c(Cl)ccc4c3OCO4)ncnc2cc1OCCCN1CCCC1,1.62,d801e18001eb14d7731eb601736d1c2c
COc1cc2c(Nc3c(Cl)ccc4c3OCO4)ncnc2cc1OCCCN1CCCCC1,2.05,30a020da5fe7db6e75140634242e81ab
COc1cc2c(Nc3cc(CC(=O)Nc4cccc(F)c4)[nH]n3)ncnc2cc1OCCCN1CCC(CO)CC1,2.11,980379922a24040d7875c13002e5289b
COc1cc2c(Nc3cc(CC(=O)Nc4cccc(F)c4F)[nH]n3)ncnc2cc1OCCCN(CCO)CC(C)C,3.61,b96d10e210a69317671930630854a203
COc1cc2c(Nc3cc(CC(=O)Nc4cccc(F)c4F)[nH]n3)ncnc2cc1OCCCN1CCC[C@@H]1CO,1.96,d1044bf9ece7989eb16e06be276fdc4e
COc1cc2c(Nc3ccc(Br)cc3F)ncnc2cc1OC[C@@H]1CCCN(C)C1,3.05,d7bd1acf69518d063b9ad501505df357
COc1cc2c(Nc3ccc(Cl)cc3F)ncnc2cc1OCC1CCNCC1,1.1,3d369ad58a7f7993ae4672c7c4f76a4d
COc1cc2c(Nc3ccc(Cl)cc3F)ncnc2cc1OCCCN1CCOCC1,3.4,fd5d79700f98a435a870e9c5e2932c2b
COc1cc2c(Nc3ccc(Cl)cc3F)ncnc2cc1OCCn1cncn1,3.2,5992b2a7177845951e26917f05879dae
COc1cc2c(Nc3ccc(Cl)cc3F)ncnc2cc1OC[C@@H]1CCCN(C)C1,2.9,d7bd1acf69518d063b9ad501505df357
COc1cc2c(Nc3ccc(F)c(Cl)c3)c(C(N)=O)cnc2cc1OCCCN1CCN(C)CC1,1.2,fdd1ebc17b9c2828ece93e419fa3212b
COc1cc2c(Nc3ccc(F)c(Cl)c3)c(C(N)=O)cnc2cc1OCCN(C)CCO,3.2,04ae946c44eec2edd42356c56b9dc461
COc1cc2c(Nc3ccc(F)cc3F)c(C(N)=O)cnc2cc1N1CCN(C)CC1,1.75,2dc3e1d7e0a9959b642afa73f95c289b
COc1cc2c(Nc3ccc(F)cc3F)c(C(N)=O)cnc2cc1NCCN(C)C,1.71,6c21bf25c2db4970a62e906e64ce9d11
COc1cc2c(Nc3ccc(NC(=O)c4ccccc4)cc3)ncnc2cc1OCCCN1CCOCC1,3.5,5e47eb48a20ddafcd68e1766aeee5a35
COc1cc2c(Nc3cccc(Cl)c3Cl)c(C(N)=O)cnc2cc1NCCN(C)C,3.41,e0019228dda931ac0f81f3a8b18d64fc
COc1cc2c(Nc3cnc(NC(=O)c4ccccc4)nc3)ncnc2cc1OCCCN1CCOCC1,2.7,5e47eb48a20ddafcd68e1766aeee5a35
COc1cc2c(Nc3ncc(CC(=O)Nc4cccc(F)c4)s3)ncnc2cc1OCCCN1CCC(CO)CC1,2.89,980379922a24040d7875c13002e5289b
COc1cc2c(Nc3ncc(NC(=O)c4ccccc4)cn3)ncnc2cc1OCCCN1CCOCC1,2.32,5e47eb48a20ddafcd68e1766aeee5a35
COc1cc2c(c(OC)c1OC)-c1ccc(O)cc1[C@@H](NC(C)=O)CC2,1.81,553df87dce4a0c14e33b686a2da17152
COc1cc2c(c(OC)c1OC)-c1ccc(OC)c(=O)cc1C(NC(C)=O)CC2,1.12,f6910064aad7b60b3146ae6e4b04747b
COc1cc2c(c(OC)c1OC)-c1ccc(OC)c(=O)cc1[C@@H](NC(C)=O)CC2,0.82,f6910064aad7b60b3146ae6e4b04747b
COc1cc2c(cc1-c1c(C)noc1C)ncc1[nH]c(=O)n([C@H](C)c3ccccn3)c12,3.15,68ac66539d4b3b1b215215eff6ce7355
COc1cc2c(cc1OC)C(=O)C(CC1CCN(Cc3ccccc3)CC1)C2,2.41,ae484cf5cc1e8d5ddd04acb3d6dc7ede
COc1cc2c(ccc(=O)n2CCN2CCC(NCc3cc4c(cn3)OCCO4)CC2)cn1,0.68,477d6ab6e1aa84dfe1e4de28041ee3eb
COc1cc2cc(-c3ccc(O)cc3O)nc(C)c2cc1OC,3.9,6330b0b80a118876cf2895d300fae249
COc1cc2nc(N3CCN(C(=O)C4CCCO4)CC3)nc(N)c2cc1OC,0.9,fa2411f3793e8f4af726c30e59e891c0
COc1cc2nc(N3CCN(C(=O)c4ccco4)CC3)nc(N)c2cc1OC,1.9,fa2411f3793e8f4af726c30e59e891c0
COc1cc2nc(Nc3ccc([C@@H](C)NC(C)=O)cc3)ncc2cc1-c1ccncc1,3.11,ffe46c15e46a684de96938df16a52559
COc1cc2ncc(C(N)=O)c(Nc3cc(C)ccc3F)c2cc1OC,3.16,f0e7adcd0bd032d65072ddc386afa84d
COc1cc2ncc(C(N)=O)c(Nc3cc(F)ccc3F)c2cc1OC,2.9,f0e7adcd0bd032d65072ddc386afa84d
COc1cc2ncc(C(N)=O)c(Nc3ccc(C)cc3F)c2cc1OC,3.34,c2e60d86fd4d35ee6065fb081e52d651
COc1cc2ncc(C(N)=O)c(Nc3ccc(F)c(Cl)c3)c2cc1OC,3.22,be65a7b0509f4cf05c1e61869a4f036b
COc1cc2ncc(C(N)=O)c(Nc3ccc(F)cc3)c2cc1OC,2.82,46f366ce04e20d61e72ba74e3e6f32ad
COc1cc2ncc(C(N)=O)c(Nc3ccc(F)cc3F)c2cc1N1CCN(C)CC1,2.18,d8f777a7df8e8ea7581f8de307a2adf7
COc1cc2ncc(C(N)=O)c(Nc3ccc(F)cc3F)c2cc1NCCN(C)C,1.91,69fa1e1376d2d7d6f080005d8ad6cf28
COc1cc2ncc(C(N)=O)c(Nc3ccc(F)cc3F)c2cc1NCCN1CCCCC1,2.52,bfa4b5ec4f14ac85e31c68800854b022
COc1cc2ncc(C(N)=O)c(Nc3ccc(F)cc3F)c2cc1NCCN1CCOCC1,2.68,bfa4b5ec4f14ac85e31c68800854b022
COc1cc2ncc(C(N)=O)c(Nc3ccc(F)cc3F)c2cc1OC,2.95,c2e60d86fd4d35ee6065fb081e52d651
COc1cc2ncc(C(N)=O)c(Nc3cccc(Cl)c3)c2cc1OC,3.5,2d15822a0bb2bc155520eff8dd501a0f
COc1cc2ncc(C(N)=O)c(Nc3cccc(Cl)c3Cl)c2cc1OC,3.4,a8c2535362b89dcf077f40b314bfa209
COc1cc2ncc(C(N)=O)c(Nc3cccc(Cl)c3F)c2cc1OC,3.6,a8c2535362b89dcf077f40b314bfa209
COc1cc2ncc(C(N)=O)c(Nc3cccc(F)c3F)c2cc1OC,2.82,a8c2535362b89dcf077f40b314bfa209
COc1cc2ncc(C(N)=O)c(Nc3ccccc3C)c2cc1OC,3.4,935bd2851c41b86b8b97fbcb34bb0e04
COc1cc2ncc(C(N)=O)c(Nc3ccccc3Cl)c2cc1OC,2.89,935bd2851c41b86b8b97fbcb34bb0e04
COc1cc2ncc(C(N)=O)c(Nc3ccccc3F)c2cc1OC,2.81,935bd2851c41b86b8b97fbcb34bb0e04
COc1cc2ncn(-c3cc(OCc4ccccc4C(F)(F)F)c(C(=O)O)s3)c2cc1OC,0.84,cb89167bd344e6b13e081f8e29aa098f
COc1cc2ncnc(N3CC[C@@H](Oc4cnc5ccccc5n4)C3)c2cc1OC,4.04,b48e0ccb7855660427b7d32fbbf7b3dc
COc1cc2ncnc(NCc3cccc(C)c3)c2cc1OC,3.5,c30df7d50276ef000ef06296bbba2dea
COc1cc2ncnc(NCc3ccccc3)c2cc1OC,3.29,f11ec24d411eca98de08a362713a7d8b
COc1cc2ncnc(Nc3cc(Cl)ccc3F)c2cc1OCCCN1CCOCC1,3.4,3c76ad62e539f53c082101d86f9687fd
COc1cc2ncnc(Nc3cc(NC(=O)c4cccc(N(C)C)c4)ccc3Cl)c2cc1OC,4.26,bb90444480538551db237fe41f45ee15
COc1cc2ncnc(Nc3cc(NC(=O)c4cccc(N5CCOCC5)c4)ccc3C)c2cc1OC,3.6,a4a348b53b8ad61e644d8d6663505046
COc1cc2ncnc(Nc3cc(NC(=O)c4ccnc(N5CCOCC5)c4)ccc3C)c2cc1OCCN(C(C)C)C(C)C,3.5,3424717d4e2778f349f5fe0b02af75a9
COc1cc2ncnc(Nc3cc(NC(=O)c4ccnc(N5CCOCC5)c4)ccc3C)c2cc1OCCN1CCCC1,2.7,2edb6effeb07aac400cdb705b79d7e33
COc1cc2ncnc(Nc3cc(NC(=O)c4ccnc(N5CCOCC5)c4)ccc3C)c2cc1OCCN1CCCCC1,3.35,740a004a9ec4104920d4b5d01369abc5
COc1cc2ncnc(Nc3cc(NC(=O)c4ccnc(N5CCOCC5)c4)ccc3C)c2cc1OCCN1CCOCC1,3.19,740a004a9ec4104920d4b5d01369abc5
COc1cc2ncnc(Nc3cc4ccccc4cn3)c2cc1OC,3.9,93d19af41ec62c0a8d51ca03e1d38a0d
COc1cc2ncnc(Nc3ccc(Cl)c(O)c3)c2cc1OC,3.3,b1ae98291cb9975dc31400a51577a69a
COc1cc2ncnc(Nc3ccc(F)c(Cl)c3)c2cc1NC(=O)/C=C/CN1CCCCC1,4.1,f44a836519d6b15fcce3d2a3617e067c
COc1cc2ncnc(Nc3ccc(F)c(Cl)c3)c2cc1OC,3.67,b1ae98291cb9975dc31400a51577a69a
COc1cc2ncnc(Nc3ccc(F)c(Cl)c3)c2cc1OCCCN(C)C,2.9,e5abd92901ab51e200a38a2673cd9bd2
COc1cc2ncnc(Nc3ccc(F)c(Cl)c3)c2cc1OCCCN1CCCC1,3.13,5207a07e4afd038f1ef88b1fcb34f673
COc1cc2ncnc(Nc3ccc(F)c(Cl)c3)c2cc1OCCCN1CCCCC1,3.3,7cc4bcc6f8b805802dbf6947f7e3c766
COc1cc2ncnc(Nc3ccc(F)c(Cl)c3)c2cc1OCCN(C)C,3.26,3f00fa1bc2e45489fbbbc42ba00bdab8
COc1cc2ncnc(Nc3ccc(F)c(Cl)c3)c2cc1OCCN1CCCC1,3.28,c232b34bc865b422fa953cc14e10ca67
COc1cc2ncnc(Nc3ccc(F)c(Cl)c3)c2cc1OCCN1CCN(C)CC1,3.3,5eefc813de2e466fd1ddf114f0f8395d
COc1cc2ncnc(Nc3ccc(F)cc3)c2cc1OC,3.1,2bf0790e455c07d81b47fd567fa25305
COc1cc2ncnc(Nc3ccc(OCc4ccccn4)c(C)c3)c2cc1OC,3.6,82723121c20b218a05c9aca7b8924450
COc1cc2ncnc(Nc3cccc(C)c3)c2cc1OC,3.5,e53330d2c67141d63752a8357d0a5d37
COc1cc2ncnc(Nc3cccc(Cl)c3F)c2cc1CN(C)C1(C(N)=O)CCN(C)CC1,2.16,4be986d4d50e43c7e0855a7f5433e6b5
COc1cc2ncnc(Nc3cccc(Cl)c3F)c2cc1CN(C)[C@@H](C)C(N)=O,3.42,0c80ecef0269b5f04207cbe80836a3e8
COc1cc2ncnc(Nc3cccc(Cl)c3F)c2cc1CN(C)[C@H](C)C(N)=O,3.44,0c80ecef0269b5f04207cbe80836a3e8
COc1cc2ncnc(Nc3cccc(Cl)c3F)c2cc1CN1CCC[C@@H]1C(N)=O,3.58,0556a186e8bdb1d33d1769fe11033b68
COc1cc2ncnc(Nc3cccc(Cl)c3F)c2cc1CN1CCC[C@H]1C(N)=O,3.58,0556a186e8bdb1d33d1769fe11033b68
COc1cc2ncnc(Nc3cccc(Cl)c3F)c2cc1CN1CCC[C@H]1CC(N)=O,2.64,fedce923482de26febaba80fadf14c67
COc1cc2ncnc(Nc3cccc(Cl)c3F)c2cc1CN1C[C@H](OC)C[C@@H]1C(N)=O,3.09,e466ec91e6aff696825c838041d72dc9
COc1cc2ncnc(Nc3cccc(Cl)c3F)c2cc1OC1CCN(C)CC1,2.72,93ee38a5977cef3ab26b16cae9d1e68b
COc1cc2ncnc(Nc3cccc(Cl)c3F)c2cc1OC1CCN(CC(N)=O)CC1,3.1,b81575adb135f2e3be4ec1e93af21785
COc1cc2ncnc(Nc3cccc(Cl)c3F)c2cc1OC1CCN(S(C)(=O)=O)CC1,2.82,cd182cad9e4e0992364cd09ae3626aa7
COc1cc2ncnc(Nc3cccc(O)c3)c2cc1OC,2.6,e53330d2c67141d63752a8357d0a5d37
COc1cc2ncnc(Nc3ccccc3)c2cc1OC,3.04,e446d0601419c04ceffb8148ec96c8a1
COc1cc2ncnc(Nc3ccncc3)c2cc1OC,2.22,e446d0601419c04ceffb8148ec96c8a1
COc1cc2ncnc(Oc3cnn(CC(=O)Nc4ccc(N(C)C)cn4)c3)c2cc1OC,2.36,e58bb390cf34ce57bde2832af7e6e3ad
COc1cc2nnc(C(N)=O)c(Nc3cc(C)ccc3F)c2cc1N1CCN(C)CC1,2.57,8ea2bbd34772f62c5f364f1ca60ca462
COc1cc2nnc(C(N)=O)c(Nc3ccc(C)cc3F)c2cc1N1CCN(C)CC1,2.36,d8f777a7df8e8ea7581f8de307a2adf7
COc1cc2nnc(C(N)=O)c(Nc3ccc(F)cc3F)c2cc1N1CCN(C)CC1,2.36,d8f777a7df8e8ea7581f8de307a2adf7
COc1cc2nnc(C(N)=O)c(Nc3cccc(Cl)c3F)c2cc1N1CCN(C)CC1,2.35,c8d630c0836ab6a1492ffbb616cbdd9b
COc1ccc(-c2c(-c3ccc(O)cc3O)n[nH]c2C)cc1,3.37,499088f9dedae01d508a8518a0b328f6
COc1ccc(-c2c(C)c3ccc(OC)cc3oc2=O)cc1,3.31,d79c23c4ff199623810937e38ad671eb
COc1ccc(-c2c(F)ccc3c(N)c(C(=O)NC4CC4)nnc23)c(OC)n1,3.37,0a6f9b9ad1ff7039b2962c621c9379a1
COc1ccc(-c2cc(=O)c3ccccc3[nH]2)cc1,2.71,49f5762ad9f86d61dcb4eeab828e166c
COc1ccc(-c2cc(C(F)(F)F)ccc2OCC(=O)O)cc1,0.29,26e9b990170711cbe4ad98e347ac12f0
COc1ccc(-c2cc(C(F)F)nn2-c2ccc(S(N)(=O)=O)cc2)cc1F,2.8,1a4a97c5892f1e990e9898b4a90d1f54
COc1ccc(-c2cc(N)n3ncc(C#N)c3n2)cc1,2.42,123fe3c649ad863c53b7b628c759dc6b
COc1ccc(-c2cc(NC(=O)Cc3ccc4ccccc4c3)[nH]n2)cc1OC,3.1,01f166aa5ef29901f7f47842982ec0e3
COc1ccc(-c2cc(Nc3ccn(C)n3)n3ncc(C#N)c3n2)cc1,2.97,0cd5a8dc9a91f53f173f15314676c009
COc1ccc(-c2cc(O)c3cc(Cl)ccc3n2)cc1,2.7,ec45c27f2aea2ab972a693964d64757d
COc1ccc(-c2cc(O)nc(N)n2)cc1,1.52,4286f7d6007f45c7e94588d542081bb9
COc1ccc(-c2cc3c(C)nc(N)nc3n([C@H]3CC[C@H](OCCO)CC3)c2=O)cn1,2.2,3af87185fa1323381b4ce3acbbe5cde2
COc1ccc(-c2cc3c(N[C@H]4CCCNC4)ncc(C(N)=O)c3s2)cc1,1.82,d4e8f8e602cdae589f56c0e413542da8
COc1ccc(-c2ccc3c(N4CCOCC4)nc(N4C[C@@H](C)O[C@@H](C)C4)nc3n2)cc1CNCCO,1.31,1f999c1bf82461483c1f809d91dd895f
COc1ccc(-c2ccc3c(N4CCOCC4)nc(N4C[C@@H](C)O[C@@H](C)C4)nc3n2)cc1CO,3.25,96af30a82258718c8747bd7fbe387dc7
COc1ccc(-c2ccc3c(N4CCOC[C@@H]4C)nc(-n4ccnc4)nc3n2)cc1CO,2.6,2657eefa2c6233663f1f35e277657cef
COc1ccc(-c2ccc3c(N4CCOC[C@@H]4C)nc(N4CCOC[C@@H]4C)nc3n2)cc1C(N)=O,2.82,2a07df04855e278d4e8090e01c11a0fd
COc1ccc(-c2ccc3nc(N)sc3c2)cn1,3.2,9c9d76f8a7fc5ed497359fefdc187d15
COc1ccc(-c2cccc3c(N)c4c(nc23)CN(C2CCC2)C4=O)c(C)n1,3.92,496012910697ab82d6bac3b023a4714d
COc1ccc(-c2ccccc2)cc1N1CC(=O)NS1(=O)=O,-1.01,f52f09e6f665b896f322aa886a36fcfe
COc1ccc(-c2ccnc(N)n2)cc1,2.08,ea4a3182a7c3e82b0e0b70d29e7d6955
COc1ccc(-c2cncc(CNC3CCCC3)n2)c(OC)c1,2.14,3ebc455365f583a48d5d4b40d7bc4c74
COc1ccc(-c2coc3cc(O)cc(O)c3c2=O)cc1,3.5,e0ad0c698e091130ab13c7ae11738b54
COc1ccc(-c2coc3cc(O)cc(O)c3c2=O)cc1OC,2.8,9a389419e497779bec342d0d1ab0eecf
COc1ccc(-c2coc3cc(O)ccc3c2=O)cc1,3.05,8a91f3637aa5c6790e3f19bed94957ea
COc1ccc(-c2coc3cc(OC)cc(OC)c3c2=O)cc1,3.05,b85b95e2b71a00781faa4095267f6d9b
COc1ccc(-c2csc(N(CCCN3CCOCC3)C(=O)c3ccco3)n2)cc1,3.34,1cf9c0182d3bfe9211407f550435f877
COc1ccc(-c2csc(NC(=O)c3c(C)noc3C)n2)cc1OC,3.16,daefab753dc49279d1ae05799ad74e81
COc1ccc(-c2nc(N)s[n+]2-c2ccccc2)cc1,2.19,b55c14c0156c31614e2c968431b371f2
COc1ccc(-c2nc(N3CCOCC3)nc(O)c2C#N)cc1,0.2,cd4fedcea057fac424962aba19914afe
COc1ccc(-c2nc3c(NCC4CCNCC4)c(Br)cnc3[nH]2)cc1,1.36,0438fa1410e86b2f4d04aa6a92532731
COc1ccc(-c2nc3c(NCCCNC(=O)C4(CN)CC4)c(Br)cnc3[nH]2)cc1,1.9,605c2eda98f78bc396ffced1376e32b7
COc1ccc(-c2nc3c(NCCCNC(=O)C4CC4)c(Br)cnc3[nH]2)cc1,1.71,8a675d41c72d9b527848404f868ead72
COc1ccc(-c2nc3c(NCCCNC(=O)C4CCCC4)c(C(N)=O)cnc3[nH]2)cc1,3.13,4834e10881a3ab8bf44652ea1ac5af23
COc1ccc(-c2nc3c(NCCCNC(=O)c4ccccc4)c(Br)cnc3[nH]2)cc1,0.25,ff4ee26a70b95748a2f153e9f553c179
COc1ccc(-c2nc3c(NCCCNC(C)=O)c(Br)cnc3[nH]2)cc1,3.28,aef1e32f4be5c558fb3f390b7f8f7ef1
COc1ccc(-c2nc3c(OCC4CCNCC4)c(Br)cnc3[nH]2)cc1,1.55,0438fa1410e86b2f4d04aa6a92532731
COc1ccc(-c2nc3n(c2Br)CCC3)cc1,3.3,b049913d011b475002bb1018697c4ec3
COc1ccc(-n2cnc3cc(NS(=O)(=O)c4ccccc4)ccc32)cc1,3.7,070962503a59e776dd43294fb7239155
COc1ccc(-n2sc3ccccc3c2=O)cc1,3.02,b8193b13d99ba23d4d2b5d522e7ce1aa
COc1ccc(/C=C2/CCc3ccccc3C2=O)cc1CN1CCOCC1,3.8,fb076aca37fdbe230c447a673e97a5ea
COc1ccc(/C=C2\SC(=S)NC2=O)cc1OC,1.42,af6140b0fbb64a62bd0cbc632a0fa62c
COc1ccc(C(=O)C2CCN(C(=O)c3ccc(F)cc3)CC2)cc1,2.92,cbd764f7069fc79575b150ba6a650ae1
COc1ccc(C(=O)C2CCN(C(=O)c3ccco3)CC2)cc1,2.42,be4b1f74c299f932e480b1bd58d879b1
COc1ccc(C(=O)CS(=O)(=O)c2ccccc2)cc1,1.96,c344abbda98653bc1486fb4238931aa8
COc1ccc(C(=O)N2CCC(C(=O)c3ccc(F)cc3)CC2)cc1,2.92,cbd764f7069fc79575b150ba6a650ae1
COc1ccc(C(=O)N2CCCC2=O)cc1,0.93,352d759adf0d03917f1da23b97c2c95b
COc1ccc(C(=O)NCCN2CCN(Cc3ccc(Cl)c(Cl)c3)CC2)cc1Cl,3.74,a34100ae952d39aa31a94c146969c46c
COc1ccc(C(=O)NCc2cccnc2)cc1C(=O)NCc1cccnc1,1.23,0bcbeaafbc1404a1416df25ddfd7f406
COc1ccc(C(=O)NCc2cn(-c3cc(C)nc4ccc(OC)cc34)nn2)cc1,3.5,1818838a96002d4aa443d01098d49e07
COc1ccc(C(=O)Nc2c(Cl)cncc2Cl)c2cccnc12,2.09,0dfc5317f9e4b29353a7bb8b73c38e23
COc1ccc(C(=O)Nc2cc(NC(=O)c3cccc(N(C)C)c3)ccc2Br)cc1OC,3.49,6fd9f71b154e37156cc688b913485c13
COc1ccc(C(=O)Nc2cc(NC(=O)c3cccc(N(C)C)c3)ccc2C)cc1,3.17,2376df7eb38ac531182fc1a5a75feba8
COc1ccc(C(=O)Nc2cc(NC(=O)c3cccc(N(C)C)c3)ccc2C)cc1OC,3.12,6fd9f71b154e37156cc688b913485c13
COc1ccc(C(=O)Nc2cccc(NC(=O)c3ccc(OC)c(OC)c3)n2)cc1OC,3.5,380cd0c812a76f8591b995b6cd6a2343
COc1ccc(C(=O)Nc2cccc(NC(=O)c3cccc(N(C)C)c3)c2)cc1OC,3.67,ea353b7368a63281b22f10288ec82701
COc1ccc(C(C)NC(=O)C2(N)CCN(c3ncnc4[nH]ccc34)CC2)cc1OC,1.8,be35b55b9097ab6a6ec4031e8a2d7ab9
COc1ccc(C(CN(C)C)C2(O)CCCCC2)cc1,0.99,85fb16bc4af5113a7b5cf8a26fbffc30
COc1ccc(C(CN2CCCC2)N(C)C(=O)Cc2ccc(Cl)c(Cl)c2)c(OC)c1,3.07,511b94db14a46d9a057c3edc692fc12f
COc1ccc(C(CNC(=O)Nc2ccccc2)N2CCN(C)CC2)cc1,1.5,2938f0d70537923a589c63d3b59c0782
COc1ccc(C)c(N(C)c2ccnc(Nc3cc(N4CCOCC4)cc(N4CCOCC4)c3)n2)c1,3.18,a2bdcf8570fa386b1867b48d622d0ec0
COc1ccc(C)c(NC(=O)CC23CC4CC(CC(C4)C2)C3)c1,3.96,26c0e05e658e75b44ce890ecd0162882
COc1ccc(C=C2SC(=O)NC2=O)cc1OC,1.17,af6140b0fbb64a62bd0cbc632a0fa62c
COc1ccc(C=NN=Cc2ccc(OC)c(OC)c2)cc1OC,3.38,47217de2b6ae11762d9c6c62deae7215
COc1ccc(CC(=O)N(C)C2CCN(CCC(c3ccccc3)c3ccccc3)CC2)cc1OC,3.4,1d02a848c92eb11adef5fd3a446f9b3a
COc1ccc(CC(=O)NC(N/C(=N/C#N)Nc2ccccc2C)C(C)(C)C)cc1OC,2.48,6d60d8840075a4a1b728397d0ef1630c
COc1ccc(CC(=O)Nc2nc3ccccc3[nH]2)cc1,2.9,a97de38b3fe0e4f3e8d1a920854b68b5
COc1ccc(CC(C)(C)NC[C@H](O)c2cc(O)cc3c2OCC(=O)N3)cc1,0.79,6753dd3756bd1fb0d2748b0cb44dbb03
COc1ccc(CCN(C)CCCC(C#N)(c2ccc(OC)c(OC)c2)C(C)C)cc1OC,2.61,32ad20d5ca2aaa190481eafe8bc5340c
COc1ccc(CCN2CN=C(SCc3ccc(Cl)cc3)NC2)cc1OC,2.41,e99cd4ce3daeaea30eb32c9a3eb22b50
COc1ccc(CN(CCN(C)C)c2ccccn2)cc1,1.39,d46b0c1c18795b784af56fccdfd77a00
COc1ccc(CN2C(=O)CCC2(C)C(=O)NC2CCCCC2)c(OC)c1,2.38,e564619fbcf0d9c88693ff31eef76304
COc1ccc(CN2CCc3c([nH]c4ccccc34)C2)cc1OC,3.1,0a8b5b8d193b7144741068ab21c32633
COc1ccc(CNC(=O)CSc2nc3cccnc3s2)cc1,2.5,992da96a2960b17409c9e0d753e77707
COc1ccc(CNC(=O)Nc2ncc([N+](=O)[O-])s2)cc1,2.9,520f7811011f6929889ee89c9424f769
COc1ccc(CNC(=O)c2ccc(Oc3ccc(C#C[C@]4(O)CN5CCC4CC5)cc3)cc2)nc1,3.1,5bc3a2dd686dc6e9fb274c1362fb752a
COc1ccc(CNC(=O)c2sc3nc(C)cc(C)c3c2N)cc1,3.85,d81351cd84352afb4fb755f9cf358db2
COc1ccc(CNCc2ccc(-c3cc(C(N)=O)c(NC(N)=O)s3)cc2)cc1,2.55,56496398387c1c0b2ff8bac7f0bafb32
COc1ccc(CNCc2cccc(CCNC[C@H](O)c3ccc(O)c4[nH]c(=O)sc34)c2)cc1,0.86,d1e33026f1ccf4cbc2c5a3b910690be0
COc1ccc(COC(=O)N2CCC(CNc3ncccn3)CC2)cc1,3.14,6db22e74396dbaa571652207173a184a
COc1ccc(COc2ccc(Cc3cnc(N)nc3N)cc2OC)cc1,2.27,09b2a0448a737502546880342418a73d
COc1ccc(COc2nc(Br)cnc2NS(=O)(=O)c2ccc(C)cc2)cc1OCCN(C)C,1.68,fd1b40d65abcfc4d6d86e2c25b93759b
COc1ccc(C[C@@H](C)NC[C@H](O)c2ccc(O)c(NC=O)c2)cc1,0.42,4099f3bea60e50c13699cff186225fba
COc1ccc(Cc2c(N)n[nH]c2N)cc1,0.2,64ed2ce033bb9c427994c65235a0b82c
COc1ccc(Cc2nccc3cc(OC)c(OC)cc23)cc1OC,2.81,39870a06a774eda037b0b56b1c5db992
COc1ccc(Cl)c(C(=O)NCC23CC4CC(CC(C4)C2)C3)c1,4.39,3e0645ce87355b8860e4e204da175b53
COc1ccc(Cl)c(Nc2ncnc3cc(OC)cc(OC4CCN(C)CC4)c23)c1,3.6,c4ce7288e86d137c5aa29018d2353422
COc1ccc(Cl)c(Nc2ncnc3cc(OCC4CCN(C)CC4)c(OC)cc23)c1,2.0,6275908bcbc9225ffde37d1a6e3acd5d
COc1ccc(Cl)cc1C(=O)NCCc1ccc(S(=O)(=O)NC(=O)NC2CCCCC2)cc1,2.23,4617a153bc030cf8c0f369be6a33da60
COc1ccc(Cl)cc1C(=O)Nc1nc2ccccc2[nH]1,4.05,80a7eb76dbf77464ccb9b79b37fd98ed
COc1ccc(Cl)cc1NC(=O)CCS(=O)(=O)c1ccc(Br)cc1,3.4,d538d030f0df623027baadbd96fd4e49
COc1ccc(Cl)cc1NC(=O)Nc1cnccn1,3.63,c22c35412fe0c493f4053ee143a6ed2f
COc1ccc(Cn2c(=O)[nH]c3c(=O)n(CC(=O)NC(C(=O)C(F)(F)F)C(C)C)c(-c4ccccc4)cc3c2=O)cc1,2.93,836638182807ed4c4c08b02c56e0c849
COc1ccc(Cn2cc3c(=O)n(C)c(=O)n(CC(C)C)c3c2)cc1,3.52,f33619c7c718d1060394ca41758bb8e3
COc1ccc(F)c(F)c1C(=O)c1cnc(NC2CCN(S(C)(=O)=O)CC2)nc1N,2.08,835f380e6fcc0f505f931a7ea41e6a13
COc1ccc(N(C(=O)c2ccccc2)C(C(=O)NC2CCCC2)c2ccccc2F)c(OC)c1,3.86,d0fa391cdc66388e09a87ab22dd02e66
COc1ccc(N(C(=O)c2ccccc2)C(C(=O)NC[C@@H](C)O)c2ccccc2F)c(OC)c1,2.55,d85bd9541c7dce2b057d31d5d78da79f
COc1ccc(N(C(=O)c2ccccc2)C(C)C(=O)NC2CCCC2)c(OC)c1,3.02,0812879fdcb3517ee0030cf21eec52d9
COc1ccc(N(C(=O)c2ccco2)C(C(=O)NC2CCCC2)c2ccccc2F)c(OC)c1,3.09,f98361e5e380e8f585cc6bb8258752fe
COc1ccc(N(C(=O)c2ccoc2Cl)C(C(=O)NC[C@@H](C)O)c2ccccc2F)c(OC)c1,2.36,7fa51025930a8aa8b4ae4e373414349a
COc1ccc(N(C(=O)c2occc2C)C(C(=O)NC[C@@H](C)O)c2ccccc2F)c(OC)c1,2.04,7fa51025930a8aa8b4ae4e373414349a
COc1ccc(N(C(=O)c2occc2CO)C(C(=O)NC[C@@H](C)O)c2ccccc2F)c(OC)c1,1.37,dc0ef97095192ec1c94b9c5c437248ee
COc1ccc(N(C(=O)c2occc2Cl)C(C(=O)NC[C@@H](C)O)c2ccccc2F)c(OC)c1,2.18,7fa51025930a8aa8b4ae4e373414349a
COc1ccc(N(C(C)=O)C(C(=O)NC2CCCC2)c2ccccc2F)c(OC)c1,2.81,19484af8b523dec07a5a940ec66a34e9
COc1ccc(N2CCN(C(=O)[C@@H]3CCCC[C@H]3C(=O)NC3(C#N)CC3)CC2)cc1,1.74,a848073dab865d2bbaee5c14b90c3eb8
COc1ccc(N2CCN(C(=O)[C@@H]3CCCC[C@H]3C(=O)NC3(C#N)CC3)CC2)cc1OC,1.4,2045c03ab5aab9af060f7ca31f41945a
COc1ccc(N2CCN(C(=O)[C@@H]3CCCC[C@H]3C(=O)NC3(C#N)CC3)[C@H](C)C2)cc1OC,1.85,edfec6173f0e7bc905837f237b1fe174
COc1ccc(N2CCN(C(=O)[C@@H]3CCCC[C@H]3C(=O)NC3(C#N)CC3)[C@H](C)C2)nc1OC,2.3,edfec6173f0e7bc905837f237b1fe174
COc1ccc(N2CCN(C(=O)[C@@H]3CCCC[C@H]3C(=O)NCC#N)CC2)cc1,1.6,36b9bcd249750353df050cc7006a7f52
COc1ccc(NC(=O)CCc2c(C)nc3nc(C)nn3c2C)cc1,1.4,321023488b6f984fabae17b80ea0fa6a
COc1ccc(NC(=O)CSc2nnc(C)n2-c2ccc(C)cc2)cc1,2.94,653860306dfaeebceaf17eef9123b9cb
COc1ccc(NC(=O)c2ccc(-c3ccncc3)c(C)c2)cc1N1CCN(C)CC1,2.56,06e8fd1ac2f3d2e16836d057211e6d7b
COc1ccc(NC(=O)c2ccnc(N)n2)cc1,1.72,aa24b586a0411a6f705bd301f12f5753
COc1ccc(NC(=O)c2nnc(Nc3ccccc3F)o2)cn1,3.2,5521a6789de50f77ae5c8daa74ea8141
COc1ccc(Nc2cc(Nc3ccc(OCC(O)CN(C)C)cc3)ncn2)cc1,1.5,1010f4756d8ed2c58f490d63d14a3d95
COc1ccc(Nc2cc(Oc3cc(C)c(C)nc3-c3ccccn3)ccn2)cc1,3.51,89cca967577b21844ff387569351437c
COc1ccc(Nc2ccccc2C(=O)O)cc1,1.2,acd5bf14df54292837cc766c1b6775bf
COc1ccc(Nc2nccc(-c3cnc(C)n3C(C)C)n2)cc1,3.43,5a79122f8f4d773811d763fbf5f6ceb3
COc1ccc(OC(F)(F)F)cc1CN[C@H]1CCCN[C@H]1c1ccccc1,2.9,3f2d74bf37ea4515f7672ef8d5ed0ff6
COc1ccc(OC)c(-c2c(F)ccc3c(N)c(C(=O)NC(C)C)nnc23)c1,3.77,067e5c4cba522c814fddb62869bc665f
COc1ccc(OC)c(-c2c(F)ccc3c(N)c(C(=O)NC4CC4)nnc23)c1,3.47,6a0a7870cf3e50e32a7d5c74b02de691
COc1ccc(OC)c(-c2cccc3c(N)c(C(=O)NC(C)C)nnc23)c1,3.65,d79af69b1ef1c0cf52ef2ce2e49bf6f5
COc1ccc(OC)c(-c2cccc3c(N)c(C(=O)NC4(C)CCC4)nnc23)c1,4.48,0d63fde644059baaf297e79c40fbe3c6
COc1ccc(OC)c(C(O)CNC(=O)CN)c1,-0.71,4987838b87c35e120e6e5a6736f51ae1
COc1ccc(OC)c(CNC(=O)c2cccnc2Oc2ccccc2)c1,3.52,2929095b54a793e4c99f0abf01a36131
COc1ccc(OC)c(CNc2[nH]nc3cccc(Oc4ccc(S(C)(=O)=O)cc4)c23)c1,3.71,5232b79f18e61e1139f8b3bfc24baebf
COc1ccc(OC)c(CNc2n[nH]c3ccnc(Oc4ccccc4)c23)c1,4.25,fca2651ba9a0cea1f7c9e4364badc1e7
COc1ccc(Oc2cccc(CN3CCCC(n4cc(C)c(=O)[nH]c4=O)C3)c2)cc1,3.17,cfb965cf48f0f38606079ffb6cfa4baf
COc1ccc(Oc2ncccc2C(=O)NCc2ccccc2Cl)cc1,3.59,dc3eec5b37d995641d19878d439d53fe
COc1ccc(S(=O)(=O)N2CCC[C@H](n3cc(C)c(=O)[nH]c3=O)C2)cc1Oc1cccc(Cl)c1,2.73,a15075dcb16c4d033d7edd44721afb01
COc1ccc(S(=O)(=O)NC(=O)N2CCC(N3CCC(Oc4ccc(Cl)c(Cl)c4)CC3)CC2)cc1,1.39,4a5f749406796e9524946030c7da13c8
COc1ccc(S(=O)(=O)NCC(c2ccccc2)N2CCCCCC2)cc1,3.13,4f725bcb2da4ed384882b34b3db5492a
COc1ccc(S(=O)(=O)Nc2ccc(-c3ccccc3)n(CC(=O)NC(C(=O)C(F)(F)F)C(C)C)c2=O)cc1,2.5,c6efff204b4b6194dafb8a3398a4c812
COc1ccc(S(=O)(=O)Nc2ccc(/C=C/C(=O)Nc3ccccc3N)cc2)cc1OC,2.56,947990639241334697f7918f59d1a17c
COc1ccc(S(=O)(=O)Nc2ccccn2)cc1,0.87,ce8cfdf1fde57cdd9ce0bf13c9393c73
COc1ccc(Sc2c(C)n(CC(=O)O)c3ccc(C)cc23)cc1,1.01,ac5239e7b72c09369fdc813499a5d6cc
COc1ccc([C@@H]2Sc3ccccc3N(CCN(C)C)C(=O)[C@@H]2OC(C)=O)cc1,1.99,6efd18c0e56b5f45c3688340b24c3502
COc1ccc([C@]2(C#N)CC[C@@H](C(=O)O)CC2)cc1OC1CCCC1,0.76,93627fc1701ba2f9fd81cff844cbf29c
COc1ccc([C@]2(O)CC[C@H](N3CC[C@@H](NC(=O)CNC(=O)c4cccc(C(F)(F)F)c4)C3)CC2)cn1,1.72,e8dc9e7f732522414735366353caa357
COc1ccc2[nH]c(C(=O)N3CCN(C)CC3)cc2c1,1.62,fc4ebf3b7d19840e42bc09f5a577ebd4
COc1ccc2[nH]c3c(c2c1)CN(C(=O)[C@@H]1CCCC[C@H]1C(=O)NC1(C#N)CC1)CC3,2.4,1b39a426f48fcc0f432381c9c00a9c1e
COc1ccc2c(C)cc(=O)n(CCN3CCC(NCc4cc5c(cn4)OCCO5)CC3)c2c1,1.72,8d0cf97e84eaa337a6b2a8cbc223c7ef
COc1ccc2c(C)cc(N[C@H]3CCC[C@H](NCc4cccc(OC(F)(F)F)c4)C3)nc2c1,3.61,afaa781510fdea9bebc2116786bccd48
COc1ccc2c(C)cc(N[C@H]3CCC[C@H](NCc4ccsc4)C3)nc2c1,2.46,bd1b2a8abcacba03fbca9405f2eab2b4
COc1ccc2c(C)cc(N[C@H]3CC[C@H](NCc4cn(C)c5ccccc45)C3)nc2c1,2.53,9a653f84f53480e36add5c9f51d72e83
COc1ccc2c(C)nc(=O)n(CCN3CCC(NCc4cc5c(cn4)OCCO5)CC3)c2c1,0.29,8d0cf97e84eaa337a6b2a8cbc223c7ef
COc1ccc2c(C)nc(NC(=N)N)nc2c1,-0.51,d0ed0b362e76c37dccb5111a678d4cc3
COc1ccc2c(Oc3ccc(CC(=O)Nc4cn(C)nc4C)c(OC)c3)ccnc2c1,3.5,181be20d1696bb2b331d5af2ccfc4b25
COc1ccc2c(Oc3ccc(CC(=O)Nc4n[nH]c(C)c4C)c(OC)c3)ccnc2c1,3.78,7e6f96a0f87e2ee6d4b16c54e7079278
COc1ccc2c(c1)C(c1ccccc1)=NC(NC(=O)c1ccccc1OC)C(=O)N2,3.8,125a29e58bd79b1b2eac6b4b7e1f7554
COc1ccc2c(c1)N(CCN1CCC(NCc3cc4c(cn3)OCCO4)CC1)C(=O)CO2,1.24,477d6ab6e1aa84dfe1e4de28041ee3eb
COc1ccc2c(c1)N(CCN1CCC(NCc3cc4c(cn3)OCCO4)CC1)C(=O)CS2,1.78,477d6ab6e1aa84dfe1e4de28041ee3eb
COc1ccc2c(c1)N(CCN1CCC(NCc3ccc4c(n3)NC(=O)CO4)CC1)C(=O)CC2,0.66,a3d139c2ac01b558f144a05ba67d267b
COc1ccc2c(c1)N(CCN1CCC(NCc3ccc4c(n3)NC(=O)CO4)CC1)C(=O)CO2,0.87,a3d139c2ac01b558f144a05ba67d267b
COc1ccc2c(c1)N(CCN1CCC(NCc3ccc4c(n3)NC(=O)CO4)CC1)C(=O)OC2,0.5,a3d139c2ac01b558f144a05ba67d267b
COc1ccc2c(c1)N(C[C@H](C)CN(C)C)c1ccccc1S2,2.99,2140119aba3a0f97602abc10c3ae6fe3
COc1ccc2c(c1)[nH]c1c(C)nccc12,2.9,20aa13b9f1dba0adebf931d1c3974238
COc1ccc2c(c1)c(-c1ccnc3cc(Cl)ccc13)c(C)n2CC(=O)O,1.16,8016af7a407bb7302b2cafd155463d56
COc1ccc2c(c1)c(CC(=O)O)c(C)n2-c1ccnc2cc(Cl)ccc12,1.68,6b16e009875f5b4ad95fb73d84145a53
COc1ccc2c(c1)cc(C(=O)O)n2Cc1ccc(Cl)c(Cl)c1,1.66,88136e83d4f605622207e650878f1d2b
COc1ccc2c3c1OC1C(O)C=CC4C(C2)N(C)CCC341,0.8,29d3501839c508e5c6c1a1074a6849ad
COc1ccc2cc(C(C)C(=O)O)ccc2c1,0.23,eafb63cc03848e7f16353db15c9f1b31
COc1ccc2cc(CCC(C)=O)ccc2c1,3.06,2b69c7980e43c7a84a9628d4dba8d7ff
COc1ccc2cc([C@H](C)C(=O)O)ccc2c1,0.13,eafb63cc03848e7f16353db15c9f1b31
COc1ccc2ccc(=O)n(CCN3CCC(NCc4cc5c(cn4)OCCO5)CC3)c2c1,1.31,477d6ab6e1aa84dfe1e4de28041ee3eb
COc1ccc2ccc(=O)n(CCN3CCC(NCc4cc5c(cn4)OCCO5)CC3)c2n1,1.16,477d6ab6e1aa84dfe1e4de28041ee3eb
COc1ccc2nc(C)cc(-n3cc(CN4CCN(C(C)=O)CC4)nn3)c2c1,1.3,5dad88ae654edd4d7d3b06256dc3e7e7
COc1ccc2nc(C)cc(-n3cc(CNC(C)=O)nn3)c2c1,1.6,823c6111bf7a41aca79995bfe43a3563
COc1ccc2nc(C)cc(N3CC(CNC(=O)C4CC4)OC3=O)c2c1,1.55,c250b54eed7cfa3b7cad359737be8e58
COc1ccc2nc(C)cc(OCC(=O)NCc3ccccc3)c2c1,3.2,7924020d8a310fb0a06295b2b505cb85
COc1ccc2nc(C)cc(OCC(=O)Nc3ccccc3OC)c2c1,3.9,75a8278af1a0cea92bd6b9c9bfd9b79d
COc1ccc2nc(NC(=O)CCc3ccc(OC)c(OC)c3)sc2c1,3.57,2dd52ba606a44b99ef0bced2468b5691
COc1ccc2nc(N[C@H]3CCC[C@H](NCc4ccsc4)C3)cc(C)c2c1,2.41,83c19ff23203ebd888cdb2770f1f959d
COc1ccc2nc(N[C@H]3CCC[C@H](NCc4ccsc4)C3)ccc2c1,2.43,61764a600cf72b32b025c94d95352f71
COc1ccc2nc3ccccc3c(N)c2c1,1.0,1f5e4d19cb9aaa43402d5dee6fc0beaa
COc1ccc2ncc(=O)n(CCN3CCC(NCc4cc5c(cn4)OCCO5)CC3)c2c1,0.93,477d6ab6e1aa84dfe1e4de28041ee3eb
COc1ccc2ncc(=O)n(CCN3CCC(NCc4cc5c(cn4)OCCO5)CC3)c2n1,0.83,477d6ab6e1aa84dfe1e4de28041ee3eb
COc1ccc2ncc(=O)n(CCN3CC[C@@H](NCc4cc5c(cn4)OCCO5)[C@@H](O)C3)c2c1,0.78,aca8baaf301f45be754d5b6cb150a789
COc1ccc2ncc(=O)n(CCN3CC[C@@H](NCc4cc5c(cn4)OCCO5)[C@H](O)C3)c2c1,0.9,aca8baaf301f45be754d5b6cb150a789
COc1ccc2ncc(=O)n(CCN3CC[C@@H](NCc4ccc5c(n4)NC(=O)CO5)[C@@H](F)C3)c2c1,0.83,4a57873e907ecbb7a5dc497400d39972
COc1ccc2ncc(=O)n(CCN3CC[C@@H](NCc4ccc5c(n4)NC(=O)CO5)[C@@H](O)C3)c2c1,0.37,4a57873e907ecbb7a5dc497400d39972
COc1ccc2ncc(=O)n(CCN3CC[C@@H](NCc4ccc5c(n4)NC(=O)CO5)[C@@H](OC)C3)c2c1,0.51,43bb5258e308e779d764a3e938649ce6
COc1ccc2ncc(=O)n(CCN3CC[C@@H](NCc4ccc5c(n4)NC(=O)CO5)[C@H](OC)C3)c2c1,0.97,43bb5258e308e779d764a3e938649ce6
COc1ccc2ncc(=O)n(CCN3CC[C@H](NCc4cc5c(cn4)OCCO5)[C@@H](OC)C3)c2c1,1.25,4fb77cb862b844832f68410c3d9fe10e
COc1ccc2ncc(=O)n(CCN3CC[C@H](NCc4cc5c(cn4)OCCO5)[C@H](O)C3)c2c1,0.77,aca8baaf301f45be754d5b6cb150a789
COc1ccc2ncc(=O)n(CCN3CC[C@H](NCc4ccc5c(n4)NC(=O)CO5)[C@H](O)C3)c2c1,0.39,4a57873e907ecbb7a5dc497400d39972
COc1ccc2ncc(C#N)c(CCN3CCC(NCc4cc5c(cn4)OCS5)CC3)c2c1,2.55,8861ed8460bad28af9139d16e528ecab
COc1ccc2ncc(F)c(CCN3CCC(NCc4cc5c(cn4)OCCO5)CC3)c2n1,1.46,477d6ab6e1aa84dfe1e4de28041ee3eb
COc1ccc2ncc(F)c(CCN3CCC(NCc4ccc5c(n4)NC(=O)CO5)CC3)c2n1,1.78,a3d139c2ac01b558f144a05ba67d267b
COc1ccc2nnc(=O)n(CCN3CCC(NCc4ccc5c(n4)NC(=O)CO5)CC3)c2c1,-0.65,a3d139c2ac01b558f144a05ba67d267b
COc1cccc(-c2c[nH]c(-c3ccccc3)n2)c1,3.8,4d47afa042aceb1d40cd9385523ba1c1
COc1cccc(-c2cc(O)c3cc(NC(C)=O)ccc3n2)c1,2.41,b6e83d356aa9287e206af8c21723aeb6
COc1cccc(-c2cc3c(N[C@H]4CCCNC4)ncc(C(N)=O)c3s2)c1,1.82,122a25e9758e4d5706cd930109074086
COc1cccc(-c2ccc(/C=C3\SC(=S)N([C@@H](Cc4ccccc4)C(=O)O)C3=O)cn2)c1OC,1.5,ecfca4cfd350ed3533bbea96226773bc
COc1cccc(/C=C2\SC(=O)NC2=O)c1N1CCC[C@@H](N)C1,1.27,28bc4d6c794b3deca80a39efd1b70dcb
COc1cccc(C(=O)N2CCC(n3c(=O)[nH]c4ccccc43)CC2)c1,2.65,6c790971004060cbfbe54953c492bd6f
COc1cccc(C(=O)NCCCOc2cccc3ccc(N)nc23)c1,2.46,2e9ada23b2e2e61df6fbb47c776b7061
COc1cccc(C(=O)Nc2ccc(C)c(-n3cnc4ccc(N5CCN(C)CC5)cc4c3=O)c2)c1,3.08,1e95c7939b76b8e4b25a91031462f284
COc1cccc(C(COCc2cc(C(F)(F)F)cc(C(F)(F)F)c2)N2CCNCC2)c1,3.1,c6783e8810f1472ad08783408c22ed67
COc1cccc(CNCc2cccc(CCNC[C@H](O)c3ccc(O)c4[nH]c(=O)sc34)c2)c1,0.91,80f3b57ffb77bc9b8695d5043a12ef2d
COc1cccc(CNc2nc(NC(C)C)nc3ccsc23)c1OC,3.7,37c1f83853770a35f4e3c57fac2be0d5
COc1cccc(COCC(O)CN2CCC(C(N)=O)CC2)c1,-0.5,403ff8c7bd980c0c1870956967d42977
COc1cccc(N(C)c2ccnc(Nc3cc(N4CCOCC4)cc(N4CCOCC4)c3)n2)n1,3.37,68ca1d455abf13eb2c4ed577c49abe43
COc1cccc(NC(=O)CC23CC4CC(CC(C4)C2)C3)c1C,4.21,eb0a60d565c61056f88dd45416e003d9
COc1cccc(NC(=O)Cn2cc(Oc3ncnc4cc(OC)c(OC)cc34)cn2)c1,3.11,b3436c8249f6c41b6dfac2de656a7427
COc1cccc(NC(=O)c2cccc(Cc3c(C)nn(CCO)c3-c3ccccc3)c2)c1,4.29,185893357ec3165003deee45d7fcab5b
COc1cccc(Nc2c(C(N)=O)cnc3c(C)cc(S(=O)(=O)c4cccc(C(=O)N(C)C)c4)cc23)c1,2.69,e3f8bdd064e6616c11b646e8408973a9
COc1cccc(Nc2nc(NCC3CCCO3)c3ccccc3n2)c1,3.9,3aa3837f1903f52404252b23b54ee405
COc1cccc(Nc2ncnc3cc(OC)c(OC)cc23)c1,3.1,6cecc78637d0a56324f5f48468e7e4ec
COc1cccc(Nc2nnc(C(=O)Nc3ccc(N4CCOCC4)nc3)o2)c1,2.8,08b0c554fa5a77e27054d21d446e2f78
COc1cccc(OC)c1-c1ccc(C[C@H](NC(=O)c2c(Cl)cccc2Cl)C(=O)O)cc1,-0.27,8b9877a7e6be7e6745ca00f6e2985ed8
COc1cccc(Oc2cncnc2O)c1,0.59,5baace596b4a6614f26604830fca75e9
COc1cccc(S(=O)(=O)c2c(C)n(CC(=O)O)c3ccc(C)cc23)c1,-0.42,cd32302fd5bcc6e9eb5ff74c08a4f38e
COc1cccc([C@@H](C)NCCCc2ccccc2Cl)c1,3.0,f984b24f78ee4c816e54532f1e89eb52
COc1cccc([C@H](O)C2CCN(CCc3ccc(F)cc3)CC2)c1OC,1.7,384d17fb9b88af4cb52bef78cee6eeb1
COc1cccc2[nH]ncc12,2.1,5699ce3a678fab551842bfa5278f82ca
COc1cccc2c(-c3c(C)n(CC(=O)O)c4ccc(C)cc34)ccnc12,0.49,570c3d774c75306de1a020c7482f489a
COc1cccc2c(O)cc(-c3ccccc3)nc12,2.3,9a2583bbe5c8f377550c833132722fc1
COc1cccc2c1c(NS(=O)(=O)c1ccc(Cl)s1)nn2Cc1cccc(CNC(=O)C(C)(C)O)c1,2.09,2bed18ae315f36696d867645bb3484bb
COc1cccc2c1c(NS(=O)(=O)c1ccc(Cl)s1)nn2Cc1cccc(CNC(=O)[C@@H]2COCCN2)c1,1.61,0c788004f6481251841030e497a0ad13
COc1cccc2sc(NC(=O)c3ccccc3)nc12,3.96,32679aed774b0757c9c6e0bfa7260790
COc1ccccc1-c1coc2cc(O)ccc2c1=O,2.55,2e30ef395fcf4d2a67332903005b62b9
COc1ccccc1-c1nnc(N)[nH]1,0.91,3b58cc0b66454fb4243b2f80766e3750
COc1ccccc1C(=O)NCC12CC3CC(CC(C3)C1)C2,4.43,ec61b2dad20333bc51fe0b680b368977
COc1ccccc1C(=O)Nc1ccc(C)c(-n2cnc3ccc(N4CCN(C)CC4)cc3c2=O)c1,2.93,7fc9b1240d4793c8b30a1267a6321da6
COc1ccccc1C(=O)Nc1nc2ccccc2[nH]1,2.9,fb30659bd92174d7e557673c3f74c1af
COc1ccccc1C(=O)Nc1nc2ccccc2s1,3.61,fb30659bd92174d7e557673c3f74c1af
COc1ccccc1C(C#N)NC(=O)[C@@H]1CCCC[C@H]1C(=O)N1CCN(Cc2ccc(F)cc2)CC1,3.57,4bcc9c19c8e6840fb2c6a3419cfca16b
COc1ccccc1CCNCc1ccc(CCNC[C@H](O)c2ccc(O)c3[nH]c(=O)sc23)cc1,0.8,a84b0087a49a5877c6464517f70db6f2
COc1ccccc1CCNCc1cccc(CCNC[C@H](O)c2ccc(O)c3[nH]c(=O)sc23)c1,0.82,9a017181a9785feba20c4cdc13e0ff13
COc1ccccc1CN(C(C)=O)c1cnccc1Oc1ccccc1,3.0,5fa202ebb325078718dca268d5c395ff
COc1ccccc1CN(C)Cc1cccc(CCNC[C@H](O)c2ccc(O)c3[nH]c(=O)sc23)c1,1.52,54ccb73f4e381a82d2dcac34c6302f25
COc1ccccc1CN1C(=O)c2ccccc2C1C(=O)NC1CCC(C)CC1,3.74,dcb4cb6c103895b13dec059ada7385b0
COc1ccccc1CNC(=O)NS(=O)(=O)c1ccc(Cl)cc1,0.87,5a6db9e1eb4e37fdeb2f4fc702e8d094
COc1ccccc1CNC(=O)c1ccc2cnccc2n1,1.8,ffff08a5ef4423c4390bad896582e2d2
COc1ccccc1CNCCc1cccc(CCNC[C@H](O)c2ccc(O)c3[nH]c(=O)sc23)c1,0.91,9a017181a9785feba20c4cdc13e0ff13
COc1ccccc1CNCc1ccc(CCNC[C@H](O)c2ccc(O)c3[nH]c(=O)sc23)cc1,0.15,abdb031ea1d40e3f053c4955ff25fd98
COc1ccccc1CN[C@H]1CCCN[C@H]1c1ccccc1,1.5,955ff039f909d093332e0f975120bcc0
COc1ccccc1CNc1cc(C)ccn1,3.28,6b374f392b164f508cfe8e563ed13ed3
COc1ccccc1C[C@@H](C(=O)O)N1CCC(CN2CCC(Oc3ccc(Cl)c(Cl)c3)CC2)CC1,2.77,15f1ef45e4dc67591a1bdd195aada48f
COc1ccccc1Cn1c(C)nc2ccccc21,3.47,d6152137c112c14a641321b8ef2df46a
COc1ccccc1N1CCN(CCCCNC(=O)c2ccc3ccccc3c2)CC1,3.53,f4564791a4f9a85f32b0c8de8ac60231
COc1ccccc1N1CCN(CCN(C(=O)C2CCCCC2)c2ccccn2)CC1,3.0,af0ddeeb4d35343ca7071daadb655dc9
COc1ccccc1N1CCN(Cc2c(Br)c(=O)n(-c3ccccc3)n2C)CC1,2.5,91e8ed39d6fa99cec3bd9f55391fd3f1
COc1ccccc1Nc1cc(Oc2cc(C)c(C)nc2-c2ccccn2)ccn1,3.37,ecace1d7850bd49e35a0fc75c6eac6c7
COc1ccccc1OCC(O)CO,0.24,fd18e9512393ac8cbbfd47532af811de
COc1ccccc1OCC(O)COC(N)=O,0.36,f601b9988b0aa31794740322bde8a570
COc1ccccc1OCCNCC(O)COc1cccc2[nH]c3ccccc3c12,3.27,31bc426d1e6f8f4cc73c98bbf670661f
COc1ccccc1O[C@@H](c1ccccc1)[C@@H]1CNCCO1,0.9,68a18a91296bbaf4cebfbf60f8e51c7b
COc1ccccc1Oc1c(NS(=O)(=O)c2ccc(C(C)(C)C)cc2)nc(-c2ncccn2)nc1OCCO,1.03,de62cc6f2401e79dd4a26bb0f80c8ce1
COc1ccccc1Oc1ccc(N(Cc2cccnc2)S(=O)(=O)CC(F)(F)F)cc1,1.5,5c1ca643f1a1bf51323b3f787bce930d
COc1ccccc1S(=O)(=O)NC(=O)N1CCC(N2CCC(Oc3ccc(Cl)c(Cl)c3)CC2)CC1,0.89,c8dae73992cffc31332b1e471e47845e
COc1ccnc(CCc2nc3c(C)ccnc3[nH]2)c1,2.1,0fad7b3073ff1cf88c825611db1d6810
COc1ccnc(CCc2nc3cc(Br)cnc3[nH]2)c1,2.92,c382aafd8d0abb3c19710329543dd7fb
COc1ccnc(CCc2nc3cccnc3[nH]2)c1,1.69,dc7ed967f7ceedb6a68d0ba2645e4a3e
COc1ccnc(CSc2nc3ccccc3[nH]2)c1,2.89,dc7ed967f7ceedb6a68d0ba2645e4a3e
COc1ccnc(C[S+]([O-])c2nc3cc(OC(F)F)ccc3[nH]2)c1OC,2.0,44a9da0589dacc20c1d4d26d6e14b137
COc1ccnc(N(C)c2ccnc(Nc3cc(N4CCOCC4)cc(N4CCOCC4)c3)n2)c1,2.23,68ca1d455abf13eb2c4ed577c49abe43
COc1ccnc(NC2CCN(C(=O)c3ccc(C#N)cc3)CC2)c1,1.73,296e80e518f8bd9858eab2f3e14161b4
COc1ccnc(NC2CCN(C(=O)c3ccc(Cl)cc3)CC2)c1,2.82,bf536a7993a1dd917d5c966d2139a9b1
COc1ccnc(NC2CCN(C(=O)c3ccccc3)CC2)c1,2.06,76969edbdd265e64917ccf95158adefc
COc1cnc(-c2ccccn2)nc1N(C)C,1.9,0b7ab38d33f5a8db921ba52d3f760c97
COc1cnc(-c2ccccn2)nc1N(C)c1ccccc1,2.79,ade3e10c33980308cfb41a86a6d5d58f
COc1cnc(-c2ccccn2)nc1N1CCOCC1,1.52,3516184055baa5aa6f328eae1d1bee8f
COc1cnc(-c2ccccn2)nc1NC(C)C,2.01,44f8f1cdf30d18a35166478fa72cc9bf
COc1cnc(-c2ccccn2)nc1Oc1ccc(F)cc1F,3.1,4faf1054530ab51e4c3bd6a66658d019
COc1cncc(NC(=O)c2cc(NC(=O)c3cccc(C(C)(C)C#N)c3)ccc2C)c1,3.04,538178ebdc383f0a3db0d7d979633814
COc1cnccc1COc1cnc(N2CCN(C(=O)OC(C)(C)C)CC2)nc1,3.8,e64b036f5617b151481736566f6a1122
COc1nc(Br)cnc1NS(=O)(=O)c1ccc(Cl)s1,0.99,5a48f3ef5d0f75d5a6f54c49795961c6
COc1nc(Br)cnc1NS(=O)(=O)c1cccc2c(N(C)C)cccc12,1.9,27a7391c99c938bc6203a254b2679a6a
COc1nc(Cl)cnc1NS(=O)(=O)c1cccc2c(N(C)C)cccc12,1.74,27a7391c99c938bc6203a254b2679a6a
COc1nc(N)nc2c1ncn2[C@@H]1O[C@H](CO)[C@@H](O)[C@H]1O,-0.58,de6126e57474e9a43649a609260ff670
COc1ncc(-c2ccc3nccc(-c4ccnnc4)c3c2)cc1NS(=O)(=O)c1ccc(F)cc1F,2.5,b4f695308eac9eeb48b22c963ec6c040
COc1ncc(-c2cccc3c2C[C@H](NC(=O)c2ccc(OCC(F)(F)F)nc2)CO3)cn1,4.3,56d11590ea46474e3787bf181bbb6175
COc1ncc(C)cc1-c1cccc2c(N)c(C(=O)NC3CC3)nnc12,3.4,4cca0c574ccf1bae67cc97baef1766f0
COc1ncc2ccc(=O)n(CCN3CCC(NCc4cc5c(cn4)OCCO5)CC3)c2n1,0.2,477d6ab6e1aa84dfe1e4de28041ee3eb
COc1ncc2ncc(=O)n(CCN3CCC(NCc4cc5c(cn4)OCCO5)CC3)c2n1,-0.14,477d6ab6e1aa84dfe1e4de28041ee3eb
COc1ncccc1-c1cccc2c(N)c3c(nc12)CN(C1CCC1)C3=O,3.26,7b5f91b7c515c5ed4bca66e2440a049d
COc1nccnc1NS(=O)(=O)c1ccc(N)cc1,-0.65,e83104b9eea958b26823acbf9d2ab984
COc1ncnc(NS(=O)(=O)c2ccc(N)cc2)c1OC,-0.73,79a9063d2ff4eafeeec63b549f3053c4
CS(=O)(=O)C1(c2cc(N3CC4CCC(C3)O4)nc(-c3cccc4[nH]ccc34)n2)CC1,2.6,f7142d38e7c3d64f6599a855d3fb07f6
CS(=O)(=O)C1(c2cc(N3CCOCC3)nc(-c3cccc(N)c3)n2)CC1,1.35,bf8d0b0ad51197349411e31c1c44890f
CS(=O)(=O)C1(c2cc(N3CCOCC3)nc(-c3cccc4[nH]ccc34)n2)CC1,2.2,3599649dc616e45e9d6677329d066764
CS(=O)(=O)C1(c2cc(N3CCOCC3)nc(-c3cccc4[nH]ccc34)n2)CCNCC1,0.7,e9fe78c3a0168e0263067c23d49f6d10
CS(=O)(=O)C1(c2cc(N3CCOCC3)nc(-c3cccc4[nH]ccc34)n2)CCOCC1,2.4,e9fe78c3a0168e0263067c23d49f6d10
CS(=O)(=O)C1(c2cc(N3CCOCC3)nc(-c3ccccc3)n2)CC1,2.6,9024ec2e7842dd0bff42f26ec9b47eee
CS(=O)(=O)Cc1cc(N2CCOCC2)nc(-c2ccc(NS(C)(=O)=O)cc2)n1,0.85,157e1bb70dad7c662aaae8796696ea1c
CS(=O)(=O)Cc1cc(N2CCOCC2)nc(-c2ccc3[nH]ccc3c2)n1,2.06,5b9346c247a95d7d8b7dc3f0cfc4c280
CS(=O)(=O)Cc1cc(N2CCOCC2)nc(-c2cccc(CO)c2)n1,1.0,1dafdfda2926c6748c2b162afe67b442
CS(=O)(=O)Cc1cc(N2CCOCC2)nc(-c2cccc3[nH]ccc23)n1,1.7,82d0d80ce44ef51dfa52553e353b9df2
CS(=O)(=O)Cc1cc(N2CCOCC2)nc(-c2cccc3cc[nH]c23)n1,2.8,82d0d80ce44ef51dfa52553e353b9df2
CS(=O)(=O)Cc1cc(N2CCOCC2)nc(-c2ccccc2)n1,1.94,06ec9d110054ce424fddf612bf59659d
CS(=O)(=O)Cc1cc(N2CCOCC2)nc(-c2cnc3[nH]ccc3c2)n1,1.92,5b9346c247a95d7d8b7dc3f0cfc4c280
CS(=O)(=O)Cc1ccc2ccn(-c3cc(NC4CC4)n4ncc(C#N)c4n3)c2c1,2.49,b735f91abafc4d34023ad3f0bf07cee3
CS(=O)(=O)N1CCC(NC(=O)NC23CC4CC(CC(C4)C2)C3)CC1,2.7,0e0516c0c9f20dfe505432ad0869ec26
CS(=O)(=O)N1CCN(Cc2cc3nc(-c4cccc5[nH]ncc45)nc(N4CCOCC4)c3s2)CC1,3.3,44b6952dea57e5d58f42d02a1fc54b34
CS(=O)(=O)N1CCOc2cc(COc3ccccc3)cnc21,2.4,9e8caab34ecc29702ce938cad4e3c048
CS(=O)(=O)N1CC[C@H](N(Cc2ccccc2Cl)c2ccc(C#N)c(Cl)c2)C1,4.0,08c831519acbc114f8f1921d6aca1080
CS(=O)(=O)N1CCc2c(-c3cnc(N)nc3)nc(N3CCOCC3)nc21,1.2,678147974b813eed1211440c716cb3f2
CS(=O)(=O)NC(=O)CCCc1c(-c2ccc(F)cc2)[nH]c2ccc(C#N)cc12,1.5,285a27f564e06bed47bc8c3132cd0d33
CS(=O)(=O)NCC(NC(=O)C1(N)CCN(c2ncnc3[nH]ccc23)CC1)c1ccc(Cl)cc1,2.1,271ae9ab36e3a74003a217dff693b0c7
CS(=O)(=O)NCCC(NC(=O)C1(N)CCN(c2ncnc3[nH]ccc23)CC1)c1ccc(Cl)cc1,2.2,f80f409eda130f4e9023c3bbc03c2099
CS(=O)(=O)Nc1cc(Nc2nccc(Nc3c(Cl)ccc4c3OCO4)n2)cc(C(N)=O)c1,2.28,5f5af1777e3405a0e217e59f5a7643b3
CS(=O)(=O)Nc1ccc(CCOCCCS(=O)(=O)CCNCCc2ccc(O)c3nc(O)sc23)cc1,1.34,2e8edb02602ed80f4ddb795a5848e044
CS(=O)(=O)Nc1cccc(NC(=O)CN2CCN(C(=O)C[C@H](N)Cc3ccc(F)c(F)c3)[C@H](Cc3ccccc3)C2)c1,2.06,3b4966446e2830180006de924f2b7ce0
CS(=O)(=O)c1ccc(-c2cc(C(=O)N[C@H]3CCCNC3)c(NC(N)=O)s2)cc1,0.68,70593404f1f4c44759a0ef4da5b7db5a
CS(=O)(=O)c1ccc(-c2cc(C(F)(F)F)ccc2OCC(=O)O)c(Cl)c1,-0.52,3d4daf0fc5149fb5d48397e41c45d4df
CS(=O)(=O)c1ccc(-c2cc(C(F)(F)F)ccc2OCC(=O)O)cc1,-0.87,b6f53668c3305c82102cd88ea501a432
CS(=O)(=O)c1ccc(-c2cc(Cl)ccc2OCC(=O)O)c(Cl)c1,-0.75,9525113ce6386d0908bbbc4f2e3764dc
CS(=O)(=O)c1ccc(-c2cnc(N)c(-c3ccc(C(F)(F)F)nc3)c2)cc1,2.4,e40c4b1a26bf02247d61bf8f04719878
CS(=O)(=O)c1ccc(-c2nnc(/C=C/c3nnc(-c4ccc(C#N)cc4)o3)n2-c2ccccc2Cl)nc1,2.66,de9bdca41f04b2ad183bf686695f6a13
CS(=O)(=O)c1ccc(C(=O)NC[C@@H](O)CN2CCC(Oc3ccc(Cl)c(Cl)c3)CC2)s1,2.86,85d7a6a1721f69a47f56ab4131cc7163
CS(=O)(=O)c1ccc(C(=O)Nc2ccc(Cl)c(-c3ccccn3)c2)c(Cl)c1,2.84,b27ae356e9e023cd886c4f4e13a30b55
CS(=O)(=O)c1ccc(C(=O)Nc2ccc(F)cc2)c[n+]1[O-],0.84,88d668df024ed74b3d0df93cb43ed104
CS(=O)(=O)c1ccc(C(CCNC(=O)c2ccc(C#N)cc2)c2ccc(F)cc2)cc1,2.9,873b9c1061c9a96ab4f7f7b4a35b5ae9
CS(=O)(=O)c1ccc(CC(=O)N(C2CC2)C2CCN(CCC(c3ccccc3)c3ccccc3)CC2)cc1,2.89,c27d518ae9a921a2e318701ece7fb9b9
CS(=O)(=O)c1ccc(N2CCN(C(=O)[C@@H]3CCCC[C@H]3C(=O)NCC#N)CC2)cc1,0.67,04b6bbc93f410be3a93bc2cf7a8cc7dd
CS(=O)(=O)c1ccc(Oc2ccc(C#C[C@]3(O)CN4CCC3CC4)cc2)cc1,1.51,e76beb04f2344fc8ea5811f7aa391886
CS(=O)(=O)c1ccc([C@@H](CC2CCCC2)C(=O)Nc2cnc([C@H](O)CO)cn2)cc1Cl,2.58,d8f82dd2153dc910f02674922e02c997
CS(=O)(=O)c1ccc([C@@H](CC2CCCC2)C(=O)Nc2nccs2)cc1,3.86,24634c792ddaf7c9ba5dcad384b6f6ea
CS(=O)(=O)c1ccc([C@@H](C[C@H]2CCC(=O)C2)C(=O)Nc2cnccn2)cc1Cl,1.39,4ab905e9258080671f10209b72aae9fd
CS(=O)(=O)c1ccc([C@@H](O)[C@@H](CF)NC(=O)C(Cl)Cl)cc1,0.44,5e2f5ac2697db8a089db28fd79fe230c
CS(=O)(=O)c1ccc([C@H](CC2CCCC2)C(=O)Nc2nccs2)cc1,3.88,24634c792ddaf7c9ba5dcad384b6f6ea
CS(=O)(=O)c1ccc2[nH]c3c(c2c1)CN(C(=O)[C@@H]1CCCC[C@H]1C(=O)NC1(C#N)CC1)CC3,1.5,e1bba21d2d21738bc707bd51e07fed0e
CS(=O)(=O)c1ccc2c(C(=O)NC[C@@H](O)CN3CCC(Oc4ccc(C#N)c(Cl)c4)CC3)c[nH]c(=O)c2c1,1.41,274e3b5b7ae1c93a7f8b8de7f7ec4a87
CS(=O)(=O)c1ccc2c(C(=O)NC[C@@H](O)CN3CCC(Oc4ccc(Cl)c(Cl)c4)CC3)c[nH]c(=O)c2c1,2.63,dbb97ea064ede9d5756479e86f32e9dd
CS(=O)(=O)c1ccc2c(c1)N(CCN1CCC(NCc3ccc4c(n3)NC(=O)CO4)CC1)C(=O)CO2,-0.51,3b2e5089677b4bbd105a2c2d46070c70
CS(=O)(=O)c1ccc2c3c([nH]c2c1)CCN(C(=O)[C@@H]1CCCC[C@H]1C(=O)NC1(C#N)CC1)C3,1.5,295af1a2cf875abbe2fd861d04c06e2e
CS(=O)(=O)c1ccc2nc(N3CCN(C(=O)[C@@H]4CCCC[C@H]4C(=O)NC4(C#N)CC4)CC3)sc2c1,1.49,18f8394e6e83a68b62fcd69751fc4988
CS(=O)(=O)c1cccc(Nc2nccc(N(CC#N)c3c(Cl)ccc4c3OCO4)n2)c1,3.16,49a07b18ec0801e844dd82f3715ecb02
CS(=O)(=O)c1cccc(Nc2nccc(Nc3c(Cl)ccc4c3OCO4)n2)c1,3.13,882fc2efb087278469d30645b4f103b5
CS(=O)(=O)c1cccc(Nc2nccc(Nc3c(Cl)ccc4ccoc34)n2)c1,3.7,882fc2efb087278469d30645b4f103b5
CS(=O)(=O)c1cccc(Nc2nccc(Nc3cccc4[nH]ncc34)n2)c1,2.91,4ac41dbedcf09e93c6272a63f95b4a21
CS(=O)(=O)c1cccc(Nc2nccc(Nc3cccc4c3OCC4)n2)c1,3.0,4ac41dbedcf09e93c6272a63f95b4a21
CS(=O)(=O)c1cccc(Nc2nccc(Nc3cccc4c3OCO4)n2)c1,2.83,4ac41dbedcf09e93c6272a63f95b4a21
CS(=O)(=O)c1cccc(Nc2nccc(Nc3cccc4ccoc34)n2)c1,3.52,4ac41dbedcf09e93c6272a63f95b4a21
CS(=O)(=O)c1cccc(Nc2nccc(Nc3cccc4ncoc34)n2)c1,2.5,4ac41dbedcf09e93c6272a63f95b4a21
CS(=O)(=O)c1cccc(Nc2nccc(Nc3cccc4ocnc34)n2)c1,2.9,4ac41dbedcf09e93c6272a63f95b4a21
CS(=O)(=O)c1cccc2c3c([nH]c12)CCN(C(=O)[C@@H]1CCCC[C@H]1C(=O)NC1(C#N)CC1)C3,1.7,8fad5d3fb001dc1fccf8b3d1a2ebd370
CS(=O)(=O)c1ccccc1C(=O)NCC(O)CNC1CCN(Cc2ccc(Cl)c(Cl)c2)CC1,1.21,3db4a5560ef3d4b31b4ec5298f37c226
CS(=O)(=O)c1ccccc1C(=O)NC[C@@H](O)CN1CCC(Oc2ccc(Cl)c(Cl)c2)CC1,2.34,d11015ee989e9c474a2f547cfda1773c
CS(=O)(=O)n1c2ccccc2c2cc(NC(=O)CCc3ccncc3)ccc21,3.4,78409a9a840315fdba70e8bf795f6e6c
CS(=O)(=O)n1c2ccccc2c2cc(NC(=O)N3CCOCC3)ccc21,2.7,6c0745f6d1fe5bf49e8f15e68d3c7e12
CSCCC(NC(=O)c1ccccc1)c1nc2ccccc2n1Cc1ccc(C#N)cc1,4.24,c6701a034293c47e6110d46e3fecb877
CSCCC(NC(=O)c1sccc1Cl)c1nc2ccccc2[nH]1,3.69,b43ae4a75c1cec500fe02107dcd5864e
CSCc1cc(N2CCOCC2)nc(-c2ccccc2)n1,3.26,6835889e2f4f70a6639f3fa0cab22169
CSc1c(C(=O)NC2C3CC4CC(C3)CC2C4)cnn1-c1ccc(C(=O)O)cc1,1.2,1993230c9a09186ccc6ef26d53c71734
CSc1ccc(-c2nc(-c3ccc(F)cc3)c(-c3ccncc3)[nH]2)cc1,2.97,14a436d47839aa27d257694c5b98cc8b
CSc1ccc(C(=O)C(C)(C)N2CCOCC2)cc1,3.49,8eb253c7d0d20996e632984829f2be1f
CSc1ccc(N2C(N)=NC(N)=NC2(C)C)cc1,-0.84,42f8847638581f89a69dba67fe7693a7
CSc1ccc(OCc2ccccc2)c(/C=C/c2ccc(C(=O)O)cn2)c1,2.45,f4ff3dad8bebec12deec75cc17dd7242
CSc1ccc(OCc2ccccc2)c(C(=O)Nc2ccc(C(=O)O)cn2)c1,1.6,44257e886503b4d10317498d579adf33
CSc1ccc2c(c1)N(CCC1CCCCN1C)c1ccccc1S2,3.76,9c825b6403f1a39c0f35d1c56026f5ef
CSc1nc(-c2ccccc2)nn1Cc1ccccc1,3.83,f1fd46ab2133737c61384f6de92c76ee
CSc1nc(C(N)=O)c(N)s1,1.21,df43d5fcca6eeb5e1050c06224cb6b70
CSc1nc(N)nc(-c2ccccc2)n1,2.98,4621729863fd46a977ed9715a8d1a236
CSc1nc2cc(Cl)ccc2[nH]1,3.22,d56fb6a63e35522278e5e3bcfd0a0eb1
CSc1ncccc1C(=O)NCC1CCCCC1,2.93,5c8f7e8d188b8e50571bb51ebb519023
CSc1ncccc1C(=O)NCCc1ccc(Cl)cc1,3.31,d6c0373db7d612b20c596bb7302d8cb9
CSc1ncccc1C(=O)NCc1ccc(C)cc1,2.71,0c4e2def66f1d4a9ec98765b90a34bf7
CSc1ncccc1C(=O)Nc1nccs1,1.43,75c620f8a501a84ff794e82838294a15
C[C@@H](C#N)NC(=O)[C@@H]1CCCC[C@H]1C(=O)N1CCc2[nH]c3ccc(F)cc3c2C1,3.5,4db84601a5b052f389d12b7bd3cdda98
C[C@@H](C(=O)NCCN1CCCC1)c1ccc(OS(=O)(=O)C(F)(F)F)cc1,1.64,5d09134d4513a40ab6b3033e54985939
C[C@@H](CO)Oc1cc(Oc2ccc(S(C)(=O)=O)cc2)cc(C(=O)Nc2nccs2)c1,2.63,7bc8f08a58a5370a1b35e2f31b578e27
C[C@@H](COCCCS(=O)(=O)CCNCCc1ccc(O)c2nc(O)sc12)c1ccccc1,2.32,7e81fd08721093de46a3c3864472a993
C[C@@H](C[C@@](C)(CS(=O)(=O)N1CCN(CCc2ccc(Cl)cc2Cl)CC1)N(O)C=O)c1ncc(F)cn1,3.27,6fd0267a6f66afe3bba913d7690fc0d8
C[C@@H](NC(=O)C1(N)CCN(c2ncnc3[nH]ccc23)CC1)c1ccc(Cl)cc1,3.3,066afcaa07a58374f7678fd70020b014
C[C@@H](NC(=O)C1CCCCN1C)c1ccc(Nc2ncc3cc(-c4ccncc4)ccc3n2)cc1,3.34,894c3a9818e438ba94fd140cd0ff9d84
C[C@@H](NC(=O)C1CCNCC1)c1ccc(Nc2ncc3cc(-c4ccncc4)ccc3n2)cc1,0.4,84506e2774f35f3e9940125af628b2af
C[C@@H](NC(=O)[C@H]1CCCCN1)c1ccc(Nc2ncc3cc(-c4ccncc4)ccc3n2)cc1,2.15,84506e2774f35f3e9940125af628b2af
C[C@@H](NC(=O)[C@H]1CCCNC1)c1ccc(Nc2ncc3cc(-c4ccncc4)ccc3n2)cc1,1.69,84506e2774f35f3e9940125af628b2af
C[C@@H](NC(=O)c1cccnc1Oc1ccccc1)c1ccccc1,3.14,771a3952a9a8faff4374e6b1a8ab26a1
C[C@@H](NC1=CC(=O)CC1)c1ccc(Nc2ncc3cc(-c4ccncc4)ccc3n2)cc1,3.2,c95e3e0b608a87ef22c0a61ab66b69af
C[C@@H](NC1=CC(=O)CCC1)c1ccc(Nc2ncc3cc(-c4ccncc4)ccc3n2)cc1,3.17,d8216d6a9583ea8b7fa39a7cdfa59cb2
C[C@@H](NC1=CC(=O)CNC1)c1ccc(Nc2ncc3cc(-c4ccncc4)ccc3n2)cc1,2.49,d8216d6a9583ea8b7fa39a7cdfa59cb2
C[C@@H](NC1=CC(=O)NCC1)c1ccc(Nc2ncc3cc(-c4ccncc4)ccc3n2)cc1,3.02,d8216d6a9583ea8b7fa39a7cdfa59cb2
C[C@@H](NCc1ccccc1-c1ccc(CCNC[C@H](O)c2ccc(O)c3[nH]c(=O)sc23)cc1)c1ccccc1,2.28,15bf657b396aca1643c5e8bd6a7104a1
C[C@@H](O)[C@@H](CO)Nc1nc(SCc2cccc(F)c2F)nc2nc(N)sc12,2.83,51709e702dee4d788efa92375ec917b1
C[C@@H](O)[C@H](NC(=O)c1ccc(C#Cc2ccc(CN3CCOCC3)cc2)cc1)C(=O)NO,2.03,8ed0be7b18e5bfcb2522c277aaf6106c
C[C@@H](O)[C@H]1C(=O)N2C(C(=O)OCOC(=O)C(C)(C)C)=C(SC3CN(C4=NCCS4)C3)[C@H](C)[C@H]12,2.1,7280a49cdab92e2aee3717494fc4c678
C[C@@H](Oc1cc(-c2cnn(C3CCNCC3)c2)cnc1N)c1c(Cl)ccc(F)c1Cl,2.33,71cd90039e192cf8bd2b45f78d341797
C[C@@H](Oc1ccc(S(C)(=O)=O)cc1C(=O)N1CCN(c2ncc(C(F)(F)F)cc2F)CC1)C(F)(F)F,3.49,ecc2e31b337b03c23d0766cc470dd1e5
C[C@@H](Oc1cccc2ncnc(Nc3ccc(OCc4ccccn4)c(Cl)c3)c12)C(=O)N(C)C,3.67,8d65f8f971640c526bd399508ce0f9e7
C[C@@H](Oc1cccc2ncnc(Nc3ccc(OCc4ccccn4)c(Cl)c3)c12)C(=O)N(C)CCO,3.56,53d287c4b06812b4d3bdf80b91392a2c
C[C@@H](Oc1cccc2ncnc(Nc3ccc4c(cnn4Cc4ccccn4)c3)c12)C(=O)N(C)C,2.89,7fc0650ee85485ebe554863fd9fb0232
C[C@@H](Oc1cccc2ncnc(Nc3ccc4c(cnn4Cc4ccccn4)c3)c12)C(=O)N1CCOCC1,2.82,e650b8f7237909590943efd3ceb54cbd
C[C@@H](Oc1cccc2ncnc(Nc3ccc4c(cnn4Cc4cscn4)c3)c12)C(=O)N1CCOCC1,2.81,d1038adcbdba7b4820ac5513436c07a4
C[C@@H](c1ncncc1F)[C@](O)(Cn1cncn1)c1ccc(F)cc1F,1.7,e3a0e399c84a15bcbbed0c7ef222a3a7
C[C@@H]1C2CCCC1(c1cccc(O)c1)CCN2C,0.52,86b5a5f27dd0276189a9858f7a7422db
C[C@@H]1CCCN1CCc1cc2cc(-c3ccc(C#N)cc3)ccc2o1,3.51,59a45fe987eddd0edafd3eb54db6ec9b
C[C@@H]1CN(C(=O)OC(C)(C)C#N)CCN1c1ncc(OCc2ccncc2C#N)cn1,2.3,88dd887a0a2ea5c34b2be8b899c360c3
C[C@@H]1CN(C(=O)OC(C)(C)C)CCN1c1ncc(OCC2CCN(S(C)(=O)=O)CC2)cn1,3.5,af5b7f12cc87f0481deea02ac00eff65
C[C@@H]1CN(C(=O)OC(C)(C)C)CCN1c1ncc(OCc2ccc(C#N)cc2)cn1,2.89,02fc462402f5f7db033bd184941a9391
C[C@@H]1CN(C(=O)OC(C)(C)C)CCN1c1ncc(OCc2ccc(S(C)(=O)=O)cc2)cn1,3.6,af5b7f12cc87f0481deea02ac00eff65
C[C@@H]1CN(C(=O)OC(C)(C)C)CCN1c1ncc(OCc2ccc(S(C)(=O)=O)cc2C#N)cn1,3.3,15fc42b99159a64b46f5345989041295
C[C@@H]1CN(C(=O)OC(C)(C)C)CCN1c1ncc(OCc2ccc(S(C)(=O)=O)cc2F)cn1,3.7,cc822e50e657b5cf16729ca711248b49
C[C@@H]1CN(C(=O)OC(C)(C)C)CCN1c1ncc(OCc2ccc(S(C)(=O)=O)cn2)cn1,3.0,af5b7f12cc87f0481deea02ac00eff65
C[C@@H]1CN(C(=O)OC(C)(C)C)CCN1c1ncc(OCc2ccncc2C#N)cn1,3.33,f2cd034acf5120121a584b4c0e1fb2bd
C[C@@H]1CN(C(=O)OCC(F)(F)F)CCN1c1ncc(OCc2ccncc2C#N)cn1,3.0,9340c1a3fa3c7201ab9875da26b79e26
C[C@@H]1CN(C(=O)OCC(F)F)CCN1c1ncc(OCc2ccncc2C#N)cn1,2.3,d037b2d65b04dc5d203ac90bc86bbda9
C[C@@H]1CN(C(=O)[C@@](C)(O)C(F)(F)F)[C@@H](C)CN1C(=O)c1ccc(C#N)cc1,1.5,189549d24d3ee6f06774438db8e2f4bf
C[C@@H]1CN(CC2(C(N)=O)CC2)CCN1S(=O)(=O)c1ccc(C(C)(O)C(F)(F)F)cc1,1.03,bd664290a75a7d7f547f3c73eac41ef2
C[C@@H]1CN(Cc2cc(Cl)ccc2OCC(=O)O)C[C@H](C)N1C(=O)Cc1ccccc1,0.7,56c277f2f500e6d9ac2115a6850cc8b3
C[C@@H]1CN(Cc2ccc(F)cc2)CCN1C(=O)COc1ccc(Cl)cc1NC(N)=O,1.91,c3db5fab929c4ac96a54084761f5bf5b
C[C@@H]1CN(Cc2ccc(F)cc2)[C@@H](C)CN1C(=O)c1cc2c(C(=O)C(=O)N(C)C)cn(C)c2cc1Cl,3.6,d00da81b3c12ff4af6ea50b3c1aff058
C[C@@H]1CN(Cc2nnc(-c3cc(-c4cccc5[nH]ccc45)cc4[nH]ncc34)o2)C[C@H](C)O1,4.01,0664d6fc3aa2f57e4838b73f2078aa1f
C[C@@H]1CN(c2c(F)c(N)c3c(=O)c(C(=O)O)cn(C4CC4)c3c2F)C[C@H](C)N1,-0.15,8748909ddcd80ecd7fbf232439916535
C[C@@H]1CN(c2ccc3c(n2)NC(=O)CO3)[C@H](c2ccccc2)CO1,2.75,c77726cd6d4e3c9d8cd350037af7f273
C[C@@H]1CN(c2ccccc2)CCN1C(=O)[C@@H]1CCCC[C@H]1C(=O)NC1(C#N)CC1,2.35,6068808171d11564fd4ad1f1ef764060
C[C@@H]1CN(c2nc(C(F)(F)F)no2)CCN1c1ncc(OCc2ccncc2C#N)cn1,3.1,54f06d005bd923f789572fd34e2a3d74
C[C@@H]1CN(c2nc(N3CCOCC3)c3ccc(Nc4ccccc4)nc3n2)C[C@H](C)O1,4.12,c44f1d4c8509e0d20041b72b2797fa9b
C[C@@H]1CN(c2nc(N3CCOC[C@@H]3C)c3ccc(-c4ccccc4)nc3n2)C[C@H](C)O1,3.75,5181741cbf39a436960a29e33c7d3ace
C[C@@H]1CN(c2ncc(F)cn2)CCN1c1ncc(OCc2ccncc2C#N)cn1,3.4,1a267d5bf8687179e0d4ea0412bae844
C[C@@H]1CN(c2noc(C(F)(F)F)n2)CCN1c1ncc(OCc2ccncc2C#N)cn1,3.95,54f06d005bd923f789572fd34e2a3d74
C[C@@H]1CN(c2noc(C(F)F)n2)CCN1c1ncc(OCc2ccncc2C#N)cn1,2.85,6ec45cb66f13c57537f8352628a7c3a0
C[C@@H]1CN(c2noc(C3CC3)n2)CCN1c1ncc(OCc2ccncc2C#N)cn1,3.1,8d557824f017ad4e9f849efd3e304f28
C[C@@H]1CN[C@@H](C2CC2)C(=O)N(C)[C@H](C)C(=O)N[C@H](Cc2ccc(F)cc2)C(=O)NCCCc2ccccc2O1,3.3,2a31ac8ab331e140041c305fcb03f298
C[C@@H]1COCCN1c1cc(C2(S(C)(=O)=O)CC2)nc(-c2cccc3[nH]ccc23)n1,2.7,509461ed24951a25e5e1e550b5ec405b
C[C@@H]1C[C@H]2[C@@H]3CCC4=CC(=O)C=C[C@]4(C)[C@@]3(F)[C@@H](O)C[C@]2(C)[C@@]1(O)C(=O)CO,1.87,84bdf14a90e4deee798271c0bb2e22ab
C[C@@H]1NC(C)(C)CO[C@@]1(O)c1cccc(Cl)c1,1.69,a6aabcf1574db98dbcab3d853e6cf887
C[C@@H]1N[S@](=O)(c2cccc(-c3cccc(C#N)c3)c2)=NC1=O,0.4,61d77be0255f304b793bdf0deb644fe1
C[C@@H]1c2c([nH]c3ccc(C(F)(F)F)cc23)C[C@@H]2CCN(CCN3CCOCC3)C[C@H]21,2.87,d22b65c3ef0a7047ec5ac036d3287284
C[C@@](CCc1ccc(-c2ccc(Cl)cc2)cc1)(C(=O)NO)S(C)(=O)=O,2.4,66a9ab45012909ca49edbb4b5fe9a709
C[C@@](Cc1ccc(O)c(O)c1)(NN)C(=O)O,-0.7,8e37ded02384b360187faa362afb47f7
C[C@@](N)(Cc1ccccc1)c1ccccc1,1.7,146f3b2b8544f5860022756b95aa63e7
C[C@@](O)(C(=O)Nc1ccc(C(=O)N2CCCCC2)cc1Cl)C(F)(F)F,2.62,62541e79be9ded5607eae26d579441e6
C[C@@](O)(C(=O)Nc1ccc(S(=O)(=O)NCCCO)cc1Cl)C(F)(F)F,2.1,f51fda73ed7a9c762e415ce0a2e6fddf
C[C@@](O)(C(=O)Nc1ccc(S(=O)(=O)NCCN2CCOCC2)cc1Cl)C(F)(F)F,2.14,ea526202632a2aabdfe1cccd8546bc36
C[C@@](O)(C(=O)Nc1ccc(S(C)(=O)=O)cc1Cl)C(F)(F)F,2.08,bcea8dc3a77268705683fbb6d88dd682
C[C@@]1(C(=O)Nc2ccc(F)nc2)CCCN1c1nc(Nc2cc(C3CC3)[nH]n2)c2cccn2n1,3.16,3b5bed2cebffff856b73a4012840014a
C[C@@]1(c2cc(-c3cncnc3)c(F)cc2F)CCSC(N)=N1,0.8,69ddd26165ffc5a15a953d33e3128032
C[C@H](C#N)NC(=O)[C@@H]1CCCC[C@H]1C(=O)N1CCc2[nH]c3ccc(F)cc3c2C1,3.1,4db84601a5b052f389d12b7bd3cdda98
C[C@H](C(=O)O)c1cccc(C(=O)c2ccccc2)c1,-0.06,bd00a629e44a0af763cb12b6bc83ba34
C[C@H](CN(C)C(=O)CO)Oc1cccc2ncnc(Nc3ccc(OCc4ccccn4)c(Cl)c3)c12,3.22,b48cc7382c522405eb61a3ddc747e9e1
C[C@H](CO)Nc1nc(SCc2cccc(Cl)c2)nc2nc(N)sc12,3.31,4eb0eb7e68d486d674921a5c19e5c14f
C[C@H](CO)Nc1nc(SCc2cccc(Cl)c2F)nc2[nH]c(=O)sc12,3.53,d772649d7eff20ca35a0fca30f6b29b9
C[C@H](CO)Nc1nc(SCc2cccc(F)c2F)nc2[nH]c(=O)c(=O)[nH]c12,2.48,a8dac5cce251a736d6c23af837b7d22c
C[C@H](CO)Nc1nc(SCc2cccc(F)c2F)nc2[nH]c(=O)c(C#N)cc12,3.32,76047794cde489d286cd97622e61a687
C[C@H](CO)Nc1nc(SCc2cccc(F)c2F)nc2[nH]c(=O)ccc12,3.36,085438888681c1334c0737595380b501
C[C@H](CO)Nc1nc(SCc2cccc(F)c2F)nc2[nH]c(=O)cnc12,3.1,085438888681c1334c0737595380b501
C[C@H](CO)Nc1nc(SCc2cccc(F)c2F)nc2[nH]c(N)nc12,3.22,d772649d7eff20ca35a0fca30f6b29b9
C[C@H](CO)Nc1nc(SCc2cccc(F)c2F)nc2nc(N)cnc12,2.89,085438888681c1334c0737595380b501
C[C@H](CO)Nc1nc(SCc2cccc(F)c2F)nc2nc(N)sc12,3.29,d772649d7eff20ca35a0fca30f6b29b9
C[C@H](CO)Nc1nc(SCc2cccc(F)c2F)nc2nc(NC3CC3)sc12,4.37,edff9971225798cd4f178a8a25223fcc
C[C@H](CO)Nc1nc(SCc2cccc(F)c2F)nc2nc(NS(C)(=O)=O)sc12,0.92,4909477665d6a5cf86542c78e3bfe87c
C[C@H](CO)Nc1nc(SCc2cccc(F)c2F)nc2nccnc12,3.15,bce85b66fff07db450b94b85c8b06881
C[C@H](CO)Nc1nc(SCc2ccccc2)nc2[nH]c(=O)[nH]c12,2.75,0a3ed2a4d7f4b8718869fbafa81e4979
C[C@H](CO)Nc1nc(SCc2ccccc2)nc2[nH]c(=O)sc12,2.86,0a3ed2a4d7f4b8718869fbafa81e4979
C[C@H](CO)Nc1nc(SCc2ccccc2)nc2nc(N)sc12,3.12,0a3ed2a4d7f4b8718869fbafa81e4979
C[C@H](CO)Nc1nc(SCc2ccccc2F)nc2[nH]c(=O)sc12,3.0,2074f74227ca1e94a0810634a9d1ae49
C[C@H](CO)Nc1nc(SCc2ccccc2F)nc2nc(N)sc12,3.12,2074f74227ca1e94a0810634a9d1ae49
C[C@H](CO)Nc1nc(SCc2ccco2)nc2[nH]c(=O)sc12,2.21,246c282a960d090664e5424497df5017
C[C@H](CO)n1ccc2c(NC(=O)Cc3ccc(Cl)c(C(F)(F)F)c3)cccc2c1=O,3.49,51c2f58b8b8cc1710a0ae67616069f80
C[C@H](Cc1cccc(CC(=O)NC23CC4CC(CC(C4)C2)C3)c1)NC[C@H](O)c1ccc(O)c(CO)c1,2.4,6a04d10848920f2842a988b3076f256f
C[C@H](N)C(=O)N[C@H](/C=C/S(=O)(=O)c1ccccc1)CCc1ccccc1,1.66,a702c706e8c4700482119b570128496d
C[C@H](NC(=O)/C=C/c1ccccc1)c1cccc(N2CCOCC2)c1,3.24,b521949a6c8806ce76f88585944eb024
C[C@H](NC(=O)C1(N)CCN(c2ncnc3[nH]ccc23)CC1)c1ccc(Cl)cc1,2.67,066afcaa07a58374f7678fd70020b014
C[C@H](NC(=O)Cc1cc(F)cc(F)c1)C(=O)NC1C(=O)N(C)c2ccccc2-c2ccccc21,3.6,8d8e727216695c70f64c62e25eaa678b
C[C@H](NC(=O)c1cccc2c1N(Cc1ccc(Cl)cc1)CC2)c1ccc(C(=O)O)cc1,1.47,757aff2e8cb5ea85b3bc707ad49f6904
C[C@H](NC(=O)c1cccnc1Oc1ccccc1)c1ccccc1,2.91,771a3952a9a8faff4374e6b1a8ab26a1
C[C@H](NC1=NC(=O)C(C)(C(F)(F)F)S1)c1ccccc1F,3.1,ca7a0793b78176f37ad1769a23ce9ceb
C[C@H](NC1=NC(=O)[C@@](C)(C(F)(F)F)S1)c1ccccc1F,3.1,ca7a0793b78176f37ad1769a23ce9ceb
C[C@H](NC1=NC(=O)[C@](C)(C(F)(F)F)S1)c1ccccc1F,3.1,ca7a0793b78176f37ad1769a23ce9ceb
C[C@H](Nc1ccc2ncn(-c3cc(C4CC4)[nH]n3)c2n1)c1ncc(F)cn1,2.74,3e5c310580dd503b2fd5c5e0abc686a4
C[C@H](Nc1nc(NC[C@@H](O)CO)c(Cl)c(Nc2cc(C3CC3)[nH]n2)n1)c1ccc(F)cc1,3.39,ceb9496a8c1d7e14c233bfc9aac95042
C[C@H](Nc1nc(Nc2cc(C3CC3)[nH]n2)cnc1C#N)c1ccc(F)cn1,3.18,b3478b845589d7c9351b838f7c9da1d1
C[C@H](Nc1nc(Nc2ncc(C#N)s2)cc(N2CCOCC2)n1)c1ccc(F)cn1,3.45,eccc8bc0c50580ab0a49a6f1d9f2ee2c
C[C@H](Nc1nc(Nc2ncc(C#N)s2)cc(N2CCOCC2)n1)c1ncc(F)cn1,2.26,eccc8bc0c50580ab0a49a6f1d9f2ee2c
C[C@H](Nc1ncc(Cl)c(Nc2cc(N(C)C)[nH]n2)n1)c1ncc(F)cn1,2.33,ce2f43571520b7cb53fbe9dab3eb20c6
C[C@H](Nc1ncc(F)c(Nc2cc(C3CC3)[nH]n2)n1)c1ccc(F)cn1,3.14,c506d769e2ea1fea82ec1cd8a166211c
C[C@H](Nc1ncc(F)c(Nc2cc(C3CC3)[nH]n2)n1)c1ncc(F)cn1,2.47,c506d769e2ea1fea82ec1cd8a166211c
C[C@H](Nc1ncc(F)c(Nc2cc(N(C)C)[nH]n2)n1)c1ncc(F)cn1,1.98,ce2f43571520b7cb53fbe9dab3eb20c6
C[C@H](Oc1ccc(Cl)cc1CN1CCN(C(=O)Cc2ccc(Cl)cc2)[C@@H](C)C1)C(=O)O,1.66,ab4a3d381e8ec8c1935da0f0bdd6bb0f
C[C@H]([C@H](O)c1ccc(O)cc1)N1CCC(O)(c2ccccc2)CC1,0.91,b0e92527cc77f10ac5630553cba24dda
C[C@H](c1ccc(F)cc1CCCC(=O)O)N(c1cc(F)ccc1F)S(=O)(=O)c1ccc(Cl)cc1,3.1,bb030caf9820ad9ddb3e03f22c5f1cc7
C[C@H](c1nc2ncccc2c(=O)n1-c1ccc(Cl)cc1)N(CC1CCS(=O)(=O)CC1)C(=O)Cc1ccc(C(F)(F)F)c(F)c1,2.9,c1bcec86efa620a32714f20d3bbb87f3
C[C@H]1CCCN1CCc1cc2cc(-c3ccc(C#N)cc3)ccc2o1,3.25,59a45fe987eddd0edafd3eb54db6ec9b
C[C@H]1CN(C(=O)OC(C)(C)C)CCN1c1ncc(OCc2ccc(S(C)(=O)=O)cc2)cn1,3.5,af5b7f12cc87f0481deea02ac00eff65
C[C@H]1CN(Cc2cc(Cl)ccc2CC(=O)O)CCN1C(=O)Cc1ccc(Cl)cc1,1.66,131f7de9a5a8c1bf3c229cee66a7aa61
C[C@H]1CN(Cc2cc(Cl)ccc2CC(=O)O)CCN1S(=O)(=O)Cc1ccccc1,1.12,ee59f03eba744d6dab1cb37ee6b5af99
C[C@H]1CN(Cc2cc(Cl)ccc2CCC(=O)O)CCN1C(=O)Cc1ccccc1,1.52,b59c6a6c817ca335d75c956f0e571b66
C[C@H]1CN(Cc2cc(Cl)ccc2OC(C)(C)C(=O)O)CCN1S(=O)(=O)c1ccccc1,0.54,2b3307265f91e1d018cc38ff1b8f9ac4
C[C@H]1CN(Cc2cc(Cl)ccc2OCC(=O)O)CCN1C(=O)Cc1ccc(Cl)cc1,1.21,ed1db9e2c96b6a1439265efbac9061ab
C[C@H]1CN(Cc2cc(Cl)ccc2OCC(=O)O)CCN1C(=O)Cc1cccc(Cl)c1,0.78,2dffbdd9ee5c67fabd67ad68923c5fa5
C[C@H]1CN(Cc2cc(Cl)ccc2OCC(=O)O)CCN1C(=O)Cc1ccccc1,0.18,b59c6a6c817ca335d75c956f0e571b66
C[C@H]1CN(Cc2cc(Cl)ccc2OCC(=O)O)CCN1C(=O)Cc1ccccc1Cl,1.1,380a482a8ebec57aa8e0a5a7de8b3e42
C[C@H]1COCCN1c1cc(C2(S(C)(=O)=O)CC2)nc(-c2cccc3[nH]ccc23)n1,2.8,509461ed24951a25e5e1e550b5ec405b
C[C@H]1COCCN1c1cc(CS(C)(=O)=O)nc(-c2ccc3[nH]ccc3c2)n1,2.38,bbc561f951302de890564127ddcd007c
C[C@H]1COCCN1c1nc(N2CCOC[C@@H]2C)c2ccc(-c3cccc(C(=O)NCCO)c3)nc2n1,2.49,5fa93688812e34ce057413b5d6108019
C[C@H]1COc2c(N3CCN(C)CC3)c(F)cc3c(=O)c(C(=O)O)cn1c23,-0.35,1da698763a04c020584c6cb757101603
C[C@H]1C[C@@H](NS(=O)(=O)c2cc(Br)ccc2Br)CN1C#N,2.13,811bfd698b800236d2ab64e796cdec7c
C[C@H]1C[C@@H]2[C@H]([C@@H](O)C[C@@]3(C)[C@H]2CC[C@]3(O)C(=O)CO)[C@@]2(C)C=CC(=O)C=C12,2.12,dfdddfe4dfa568eaad01dbdf0768750d
C[C@H]1NC(C)(C)CO[C@]1(O)c1cccc(Cl)c1,1.69,a6aabcf1574db98dbcab3d853e6cf887
C[C@H]1O[C@@H](n2cnc3c(N)nc(OC(C4CC4)C(F)(F)F)nc32)[C@H](O)[C@@H]1O,1.83,259e3b75c554a5a31ab5db1a253d8ab7
C[C@H]1O[C@@H](n2cnc3c(N)nc(OC4CC5CC5C4)nc32)[C@H](O)[C@@H]1O,1.66,e0dbbb0857e43aee44aa8d69fc3b2e4f
C[C@H]1O[C@@H](n2cnc3c(N)nc(OC4CCC(F)(F)CC4)nc32)[C@H](O)[C@@H]1O,1.42,1f3dc9b4e5ff6c8cfb110c84f134d30b
C[C@H]1O[C@@H](n2cnc3c(N)nc(OC4CCCC4)nc32)[C@H](O)[C@H]1Cl,3.18,0e1dd4e78e0381cc04d9a3f36c409d29
C[C@H]1O[C@@H](n2cnc3c(N)nc(OC4CCOC4)nc32)[C@H](O)[C@@H]1O,-0.06,0e1dd4e78e0381cc04d9a3f36c409d29
C[C@H]1O[C@@H](n2cnc3c(N)nc(OCC45CC6CC(CC(C6)C4)C5)nc32)[C@H](O)[C@@H]1O,3.58,563b56743a4b1fcb0a419c40dbd0e1ed
C[C@H]1O[C@@H](n2cnc3c(N)nc(OCC4CC(F)(F)C4(F)F)nc32)[C@H](O)[C@@H]1O,1.42,ac46ec31e4623abc82a6854d336848b7
C[C@H]1O[C@@H](n2cnc3c(N)nc(OCC4CC45CC5)nc32)[C@H](O)[C@@H]1O,1.78,8a69af4b37d24dd082a1e6335f548b73
C[C@H]1O[C@@H](n2cnc3c(N)nc(OCC4CC45CC5)nc32)[C@H](O)[C@H]1Cl,3.68,8a69af4b37d24dd082a1e6335f548b73
C[C@H]1O[C@@H](n2cnc3c(N)nc(OCC4CCC(F)(F)CC4)nc32)[C@H](O)[C@@H]1O,1.72,983fd232eea25bf87eb4f44f63dbad53
C[C@H]1O[C@@H](n2cnc3c(N)nc(O[C@H]4CC[C@H](C)CC4)nc32)[C@H](O)[C@@H]1O,2.35,ef56953eacd4759500c06bdf0fa8ae1a
C[C@H]1O[C@@H](n2cnc3c(N)nc(Oc4ccccc4)nc32)[C@H](O)[C@@H]1O,1.05,6b06022dbbc822947f3f2a5d1ed81282
C[C@](N)(Cc1ccccc1)c1ccccc1,1.7,146f3b2b8544f5860022756b95aa63e7
C[C@](O)(CS(=O)(=O)c1ccc(F)cc1)C(=O)Nc1ccc(C#N)c(C(F)(F)F)c1,2.87,fd531489fe420aea2b0c0c55c3815999
C[C@]12CCC(=O)C=C1C=C[C@@H]1[C@@H]2CC[C@@]2(C)[C@H]1CC[C@@]21CCC(=O)O1,3.2,74bac0cfba6448341716e1034eaa5b92
C[C@]12CCC(=O)C=C1CC[C@@H]1[C@@H]2C(=O)C[C@@]2(C)[C@H]1CC[C@]2(O)C(=O)CO,1.4,e7b368259b8db3cfd366be6ee62dcc8a
C[C@]12CC[C@@H]3c4ccc(O)cc4CC[C@H]3[C@@H]1CCC2=O,3.4,c0bcf2292f855ab0259190425ded54f9
C[C@]12CC[C@@H]3c4ccc(O)cc4CC[C@H]3[C@@H]1CC[C@@H]2O,3.72,c0bcf2292f855ab0259190425ded54f9
C[C@]12Cc3cnn(-c4ccc(F)cc4)c3C=C1CC[C@@]2(O)CCc1ccc(F)cc1C(N)=O,3.8,df45d19a19c5086d2b0b4d279c4f795d
C[C@]12N[C@H](Cc3ccccc31)c1ccccc12,1.6,259f4e400fd3b348c4d0348be52bc8bf
C[N+]1(C)[C@@H]2C[C@@H](OC(=O)C(O)(c3cccs3)c3cccs3)C[C@H]1[C@@H]1O[C@@H]12,-0.25,308af501d463689e4f8282720b382f47
C[S+]([O-])CCN1C(=O)C(NC(=O)c2cc3cc(Cl)sc3[nH]2)Cc2ccccc21,3.17,6bf6f80bb2e4b5b84f006ab7eed92f07
C[S+]([O-])c1ccc(-c2nc(-c3ccc(F)cc3)c(-c3ccncc3)[nH]2)cc1,3.34,744b68e15a1930a589f1a5afd8db6683
C[Si](C)(C)C#Cc1cn(C[C@H]2CN(c3ccc(C4=CCS(=O)(=O)CC4)c(F)c3)C(=O)O2)nn1,1.26,a066d352056c7ed913894e45bb43edf7
Cc1[nH]c(/C=C2\C(=O)Nc3ccc(F)cc32)c(C)c1C(=O)NCCN(C)C,1.75,41b0afbea4966e1f431147bcae7eb305
Cc1[nH]c(/C=C2\C(=O)Nc3ccc(F)cc32)c(C)c1C(=O)NC[C@H](O)CN1CCOCC1,2.22,5aae6cc6a02875b5689ac627ccf33f81
Cc1[nH]c(C(=O)NC2CCN(c3cc(C(=O)O)cc(Cl)n3)CC2)c(Cl)c1Cl,1.74,6ea11c5ca87bafa15023d161c60a9ec3
Cc1[nH]c(C(=O)NC2CCN(c3nc(C(=O)O)cs3)CC2)c(Cl)c1Cl,0.14,48f9522b8b81e97b1c698a2b369a04ee
Cc1[nH]c(C(=O)NC2CCN(c3ncc(C(=O)O)s3)CC2)c(Cl)c1Cl,0.02,48f9522b8b81e97b1c698a2b369a04ee
Cc1[nH]c2ccccc2c1CCNCc1ccc(/C=C/C(=O)NO)cc1,1.1,3960a862c1be5a7b293377db26af4a15
Cc1[nH]c2nc(NCc3ccc(Cl)cc3)nn2c(=O)c1Cc1ccccc1,3.7,6bcaa023d127ce9b3ef7f42e8753fd12
Cc1[nH]c2nc(NCc3cccc(Br)c3)nn2c(=O)c1Cc1ccccc1,3.68,1a18f9079f90b4137d82ab8c3552ae90
Cc1[nH]c2nc(NCc3cccc(Cl)c3)nn2c(=O)c1Cc1ccccc1,3.6,1a18f9079f90b4137d82ab8c3552ae90
Cc1c(-c2ccc(O)cc2)c(=O)oc2cc(O)ccc12,2.8,f05d4cd93090dc54bbce019f3b7b8a09
Cc1c(-c2ccc(O)cc2)n(C)c2ccc(O)cc12,3.8,e736dbfe0a40cb46862953099c6a6651
Cc1c(-c2ccc3c(c2)OCO3)c(=O)n(C[C@H](N)c2ccccc2)c(=O)n1Cc1c(F)cccc1F,2.67,ea91f144cee2a45b059c3cfee348cdc5
Cc1c(-c2ccccc2)oc2c(C(=O)OCCN3CCCCC3)cccc2c1=O,3.42,372b51c398e834b41f57f1ae4bfb6bf4
Cc1c(-c2ccccc2F)c(=O)n(C[C@H](N)c2ccccc2)c(=O)n1Cc1c(F)cccc1F,2.76,4906e4c55640e4611ef7120f8db10738
Cc1c(C(=O)NC2C3CC4CC(C3)CC2C4)cnn1-c1ccc(C(=O)O)cc1,0.8,2d2b65506b9a45a904966d7924df7a99
Cc1c(C(=O)Nc2ccccc2)sc2ncnc(O)c12,2.13,4cf6e462ac5ced6a780fbf25cbb9fa4a
Cc1c(CC(=O)O)c2cc(F)ccc2n1S(=O)(=O)c1ccc(S(C)(=O)=O)cc1,-0.44,15f7581e4f26daa1d6caabef228e6180
Cc1c(CCC(=O)O)c(=O)oc2c(C)c(O)ccc12,-0.3,9e3a173884600df7103f0754a40772f5
Cc1c(CCC(=O)O)c(=O)oc2cc(O)ccc12,-0.7,5705286ec8c9ea757164f46d5d9a7b5d
Cc1c(CCC(=O)O)c[nH]c1/C=C1\C(=O)Nc2ccccc21,1.05,dc4e90d84ba822abd0eb88ff029d98e6
Cc1c(CN(C)C(=O)/C=C/c2cnc3c(c2)CCC(=O)N3)oc2ccccc12,2.36,e2f7eb9e23c00fe5f70fd4d04e85c878
Cc1c(CN2CCN(C(=O)[C@H](C)O)CC2)sc2c(N3CCOCC3)nc(-c3cnc(N)nc3)nc12,1.9,c140ef31a631296d78d0c08d7f8bb9cc
Cc1c(Cl)ccc(OC2CCN(C3CCN(C(=O)NS(=O)(=O)c4ccc(N(C)C)cc4)CC3)CC2)c1Cl,2.0,0ece198f441656f5332dbe2c1f01ac22
Cc1c(Cl)ccc(OC2CCN(C3CCN(C(=O)c4cccc(S(C)(=O)=O)c4)CC3)CC2)c1Cl,3.33,ef971ca5609b96a0ae2d9e7882d13a3d
Cc1c(Cl)ccc(OC2CCN(CC3CCN([C@@H](Cc4ccc(F)cc4)C(=O)O)CC3)CC2)c1Cl,3.15,59cf086ae80bc3b7d7d3844597ea23e9
Cc1c(Cl)ccc(OC2CCN(C[C@H](O)CNC(=O)c3c[nH]c(=O)c4cc(S(C)(=O)=O)ccc34)CC2)c1Cl,2.83,94a82636869605a7b36545081ceb7169
Cc1c(Cl)ccc(OC2CCN(C[C@H](O)CNC(=O)c3c[nH]c(=O)cc3C(F)(F)F)CC2)c1Cl,3.14,3474cf31c1259e9c380624a892aaad5c
Cc1c(Cl)ccc(OC2CCN(C[C@H](O)CNC(=O)c3c[nH]nc3C(F)(F)F)CC2)c1Cl,3.66,3c1aea498affaac0a091f19590e8c515
Cc1c(Cl)cccc1S(=O)(=O)Nc1nc(CC(=O)N2CCN(C)CC2)cs1,0.57,d903cdf1feb9011c0c37ee80af6f633a
Cc1c(F)cc(C(=O)NC2CC2)cc1-c1ccc(C(=O)NCC(C)(C)C)cn1,3.5,76b9b99142f8fb3fdf674c6544a6ad5c
Cc1c(F)ccc2c1c(Sc1ccc(Cl)cc1)c(C)n2CC(=O)O,2.23,980a128d682d0912dae3799a92ce23d3
Cc1c(N(C)C)c(=O)n(-c2ccccc2)n1C,0.78,45bb0f99e0da275483675abe9cfb1790
Cc1c(N)cccc1Cn1ccc(OCCc2cccs2)cc1=O,2.78,5527929a72ccb6272c21cb83425c5f35
Cc1c(NC(=O)N2CCOCC2)ccc2c1c1ccccc1n2C(C)C,3.5,e272ef04bd884d8f5739b5aeb8d05c4b
Cc1c(OC2CCN(CC3CCN([C@@H](Cc4ccc(F)cc4)C(=O)O)CC3)CC2)ccc(C#N)c1Cl,2.19,c79456b9357ead43b31dee22217bdb45
Cc1c(OC2CCN(CC3CCN([C@@](C)(Cc4ccc(F)cc4)C(=O)O)CC3)CC2)ccc(Cl)c1Cl,2.98,c5375a10fd9c28b5a3fb8bff218d742f
Cc1c(OCC(F)(F)F)ccnc1C[S+]([O-])c1nc2ccccc2[nH]1,2.7,675c4b0070188a83456a90a605e6e3fc
Cc1c(O[C@H]2C[C@H]3CC[C@@H](C2)N3Cc2ccccc2)cccc1C(N)=O,1.6,82cda43b9e9f2d57ec77892ee0ee5db7
Cc1c(Oc2ccc(Cl)cc2)c2c(NS(C)(=O)=O)cccc2n1CC(=O)O,-0.98,0611c8c449f3a654cea798469a5cce1c
Cc1c(Oc2ccc(Cl)cc2)c2cc(C(F)(F)F)ccc2n1CC(=O)O,2.28,98116659e506d73d62c14baf4aab7135
Cc1c(Oc2ccc(Cl)cc2)c2cc(F)ccc2n1CC(=O)O,1.26,6d81ed61585ac6425b45d0313cf62b6b
Cc1c(Oc2ccc(S(C)(=O)=O)cc2F)ncnc1OC1CCN(C(=O)OC(C)C)CC1,3.7,15e761597332e7c24e124b98fcc74d6d
Cc1c(S(=O)(=O)c2ccc(Cl)cc2)c2c(NS(C)(=O)=O)cccc2n1CC(=O)O,-0.83,81efa08a1ed9fb32add0f397aa5b42cf
Cc1c(S(=O)(=O)c2ccc(Cl)cc2)c2cc(F)ccc2n1CC(=O)O,-0.16,e4b13436e22319ccb05cad3b1de9b562
Cc1c(Sc2ccc(Cl)cc2)c2c(-c3ccccc3)cccc2n1CC(=O)O,2.61,ccf3851468aa6adb23545a7e572922f4
Cc1c(Sc2ccc(Cl)cc2)c2c(-c3cnccn3)cccc2n1CC(=O)O,0.03,ccf3851468aa6adb23545a7e572922f4
Cc1c(Sc2ccc(Cl)cc2)c2c(C#N)c(Cl)ccc2n1CC(=O)O,1.6,91c8be0f6a528229dfe9520869c9f120
Cc1c(Sc2ccc(Cl)cc2)c2c(Cl)cccc2n1CC(=O)O,2.15,774ba9c5a280865eabf85e79d8e38a3c
Cc1c(Sc2ccc(Cl)cc2)c2c(Cl)nccc2n1CC(=O)O,0.92,774ba9c5a280865eabf85e79d8e38a3c
Cc1c(Sc2ccc(Cl)cc2)c2c(NS(C)(=O)=O)cccc2n1CC(=O)O,0.21,0611c8c449f3a654cea798469a5cce1c
Cc1c(Sc2ccc(Cl)cc2)c2c(S(C)(=O)=O)cccc2n1CC(=O)O,0.58,39156fc7326cbdaa7c104eb5a8f383ea
Cc1c(Sc2ccc(Cl)cc2)c2cc(-c3ccccc3)ccc2n1CC(=O)O,3.7,881ee5ee59b1563bc646479e58952607
Cc1c(Sc2ccc(Cl)cc2)c2cc(Cl)ccc2n1C(C)C(=O)O,3.56,1de481b2abc26e6d7abd0fb61a2eaa1b
Cc1c(Sc2ccc(Cl)cc2)c2cc(Cl)ccc2n1CC(=O)O,2.87,6d81ed61585ac6425b45d0313cf62b6b
Cc1c(Sc2ccc(Cl)cc2)c2cc(Cl)ccc2n1Cc1nnn[nH]1,3.25,be16f79443e3ed349fc4be43d5b5e953
Cc1c(Sc2ccc(Cl)cc2)c2cc(F)ccc2n1CC(=O)O,1.84,6d81ed61585ac6425b45d0313cf62b6b
Cc1c(Sc2ccc(Cl)cc2)c2cc(S(C)(=O)=O)ccc2n1CC(=O)O,0.54,98116659e506d73d62c14baf4aab7135
Cc1c(Sc2ccc(Cl)cc2)c2ccc(Cl)cc2n1CC(=O)O,2.51,270e650efb75a2b9e8f5933ec13789ee
Cc1c(Sc2ccc(Cl)cc2)c2ccc(S(C)(=O)=O)cc2n1CC(=O)O,0.79,f24cfa90ad74ededc11cdb0718d6d930
Cc1c(Sc2ccc(Cl)cc2)c2cccc(Cl)c2n1CC(=O)O,2.0,5c5b137dedfdb9c12c2680a9452f041b
Cc1c2c(=O)n(-c3ccccc3Cl)[nH]c2cc(=O)n1Cc1ccccn1,0.2,d8eaccb9cab3b1d1fb839f8e5e96979d
Cc1c[nH]c(-c2cnc(NCCNc3ccc(C#N)cn3)nc2-c2ccc(Cl)cc2Cl)n1,3.86,bc3b93cec52d9df354b4744f3ab61f48
Cc1c[nH]c(/C=C2\C(=O)Nc3ccccc32)c1CCC(=O)O,1.2,5e5c9163530047d47b5671ba0d4526fb
Cc1cc(-c2ccc(-c3nc4ccncc4c(O)c3C#N)cc2)ccn1,1.6,70114d5b2cb8d0dceca3835e0932a94c
Cc1cc(-c2ccc(Cl)c(C(=O)NCC3(O)CCCCCC3)c2)n[nH]1,3.41,737f5855f6fc4adc48b0fd24c8995fff
Cc1cc(-c2ccc(Cl)c(C(=O)NCC3(O)CCCCCC3)c2)nn1C[C@H](O)CN,0.57,3d014e919c984008b8dc55712515e120
Cc1cc(-c2ccc(N3C[C@H](Cn4ccnn4)OC3=O)cc2F)on1,1.99,c8450e790c7388bb9f137c540675fdac
Cc1cc(=O)[nH]c2ccccc12,1.9,267ed5bd881a5cd855f13010bc052dc8
Cc1cc(=O)[nH]c2sc(C(=O)c3ccc(Br)cc3)c(N)c12,2.57,81b84aed5d65ae8d1f268221b78d1128
Cc1cc(=O)n(-c2ccccc2)n1C,0.11,2958c05c26e86b1b03cd81cdb60c092f
Cc1cc(=O)oc2cc3c(cc12)CCCN3,2.7,c7a81014acfbc759d8040327074bc941
Cc1cc(C#N)oc1-c1c2c(=O)n(C)c(=O)n(CC3CC3)c2nn1Cc1ccnc2ccc(Cl)cc12,4.34,5f0645a26a5dbc794e052b44c7ae3be6
Cc1cc(C(=O)Cn2cc(C(F)(F)F)ccc2=O)c(C)n1Cc1ccccc1,3.46,3368e1f4d25e4469822a749afdcc1de0
Cc1cc(C(C)Nc2ccccc2)c2nc(N3CCOCC3)cc(=O)n2c1,3.6,f0c7449b3c8c102e80f730f06350f5bd
Cc1cc(C(N)=O)ccc1O[C@H]1C[C@H]2CC[C@@H](C1)N2Cc1ccccc1,2.23,9fc3bdc251c9a81ce3e0b210d57dd9bf
Cc1cc(C)c(C(=O)N[C@@H](Cc2ccc(OCCCNc3ccccn3)cc2)C(=O)O)c(C)c1,0.49,877292afeb2eb63c3b42b489806661f5
Cc1cc(C)c(CNC(=O)c2cc(C3CC3)nc3c2cnn3C(C)C)c(O)n1,3.8,4c416bbcfca5e54905ef0d9276a19780
Cc1cc(C)c2c(N)c(C(=O)NC3CC3)sc2n1,2.53,d50798c5181fdac05c725ab21ebbbdbb
Cc1cc(C)c2c(N)c(C(=O)NCc3ccccc3)sc2n1,3.41,b5f4e0c34413cc22e54f5759df28fc16
Cc1cc(C)c2c(n1)sc1c(N3CCN(C)CC3)ncnc12,3.2,edf326e5cb8cce7f920f91da03d3781e
Cc1cc(C)cc(-c2[nH]c3ccc(C(C)(C)C(=O)N4C5CCC4CC5)cc3c2CCNCCCCc2ccncc2)c1,4.3,b278ae0160fcde1313d6317d07d41409
Cc1cc(C)cc(-c2[nH]c3ccc(C(C)(C)C(=O)N4C5CCC4CC5)cc3c2[C@H](C)CNCCc2ccncc2)c1,4.35,8424c53fab54ff85ec2df06ddb74067b
Cc1cc(C)cc(-c2[nH]c3ccccc3c2CCNCCCCc2ccncc2)c1,3.3,d4ff25bb45e863d80ca552ab381043e5
Cc1cc(C)cc(-c2[nH]c3sc(C(C)(C)C(=O)N4C5CCC4CC5)cc3c2CCN2CCN(CC(=O)N(C)C)CC2)c1,4.13,53771daac98f392af12715026fcf6f9b
Cc1cc(C)cc(-c2c(O)nc3cc(Cl)c(C(=O)Nc4ccncn4)cc3c2OCCC2CCCCN2)c1,1.7,dfa836bacc76447e38d0e972c32468b5
Cc1cc(C)cc(-c2nnc(SCC(=O)N3CCN(C(=O)c4ccco4)CC3)o2)c1,3.0,9cbffe6b648a7ed4b979a4dc8cc0f0d5
Cc1cc(C)cc(CCOCCS(=O)(=O)NCCNCCc2ccc(O)c3nc(O)sc23)c1,2.45,cb6367cbfb0b84817179cfa4187bb46c
Cc1cc(C)n(-c2cccc(Cl)c2C#N)n1,3.0,33794a662bbee4b0132ab2f2b63fd29a
Cc1cc(C)nc(N)c1,0.85,e71a205c6700942a069db4f4388a4069
Cc1cc(C)nc(SCC(=O)Nc2cc(C)on2)n1,1.52,b6be6988d896b40d8f850ea46d14b17d
Cc1cc(C)nc(SCC(N)=O)n1,0.23,cf0c264877ef7b242b23a8443f29c2a2
Cc1cc(CCC2CCN(S(=O)(=O)CC3(N(O)C=O)CCOCC3)CC2)c(C)cn1,1.43,f97ab82cd2d2eda8920b2018945bfdcf
Cc1cc(CCCOc2c(C)cc(-c3noc(C(F)(F)F)n3)cc2C)on1,3.63,4b1d0fc28c906175fa98cb17c06d3dbd
Cc1cc(CCCOc2c(Cl)cc(C3=NCCO3)cc2Cl)on1,3.72,2a1dcd8dd0b7970ae837b208ff54f4f6
Cc1cc(CN2CCC2)cnc1-c1ccc(C(=O)Nc2ccccc2N)cc1,1.18,7c121a97726b42796adad835e3f0ed9b
Cc1cc(CN2CCN(C(C)C)CC2)cnc1-c1ccc(C(=O)Nc2ccccc2N)cc1,1.44,54e95a629ef5ed840ab05a1bae21221f
Cc1cc(CN2CCc3ccccc3C2C(=O)Nc2ccc(Cl)cc2Cl)ccc1OCC(=O)O,2.63,0d689833a03f073c34e615d21d6110ad
Cc1cc(CN2Cc3ccccc3C2C(=O)Nc2cc(Cl)ccc2Cl)ccc1OCC(=O)O,2.19,995cd0ef9e54988809bd2f0561f53766
Cc1cc(CN2Cc3ccccc3C2C(=O)Nc2ccc(Cl)cc2)ccc1OCC(=O)O,1.38,31d2743bb58b303bda99e91b83647801
Cc1cc(CN2Cc3ccccc3C2C(=O)Nc2ccc(Cl)cc2Cl)ccc1OCC(=O)O,2.62,a4ed1725df81f2e5c980f40b23ff8a57
Cc1cc(CN2Cc3ccccc3C[C@H]2C(=O)Nc2ccc(Cl)cc2Cl)ccc1OCC(=O)O,2.41,f0c1c68e81f9c0f41b518ec82d43b0b5
Cc1cc(CN2Cc3cccnc3CC2C(=O)Nc2ccc(Cl)cc2Cl)ccc1OCC(=O)O,1.15,f0c1c68e81f9c0f41b518ec82d43b0b5
Cc1cc(CNc2ncc(Br)c(Nc3cc(C)[nH]n3)n2)on1,2.92,afc02dc8b5223107478e20b7bc1febc4
Cc1cc(CNc2ncc(Br)c(Nc3cc(C4CC4)[nH]n3)n2)on1,3.43,120104254f3ffe806f9733e3fa731e38
Cc1cc(CNc2ncc(Cl)c(Nc3cc(C)[nH]n3)n2)on1,2.68,afc02dc8b5223107478e20b7bc1febc4
Cc1cc(CNc2nccc(Nc3cc(C)[nH]n3)n2)on1,1.86,58c8e8b37e0b2f73d8af7a012f4e1842
Cc1cc(CNc2nccc(Nc3cc(CCc4ccccc4)[nH]n3)n2)on1,3.56,fb1d444bd1a1673d862e32fd63eb61f0
Cc1cc(COC(=O)Nc2ccc(-c3ccccc3)n(CC(=O)NC(C(=O)C(F)(F)F)C(C)C)c2=O)cc(C)n1,2.38,30fc60df73307cdf52839b1db2f8e656
Cc1cc(COc2ccc(NC(=O)[C@@H]3[C@@H](C(=O)NO)CCCN3C)cc2)c2ccccc2n1,2.41,1f1be1674c5d51dbfb0ea8822104a6ff
Cc1cc(COc2cnc(N3CCN(C(=O)OC(C)(C)C)CC3)nc2)ccn1,3.7,9e6987c5647408cde3470953842a08dd
Cc1cc(Cl)ccc1N1CCN(C(=O)COCc2ccncc2)CC1,3.22,3ab8aa5f3fa0c30987ef44ecf04d83eb
Cc1cc(Cl)ccc1OC1CCN(CC2CCN([C@@H](Cc3ccc(F)cc3)C(=O)O)CC2)CC1,2.53,e5dacf7cfdc5cd42c0e4dea8f1926fb1
Cc1cc(Cl)ccc1OC1CCN(C[C@H](O)CNC(=O)c2c[nH]c(=O)c3c(F)cccc23)CC1,3.0,4fbcfc7df47bb9d74930f50c635d310b
Cc1cc(Cl)ccc1OC1CCN(C[C@H](O)CNC(=O)c2c[nH]c(=O)c3cc(S(C)(=O)=O)ccc23)CC1,2.42,c47b581759d3c127d2880c7ec0fb16ca
Cc1cc(Cl)ccc1OC1CCN(C[C@H](O)CNC(=O)c2c[nH]c(=O)cc2C(F)(F)F)CC1,2.37,6dd486fd84906cb4cc8a4c6601a94a15
Cc1cc(Cl)ccc1OC1CCN(C[C@H](O)CNC(=O)c2c[nH]nc2C(F)(F)F)CC1,3.02,d84c75d4bf235abf2467baeeec7f2050
Cc1cc(Cn2[nH]c(=O)c3[nH]c4cc(Cl)ccc4c(=O)c3c2=O)oc1C,1.0,dfaad65cc50850c7aca4aff3302801de
Cc1cc(F)ccc1OC1CCN(CC2CCN([C@@H](Cc3ccc(F)cc3)C(=O)O)CC2)CC1,1.81,e5dacf7cfdc5cd42c0e4dea8f1926fb1
Cc1cc(F)ccc1OC1CCN(CC2CCN([C@@](C)(Cc3ccc(F)cc3)C(=O)O)CC2)CC1,2.0,e32438abedb8362ac9096da1cb61362f
Cc1cc(N(C)S(C)(=O)=O)ccc1-c1cc(C(F)(F)F)ccc1OCC(=O)O,-0.59,107ce926d8dc4f92cad05d48e7fd5837
Cc1cc(N)c2cc(NC(=O)CC(=O)Nc3ccc4nc(C)cc(N)c4c3)ccc2n1,1.35,e46f2efe49a396a1cbda501652a9cb9a
Cc1cc(N)c2cc(NC(=O)CCC(=O)Nc3ccc4nc(C)cc(N)c4c3)ccc2n1,1.39,10b4af11dd3bd52dbfcc566b84758c43
Cc1cc(N)c2cc(NC(=O)CCCCC(=O)Nc3ccc4nc(C)cc(N)c4c3)ccc2n1,0.53,d94e3b7a33590474c83c30bd9e77ed33
Cc1cc(N)n(-c2ccccc2)n1,1.25,462b3b3a0cf75de96a54f2afd6e90e1a
Cc1cc(N)nc(CCNC(=O)c2ccc(C#N)cc2)c1,1.62,a6732a0db7ae7d94ed3e13f21454e355
Cc1cc(N2CCC[C@@H]2C(=O)NCCc2ccc3c(c2)OCO3)nc(-n2ccnc2)n1,2.5,ecb47e1335899f81eb7738b25bb5601a
Cc1cc(NC(=O)Nc2ccc(Cl)cc2)n(-c2ccccc2)n1,4.15,074b475ebc4892871825c21a1bedc3c1
Cc1cc(NC(=O)Nc2ccc(Cl)cc2)n(C)n1,2.96,e20a085d9e358c0994a7c10462edac7e
Cc1cc(NC(=O)c2ccc(Cl)cc2)n(-c2ccccc2)n1,3.25,e1b9f1008943a6c8bdec78f04227b486
Cc1cc(NC(=O)c2ccccc2)n[nH]1,1.75,70416efb7208a0804da944c70327fb4b
Cc1cc(NC(=O)c2nnc(Nc3ccccc3F)o2)ccc1N1CCOCC1,4.0,d83e5f17942b0a51c477485741708522
Cc1cc(NCc2ccccc2)nc2ccccc12,3.69,8c1e3314d47d210052c5ae1279ce12e8
Cc1cc(NS(=O)(=O)c2ccc(N)cc2)no1,-0.56,20ca170a4ba9327ffa750611d1094ff1
Cc1cc(Nc2cc(N3CCN(C)CC3)nc(Sc3ccc(NC(=O)C4CC4)cc3)n2)n[nH]1,3.47,129ccc3e602eb5a05aeac9569ddc0d8d
Cc1cc(Nc2cc(N3CCOCC3)nc(N[C@@H](C)c3ncc(F)cn3)n2)n[nH]1,1.91,c6b61aade9ac0e73fe0ac3fbfe04266f
Cc1cc(Nc2ccc(F)cc2)nc(N)n1,2.08,aa428101c5a412dcb41ba89bedc3202d
Cc1cc(Nc2ccccc2)n(CCC#N)n1,2.3,b3c8049b813265a1a29de44cf2ddba98
Cc1cc(Nc2ccnc(NCc3cc(C4CC4)no3)n2)n[nH]1,2.5,97f12d01f180ea90d71859e2a050b007
Cc1cc(Nc2cnc(C#N)c(N[C@@H](C)c3ccc(F)cn3)n2)n[nH]1,2.51,36e7760eed330f8f09a99f71e956988e
Cc1cc(Nc2cnc(C#N)c(N[C@@H](C)c3ncc(F)cn3)n2)n[nH]1,1.96,36e7760eed330f8f09a99f71e956988e
Cc1cc(Nc2nc(NCc3ccccn3)ncc2Br)n[nH]1,2.8,0ae17a7a67f4e1cc22cd9570ffcf6142
Cc1cc(Nc2nc(N[C@@H](C)c3ccc(F)cn3)c(C#N)cc2F)n[nH]1,3.11,520d59d5c36c8cf9e9e5db015150673c
Cc1cc(Nc2nc(N[C@@H](C)c3ccc(F)cn3)c(C#N)nc2C)n[nH]1,2.61,520d59d5c36c8cf9e9e5db015150673c
Cc1cc(Nc2nc(N[C@@H](C)c3ccc(F)cn3)cnc2C)n[nH]1,1.73,37e06d3fc2a519a84e250c6707ef8d1d
Cc1cc(Nc2nc(N[C@@H](C)c3ncc(F)cn3)c(C#N)nc2C)n[nH]1,1.92,520d59d5c36c8cf9e9e5db015150673c
Cc1cc(Nc2nc(N[C@@H](C)c3ncc(F)cn3)nc(N3CCOCC3)c2Cl)n[nH]1,2.61,f83c802522eb985681369c0c6c5c3ee5
Cc1cc(Nc2nc(N[C@@H](C)c3ncc(F)cn3)ncc2Br)n[nH]1,2.39,37e06d3fc2a519a84e250c6707ef8d1d
Cc1cc(Nc2nc(N[C@@H](C)c3ncc(F)cn3)ncc2C)n[nH]1,1.75,37e06d3fc2a519a84e250c6707ef8d1d
Cc1cc(Nc2nc(N[C@@H](C)c3ncc(F)cn3)ncc2F)n[nH]1,1.79,37e06d3fc2a519a84e250c6707ef8d1d
Cc1cc(Nc2nc(O[C@@H](C)c3ccc(F)cn3)c(C#N)nc2C)n[nH]1,2.86,520d59d5c36c8cf9e9e5db015150673c
Cc1cc(Nc2nc(O[C@@H](C)c3ncc(F)cn3)ncc2Cl)n[nH]1,1.82,37e06d3fc2a519a84e250c6707ef8d1d
Cc1cc(Nc2nc(O[C@H](C)c3ccc(F)cn3)c(C#N)nc2C)n[nH]1,2.72,520d59d5c36c8cf9e9e5db015150673c
Cc1cc(Nc2ncc(F)c(-c3cnc(C)n3C(C)C)n2)ccc1C(=O)N(C)C,2.86,761dd9dccec242785a257ce584b2ef06
Cc1cc(Nc2ncc(F)c(N[C@H]3[C@@H](C(N)=O)[C@@H]4C=C[C@H]3C4)n2)ccc1N1CCN(C)CC1,2.9,089466c1bfec4ba78cafc50cfc8c49b9
Cc1cc(O)ccc1N1C(=O)c2ccc(O)cc2C1=O,2.0,91720abd8e7f5cc898921d334185849a
Cc1cc(O)nc(-n2nc(C)c(Oc3ccccc3O)c2C)n1,1.4,3d82f3fd1e2fa302386a58ec04bf7e60
Cc1cc(OC2CCN(CC3CCN([C@@H](Cc4ccc(F)cc4)C(=O)O)CC3)CC2)ccc1Cl,2.54,c03d86f8d677f706a87ee91d890e7cad
Cc1cc(OC2CCN(CC3CCN([C@@](C)(Cc4ccc(F)cc4)C(=O)O)CC3)CC2)ccc1Cl,2.08,dd02c25a3b04b527ec74818799e57733
Cc1cc(OCCCS(C)(=O)=O)cc(C)c1-c1cccc(COc2ccc3c(c2)OC[C@H]3CC(=O)O)c1,2.3,f44bed8aa080f6266a2e3d4f5a346f0a
Cc1cc(O[C@H]2C[C@H]3CC[C@@H](C2)N3Cc2ccccc2)cc(C(N)=O)c1,2.08,106cc234bc6147bbe9085e5838707a56
Cc1cc(Oc2cc(S(=O)(=O)N3CCC[C@H](n4cc(C)c(=O)[nH]c4=O)C3)ccc2O)ccc1Cl,2.4,4e023557b8f839eb0f6c6eef58e44591
Cc1cc(Oc2ccc3c(c2)OCO3)nc(Oc2ccc(-n3ccnc3)cc2)n1,3.47,d7658de436923a0d46a287c9beef821b
Cc1cc(Oc2ccnc(Nc3ccc(N4CCOCC4)cc3)c2)c(-c2ccccn2)nc1C,2.59,f74b6307d413d084a01cea8023f89533
Cc1cc(Oc2ccnc(Nc3ccc(S(N)(=O)=O)cc3)c2)c(-c2ccccn2)nc1C,2.34,135ae50fc06b409ae0500f0e016bffb6
Cc1cc(Oc2ccnc(Nc3cccc(N4CCOCC4)c3)c2)c(-c2ccccn2)nc1C,3.27,3f4faf6bdb53829c493d6dd3918c23e4
Cc1cc(S(=O)(=O)N2CCN(C)CC2)ccc1-c1cnc(N)c(C(=O)Nc2cccnc2)n1,2.6,ad2434ad813b49071b8f4ac7a32fcdb6
Cc1cc(S(=O)(=O)Nc2nc(Nc3ccc(Cl)cc3)n[nH]2)c(S)cc1Cl,2.09,0e08b652092d821ef8d0739ccb70050a
Cc1cc([C@H](O)[C@](C)(OCc2ccc(-c3ccccc3)cc2)C(=O)NO)no1,2.88,e7069975e9ec0b83d83b5c649ef7b772
Cc1cc2[nH]c(=O)c(O)cc(=O)c2cc1C,1.99,f4525dcaf222c65e9dbfdeb2681fd315
Cc1cc2c(C(=O)NC[C@H](C)c3ccccc3)c(O)c(O)cc2c(O)c1-c1c(C)cc2c(C(=O)NC[C@H](C)c3ccccc3)c(O)c(O)cc2c1O,3.48,0b46a45262f613f07bb49fbb7d6fcbbf
Cc1cc2c(C(C)C)c(O)c(O)c(C=O)c2c(O)c1-c1c(C)cc2c(C(C)C)c(O)c(O)c(C=O)c2c1O,2.75,a6f70ba931182dfe3efed7db94c252c7
Cc1cc2c(C)cc(=O)oc2c2c1NCCC2,2.9,8b3f7c076ff2a8da225ce773702b1fc6
Cc1cc2c(F)c(Oc3ncnn4cc(OC[C@@H](C)OC(=O)[C@H](C)N)c(C)c34)ccc2[nH]1,3.19,058e574d9f5d1bc7031b2e54c0e4cc96
Cc1cc2c(s1)Nc1ccccc1N=C2N1CCN(C)CC1,2.19,c7597f6b143f1f444ef6c8b419baff42
Cc1cc2cc(C)c3nnc(SCC(=O)N4CCN(C(=O)c5ccco5)CC4)n3c2cc1C,2.8,9fdaddda449b6aa496205de538cff9f8
Cc1cc2cc3c(C)cc(=O)oc3c(C)c2o1,3.47,b533023f2bc3e793b2fef8c98366f6c3
Cc1cc2n[nH]c(=O)n2c2cc(-c3ccc(C(=O)N4CCOCC4)cc3)ccc12,2.77,79a1af9ee4e2e6d39a35377e8cd39b19
Cc1cc2n[nH]c(=O)n2c2cc(-c3ccc(CO)cc3)ccc12,2.86,558bf93dead41fe0f4f3dc7e5237a255
Cc1cc2n[nH]c(=O)n2c2cc(-c3ccc[nH]3)ccc12,3.29,4132599816139fb60f9d2f4e5a9b4930
Cc1cc2n[nH]c(=O)n2c2cc(-c3cccc(CO)c3)ccc12,3.36,8803b1f1dd7c42688aff7cc878e0ca47
Cc1cc2n[nH]c(=O)n2c2cc(-c3ccccc3CO)ccc12,3.18,81299e14ea9d3d0dce3265dac57e366a
Cc1cc2n[nH]c(=O)n2c2cc(-c3cccnc3)ccc12,2.72,0ba9dd76c690ab2490efdc5946cd544a
Cc1cc2n[nH]c(=O)n2c2cc(-c3ccco3)ccc12,2.07,4132599816139fb60f9d2f4e5a9b4930
Cc1cc2n[nH]c(=O)n2c2cc(-c3ccncc3)ccc12,2.29,0ba9dd76c690ab2490efdc5946cd544a
Cc1cc2n[nH]c(=O)n2c2cc(-c3cn[nH]c3)ccc12,2.13,4132599816139fb60f9d2f4e5a9b4930
Cc1cc2n[nH]c(=O)n2c2ccccc12,2.35,0aeb6ff4e15757a5ab671b4073711703
Cc1cc2nc(NC(=N)N)nc(C)c2cc1C,0.7,28dde47522b00543cce3303532d85269
Cc1ccc(-c2[nH]cnc2C)cc1NC(=O)c1ccc(OCc2ccccn2)cc1,2.87,4cfed9d7ef098bfb07863ff8345b3dd2
Cc1ccc(-c2c[nH]cn2)cc1NC(=O)c1ccc(OCc2ccccn2)cc1,2.81,959f46183ab8dcbd157d1fcd26e51065
Cc1ccc(-c2c[nH]nn2)cc1,2.58,8df4de56feff11065126f58ac98f173e
Cc1ccc(-c2cc(C(=O)N3CCOCC3)c3cc(C)ccc3n2)cc1,3.6,de10bd82fd908a6d8787a1d569f7a779
Cc1ccc(-c2cc(C(F)(F)F)n[nH]2)cc1NC(=O)c1ccc(OCc2ccccn2)cc1,2.44,50b8f705ddbf365d303ec993397e909e
Cc1ccc(-c2cc(C(F)(F)F)nn2-c2ccc(S(N)(=O)=O)cc2)cc1,3.42,9dab34fb58789b0070ef39f347c3cd27
Cc1ccc(-c2ccc(F)cc2COc2ccc(CCC(=O)O)cc2)cc1,3.24,a76282e83532daf59ea661c26eadbb96
Cc1ccc(-c2ccc(N)nn2)cc1NC(=O)c1ccc(OCc2ccccn2)cc1,2.47,f326513171004fbfea588ca29e3511e2
Cc1ccc(-c2ccc(S(=O)(=O)N3CCC[C@H]3C(=O)N3CC[C@@H](N)C3)cc2F)o1,1.2,fe84db778aff9122b2dd312ff588003a
Cc1ccc(-c2ccc3c(ccc4sc5c(c43)NC[C@@H](C)NC5=O)n2)cn1,3.6,08db64f8ba645b401abfbe41154904ce
Cc1ccc(-c2cccc(-c3nn[nH]n3)c2)cc1,1.3,677b1d1c06bc20ccb34a6f7973142667
Cc1ccc(-c2cccc([S@]3(=O)=NC(=O)[C@H](C)N3)c2)cc1,1.6,338bce3c57324e32827afcf850be0260
Cc1ccc(-c2cn(C)c(C)n2)cc1NC(=O)c1ccc(OCc2ccccn2)cc1,2.71,32e34f8f53f74364f1967d3e922d79da
Cc1ccc(-c2cn(C)cn2)cc1NC(=O)c1ccc(OCc2ccccn2)cc1,2.54,8dc9e2146c4008e1c5bd12df561368d6
Cc1ccc(-c2csc3ncnc(O)c23)cc1,2.59,ef31287d791da596c933f52ef4f83a8d
Cc1ccc(-c2nc3ccccc3[nH]2)cc1NC(=O)c1ccc(OCc2ccccn2)cc1,3.24,de1c0d2ba2fc7d2610b3b611672d0d73
Cc1ccc(-c2ncc(C)n2C)cc1NC(=O)c1ccc(OCc2ccccn2)cc1,2.67,2b440529e64ad6e3261da099e0a16d95
Cc1ccc(-c2ncc(CN3CCOCC3)s2)cc1NC(=O)c1ccc(OCc2ccccn2)cc1,3.1,1650f0e322879dd0f360da7c7b65ce13
Cc1ccc(-c2ncc[nH]2)cc1NC(=O)c1ccc(OCc2ccccn2)cc1,3.01,959f46183ab8dcbd157d1fcd26e51065
Cc1ccc(-c2nccn2C)cc1NC(=O)c1ccc(OCc2ccccn2)cc1,2.83,4cfed9d7ef098bfb07863ff8345b3dd2
Cc1ccc(-c2nn(C(C)(C)C)c3ncnc(N)c23)cc1,4.1,8c6196f3e11f9f1b137999329cc04fa8
Cc1ccc(-c2nn(C(C)C)c3ncnc(N)c23)cc1,3.2,d2b00815a31085e0221a8d42f057b802
Cc1ccc(-c2nnc(N3CCN(C(=O)c4ccco4)CC3)c3ccccc23)cc1,3.78,a11976a7a4561672e457add88bc12c98
Cc1ccc(-c2nnc(O)c3ccccc23)c(C)c1,3.41,5b719c186d22a63891b61f2154a6b4cb
Cc1ccc(-n2[nH]c(=O)c3cccnc32)cc1,2.1,b9e833f4f126465931fbf82ef6645db5
Cc1ccc(-n2c(C)cc(C(=O)NS(=O)(=O)c3ccc(C)cc3)c2C)cc1,2.5,2ed12f61b0da6f7927b6d44c86badf78
Cc1ccc(-n2nc(C(C)(C)C)cc2NC(=O)Nc2ccc(OCCN3CCOCC3)c3ccccc23)cc1,4.49,b349d330c6563f866dae9ddfd0524315
Cc1ccc(/C(=C\CN2CCCC2)c2ccccn2)cc1,1.88,3736c35fe9e9a1234eb9845fdf212556
Cc1ccc(/C=C(\C#N)C(N)=O)cc1,2.09,cf35018d60971d54d022f0b154adf4c0
Cc1ccc(C#N)cc1-c1cc(C(F)(F)F)ccc1OCC(=O)O,0.15,87b4f0175d0939b90c674af50b8ae676
Cc1ccc(C(=O)C(C)CN2CCCCC2)cc1,1.65,e3885fd35bd84064a77431ab2be54a95
Cc1ccc(C(=O)C2CCN(C(=O)c3ccc(C)cc3)CC2)cc1,3.43,0cf10d7278735878cc30ae4a610a0925
Cc1ccc(C(=O)N(CCCN)Cc2nc3cc(Cl)ccc3c(=O)n2Cc2ccccc2)cc1,1.47,ec4995b3a43653277850a3240358a257
Cc1ccc(C(=O)N(CCCN)[C@H](c2nc3cc(Cl)ccc3c(=O)n2Cc2ccccc2)C(C)C)cc1,2.88,74a29608294f3d4b38e495ad39650b22
Cc1ccc(C(=O)N2CC3CNCC(C2)O3)cc1NC(=O)CC12CC3CC(CC(C3)C1)C2,2.12,64e2e2870c5b9dfa06c41d30007e90e6
Cc1ccc(C(=O)N2CCC(C(=O)c3ccc(Cl)cc3)CC2)cc1,3.79,0cf10d7278735878cc30ae4a610a0925
Cc1ccc(C(=O)NC(C)C)cc1-n1cnc2ccc(N3CCN(C)CC3)cc2c1=O,1.56,7f9a98f27a689b7c30e03823ff7be7e5
Cc1ccc(C(=O)NC2CC2)cc1-c1ccc(C(=O)NCC2CC2)nc1,3.36,62bbb4874c84517ffd9d4ba6d60cfcea
Cc1ccc(C(=O)NC2CCC2)cc1-n1cnc2ccc(N3CCN(C)CC3)cc2c1=O,2.25,f0cfec76935424c88ea280f17cd4bd6c
Cc1ccc(C(=O)NC2CCN(c3cc(C(N)=O)cc(Cl)n3)CC2)[nH]1,2.64,355056cb1b323cab3ae32e2914f51307
Cc1ccc(C(=O)Nc2ccon2)cc1-n1cnc2ccc(N3CCN(C)CC3)cc2c1=O,1.87,c9eb9fb91ae1cc108a5ae7a2bb535b36
Cc1ccc(C(=O)Nc2ccon2)cc1NC(=O)c1cnn(-c2ccccc2F)c1N,2.6,2a5999315796fb3bcc13b307c40c4599
Cc1ccc(C(=O)Nc2nccs2)cc1-n1cnc2ccc(N3CCN(C)CC3)cc2c1=O,2.56,c9eb9fb91ae1cc108a5ae7a2bb535b36
Cc1ccc(C(=O)Oc2ccc(C(O)CNC(C)(C)C)cc2OC(=O)c2ccc(C)cc2)cc1,3.57,149f42137f3abf1727308e42aaa9ab5a
Cc1ccc(C(=O)c2cc(O)c(O)c([N+](=O)[O-])c2)cc1,0.74,310b8cddcaf37ba746f8516682806af0
Cc1ccc(C(=O)c2ccc(CC(=O)O)n2C)cc1,-1.02,642506aa899b9ce01347e800aaab5693
Cc1ccc(C(NC(=O)c2ccccc2O)C(=O)Nc2c(C)cccc2C)s1,4.05,43e0c5fa67714f5de11a68dbc43daadc
Cc1ccc(C)c(OCCCC(C)(C)C(=O)O)c1,0.72,4c322176d2fc20c0ccdc55792765241e
Cc1ccc(CCCOCCS(=O)(=O)CCCNCCc2ccc(O)c3nc(O)sc23)s1,2.41,794df587ac9bd69e9f1672bfd2e5924c
Cc1ccc(CCOCCNS(=O)(=O)CCCNCCc2ccc(O)c3nc(O)sc23)cc1,2.07,fe5c748358042c02014365f5b7843569
Cc1ccc(CN2C(=O)CCSc3ccc(Cl)cc32)cc1,3.7,2f1a8e7e1726b8dc588a9affe7c5169e
Cc1ccc(CN2[C@@H]3CC[C@H]2C[C@@H](Oc2cccc(C(N)=O)c2)C3)s1,2.39,f5769480f09b994a8b283610e52636a0
Cc1ccc(CN2[C@@H]3CC[C@H]2C[C@H](Oc2cccc(C(N)=O)c2)C3)s1,2.44,f5769480f09b994a8b283610e52636a0
Cc1ccc(CNC(=O)C2CCCN2S(=O)(=O)c2ccc(F)cc2)cc1,2.9,4e8993c44efb4385c17e69979c35bf28
Cc1ccc(CO)cc1N(C)c1ccnc(Nc2cc(C(=O)N3CCOCC3)cc(N3CCOCC3)c2)n1,2.2,ad9b65ca119f3f860a229a0c827df88f
Cc1ccc(CO)cc1N(C)c1ccnc(Nc2cc(CN3CCOCC3)cc(N3CCOCC3)c2)n1,3.0,463c653b5b899c28f058bbe90c54094b
Cc1ccc(CO)cc1N(C)c1ccnc(Nc2cc(N3CCCC3)cc(N3CCOCC3)c2)n1,3.8,0cb6cbef226627cac34e27f6e40fc718
Cc1ccc(CO)cc1N(C)c1ccnc(Nc2cc(N3CCCCC3)cc(N3CCOCC3)c2)n1,4.2,a2bdcf8570fa386b1867b48d622d0ec0
Cc1ccc(CO)cc1N(C)c1ccnc(Nc2cc(N3CCCOCC3)cc(N3CCOCC3)c2)n1,3.3,5eaba8f42b4c61cfedfb03a1069ce49f
Cc1ccc(CO)cc1N(C)c1ccnc(Nc2cc(N3CCOCC3)cc(N3CCN(C)CC3)c2)n1,2.61,788c9a5e3762abd856d6ba459487113f
Cc1ccc(CO)cc1N(C)c1ccnc(Nc2cc(N3CCOCC3)cc(N3CCOCC3)c2)n1,2.94,a2bdcf8570fa386b1867b48d622d0ec0
Cc1ccc(CO)cc1N(C)c1ccnc(Nc2cc(N3CCOCC3)cc(S(C)(=O)=O)c2)n1,2.9,3040de8eefbc6d1bc6478dcf6aa4fb4b
Cc1ccc(CO)cc1N(C)c1ccnc(Nc2cc(N3CCOCC3)nc(N3CCOCC3)c2)n1,3.44,a2bdcf8570fa386b1867b48d622d0ec0
Cc1ccc(CO)cc1N(C)c1ccnc(Nc2cc(N3CCOCC3)nc(N3CCOCC3)n2)n1,3.9,a2bdcf8570fa386b1867b48d622d0ec0
Cc1ccc(CO)cc1N(C)c1ccnc(Nc2cc(OC3CCOCC3)cc(N3CCOCC3)c2)n1,3.7,463c653b5b899c28f058bbe90c54094b
Cc1ccc(CO)cc1N(c1ccnc(Nc2cc(N3CCOCC3)cc(N3CCOCC3)c2)n1)C(C)C,3.9,a6da92548fcdb7a49fb84e29820e92b8
Cc1ccc(COC(=O)N2CCC(CNc3ncccn3)CC2)cc1,3.6,afa7ad730fcfc2a87cecfb99bd2611c1
Cc1ccc(COC(=O)N2CC[C@H](CNc3ncccn3)[C@H](F)C2)cc1,3.21,3bc014c0d8f9e3d2bf7d0945768a07bf
Cc1ccc(C[C@@H](C(=O)O)N2CCC(CN3CCC(Oc4ccc(Cl)c(Cl)c4)CC3)CC2)cc1,3.01,c03d86f8d677f706a87ee91d890e7cad
Cc1ccc(Cl)c(Nc2cc(Nc3ccc(OCC(O)CN(C)C)cc3)ncn2)c1,2.16,0a2d69e9e26ec3332574bccb5a8f7fe5
Cc1ccc(Cl)c(Nc2ccccc2C(=O)O)c1Cl,2.33,3b82fa527ccdf5a88b4b3a811192dce6
Cc1ccc(Cl)c(Nc2ccnc(Nc3ccc(OCC(O)CN(C)C)cc3)n2)c1,2.6,0a2d69e9e26ec3332574bccb5a8f7fe5
Cc1ccc(F)c(Nc2ccnc(Nc3ccc(OCC(O)CN(C)C)cc3)n2)c1,2.1,0a2d69e9e26ec3332574bccb5a8f7fe5
Cc1ccc(F)c(Nc2ccnc(Nc3ccc(S(N)(=O)=O)cc3)n2)c1,3.1,70ac00cb2160723e48a3bc5ed5b56df9
Cc1ccc(F)cc1S(=O)(=O)N[C@@H]1CCN(Cc2ccc(-c3ccccc3)cc2)C1,4.0,f0cda074e2e78eab5e6bbd2ec1942319
Cc1ccc(N(CC#N)c2cc(Nc3ccc(OCC(O)CN(C)C)cc3)ncn2)c(Br)c1,2.24,c5313b5d0e20d216f1ae4def7809fe87
Cc1ccc(N2CC(COc3ccc(-c4noc(C)n4)cc3)C2)nn1,2.62,10dfdc30f973909517e0296cce23f175
Cc1ccc(NC(=N)N)cc1C,-1.34,cb13e864fb86711e4794807063543b45
Cc1ccc(NC(=O)C2CC2)cc1-n1cnc2ccc(N3CCN(C)CC3)cc2c1=O,2.17,c61017f6f4ed4f521a28eea9b6e856d8
Cc1ccc(NC(=O)CCC2CCCCC2)cc1NC(=O)c1ccc(O)cc1,4.13,ac7174d5b25ec7a321942bc088d7a26d
Cc1ccc(NC(=O)N2CCN(C[C@@H]3CCCN(C4CC4)C3)CC2)cc1Cl,3.37,ba0d7a5af3bb17346cfd1c55d68158b1
Cc1ccc(NC(=O)[C@@H]2CCCN2S(=O)(=O)c2cccc3cccnc23)c(C)c1,3.8,8e939b0ad5ed9defbcbea2458a9125ee
Cc1ccc(NC(=O)[C@H]2CCCN2S(=O)(=O)c2cccc3cccnc23)c(C)c1,3.9,8e939b0ad5ed9defbcbea2458a9125ee
Cc1ccc(NC(=O)c2ccc(C#N)cc2)cc1-n1cnc2ccc(N3CCN(C)CC3)cc2c1=O,2.73,c652b623ff662cd1e8a332f075abf5ca
Cc1ccc(NC(=O)c2ccc(CN3CCN(C)CC3)cc2)cc1Nc1nccc(-c2cccnc2)n1,2.5,38274ca967ca783f884bdbb767545bc0
Cc1ccc(NC(=O)c2ccc(Cl)c(C(F)(F)F)c2)cc1C(=O)Nc1cccnc1,2.83,91a61b6ddb4cd40a4df864c4b4544d6d
Cc1ccc(NC(=O)c2cccc(C(F)(F)F)c2)cc1NC(=O)c1ccc2ncccc2c1,3.87,a210b22a801575192a5f2925eabb3799
Cc1ccc(NC(=O)c2cccc(C(F)(F)F)c2)cc1NC(=O)c1cccnc1,3.11,d3ccfbb6fd35d43004bd59ebcd180976
Cc1ccc(NC(=O)c2cccc(N(C)C)c2)cc1C(=O)Nc1cccnc1,3.01,2a8c8830e1dae994fe44d94c2411974b
Cc1ccc(NC(=O)c2cccc(N(C)C)c2)cc1NC(=O)c1ccc(O)cc1,2.65,6d1d3f801009b4a151b7adcf5231c3e5
Cc1ccc(NC(=O)c2cccc(N(C)C)c2)cc1NC(=O)c1ccc(OC(C)C)cc1,3.1,251f74fabac5133569624f83b1984434
Cc1ccc(NC(=O)c2cccc(N(C)C)c2)cc1NC(=O)c1ccc(OCc2ccccn2)cc1,2.83,413909e5b03175d2bcec20071e2c0f18
Cc1ccc(NC(=O)c2cccc(N(C)S(C)(=O)=O)c2)cc1NC(=O)c1ccc2ncccc2c1,2.8,dee7fcae50892f0723431fd0b1bba1c9
Cc1ccc(NC(=O)c2cccc(N3CCOCC3)c2)cc1-n1cnc2ccc(N3CCN(C)CC3)cc2c1=O,2.69,22a91dc1c06b7f000f0ab25b000bb6d4
Cc1ccc(NC(=O)c2cccc(N3CCOCC3)c2)cc1NC(=O)c1ccc(OCc2ccccn2)cc1,3.2,c072c3faa709984103f865135057499d
Cc1ccc(NC(=O)c2cccc(N3CCOCC3)c2)cc1NC(=O)c1ccc(OCc2ccncc2)cc1,3.2,c072c3faa709984103f865135057499d
Cc1ccc(NC(=O)c2cccc(OCC(C)C)c2)cc1C(=O)Nc1cccnc1,2.81,43cfa6db5d8916b3750c4d4c271070eb
Cc1ccc(NC(=O)c2ccccc2F)cc1-n1cnc2ccc(N3CCN(C)CC3)cc2c1=O,2.75,8a5ee2ac32373bc4bdf3517242cb7a65
Cc1ccc(NC(=O)c2cccnc2)cc1-n1cnc2ccc(N3CCN(C)CC3)cc2c1=O,1.5,0b09d658bac571e85d81bd5a23156b02
Cc1ccc(NC(=O)c2ccnc(N3CCOCC3)c2)cc1NC(=O)c1ccc(OCc2ccccn2)cc1,3.47,c072c3faa709984103f865135057499d
Cc1ccc(NC(=O)c2ccnc(N3CCOCC3)c2)cc1Nc1ccnc(Cl)n1,3.1,4e3719cb490b651b61655a2c418aaf97
Cc1ccc(NC(=O)c2ccnc(N3CCOCC3)c2)cc1Nc1ccnc(N(C)C2CCN(C)CC2)n1,1.8,3014142bbab4a1e657c76c26a90322a4
Cc1ccc(NC(=O)c2ccnc(N3CCOCC3)c2)cc1Nc1ccnc(OC2CCN(C)CC2)n1,1.8,89e3dac473d4ff270eeb16932b7f7ad9
Cc1ccc(NC(=O)c2ccnc(N3CCOCC3)c2)cc1Nc1ccnc(OCC(C)(C)CN(C)C)n1,2.2,bd9abda83d766d7c68cb7398dbe75de6
Cc1ccc(NC(=O)c2ccnc(N3CCOCC3)c2)cc1Nc1ccnc(OCC2CCCN(C)C2)n1,1.9,0fbc4de6c70f734b6b3b06895e42b96a
Cc1ccc(NC(=O)c2ccnc(N3CCOCC3)c2)cc1Nc1ccnc(OCCCN(C)C)n1,1.3,075bd6051ca3ca0be1bae4d6cf3f7d6e
Cc1ccc(NC(=O)c2ccno2)cc1-n1cnc2ccc(N3CCN(C)CC3)cc2c1=O,1.75,6ad4e935079e4850beaaaf69190dc372
Cc1ccc(NC(=O)c2ccoc2)cc1-n1cnc2ccc(N3CCN(C)CC3)cc2c1=O,2.43,6ad4e935079e4850beaaaf69190dc372
Cc1ccc(NC(=O)c2cncs2)cc1-n1cnc2ccc(N3CCN(C)CC3)cc2c1=O,2.11,6ad4e935079e4850beaaaf69190dc372
Cc1ccc(NC(=O)c2cscn2)cc1-n1cnc2ccc(N3CCN(C)CC3)cc2c1=O,2.06,6ad4e935079e4850beaaaf69190dc372
Cc1ccc(Nc2c(F)cccc2Cl)c(CC(=O)O)c1,1.02,b176ea8a90fdf9fd0b8929331276af43
Cc1ccc(Nc2nccc(N(C)c3ccc4c(C)n(C)nc4c3)n2)cc1S(N)(=O)=O,3.3,96119e85734c1c2dea1806e479dda292
Cc1ccc(O)c(O)c1,1.37,e60ca187b2aa1b0a553cfc8d9bd214a9
Cc1ccc(OC(=O)N2CCN3CCC2CC3)cc1,1.02,50b03e450c302828c7e2dca02e13a73f
Cc1ccc(OCC(=O)O)c(-n2nc3ccccc3n2)c1,-0.84,de8f8a873b9b87ce0a66b3173880eba0
Cc1ccc(Oc2ccc(C(=O)NCc3ccncc3)cc2)cc1,3.65,9c528d1391900c520bdbbaf79d270afd
Cc1ccc(Oc2ccc(Nc3ncnc4[nH]nc(OCCN5CCC(O)CC5)c34)cc2Cl)cn1,3.4,efda58d36a7c2cb6905cd3f612259b65
Cc1ccc(Oc2ccc(Nc3ncnc4cccc(O[C@H](C)C(=O)N(C)CCO)c34)cc2C)cn1,3.85,1aeb48152dc907ff87e0b88175a304cd
Cc1ccc(Oc2ccc(Nc3ncnc4cccc(O[C@H](C)C(=O)N5CCOCC5)c34)cc2C)cn1,4.14,b4657a4fc471f46086bde7a90670b780
Cc1ccc(Oc2ccc(OCC(=O)Nc3ccncc3)cc2)cc1,4.3,468fe7ae80f8b4331f034dc837680d5b
Cc1ccc(Oc2cccc(CN3CCCC(n4cc(C)c(=O)[nH]c4=O)C3)c2)cc1,3.38,048f85e6c2d1126e2f06f5e6fa41bd24
Cc1ccc(Oc2ccnc(Nc3ccc(S(N)(=O)=O)cc3)c2)c(C)n1,2.47,089ce1613776740a2ab2683ece08efe1
Cc1ccc(S(=O)(=O)N(C)C(=O)N2CCC(N3CCC(Oc4ccc(Cl)c(Cl)c4)CC3)CC2)cc1,4.49,2ecd1899821b4fc3817702ddf43fa04e
Cc1ccc(S(=O)(=O)N2CCN(C(=O)c3ccco3)CC2)cc1,2.17,1a11191e57093aaad6a5afd291852a02
Cc1ccc(S(=O)(=O)N2N=Cc3ccccc3B2O)cc1,0.05,c8ccb7d14073b0990ac4b4070b466845
Cc1ccc(S(=O)(=O)N2N=Cc3oc(C)cc3B2O)cc1,-0.28,9dc2da374b8c6800fb07b23f7345fd04
Cc1ccc(S(=O)(=O)NC(=O)N2CCC(N3CCC(Oc4ccc(Cl)c(C)c4Cl)CC3)CC2)cc1,2.2,3de2dac9d6e8d81641d73496d914a432
Cc1ccc(S(=O)(=O)NC(=O)N2CCC(N3CCC(Oc4ccc(Cl)cc4)CC3)CC2)cc1,1.6,36126baa460c7d894bd38431182f1ddb
Cc1ccc(S(=O)(=O)NC(=O)N2CCC(N3CCC(Oc4ccc(Cl)cc4C)CC3)CC2)cc1,1.79,1b917f64471af0762f224ad82f33d982
Cc1ccc(S(=O)(=O)NC(=O)N2CCC(N3CCC(Oc4ccc(Cl)cc4Cl)CC3)CC2)cc1,1.52,1b917f64471af0762f224ad82f33d982
Cc1ccc(S(=O)(=O)NC(=O)N2CCC(N3CCC(Oc4ccc(F)c(F)c4)CC3)CC2)cc1,0.75,84f764561f1047025a5848f0f033dadb
Cc1ccc(S(=O)(=O)NC(=O)NN2CCCCCC2)cc1,0.01,893a2a16025b11b6d16b5a9ffb498258
Cc1ccc(S(=O)(=O)Nc2c(C(=O)N(C)C3CCCCC3)c(C)nn2-c2ccccc2)cc1,1.69,4f6357ebd17813c6d902ccae856e41ea
Cc1ccc(S(=O)(=O)Nc2c(C(=O)N(C)C3CCCCC3)cnn2-c2ccccc2)cc1,2.01,bd60a80748cf17f832420842439ffbf5
Cc1ccc(S(=O)(=O)Nc2c(C(=O)NC(C)C(C)(C)C)c(C)nn2-c2ccccc2)cc1,1.21,9378e7212199d8df590e767a050a3751
Cc1ccc(S(=O)(=O)Nc2c(C(=O)NC(C)C)c(C)nn2-c2ccccc2)cc1,0.46,a1ea16c1a21628c4cedcc17008044e00
Cc1ccc(S(=O)(=O)Nc2c(C(=O)NC3CCCCC3)c(C)nn2-c2ccccc2)cc1,1.68,e0b5e515d7ca55c2565c02c5bbc9c2df
Cc1ccc(S(=O)(=O)Nc2c(C(=O)NC3CCCCC3)cnn2-c2ccccc2)cc1,0.8,d5e0efe4e866e3f49b5689321058e1af
Cc1ccc(S(=O)(=O)Nc2c(C(=O)NC3CCCCC3C)c(C)nn2-c2ccccc2)cc1,1.94,cd15fcf1fafe7a61cf108e7dd1c90ff6
Cc1ccc(S(=O)(=O)Nc2c(C(=O)NC3CCCCC3C)cnn2-c2ccccc2)cc1,1.34,c0b3885e3cb7fddffd98704d9cb38b79
Cc1ccc(S(=O)(=O)Nc2c(C(=O)NC3CCOCC3)c(C)nn2-c2ccccc2)cc1,0.16,e0b5e515d7ca55c2565c02c5bbc9c2df
Cc1ccc(S(=O)(=O)Nc2c(C(=O)NCC(C)(C)C)c(C)nn2-c2ccccc2)cc1,1.46,62fd250d8b3c9b306ce61a1dd957be70
Cc1ccc(S(=O)(=O)Nc2c(C(=O)NCc3ccccc3)cnn2-c2ccccc2)cc1,1.9,4edc3dd77055087452e2db97725bb608
Cc1ccc(S(=O)(=O)Nc2c(C(=O)N[C@@H](C)C(C)(C)C)c(C(F)(F)F)nn2-c2ccccc2)cc1,2.35,2e00ca16786e023a994c92ee81f30ef6
Cc1ccc(S(=O)(=O)Nc2c(C(=O)N[C@@H](C)C(C)(C)C)c(C)nn2-c2ccccc2)cc1,1.44,9378e7212199d8df590e767a050a3751
Cc1ccc(S(=O)(=O)Nc2c(C(=O)N[C@@H](C)C(C)(C)C)c(C)nn2C(C)(C)C)cc1,1.84,3063225670b0a13019d08684ad6635c2
Cc1ccc(S(=O)(=O)Nc2c(C(=O)N[C@@H](C)C(C)(C)C)c(C)nn2C(C)C)cc1,0.97,7bf9996e9e35e7c33ca5a117cacbbac0
Cc1ccc(S(=O)(=O)Nc2c(C(=O)N[C@@H](C)C(C)(C)C)c(C)nn2C2CCC2)cc1,1.57,9ffec32eeb7c77784d905e4346a95c7f
Cc1ccc(S(=O)(=O)Nc2c(C(=O)N[C@@H](C)C(C)(C)C)c(C)nn2C2CCCC2)cc1,2.0,3f09a012f80f46b778f23a455a7a70bd
Cc1ccc(S(=O)(=O)Nc2c(C(=O)N[C@@H](C)C(C)(C)C)c(C)nn2C2CCCCC2)cc1,1.97,9378e7212199d8df590e767a050a3751
Cc1ccc(S(=O)(=O)Nc2c(C(=O)N[C@@H](C)C(C)(C)C)c(C)nn2C2CCN(C)CC2)cc1,0.8,74c279153f92070442a0342c803ce3a7
Cc1ccc(S(=O)(=O)Nc2c(C(=O)N[C@@H](C)C(C)(C)C)c(C)nn2C2CCN(CC(F)(F)F)CC2)cc1,1.08,e7983add8897d022ccd4bd28ae5e6801
Cc1ccc(S(=O)(=O)Nc2c(C(=O)N[C@@H](C)C(C)(C)C)c(C)nn2C2CCOC2)cc1,0.78,3f09a012f80f46b778f23a455a7a70bd
Cc1ccc(S(=O)(=O)Nc2c(C(=O)N[C@@H](C)C(C)(C)C)c(C)nn2C2CCOCC2)cc1,0.5,9378e7212199d8df590e767a050a3751
Cc1ccc(S(=O)(=O)Nc2c(C(=O)N[C@@H](C)C(C)(C)C)c(C)nn2C2CCS(=O)(=O)CC2)cc1,0.25,f8184cc72bc83f8e96dc46a28e95e4e0
Cc1ccc(S(=O)(=O)Nc2c(C(=O)N[C@@H](C)C(C)(C)C)c(C)nn2C2CCSCC2)cc1,1.29,9378e7212199d8df590e767a050a3751
Cc1ccc(S(=O)(=O)Nc2c(C(=O)N[C@@H](C)C(C)(C)C)c(C)nn2CC(F)(F)F)cc1,0.93,07d0af1d6f6bb8594b356cca7243d5da
Cc1ccc(S(=O)(=O)Nc2c(C(=O)N[C@H](C)C(C)(C)C)c(C)nn2-c2ccccc2)cc1,1.2,9378e7212199d8df590e767a050a3751
Cc1ccc(S(=O)(=O)Nc2ccc(/C=C/C(=O)Nc3ccccc3N)cc2)cc1,2.82,d09458f4368d74631c9d3884e0036f58
Cc1ccc(S(=O)(=O)c2ccccc2)cc1,2.74,970ac337f23ee605c1082efd33950c50
Cc1ccc(Sc2ccccc2CN(C)C)c(N)c1,2.6,da7ade1864e999b37eef326d3f8fa350
Cc1ccc([N+](=O)[O-])cc1S(=O)(=O)n1ccc(-c2c(C)nc3ccc(Br)cn23)n1,3.52,469b1870b2eda52273361bdd8be818fe
Cc1ccc2[nH]c(C(=O)N3CCN(C)CC3)cc2c1,2.22,e8d848bee43abab864c12fd7566b4695
Cc1ccc2[nH]ccc2c1-c1nc(N2CCOCC2)cc(C2(S(C)(=O)=O)CC2)n1,1.7,f0c86b71eb2f167cbd09b0083346e2bd
Cc1ccc2c(-c3ccnc4cc(Cl)ccc34)c(C)n(CC(=O)O)c2c1,2.41,c67cbb5392b3d691cb08881f8a99999f
Cc1ccc2c(N)c(C#N)sc2n1,2.23,f350704a381d2620f0582530de6cdf4a
Cc1ccc2c(c1)C1(CCN(CCc3nc(-c4ccccc4)oc3C)CC1)OC(=O)N2,4.2,bda248b720034d82ad8a2666035c23c9
Cc1ccc2c(c1)c(-c1cc(C)nc3ccccc13)c(C)n2CC(=O)O,2.88,cfeebdb3e6c80dae1c8440e6d03f44fb
Cc1ccc2c(c1)c(-c1ccnc3c(C#N)cccc13)c(C)n2CC(=O)O,0.52,570c3d774c75306de1a020c7482f489a
Cc1ccc2c(c1)c(-c1ccnc3c(C(F)(F)F)cccc13)c(C)n2CC(=O)O,1.27,b80790dc104d329b83b83bc57c2075a7
Cc1ccc2c(c1)c(-c1ccnc3c(C)cccc13)c(C)n2CC(=O)O,1.29,75167b03fb7f0ddc8360d4c88d7ea71a
Cc1ccc2c(c1)c(-c1ccnc3c(Cl)cccc13)c(C)n2CC(=O)O,1.27,75167b03fb7f0ddc8360d4c88d7ea71a
Cc1ccc2c(c1)c(-c1ccnc3c(F)cccc13)c(C)n2CC(=O)O,0.53,75167b03fb7f0ddc8360d4c88d7ea71a
Cc1ccc2c(c1)c(-c1ccnc3c(S(C)(=O)=O)cccc13)c(C)n2CC(=O)O,-0.34,b80790dc104d329b83b83bc57c2075a7
Cc1ccc2c(c1)c(-c1ccnc3cc(C(F)(F)F)ccc13)c(C)n2CC(=O)O,1.78,d34a760236a0565cf0da0d91a6bb9c74
Cc1ccc2c(c1)c(-c1ccnc3cc(Cl)ccc13)c(C)n2CC(=O)O,1.59,6ce860d8da5ff93e516db179004d9d33
Cc1ccc2c(c1)c(-c1ccnc3ccc(C(F)(F)F)cc13)c(C)n2CC(=O)O,1.78,57282263ebdf3cdc2d7e67b9e0127e6c
Cc1ccc2c(c1)c(S(=O)(=O)c1ccc(Cl)cc1)c(C)n2CC(=O)O,0.06,e4b13436e22319ccb05cad3b1de9b562
Cc1ccc2c(c1)c(Sc1ccc(Cl)cc1)c(C)n2CC(=O)O,2.18,6d81ed61585ac6425b45d0313cf62b6b
Cc1ccc2c(c1)c(Sc1ccc(S(C)(=O)=O)cc1)c(C)n2CC(=O)O,-0.08,7102ded51761990385ffa656a31bb326
Cc1ccc2c(c1)c(Sc1cccc(Cl)c1)c(C)n2CC(=O)O,1.85,0e3a980a121b2563a057145d2c4dfe4d
Cc1ccc2c(c1)c(Sc1ccccc1)c(CC(=O)O)n2C,1.74,08bd42e745c16012932bfb1cc8970341
Cc1ccc2c(c1)c(Sc1ccccc1Cl)c(C)n2CC(=O)O,1.71,d33539efeebd64b292d012fef3d09312
Cc1ccc2c(c1)c([S+]([O-])c1ccc(Cl)cc1)c(C)n2CC(=O)O,0.05,34a056ee1f7c1f8c58ec2f26d187b44f
Cc1ccc2c(n1)c(Sc1ccc(Cl)cc1)c(C)n2CC(=O)O,0.35,6d81ed61585ac6425b45d0313cf62b6b
Cc1ccc2cc(C)c3nnc(SCC(=O)N4CCN(C(=O)c5ccco5)CC4)n3c2c1,2.3,4698bd256f4772e7b443bc6ffbf0753d
Cc1ccc2nc(CCNCCCO)ccc2c1NC(=O)CC12CC3CC(CC(C3)C1)C2,1.18,5b5e151a1dca1a53a222ed0c0d09a4e9
Cc1ccc2nc(NCCN)c3ncc(C)n3c2c1,0.88,c39b64096fa647ea9fac0da322d232c9
Cc1cccc(-c2nc3cc(Cl)ccc3[nH]2)n1,4.1,109e5ec42551f4f2746743f82fe78edf
Cc1cccc(-c2nn3c(c2-c2ccnc4ccc(C(N)=O)cc24)CCC3)n1,1.71,e47904603575ce790618188c4772296a
Cc1cccc(Br)c1C(=O)N[C@@H](Cc1ccc(NC(=O)c2c(Cl)cccc2Cl)cc1)C(=O)O,-0.13,f96cdf72ad51f5881c5cce2151e984e2
Cc1cccc(C#Cc2ccccc2)n1,3.6,1ea775fd50d0c20c19ed1b6244184924
Cc1cccc(C(=O)N2CCC(C(=O)c3ccc(F)cc3)CC2)c1,3.4,6d34a5866a9690922fdfa19f23311457
Cc1cccc(C(N)=O)c1NC(=O)c1ccccc1,1.09,b4f21154bea6cb6b4a7eccf189198df7
Cc1cccc(C)c1NC(=O)C(C)N,-0.15,7fc8b3cdecfaa5bd41cc62aeb74108dd
Cc1cccc(C)c1OCC(C)N,0.62,c15a240311f46e1f3656e04023b1a426
Cc1cccc(C)c1OC[C@@H](C)N,0.6,c15a240311f46e1f3656e04023b1a426
Cc1cccc(C)c1OC[C@H](C)N,0.6,c15a240311f46e1f3656e04023b1a426
Cc1cccc(CN2CCN(C(c3ccccc3)c3ccc(Cl)cc3)CC2)c1,3.39,5a5e3770ce218325ce59cb91988f71a5
Cc1cccc(C[C@@H](C(=O)O)N2CCC(CN3CCC(Oc4ccc(Cl)c(Cl)c4)CC3)CC2)c1,2.84,46a849f4b0e78466f9787c0e65c93828
Cc1cccc(C[C@H](NC(=O)c2cc(C(C)(C)C)nn2C)C(=O)NCC#N)c1,3.1,febd8869b3efa30bfdaf2f99245c3ee2
Cc1cccc(Cn2ccn3c(=O)cc(N4CCOCC4)nc23)c1,2.8,b016e27ca3db9f3aa5229ba040a5be13
Cc1cccc(N(Cc2cc(F)c(F)cc2F)C(=O)O[C@H]2CN3CCC2CC3)c1,2.24,f5971f4c563eecbf8ed02656333cc883
Cc1cccc(NC(=O)NCC(c2cccnc2)N2CCOCC2)c1,2.0,3565dda674d03868b9b3d300c480e302
Cc1cccc(NC(=O)c2ccc(-c3ccccc3)c(C#N)c2)n1,3.71,867b97bb1656408012f5ca0824cd1b75
Cc1cccc(NS(=O)(=O)c2ccc(-c3ccc(C#N)cc3)cc2)n1,2.42,eab2b26c3d286c8bf5aa975ca418beb3
Cc1cccc(NS(=O)(=O)c2cccc3nonc23)c1,3.0,0517c7608dffc54d41282a8b37860f2d
Cc1cccc(Nc2ccccc2C(=O)O)c1C,1.89,dcb1d0dbd05f804420400e3b5c48ae1f
Cc1cccc(Nc2ccncc2S(=O)(=O)NC(=O)NC(C)C)c1,0.3,3b15aa81cc26762c1dc797133fd0543e
Cc1cccc(Nc2ncnc3ccccc23)c1,3.21,c1134c0d044b5fae362940461fe9432d
Cc1cccc(Nc2nnc(C(=O)Nc3ccc(N4CCOCC4)nc3)o2)c1,3.42,c071235da2867e881fc44488315cabd9
Cc1cccc(Oc2cc(CN3CCC[C@H](n4cc(C)c(=O)[nH]c4=O)C3)ccc2C(=O)O)c1,-0.82,9f03f28af0a875d3e43fc68e04bcad56
Cc1cccc(S(=O)(=O)NC(=O)N2CCC(N3CCC(Oc4ccc(Cl)c(Cl)c4)CC3)CC2)c1,1.84,1829f62c6a2ac07728cfb373ea956a85
Cc1cccc([C@H](C)c2c[nH]c(=S)[nH]2)c1C,2.9,254eae5d1fab8c7ccd8cb16ce28b7821
Cc1cccc([C@H](C)c2c[nH]cn2)c1C,2.79,2d257aaa0d358aa8d1246d411c21ee6f
Cc1cccc2c(CCNCc3cccc(CCNC[C@H](O)c4ccc(O)c5[nH]c(=O)sc45)c3)c[nH]c12,1.13,ab6cfa1105c4ec000417740a85675d1e
Cc1cccc2c3c([nH]c12)CCN(C(=O)[C@@H]1CCCC[C@H]1C(=O)NC1(C#N)CC1)C3,2.99,e4be292a06e408fc8f5b8568a6b00bef
Cc1ccccc1-c1c(C(=O)O)n(CCCOc2cccc3ccccc23)c2ccccc12,3.89,6a56384ca4544965ecfdfe703e0d6d24
Cc1ccccc1-n1c(Cn2cnc3c(N)ncnc32)nc2cccc(C)c2c1=O,2.6,fb28e3fa3124a8ecd90bebe30eb36bad
Cc1ccccc1-n1c(Cn2nc(-c3ccc(O)c(F)c3)c3c(N)ncnc32)nc2cccc(C)c2c1=O,3.55,732f0b8227759a6b66d28ece580de6e3
Cc1ccccc1C(=O)N1CCN(c2ccccn2)CC1,2.18,bdaa455a0af3641632bee6994d7c1c11
Cc1ccccc1C(=O)NCC12CC3CC(CC(C3)C1)C2,4.28,337442fb6605579b1c9ae8ba0263d68f
Cc1ccccc1C(OCCN(C)C)c1ccccc1,1.47,a16e3ef418e633183c3177a36cf67cf4
Cc1ccccc1CCOCCCS(=O)(=O)CCNCCc1ccc(O)c2nc(O)sc12,2.84,82fd6d020f691398c03c11eae477606b
Cc1ccccc1CN1CCC(N2CCC(n3c(=O)[nH]c4ccccc43)CC2)CC1,2.68,50e7112f4cc52d08c3b215fa395dedbb
Cc1ccccc1C[C@@H](C(=O)O)N1CCC(CN2CCC(Oc3ccc(Cl)c(Cl)c3)CC2)CC1,2.54,79c4a0a141443bed08b9a82559ca7c83
Cc1ccccc1Cn1ccn2c(=O)cc(N3CCOCC3)nc12,2.3,70cd7f6c3816f77845017007809ca177
Cc1ccccc1N1C(=O)c2cc(S(N)(=O)=O)c(Cl)cc2NC1C,1.64,d26e8faae7afe9b6ecd5535a6cb310e6
Cc1ccccc1NC(=O)CCS(=O)(=O)c1ccc(Br)s1,2.7,64eb00315236c4604a5da7000bac9a84
Cc1ccccc1Nc1ncnc2ccccc12,2.85,897ea58dba8bf711be8c5cc7bdf8e30b
Cc1ccccc1S(=O)(=O)NC(=O)N1CCC(N2CCC(Oc3ccc(Cl)c(Cl)c3)CC2)CC1,1.71,3b564b5e65a6cbc4a2eb7cf75e33ed53
Cc1ccn2c(-c3ccnc(N)n3)c(C)nc2c1,2.39,0d1f675e81e2ca6afca56402d58db80b
Cc1ccn2c(NC(=O)c3ccccc3)c(-c3cccs3)nc2c1,2.87,b63b42dc1c55d73a907cfa78512ca391
Cc1ccnc(NCc2c(O)ccc3ccccc23)c1,4.24,62b17c16e4ecc693565b394c1f702c85
Cc1ccnc(NCc2ccc(Cl)cc2)c1,3.6,115208b5a0b43d128a1cffbc78b06b61
Cc1ccnc(NCc2ccccc2)c1,3.08,1ea775fd50d0c20c19ed1b6244184924
Cc1ccnc(NCc2ccccc2O)c1,3.35,e8e303193b84da9170e9e0ea6b0fcd16
Cc1ccnc(NS(=O)(=O)c2ccc(N)cc2)n1,-0.51,9e708f4d0b1f3e6074453446449b4782
Cc1ccnc2nc(C(=O)Nc3nccs3)nn12,0.31,f12c0ae297c90bfbf2bb705df3fcec80
Cc1ccsc1C(=CCCN1CCC[C@@H](C(=O)O)C1)c1sccc1C,1.49,127481d00a80ce3694d82aa833aae2d2
Cc1ccsc1Cn1[nH]c(=O)c2[nH]c3cc(Cl)ccc3c(=O)c2c1=O,1.15,5dcb551384eac1b8df58f22746913aad
Cc1cn(C2CCCN(Cc3cccc(Oc4ccc(Cl)cc4)c3)C2)c(=O)[nH]c1=O,3.38,048f85e6c2d1126e2f06f5e6fa41bd24
Cc1cn(C2CCCN(Cc3cccc(Oc4ccccc4)c3)C2)c(=O)[nH]c1=O,3.04,8e147eca96e6fe93f43c6c971db65605
Cc1cn(C[C@H]2CN(c3ccc(C4=CCS(=O)(=O)CC4)c(F)c3)C(=O)O2)nn1,1.25,52a900bc940b774671dae7b4e5ce60da
Cc1cn(Cc2ccccc2)c(=O)[nH]c1=O,1.19,cbd4371045e0f9174c7c3765551d5cbf
Cc1cn([C@H]2CCCN(Cc3ccc(C(=O)O)c(Oc4cccc(Br)c4)c3)C2)c(=O)[nH]c1=O,-0.51,9f03f28af0a875d3e43fc68e04bcad56
Cc1cn([C@H]2CCCN(Cc3ccc(C(=O)O)c(Oc4cccc(C(F)(F)F)c4)c3)C2)c(=O)[nH]c1=O,-0.38,a368064e51d422cf9f8ca0972f190507
Cc1cn([C@H]2CCCN(Cc3ccc(C(=O)O)c(Oc4cccc(Cl)c4)c3)C2)c(=O)[nH]c1=O,-0.55,9f03f28af0a875d3e43fc68e04bcad56
Cc1cn([C@H]2CCCN(Cc3ccc(C(=O)O)c(Oc4cccc(F)c4)c3)C2)c(=O)[nH]c1=O,-1.03,9f03f28af0a875d3e43fc68e04bcad56
Cc1cn([C@H]2CCCN(Cc3cccc(Oc4cccc(Br)c4)c3)C2)c(=O)[nH]c1=O,3.68,a0513e48fcfe6aaa71176f8d245f6b0d
Cc1cn([C@H]2CCCN(S(=O)(=O)c3ccc(C(=O)O)c(Oc4ccc(Cl)c(Cl)c4)c3)C2)c(=O)[nH]c1=O,-0.87,9c460472fb1a8eae75bff4dea08ea830
Cc1cn([C@H]2CCCN(S(=O)(=O)c3ccc(C(=O)O)c(Oc4cccc(Cl)c4)c3)C2)c(=O)[nH]c1=O,-1.28,189d4c155f90080e92225eafe3d4f121
Cc1cn([C@H]2CCCN(S(=O)(=O)c3ccc(C(N)=O)c(Oc4cccc(Cl)c4)c3)C2)c(=O)[nH]c1=O,1.96,189d4c155f90080e92225eafe3d4f121
Cc1cn([C@H]2CCCN(S(=O)(=O)c3ccc(CO)c(Oc4cccc(Cl)c4)c3)C2)c(=O)[nH]c1=O,2.69,a15075dcb16c4d033d7edd44721afb01
Cc1cn([C@H]2CCCN(S(=O)(=O)c3ccc(O)c(Oc4cc(F)cc(Cl)c4)c3)C2)c(=O)[nH]c1=O,2.35,e9cf8c295ddc2a50ff38df28b5e3a5bb
Cc1cn([C@H]2CCCN(S(=O)(=O)c3ccc(O)c(Oc4ccc(Cl)cc4)c3)C2)c(=O)[nH]c1=O,2.12,8294bb2bac0bb56bdf80e03105799aba
Cc1cn([C@H]2CCCN(S(=O)(=O)c3ccc(O)c(Oc4cccc(Br)c4)c3)C2)c(=O)[nH]c1=O,2.3,851ced5714924226fe5c0f296139d291
Cc1cn([C@H]2CCCN(S(=O)(=O)c3ccc(O)c(Oc4cccc(C(F)(F)F)c4)c3)C2)c(=O)[nH]c1=O,2.27,50a7431147e450af690021ebd565848f
Cc1cn([C@H]2CCCN(S(=O)(=O)c3ccc(O)c(Oc4cccc(F)c4)c3)C2)c(=O)[nH]c1=O,1.6,851ced5714924226fe5c0f296139d291
Cc1cn([C@H]2CCCN(S(=O)(=O)c3ccc(O)c(Oc4ccccc4)c3)C2)c(=O)[nH]c1=O,1.49,4fd7fd963df70cff0b28ca5dac42fa29
Cc1cn([C@H]2CCCN(S(=O)(=O)c3cccc(Oc4ccccc4)c3)C2)c(=O)[nH]c1=O,2.32,d257af6511aeadb5ac15995a3dc65c88
Cc1cn([C@H]2CCCN([C@@H](C)c3ccc(C(=O)O)c(Oc4cccc(Cl)c4)c3)C2)c(=O)[nH]c1=O,-0.26,24e48626608b562867376def170bf56d
Cc1cn([C@H]2CCCN([C@@H](CC(C)(C)C)c3ccc(C(=O)O)c(Oc4cccc(Br)c4)c3)C2)c(=O)[nH]c1=O,1.12,a95f82f1232e516bf3f4868bb703c25f
Cc1cn([C@H]2CCCN([C@@H](CC(C)C)c3ccc(C(=O)O)c(Oc4cccc(Cl)c4)c3)C2)c(=O)[nH]c1=O,0.93,4189090cff9dd75733c8294ee064ecfd
Cc1cn([C@H]2CCCN([C@H](C)c3ccc(C(=O)O)c(Oc4cccc(Cl)c4)c3)C2)c(=O)[nH]c1=O,-0.3,24e48626608b562867376def170bf56d
Cc1cn([C@H]2CCCN([C@H](CC(C)(C)C)c3ccc(C(=O)O)c(Oc4cccc(Br)c4)c3)C2)c(=O)[nH]c1=O,1.09,a95f82f1232e516bf3f4868bb703c25f
Cc1cn([C@H]2CCCN([C@H](CC(C)C)c3ccc(C(=O)O)c(Oc4cccc(Cl)c4)c3)C2)c(=O)[nH]c1=O,0.91,4189090cff9dd75733c8294ee064ecfd
Cc1cn([C@H]2CCCN([C@H](CC3CCCCC3)c3ccc(C(=O)O)c(Oc4cccc(Cl)c4)c3)C2)c(=O)[nH]c1=O,1.83,8ef637fb13ea2c4c14bf934ebec45555
Cc1cn([C@H]2CCCN([C@H](CC3CCOCC3)c3ccc(C(=O)O)c(Oc4cccc(Cl)c4)c3)C2)c(=O)[nH]c1=O,-0.25,8ef637fb13ea2c4c14bf934ebec45555
Cc1cnc(-c2cc(NC(=O)c3ccc(C(F)(F)F)nc3C)ccc2Cl)[nH]1,3.3,3b43f43f0e0784688a1da020c3f5f46c
Cc1cnc(-c2ccc(C)c(NC(=O)c3ccc(OCc4ccccn4)cc3)c2)[nH]1,3.19,8dc9e2146c4008e1c5bd12df561368d6
Cc1cnc(C(=O)NCCc2ccc(S(=O)(=O)NC(=O)NC3CCCCC3)cc2)cn1,0.31,b613095f303601696e9c6ee1b2e856b6
Cc1cnc(NC(=O)C2C(=O)c3ccccc3S(=O)(=O)N2C)s1,0.3,3118ef7d19c64e85d780adcd6601b972
Cc1cnc(NC(=O)Cc2ccccc2)s1,2.9,9e9677138cc3734952a03b40b20634d3
Cc1cnc(NC(=O)c2cc(Oc3cnc(C(=O)N(C)C)nc3)c3cc(C)oc3c2)cn1,2.1,47de2700ae59d79fb1d99ec720225ab3
Cc1cnc(NS(=O)(=O)c2ccccc2)c(C)n1,-0.03,28461a56480e9937855d911754ffd0af
Cc1cnc(Nc2cc(N3CCN(C)CC3)nc(N[C@@H](C)c3ccc(F)cn3)n2)s1,2.9,6207623ba5f4e003e8a65737d07ce30d
Cc1cnc(Nc2cc(N3CCOCC3)nc(N[C@@H](C)c3ncc(F)cn3)n2)s1,2.68,c6b61aade9ac0e73fe0ac3fbfe04266f
Cc1cnc(Nc2ccc(N3CCN(C)CC3)cc2)nc1Nc1cccc(S(=O)(=O)NC(C)(C)C)c1,2.84,6bb152f84c594ea01ab6efbaf44089f2
Cc1cnc(Nc2ccc(OCC(O)CN(C)C)cc2)nc1Nc1ccccc1,2.0,2f2ae4d8002bdf2165d293a28f397a13
Cc1cnc(Nc2ccc(OCCN3CCCC3)cc2)nc1Nc1cccc(S(=O)(=O)NC(C)(C)C)c1,2.11,f479d671cbc28469956e2ac97cea0268
Cc1cnc(Nc2cncc(N[C@@H](C)c3ncc(F)cn3)n2)s1,1.91,cb15bd002faa18584e8528a660be7a46
Cc1cnc(Nc2nc(N[C@@H](C)c3ncc(F)cn3)nc(N3CCOCC3)c2F)s1,3.27,f83c802522eb985681369c0c6c5c3ee5
Cc1cnc(Oc2ccc(-n3ccnc3)cc2)nc1Oc1ccc2c(c1)OCO2,3.56,2f63f8cf7d6a3d75e009effe943a3d81
Cc1cnc2c(N[C@H](C)CO)nc(SCc3cccc(F)c3F)nc2n1,3.55,085438888681c1334c0737595380b501
Cc1cnc2nc(SCc3cccc(F)c3F)nc(N[C@H](C)CO)c2n1,3.5,4381f5808bd36936526475d698438c0e
Cc1cnccc1COc1cnc(N2CCN(C(=O)OC(C)(C)C)CC2)nc1,3.8,fecc154f3e4288107e15609fdfe5a054
Cc1csc(NC(=O)c2cc(Sc3nncn3C)ccc2N)n1,2.3,d5f58c91afca0de187fa1c2a4d621340
Cc1n[nH]c(C)c1Cc1sc2c(c1C(=O)N1C[C@H](O)CO1)c(=O)n(C)c(=O)n2CC(C)C,1.07,245328f224fa1d0f952c6d6bd1415202
Cc1nc(-c2ccc(C)c(NC(=O)c3ccc(OCc4ccccn4)cc3)c2)c[nH]1,2.97,8dc9e2146c4008e1c5bd12df561368d6
Cc1nc(-c2ccc(CN3CCC(N(C)C(=O)Cc4ccc(-n5cnnn5)cc4)CC3)cc2)no1,2.1,9335cd93d46a79498a467c12590b3f70
Cc1nc(-c2ccc(CN3CCC(n4c(=O)[nH]c5ccccc54)CC3)cc2)c(-c2ccccc2)[nH]c1=O,3.8,d5edef0bb8f919ce1756af33b94291c1
Cc1nc(-c2ccc(OCC(C)C)c(C#N)c2)sc1C(=O)O,0.94,47deaa4cfd952c6f0d6a3a45633e342b
Cc1nc(-c2ccccc2)c(-c2ccc(CN3CCC(n4c(=O)[nH]c5ccccc54)CC3)cc2)[nH]c1=O,3.9,d5edef0bb8f919ce1756af33b94291c1
Cc1nc(-c2ccccn2)nc(N2CCCC2)c1Cl,3.2,742e75228ffe48b73ba80102d123939a
Cc1nc(C(=O)N2CCCC3(CCN(Cc4ccc(Cl)cc4)CC3)C2)cs1,0.64,111ed009966faf263a872739bbd3eedf
Cc1nc(C(=O)N2CCCC3(CCN(Cc4ccccc4)CC3)C2)cs1,0.24,0f57405798278bb1a6c9a7e5da0a2c9d
Cc1nc(C(=O)N2CCOC3(CCN(Cc4ccc(Cl)cc4)CC3)C2)cs1,2.17,111ed009966faf263a872739bbd3eedf
Cc1nc(C(=O)[C@@H](C)Oc2ccc(SCCCCCc3ccccc3)cc2)sc1CCCC(=O)O,3.58,f4d239c2b1334831a02d63b79ab791dc
Cc1nc(C(=O)[C@H](C)Oc2ccc(SCCCCCc3ccccc3)cc2)sc1CCCC(=O)O,2.03,f4d239c2b1334831a02d63b79ab791dc
Cc1nc(C)c(-c2ccc(C34CCC(C(=O)O)(CC3)CC4)cc2)nc1C(N)=O,1.3,216bff6d842cc79d4e7226a4f8ffe843
Cc1nc(C)c(-c2ccc(C34CCC(CC(=O)O)(CC3)CC4)cc2)nc1C(N)=O,1.6,8ca4b85370173c863ebdae751be15d7f
Cc1nc(C)c(-c2ccc([C@H]3CC[C@@H](CC(=O)O)CC3)c(Cl)c2)nc1C(N)=O,1.7,512c9596c676a6523e72695c0a7d3223
Cc1nc(C)c(-c2ccc([C@H]3CC[C@@H](CC(=O)O)CC3)c(F)c2)nc1C(N)=O,1.2,512c9596c676a6523e72695c0a7d3223
Cc1nc(C)c(-c2ccc([C@H]3CC[C@H](CC(=O)O)CC3)c(Cl)c2)nc1C(N)=O,1.8,512c9596c676a6523e72695c0a7d3223
Cc1nc(C)c(-c2ccc([C@H]3CC[C@H](CC(=O)O)CC3)c(F)c2)nc1C(N)=O,1.3,512c9596c676a6523e72695c0a7d3223
Cc1nc(C)c(-c2ccc([C@H]3CC[C@H](CC(N)=O)CC3)cc2)nc1C(N)=O,2.7,3fffe7e7ba0aa87a7a405c1f41cf1168
Cc1nc(C)c(-c2ccc([C@H]3CC[C@H](CCC(=O)O)CC3)cc2)nc1C(N)=O,1.6,116a9f5635b5b08a858a92aceea36505
Cc1nc(C)c(-c2ccc([C@H]3CC[C@H](Cc4nnn[nH]4)CC3)cc2)nc1C(N)=O,1.4,fa8378b27122ee2879defeea401c57e4
Cc1nc(C)c(-c2ccc3c(c2)CC[C@]32CC[C@@H](C(=O)O)CC2)nc1C(N)=O,1.2,c7bf57cc33254ad0d4fcf587c7946951
Cc1nc(C)c(-c2ccc3c(c2)CC[C@]32CC[C@@H](CC(=O)O)CC2)nc1C(N)=O,1.5,acf85dc2985ab23d56d7d27a0e13b4c8
Cc1nc(C)c(-c2ccc3c(c2)CC[C@]32CC[C@@H](Cc3nnn[nH]3)CC2)nc1C(N)=O,2.0,89c62d946c472d32901a63a5270b837f
Cc1nc(C)c(-c2ccc3c(c2)CC[C@]32CC[C@@H](c3nnn[nH]3)CC2)nc1C(N)=O,1.4,2ea5511f209059ed1e94729bc5ac2232
Cc1nc(C)c(-c2ccc3c(c2)CC[C@]32CC[C@H](C(=O)O)CC2)nc1C(N)=O,1.3,c7bf57cc33254ad0d4fcf587c7946951
Cc1nc(C)c(C(=O)N[C@@H](Cc2cccc(Cl)c2)C(=O)NCC#N)s1,2.0,afeba43a026dd458c63bdbe2d0561e86
Cc1nc(CS(=O)(=O)c2ccc(Cl)cc2)cc(N2CCOCC2)n1,1.8,c24036f9de18dd79cbf07fa66a409995
Cc1nc(CS(=O)(=O)c2ccccc2)cc(N2CCOCC2)n1,1.07,d00e8b9bc439d0c6fade7ccfeb33cb49
Cc1nc(CSc2ccc(Cl)cc2)cc(N2CCOCC2)n1,3.38,30c97ee4d86dc77e87752126768e968f
Cc1nc(CSc2nc(N[C@H](C)CO)c3sc(=O)[nH]c3n2)cs1,1.73,0ed58e167dbe0a1140021b3d878259e0
Cc1nc(CSc2nc(N[C@H](C)CO)c3sc(N)nc3n2)cs1,1.73,0ed58e167dbe0a1140021b3d878259e0
Cc1nc(Cl)c(Cl)n1Cc1sc2c(c1C(=O)N1CC[C@@H](O)C1)c(=O)n(C)c(=O)n2CC(C)C,1.61,15766a874c484b624cd5d33a7d6f71d4
Cc1nc(N)c2nc(O)n(Cc3ccccc3)c2n1,2.04,1eab8b0f8b1338ee51f35b02eaf6bb8c
Cc1nc(N2CCN(c3ncc(OCc4ccncc4C#N)cn3)[C@H](C)C2)no1,2.6,7e650544f074d4b9f2eb8b510c09b749
Cc1nc(NC(=N)N)nc2ccccc12,-0.49,ab6048610c705e0061e75593611d32d4
Cc1nc(Nc2ncc(C(=O)Nc3c(C)cccc3Cl)s2)cc(N2CCN(CCO)CC2)n1,3.41,2eeab05ef9389187deeeb54b471fdf97
Cc1nc(S(C)(=O)=O)ccc1Nc1ncnc(OC2CCN(C(=O)OC(C)C)CC2)c1C,2.8,15e761597332e7c24e124b98fcc74d6d
Cc1nc2c(C#N)cnn2c(O)c1Cc1ccccc1,0.68,5028e59d409cf3b7739c3678d90fdfc7
Cc1nc2ccc(-c3ccc(Cl)cc3)cc2c(=O)n1C[C@H]1CCCN(C(C)C)C1,3.3,d11490dfaf67458404a18261a8929585
Cc1nc2ccc(Cl)cn2c1-c1ccnc(N)n1,2.49,771b328989ee5d83eb4ec20be9fd65fd
Cc1nc2ccc(NC(=O)CCNC(N)=O)cc2s1,0.9,ce6b58c041633ec9ab606a5e486dccd5
Cc1nc2ccc(Oc3ccc(F)cc3)cc2c(=O)n1C[C@H]1CCCN(C(C)C)C1,2.4,13d7f7de1747303f2260281cae9e5788
Cc1nc2ccccc2n1Cc1sc2c(c1C(=O)N1CC[C@@H](O)C1)c(=O)n(C)c(=O)n2CC(C)C,1.34,eecebca7ba2876e0fccd49ca27540639
Cc1nc2ccccn2c1-c1ccnc(Nc2cccc(Cl)c2)n1,2.7,728deee45c3c790626d99c218135c400
Cc1nc2n(c(=O)c1CCN1CCC(c3noc4cc(F)ccc34)CC1)CCCC2,2.05,544df12405e6516a23f27ab168d559a8
Cc1nc2nc(-c3cccnc3)nn2c(O)c1Cc1ccccc1,1.52,eb2652dd0362c28346517fcdebee493d
Cc1nc2nc(NC(=O)c3ccc(F)cc3)nn2c(O)c1Cc1ccccc1,2.2,eed576c369f96c3e5bd76e5ab82721b6
Cc1nc2ncnn2c(O)c1CCOC(=O)c1c(F)cccc1F,0.16,80a661aed1f49e998fc82312e365f1e1
Cc1nc2ncnn2c(O)c1CCOC(=O)c1ccccc1F,0.99,72aaee6c8a7d1eaba05ab6f35723e176
Cc1ncc(-c2ccc([C@H]3CC[C@H](CC(=O)O)CC3)cc2)nc1C(N)=O,1.0,355d346792fd1f24f25e609bef81f999
Cc1ncc(-c2ccnc(Nc3ccc(C#N)cc3)n2)n1C(C)C,3.62,5a79122f8f4d773811d763fbf5f6ceb3
Cc1ncc(-c2ccnc(Nc3ccc(C(=O)N(C)C)c(F)c3)n2)n1C(C)C,2.74,afdd66c8a8412121a0910fbcb72f0619
Cc1ncc(-c2ccnc(Nc3ccc(C(=O)N(C)C)cc3)n2)n1C(C)C,2.45,0b82c28329ae49dc824706efb415d9b5
Cc1ncc(-c2ccnc(Nc3ccc(C(=O)N4CCN(C)CC4)cc3)n2)n1C(C)C,2.1,5a1ec6fc9c2a3157be6fba2a3aa656a3
Cc1ncc(-c2ccnc(Nc3ccc(C(=O)NC4CC4)cc3)n2)n1C(C)C,3.06,80487522e1dc0f9eba5ab01b98bd588f
Cc1ncc(-c2ccnc(Nc3ccc(C(=O)NC4CCN(C)CC4)cc3)n2)n1C(C)C,1.87,d6c05a0753b18fc0c7e744faeb6880f8
Cc1ncc(-c2ccnc(Nc3ccc(C(=O)NCCN(C)C)c(F)c3)n2)n1C(C)C,1.96,343054eeedeaa2c83b03739053c9f9d1
Cc1ncc(-c2ccnc(Nc3ccc(C(=O)NCCO)cc3)n2)n1C(C)C,2.09,cb7067ed26564d1179d2f0750cb0b1d9
Cc1ncc(-c2ccnc(Nc3ccc(C(N)=O)c(F)c3)n2)n1C(C)C,2.8,3400b77dd8e0bb6878d057f47a7896bf
Cc1ncc(-c2ccnc(Nc3ccc(C(N)=O)cc3)n2)n1C(C)C,2.39,613de6aacbe69db1a20f093441826c3b
Cc1ncc(-c2ccnc(Nc3ccc(F)cc3)n2)n1C(C)C,3.62,85e18162817bd4aedc5d8c13230eb423
Cc1ncc(-c2ccnc(Nc3ccc(N(C)C)cc3)n2)n1C(C)C,3.51,613de6aacbe69db1a20f093441826c3b
Cc1ncc(-c2ccnc(Nc3ccc(N4CCN(C(=O)CN(C)C)CC4)cc3)n2)n1C(C)C,3.31,0d740460d4add1f01fceb4c3ca326bff
Cc1ncc(-c2ccnc(Nc3ccc(N4CCN(C(=O)CO)CC4)cc3)n2)n1C(C)C,1.69,28efdbc2bc6fb1928f1a4ad89aa826b4
Cc1ncc(-c2ccnc(Nc3ccc(N4CCN(C(=O)[C@H](C)O)CC4)cc3)n2)n1C(C)C,2.15,6e1423869b7384a31f0a8d5abe3df60e
Cc1ncc(-c2ccnc(Nc3ccc(N4CCN(S(=O)(=O)CCN(C)C)CC4)cc3)n2)n1C(C)C,2.52,8d9c6e54e3f76044c5b443e025376b2a
Cc1ncc(-c2ccnc(Nc3ccc(N4CCN(S(C)(=O)=O)CC4)cc3)n2)n1C(C)C,2.57,3a30d55a845155604c10e41d016cba98
Cc1ncc(-c2ccnc(Nc3ccc(N4CCOCC4)cc3)n2)n1C(C)C,2.88,f9776a2958e898fcbb91e2dc0ab85cc8
Cc1ncc(-c2ccnc(Nc3ccc(S(=O)(=O)CC4CCCO4)cc3)n2)n1C(C)C,2.82,4b2f9de4b7b148c526265a98c1baf704
Cc1ncc(-c2ccnc(Nc3ccc(S(=O)(=O)CCCN(C)C)cc3)n2)n1C(C)C,1.32,68eb224201e8c2b26465a46658e035fc
Cc1ncc(-c2ccnc(Nc3ccc(S(=O)(=O)CCCN4CCOCC4)cc3)n2)n1C(C)C,2.43,e98b62d01e60a83719cb8c1178e07ae3
Cc1ncc(-c2ccnc(Nc3ccc(S(N)(=O)=O)cc3)n2)n1C,1.6,a31852a40cb056249fd336571ca4a999
Cc1ncc(-c2ccnc(Nc3ccccc3)n2)n1C(C)C,3.58,44df7332cff312254a83f42cc48b5859
Cc1ncc(-c2nc(Nc3ccc(C(=O)N(C)C)c(F)c3)ncc2F)n1C(C)C,3.14,761dd9dccec242785a257ce584b2ef06
Cc1ncc(-c2nc(Nc3ccc(C(=O)N(C)C)cc3)ncc2F)n1C(C)C,2.77,a6256baa68d54da3d5bd4948e56190a8
Cc1ncc(-c2nc(Nc3ccc(C(=O)N4CCCN(C)CC4)cc3)ncc2F)n1C(C)C,2.02,b876d4fcf7a6739849e4a2279e57554d
Cc1ncc(-c2nc(Nc3ccc(C(=O)N4CCN(C)CC4)cc3)ncc2F)n1C(C)C,2.49,72a479530a46ecf4cf1c49c9b9c5dd29
Cc1ncc(-c2nc(Nc3ccc(C(=O)N4CC[C@@H](N(C)C)C4)cc3)ncc2F)n1C(C)C,2.36,a3145265bfd3387661bc16b1947da81c
Cc1ncc(-c2nc(Nc3ccc(C(=O)N4CC[C@H](N(C)C)C4)cc3)ncc2F)n1C(C)C,2.16,a3145265bfd3387661bc16b1947da81c
Cc1ncc(-c2nc(Nc3ccc(C(=O)NC4CCN(C)CC4)c(F)c3)ncc2F)n1C(C)C,2.41,d0fac93a1457a5f51117bbce3c7a03f6
Cc1ncc(-c2nc(Nc3ccc(C(=O)NC4CCN(C)CC4)cc3)ncc2F)n1C(C)C,2.13,ca74e43f5090328739fe33140d656255
Cc1ncc(-c2nc(Nc3ccc(C(=O)NCCN(C)C)c(F)c3)ncc2F)n1C(C)C,2.26,87f56cff79b61d4521a3ac0c54c61046
Cc1ncc(-c2nc(Nc3ccc(C(N)=O)c(F)c3)ncc2F)n1C(C)C,3.14,3e771ff86878c8b12346090c7b617901
Cc1ncc(-c2nc(Nc3ccc(C(N)=O)cc3)ncc2F)n1C(C)C,2.7,4e2aa3ec22bf093e1d411a10f977503e
Cc1ncc(-c2nc(Nc3ccc(N4CCN(C(=O)CO)CC4)cc3)ncc2F)n1C(C)C,2.19,7861f3571297925344eb175cb3f3348e
Cc1ncc(-c2nc(Nc3ccc(N4CCOCC4)cc3)ncc2F)n1C(C)C,3.01,5762daf6efcb23c9041d58da360f050e
Cc1ncc(C(N)=O)nc1-c1ccc([C@H]2CC[C@H](C(=O)O)CC2)cc1,0.22,67975a52e649d375f1bbc672a1b375ae
Cc1ncc(CO)c(CO)c1O,-0.58,f88c53c8f01c3e9d4fd336c701f965c7
Cc1ncc([N+](=O)[O-])n1CCO,-0.11,f1f07922506f305cb9565f89f5ae967e
Cc1ncc2n1-c1ccc(Cl)cc1C(c1ccccc1F)=NC2,3.4,163e1da37de365e5a9a3753c83c74461
Cc1nccc(-c2ccc(-c3nc4ccncc4c(O)c3C#N)cc2)c1Cl,2.0,fcbad559331d78a0243300dd4e5ea1fa
Cc1ncccc1Oc1ncnc(OC2C3COCC2CN(C(=O)OC(C)C)C3)c1C,3.1,2d01962d77ef85a6b0baad7d98a77291
Cc1ncccc1Oc1ncnc(OC2CCN(C(=O)OC(C)C)CC2)c1C,3.8,55381f3a709b33b42634d6527e9f382d
Cc1nccn1CC1CCc2c(c3ccccc3n2C)C1=O,1.67,f1bce8e84ea37cd3f5df8a9e7b1e4019
Cc1nccn1CCC(C(N)=O)(c1ccccc1)c1ccccc1,1.79,2bcbd08294f501da3e40b8e3bd318178
Cc1ncsc1CCOCCCS(=O)(=O)CCNCCc1ccc(O)c2nc(O)sc12,1.44,86736e0665d265742e93fdc92f929609
Cc1nn(-c2ccc(F)cc2)c(NS(=O)(=O)c2ccc(C#N)cc2)c1C(=O)N[C@@H](C)C(C)(C)C,0.45,7b4eeace458fa8852758cc3553edb55f
Cc1nn(-c2ccc(F)cc2)c(NS(=O)(=O)c2ccc(C(F)(F)F)cc2)c1C(=O)N[C@@H](C)C(C)(C)C,2.35,1cec8dce14785a2693389ad6d367c11f
Cc1nn(-c2ccc(F)cc2)c(NS(=O)(=O)c2cccnc2)c1C(=O)N[C@@H](C)C(C)(C)C,0.4,a657a959a76894ff9a7a425c471ac5fc
Cc1nn(-c2ccccc2)c(NS(=O)(=O)C2CCCCC2)c1C(=O)N[C@@H](C)C(C)(C)C,1.75,c4d1b1d973d1d0f0503cdd2340932623
Cc1nn(-c2ccccc2)c(NS(=O)(=O)c2cccc(CN3CCOCC3)c2)c1C(=O)N[C@@H](C)C(C)(C)C,0.29,d674f829c3415c43c3a4d4cf76b8b367
Cc1nn(C)c2cc(N3CCN(C(=O)[C@@H]4CCCC[C@H]4C(=O)NC4(C#N)CC4)[C@H](C)C3)ccc12,2.7,f9e200eb1dbf3626234211aae5615389
Cc1nn(C)c2ccc(N3CCN(C(=O)[C@@H]4CCCC[C@H]4C(=O)NC4(C#N)CC4)[C@H](C)C3)cc12,2.8,f9e200eb1dbf3626234211aae5615389
Cc1nn(C2CCN(C)CC2)cc1-c1cnc(N)c(-c2nc3ccccc3o2)c1,3.4,7c07d35423dea4651b9793d5ddda2bdf
Cc1nn(C2CCOCC2)c(NS(=O)(=O)c2ccc(C3CC3)cc2)c1C(=O)N[C@@H](C)C(C)(C)C,1.23,2401c91db1db48e947928b6f5a38b218
Cc1nnc(C)c2cc(N3CCN(C(=O)[C@@H]4CCCC[C@H]4C(=O)NC4(C#N)CC4)[C@H](C)C3)ccc12,1.93,a8bdd151283575ed836b84d7a9cb2428
Cc1nnc(N)s1,-0.4,3670c7801b6cdd8a09a5039cdc5a60e0
Cc1nnc(NS(=O)(=O)c2ccc(N)cc2)s1,-1.33,20ca170a4ba9327ffa750611d1094ff1
Cc1nnc2n1-c1ccc(Cl)cc1C(c1ccccc1)=NC2,1.98,eca0239c855f827c9f0d309144665eae
Cc1nnc2n1-c1ccc(Cl)cc1C(c1ccccc1Cl)=NC2,2.34,163e1da37de365e5a9a3753c83c74461
Cc1nnsc1C(=O)Nc1ccccc1,0.97,f22d08ddf705e7e50b8638aac8845c34
Cc1noc(C)c1CCC1CCN(S(=O)(=O)CC2(N(O)C=O)CCC(F)(F)CC2)CC1,2.1,12e6e7f8025adf618d51544dbee18bc1
Cc1noc(C)c1CCC1CCN(S(=O)(=O)CC2(N(O)C=O)CCOCC2)CC1,0.9,05d2db854605dc9c4d8a1d884d8604cd
Cc1noc2cc(N3CCN(C(=O)[C@@H]4CCCC[C@H]4C(=O)NC4(C#N)CC4)[C@H](C)C3)ccc12,2.67,36638f2be5971d710bc10f861cfdb9b7
Cc1nocc1C(=O)Nc1ccc(-c2ccccc2OC(F)(F)F)c(N)n1,3.7,f5bd81e0d2723d616c2fe0331ea7a214
Cc1nsc(C)c1CCC1CCN(S(=O)(=O)CC2(N(O)C=O)CCOCC2)CC1,1.5,05d2db854605dc9c4d8a1d884d8604cd
Cc1oc(-c2ccc(Cl)cc2)cc1C(=O)O,1.67,491decfa401df188c2463cc5c88742a7
Cc1oc(-c2ccccc2)cc1C(=O)Nc1cccc(C(=O)O)c1,1.63,119d43d2a4a2951f7d5b130b345b136a
Cc1oc(-c2ccccc2)nc1CCOc1ccc(C[C@H](Nc2ccccc2C(=O)c2ccccc2)C(=O)O)cc1,3.5,f71c83f86422941a1cb3870f99e7fdfc
Cc1oc(=O)oc1CN1CCN(c2cc3c(cc2F)c(=O)c(C(=O)O)c2n3C(C)S2)CC1,0.47,3ae9cc579d41f3277c8f39e9639a579f
Cc1oc(C#N)cc1-c1c2c(=O)n(C)c(=O)n(CC3CC3)c2nn1Cc1ccnc2ccc(Cl)cc12,4.26,5f0645a26a5dbc794e052b44c7ae3be6
Cc1oc(CN2CCNCC2)cc1C(=O)NCC12CC3CC(CC(C3)C1)C2,1.03,d811f20fb078b637ac7e6080dac04488
Cc1oc(S(C)(=O)=O)cc1-c1c2c(=O)n(C)c(=O)n(CC3CC3)c2nn1Cc1ccnc2ccc(Cl)cc12,3.2,0809c9dd3c3442c607b97abb039e63fd
Cc1oc(S(C)(=O)=O)cc1-c1c2c(=O)n(C)c(=O)n(CC3CC3)c2nn1Cc1cn(C)c2ccc(Cl)cc12,4.48,9e479022baf30d4a07ec4da894c61a9d
Cc1oc2cc(O)ccc2c(=O)c1-c1ccccc1,2.95,2b6934174422e4e12879de75cce745ba
Cc1occc(=O)c1OCc1ccc(F)cc1,1.91,4e52da495d83f56307c3434916492e56
Cc1occc(=O)c1OCc1ccccc1,1.87,e84d2d5543de2e2a761e8bcdaeb4b66e
Cc1onc(-c2ccccc2)c1-c1ccc(S(N)(=O)=O)cc1,2.37,e67d66b763c444dbae0b623037a548aa
Cc1onc(C(N)=O)c1C(=O)Nc1nccs1,1.63,0d14516b129c33ea844f97800f64977a
Cc1onc(CO)c1C(=O)Nc1nccs1,1.53,c351e7688a1baf786b35424d25bb2694
Cc1oncc1C(=O)Nc1ccc(C(F)(F)F)cc1,3.9,ec8a0fbfa9aed55071cc6cfc11ca99ea
Cc1sc(CN2CCNCC2)cc1C(=O)NCC12CC3CC(CC(C3)C1)C2,2.55,d811f20fb078b637ac7e6080dac04488
Cc1sc(N)nc1-c1ccccc1,2.75,462b3b3a0cf75de96a54f2afd6e90e1a
Cc1sc(N2CCN(C(=O)[C@@H]3CCCC[C@H]3C(=O)NC3(C#N)CC3)CC2)nc1C(F)(F)F,2.87,41303f923e5c667dde91b9441da73ae2
Cc1sc(N2CCN(C)CC2)nc1CCOc1ccc(C[C@H](Nc2ccccc2C(=O)c2ccccc2)C(=O)O)cc1,2.58,86d3394b8e7f1465be25abbc53700920
Cc1sc2c(c1C)C(c1ccc(Cl)cc1)=N[C@@H](CC(=O)OC(C)(C)C)c1nnc(C)n1-2,3.82,94b829c11cd58817b86256656cd03a12
Cc1sc2ncnc(N3CCN(c4ncccn4)CC3)c2c1C,3.66,c671a7c1a68a5da16f278fd2b70e1f32
Cc1sc2ncnc(SCC(=O)N3CCCC3)c2c1C,2.89,1e5bed3d694f17cca74b178aed73afdc
Cc1sc2ncnc(SCC(=O)N3CCN(C(=O)c4ccco4)CC3)c2c1C,2.7,6cfa3477089147e062d37d00059a9f52
Clc1cc(Nc2ncnc3[nH]nc(OCCN4CCCC4)c23)ccc1OCc1ccccn1,2.87,035caccaf0e9bb770182cc2240149166
Clc1ccc(-c2c[nH]nn2)cc1,2.97,8df4de56feff11065126f58ac98f173e
Clc1ccc(-c2cn3ccccc3n2)cc1,4.0,ece9d2edc6297fca3fe7d5395db4303f
Clc1ccc(-c2nnc3cccc(Cl)n23)c(Cl)c1,2.88,f735b05f479121e215357a1ce87a7f7e
Clc1ccc(C(c2ccccc2)N2CCNCC2)cc1,1.94,900cfa77f94c315fb4bf330c17ac1ff3
Clc1ccc(C2(c3ccc(-c4cn[nH]c4)cc3)CCNCC2)cc1,1.51,3871ca22cbcba31718b9940ee74e179f
Clc1ccc(C2=CSC3=NCCN23)cc1Cl,1.54,18fb77741456a8816700bc84adce5785
Clc1ccc(C2CC=CCNC2)cc1Cl,1.86,e42bd148b1dd8fba0c71d94b5eab2235
Clc1ccc(CN(Cc2ccc(Cl)cc2)c2nn[nH]n2)cc1,2.74,ac8e817c9da840c9f721ae9ae4f32465
Clc1ccc(COC(Cn2ccnc2)c2ccc(Cl)cc2Cl)cc1,2.54,5bc3aba36ff1f0271030cca49d766bf3
Clc1ccc(Nc2nnc(Cc3ccncc3)c3ccccc23)cc1,3.7,ad0ec8bb9869ff2737b8eacab3e0f225
Clc1ccc([C@H]2CC=CCNC2)cc1Cl,1.95,e42bd148b1dd8fba0c71d94b5eab2235
Clc1ccc([C@]23CNC[C@H]2C3)cc1Cl,1.96,3db69c93dede0718a19fff280a90b090
Clc1ccc2[nH]ccc2c1,3.28,b65c7462d12b616edadb88499492ec63
Clc1ccc2[nH]ncc2c1,2.44,b65c7462d12b616edadb88499492ec63
Clc1ccc2c(c1)C(N1CCNCC1)=Nc1ccccc1O2,2.28,9c884fcf88e85e2f4e323c82ab26fd61
Clc1ccc2c(c1)CCc1cccnc1C2=C1CCNCC1,1.48,e2e78653e6a48735fea7b4001a0626d1
Clc1ccc2c(c1Nc1ccnc(Nc3cc(N4CCOCC4)cc(N4CCOCC4)c3)n1)OCO2,3.25,9aad3ce1c732f1d5374b53b00a0208e1
Clc1ccc2c(c1Nc1ccnc(Nc3ccccc3)n1)OCO2,3.9,180d3da45755fb817ca2d8fa6288ef90
Clc1ccc2c(c1Nc1ncnc3cc(OCCCN4CCCC4)cc(OC4CCOCC4)c13)OCO2,2.3,be6513803f53b6dfffbd96769018daa7
Clc1ccc2c(c1Nc1ncnc3cc(OCCN4CCCC4)cc(OC4CCOCC4)c13)OCO2,2.6,5c4709d892de682b17a83f22571a4f78
Clc1ccc2ncc(-c3cccc(NC4CNC4)n3)n2c1,1.19,03779df411399bc80c8bd1325d14ec78
Clc1ccc2nsnc2c1NC1=NCCN1,0.71,530ffe429f7823cbf448d0486ad80748
Clc1cccc(-c2cnc3ccc(NC4CCOCC4)nn23)c1,4.3,bb0b7b12cd02bad83cf9a6dcaac44b98
Clc1cccc(-n2nnnc2NCc2ccccc2Oc2ccccn2)c1Cl,3.62,ef36c3af32bcb193b5941bd1581117d3
Clc1cccc(Cl)c1-c1nnc2cccc(Cl)n12,2.66,5ec3611512a77f6810afc58ca4524ca0
Clc1cccc(Cl)c1/C(=C/n1cncn1)OC1CCCCCC1,4.1,9313e6ceb2821bf54f6069b5819c4ed7
Clc1cccc(Nc2ncnc3ccccc23)c1,3.9,c1134c0d044b5fae362940461fe9432d
Clc1cccc2[nH]ncc12,2.5,b795f1fa874b702a7ad46e4bd3020390
Clc1cccc2cn[nH]c12,2.33,b795f1fa874b702a7ad46e4bd3020390
Clc1ccccc1-c1cnn[nH]1,2.68,ce9c2998d92ec62f18ff79cfb116cc0c
Clc1ccccc1CN1CCc2sccc2C1,3.46,680d466ad218c4b9942f26b607c27fc4
Clc1ccccc1CNC[C@H]1CC[C@H](CNCc2ccccc2Cl)CC1,2.74,da01eccc5cad4ac543033ea22957d40f
Clc1n[nH]c2cccc(Nc3ccnc(Nc4cc(N5CCOCC5)cc(N5CCOCC5)c4)n3)c12,2.78,8db4934ca31db834e80ac1097f68f775
Cn1c(-c2ccc(O)nc2)nc2ccccc21,1.2,0e3832416dd9af603b94af60dcb079fe
Cn1c(-c2ccccc2)cc2onc(-c3ccncc3)c2c1=O,3.17,692e6885e4ef679bc1805de85079040a
Cn1c(-c2ccncc2)cc2onc(-c3ccccc3)c2c1=O,2.61,692e6885e4ef679bc1805de85079040a
Cn1c(=N)n(CC(=O)c2ccc(Cl)cc2)c2ccccc21,1.63,71eeb2c43bc6fb48f43621280900c14c
Cn1c(=O)c(Oc2ccc(F)cc2F)cc2cnc(NC(CCO)CCO)nc21,1.5,fef6857a7a99d9c770519c28745705d3
Cn1c(=O)c(Oc2ccc(F)cc2F)cc2cnc(NC3CCOCC3)nc21,2.76,3ecb01c11fd6181560f8babdc5871fd3
Cn1c(=O)c2[nH]cnc2n(C)c1=O,-0.09,99eb8b6b9096585ee8b538c786c3b02e
Cn1c(=O)c2c(-c3ccc(S(C)(=O)=O)o3)n(Cc3ccnc4ccc(Cl)cc34)nc2n(CC2CC2)c1=O,2.71,c97cf80842b404bed8a257117e53cbd8
Cn1c(=O)c2c(-c3oc(S(C)(=O)=O)cc3Cl)n(Cc3ccnc4ccc(Cl)cc34)nc2n(CC2CC2)c1=O,3.97,0809c9dd3c3442c607b97abb039e63fd
Cn1c(=O)c2c(ncn2C)n(C)c1=O,-0.03,9d0831df317b09483f7fbdb75f49a427
Cn1c(=O)c2c(ncn2CC(O)CO)n(C)c1=O,-1.25,89040f8b54bc4c934191b82d9c8bd248
Cn1c(=O)c2nc(-c3cccnc3)[nH]c2n(C)c1=O,0.7,9ef0eb516a34b3a6a60a947900a85878
Cn1c(=O)n(Cc2ccc(Br)cc2)c2ccccc21,2.81,d38cbe716c134dc8fe9433cd18785c8d
Cn1c(=O)n(Cc2ccc(C(=O)O)cc2)c(=O)c2cc(C#CCc3ccccc3)ccc21,2.5,4a10a65045d1e6a713e17fc4ab3c2670
Cn1c(C#N)ccc1-c1cc(F)c2c(c1)C(C)(C)C(=O)N2,3.21,a74dd5a9b2205d00e28c71bc4894006a
Cn1c(C#N)ccc1-c1ccc2c(c1)C(C)(C)OC(=O)N2,2.85,7fc09bed0a1a2f8766a4ca982c9f94f6
Cn1c(C#N)ccc1-c1ccc2c(c1)C(C)(C)OC(=S)N2,3.4,7fc09bed0a1a2f8766a4ca982c9f94f6
Cn1c(C(=O)O)c(CCCOc2cccc3ccccc23)c2ccccc21,2.99,d50f13b71c7e657c5dc21e46ae62f721
Cn1c(CN2CCC(c3ccccc3)CC2)nc2ccccc21,3.6,aa4fab6c52bc154c10cc3592ec4effc7
Cn1c(CN2CCN(c3ccc(Cl)cc3)CC2)nc2ccccc21,3.54,c903d619e0c90d6af48f58704fca2d2f
Cn1c(CN2CCN(c3cccc(Cl)c3)CC2)nc2ccccc21,3.75,f99e71b4cd6cb65efeeba89f93fc078e
Cn1c(CN2CCN(c3ccccc3)CC2)nc2ccccc21,3.11,aa4fab6c52bc154c10cc3592ec4effc7
Cn1c(N)nc(CCc2ccc3cc[nH]c3c2)cc1=O,2.1,72339d2a3f4d934c4b2521712b6586ad
Cn1c(N)nc(CCc2ccc3ccccc3c2)cc1=O,2.7,db5ae7dc7a3da377aa295ce15da11b53
Cn1c(N)nc(CCc2cccc(-c3ccccc3)c2)cc1=O,3.8,0a7d61177346216b8464e02039871c0c
Cn1c(N)nc(CCc2cccc(-c3cccnc3)c2)cc1=O,2.5,0a7d61177346216b8464e02039871c0c
Cn1c(N)nc(CCc2ccccc2)cc1=O,2.0,49e75485f9021eab0c79154191db521f
Cn1c(Nc2ccc(C(F)(F)F)cc2)nc2cc(Oc3ccnc(-c4ncc(C(F)(F)F)[nH]4)c3)ccc21,3.45,bca7b5f0961660d232bad0b2ce466776
Cn1c(SCc2c(Cl)cccc2Cl)nnc1-c1ccc2nonc2c1,3.35,9726402c75d1d9cf3c39a03cfd1cdc65
Cn1c2ccccc2c2cc(NC(=O)CCc3ccncc3)ccc21,3.8,250f7c4d7cb4dfb49171031b2b02a4d8
Cn1cc(-c2ccc(O)cc2)c(=O)c2c(O)cc(O)cc21,2.2,c479603ace1fbcf13744de2d7eb40587
Cn1cc(-c2cccc(C[C@H](NC(=O)c3cc(C(C)(C)C)nn3C)C(=O)NCC#N)c2)cn1,2.6,ce6e6194317e29447cbb3d2a98e657e5
Cn1cc(C#N)cc1-c1c2c(=O)n(C)c(=O)n(CC3CC3)c2nn1Cc1ccnc2ccc(Cl)cc12,3.67,5f0645a26a5dbc794e052b44c7ae3be6
Cn1cc(C#N)cc1-c1c2c(=O)n(CC#CCn3cncn3)c(=O)n(CC3CC3)c2nn1Cc1ccnc2ccc(Cl)cc12,3.43,fefffbad53ddb7a3d4c204c7be3836b4
Cn1cc(C#N)cc1-c1c2c(=O)n(CC#N)c(=O)n(CC3CC3)c2nn1Cc1ccnc2ccc(Cl)cc12,3.33,498744ce5a3e4b2f94eb706041002266
Cn1cc(C#N)cc1-c1c2c(=O)n(CCO)c(=O)n(CC3CC3)c2nn1Cc1ccnc2ccc(Cl)cc12,3.0,498744ce5a3e4b2f94eb706041002266
Cn1cc(C(=O)CCCCOc2ccc(C(=O)O)cc2)cc1C=O,0.14,e20bd37e0cc4f1923ce5459f2f743360
Cn1cc(C(=O)NC[C@@H](O)CN2CCC(Oc3ccc(Cl)c(Cl)c3)CC2)c(C(F)(F)F)cc1=O,2.76,68b0c2d735c899fd9adf28db5eb03985
Cn1cc(CN2CCc3cc4nc(N)sc4cc3CC2)cn1,1.06,425f8ce355ec92a289f2d39cbdd171a4
Cn1cc(S(C)(=O)=O)cc1-c1c2c(=O)n(C)c(=O)n(CC3CC3)c2nn1Cc1ccnc2ccc(Cl)cc12,3.18,0809c9dd3c3442c607b97abb039e63fd
Cn1cc(S(C)(=O)=O)nc1-c1c2c(=O)n(C)c(=O)n(CC3CC3)c2nn1Cc1ccnc2ccc(Cl)cc12,2.64,0809c9dd3c3442c607b97abb039e63fd
Cn1cc[nH]c1=S,-0.42,44bf747c04df002d53e645dfd7a3d1de
Cn1ccc2c(-c3nc(CS(C)(=O)=O)cc(N4CCOCC4)n3)cccc21,2.0,d792e400e41fdf800a8c8d719eba6923
Cn1cnc(-c2ccccc2)c1-c1cc2c(N)ncnc2s1,2.94,2d5ad512da423d63442b6610287cc468
Cn1cnc(-c2ccccc2)c1-c1nc2c(N)ncnc2s1,2.69,2d5ad512da423d63442b6610287cc468
Cn1cnc(-c2ccccc2)c1/C=C/c1ccnc(N)n1,2.61,2723a7b24821a8f7a3584d4db06e45b7
Cn1cnc(-c2ccccc2)c1C#Cc1ccnc(N)n1,2.94,2723a7b24821a8f7a3584d4db06e45b7
Cn1cnc([N+](=O)[O-])c1Sc1ncnc2nc[nH]c12,0.19,70c1261cce39c62c802437d67abeaf1d
Cn1cnc2c(-c3ccc(C4(N)CCC4)cc3)c(-c3ccccc3)ccc21,2.5,cb544cdbbe4bb0b05defad83fb380166
Cn1cnc2cc(C#Cc3ccccc3)cnc21,3.5,7af74ad90b8749c6f58d952eb785d854
Cn1cnc2cc(OC(=O)c3ccccc3)cnc21,2.4,f7d87d3c4e4a9d72152da888350b9266
Cn1cncc1-c1c2c(=O)n(C)c(=O)n(CC3CC3)c2nn1Cc1ccnc2ccc(Cl)cc12,2.69,a6677736469b3be1d908e792638985d3
Cn1cncc1-c1c2c(=O)n(C3CC3)c(=O)n(CC3CC3)c2nn1Cc1ccnc2ccc(Cl)cc12,3.53,3fb4b88982628c38f32c3f21aa5826f5
Cn1cncc1-c1c2c(=O)n(CC#CCO)c(=O)n(CC3CC3)c2nn1Cc1ccnc2ccc(Cl)cc12,2.55,836030dc4b4092899e9fce3bf5efabb6
Cn1cncc1-c1c2c(=O)n(CC3CC3)c(=O)n(CC3CC3)c2nn1Cc1ccnc2ccc(Cl)cc12,4.33,1244ebc5c155d13863eaa6c02873decd
Cn1nc(C(C)(C)C)cc1NC(=O)Nc1ccc(Cl)cc1,3.97,dff943228bef133609e6c1b48374e582
Cn1ncc(Cl)c1-c1cc(C(=O)N[C@H](CN)Cc2cccc(F)c2)sc1Cl,2.99,aa98888cd556423a9dea267473b23c7a
Cn1ncc2c(=O)[nH]c(-c3ccccc3)nc21,1.61,d07e75a9056d721784fd7c29cf8775c1
Cn1ncnc1-c1c2c(=O)n(C)c(=O)n(CC3CC3)c2nn1Cc1ccnc2ccc(Cl)cc12,3.8,a6677736469b3be1d908e792638985d3
Cn1ncnc1COc1nn2c(-c3cc(F)ccc3F)nnc2cc1C(C)(C)C,2.4,c3b9c83d705feb9755d696205b42e028
Cn1nnc(-c2ccc(-c3ccc(N4C[C@H](COc5ccon5)OC4=O)cc3F)cn2)n1,1.24,40463b1f74bdf0dc927cd0903e2fbafc
Cn1nnc2c(C(N)=O)ncn2c1=O,-1.08,db690a95150f0b8b7917f636cf201de7
Cn1sc(=O)c2cc(S(=O)(=O)NC3CC3)ccc21,1.3,d7e238e47d0cbd58459248aec525c5c6
Cn1sc(=O)c2cc(S(N)(=O)=O)ccc21,0.3,40089a2ec0b24fde6eff9ea99374f16d
Cn1sc(NC(=O)c2cccc(Cl)c2)nc1=O,0.87,a92ecf57de57e5cb4c1f198e71c24a88
Cn1sc(NC(=O)c2ccccc2)nc1=O,1.13,3b54e242f39db3fb0bca4cb7cb3430d7
Cn1sc(NCc2ccccc2)nc1=O,1.2,40406b080a26138645509b881e419d69
FC(F)(F)c1cc(COCC(c2cccc(Cl)c2)N2CCNCC2)cc(C(F)(F)F)c1,4.2,69bda3096eb2f2317ea2b33e185f9017
FC(F)(F)c1cc(COCC(c2ccccc2)N2CCNCC2)cc(C(F)(F)F)c1,2.9,db93a28fb293c7f3b58bd53e3660af2c
FC(F)(F)c1cc(CO[C@H]2CCCN[C@H]2c2ccccc2)cc(C(F)(F)F)c1,3.6,cc52535533a22ee9a0516980bac93b9d
FC(F)(F)c1nnc2ccc(-n3ccnc3)nn12,0.91,84c3a21913e42aac7b50ccd4f8af230d
FC(F)(F)c1nnc2ccc(N3CCCC3)nn12,2.41,84c3a21913e42aac7b50ccd4f8af230d
FC(F)(F)c1nnc2ccc(N3CCCCC3)nn12,3.0,b504cd2802a8379f6fd971cd93dc8c3f
FC(F)(F)c1nnc2ccc(N3CCCCCC3)nn12,3.29,0f974abb593621ceb7f932b085a04bd1
FC(F)(F)c1nnc2ccc(NCc3cccnc3)nn12,2.06,1fcf6fd2eb53e44bd46445528b7bb639
FC(F)(F)c1nnc2ccc(NCn3nnc4ccccc43)nn12,2.34,606b463fc40a9fd1ad61bc9c7e830da4
FC(F)c1nc2ccccc2[nH]1,2.02,4814dd3ce8e809861417b2d9279ef1b8
FC(F)c1nc2ccccc2n1-c1nc(N2CCOCC2)nc(N2CCOCC2)n1,3.04,6d9b07a585726a822f7e1ee1ff0ddb12
Fc1cc(-c2cccc3ncc(-c4cnn(C5CCNCC5)c4)nc23)cc(F)c1CN1CCOCC1,1.86,ce19f78f845bbb979b462f56939a27b8
Fc1cc(F)cc(-c2cc(N(CCCN3CCCCCC3)Cc3ccc4c(c3)OCO4)on2)c1,3.84,dbb319d862b7c303a4137552209b9865
Fc1cc2[nH]cnc2cc1Cl,2.35,37e9dd6db34e3f5e8137bbbcc2a3e8a5
Fc1ccc(-c2cn3ccccc3n2)cc1,3.1,ece9d2edc6297fca3fe7d5395db4303f
Fc1ccc(-c2ncn(C3CCNCC3)c2-c2ccncc2)cc1,0.3,d0b5dcd81930a12b09c89fedffcbc3a3
Fc1ccc(-n2cc(C3CCNCC3)c3cc(Cl)ccc32)cc1,2.4,c967caa284573ddf45f253ae459b6ff0
Fc1ccc(C(COCc2cc(C(F)(F)F)cc(C(F)(F)F)c2)N2CCNCC2)cc1,3.0,53cd4c6fba6d67bd1868a7e5c8ef53e3
Fc1ccc(C2CC=CCNC2)cc1Cl,1.33,e42bd148b1dd8fba0c71d94b5eab2235
Fc1ccc(C2CCN(C(=S)COCc3ccncc3)CC2)c(Cl)c1,4.23,3ab8aa5f3fa0c30987ef44ecf04d83eb
Fc1ccc(CN2CCN(C3=Nn4c(nnc4C(F)(F)F)CC3)CC2)cc1,2.8,9d9bcbd951b4001bdf5fc743f75e1f35
Fc1ccc(CN2CCN(c3ccc4nnc(C(F)(F)F)n4n3)CC2)cc1,3.46,9d9bcbd951b4001bdf5fc743f75e1f35
Fc1ccc(CNc2ncc(Br)c(Nc3cc(C4CC4)[nH]n3)n2)cc1,4.28,ff8b6693d027658c0d65f2c55351658a
Fc1ccc([C@@H]2CCNC[C@H]2COc2ccc3c(c2)OCO3)cc1,1.78,22bf7a5f8b2665a3ef236fb869916779
Fc1ccc2cn[nH]c2c1,2.3,b65c7462d12b616edadb88499492ec63
Fc1cccc(-c2cncc(CNCC3CC3)n2)c1F,1.82,06d1dc7d01f3a02b5e7967602d64e008
Fc1cccc(C(COCc2cc(C(F)(F)F)cc(C(F)(F)F)c2)N2CCNCC2)c1,3.2,69bda3096eb2f2317ea2b33e185f9017
Fc1cccc(CN2CCN(c3ccc4nnc(C(F)(F)F)n4n3)CC2)c1F,3.6,d2cc5be94a8bddc4649d2416d67ffe3a
Fc1cccc(COc2ccc(Nc3ncnc4ccc(-c5cccc(N6CCOCC6)c5)cc34)cc2Cl)c1,3.2,c0eed4577c346bd503b3a6e741662271
Fc1ncccc1OC[C@@H]1CCN1,-1.2,f7d60ab60ceba261e886f4ba402fa12b
N#C/C(=C(/N)Sc1ccc(N)cc1)c1ccccc1C(F)(F)F,3.3,9bf1f2af152b1cec3a0442aff45f0669
N#C/C(=C(\N)Sc1ccc(N)cc1)c1ccccc1C(F)(F)F,3.4,9bf1f2af152b1cec3a0442aff45f0669
N#CC1(NC(=O)[C@@H]2CCCC[C@H]2C(=O)N2CCN(c3ccc(F)cc3)CC2)CC1,2.12,737dc0947e668848e429b1ddf880140f
N#CC1(NC(=O)[C@@H]2CCCC[C@H]2C(=O)N2CCN(c3ccccc3)CC2)CC1,1.99,e6ad0cc4ac00e5020d081a82f2223a80
N#CC1(NC(=O)[C@@H]2CCCC[C@H]2C(=O)N2CCN(c3nc(-c4ccccc4)cs3)CC2)CC1,3.5,c3ae4c3c4671c2612e459d6d64e93c55
N#CC1(NC(=O)[C@@H]2CCCC[C@H]2C(=O)N2CCN(c3nc(C(F)(F)F)cs3)CC2)CC1,2.4,1028f003fad590e2ce00057af995ceca
N#CC1(NC(=O)[C@@H]2CCCC[C@H]2C(=O)N2CCN(c3nc4c(s3)COCC4)CC2)CC1,1.42,380c054737c198c9dec3b1c35d02f161
N#CC1(NC(=O)[C@@H]2CCCC[C@H]2C(=O)N2CCN(c3nc4ccncc4s3)CC2)CC1,1.6,380c054737c198c9dec3b1c35d02f161
N#CC1(NC(=O)[C@@H]2CCCC[C@H]2C(=O)N2CCN(c3nc4cnccc4s3)CC2)CC1,1.66,380c054737c198c9dec3b1c35d02f161
N#CC1(NC(=O)[C@@H]2CCCC[C@H]2C(=O)N2CCN(c3nc4ncccc4s3)CC2)CC1,1.4,380c054737c198c9dec3b1c35d02f161
N#CC1(NC(=O)[C@@H]2CCCC[C@H]2C(=O)N2CCN(c3nccs3)CC2)CC1,1.3,cc0768dcf0eaaf84fc44aca89e3a797b
N#CC1(NC(=O)[C@@H]2CCCC[C@H]2C(=O)N2CCc3[nH]c4c(Br)cccc4c3C2)CC1,3.12,e4be292a06e408fc8f5b8568a6b00bef
N#CC1(NC(=O)[C@@H]2CCCC[C@H]2C(=O)N2CCc3[nH]c4c(C(F)(F)F)cccc4c3C2)CC1,3.75,8fad5d3fb001dc1fccf8b3d1a2ebd370
N#CC1(NC(=O)[C@@H]2CCCC[C@H]2C(=O)N2CCc3[nH]c4c(Cl)cccc4c3C2)CC1,3.59,e4be292a06e408fc8f5b8568a6b00bef
N#CC1(NC(=O)[C@@H]2CCCC[C@H]2C(=O)N2CCc3[nH]c4c(F)cccc4c3C2)CC1,3.03,e4be292a06e408fc8f5b8568a6b00bef
N#CC1(NC(=O)[C@@H]2CCCC[C@H]2C(=O)N2CCc3[nH]c4c(OC(F)(F)F)cccc4c3C2)CC1,4.01,99c6432219ed845e6a279f44fa03a991
N#CC1(NC(=O)[C@@H]2CCCC[C@H]2C(=O)N2CCc3[nH]c4cc(F)ccc4c3C2)CC1,2.99,e3dd89a0d03de75dc5c200fb7d48322c
N#CC1(NC(=O)[C@@H]2CCCC[C@H]2C(=O)N2CCc3[nH]c4ccc(C(F)(F)F)cc4c3C2)CC1,4.2,e1bba21d2d21738bc707bd51e07fed0e
N#CC1(NC(=O)[C@@H]2CCCC[C@H]2C(=O)N2CCc3[nH]c4ccc(Cl)cc4c3C2)CC1,3.65,1c0f2f4ee54e2b607e02f75b16e57c93
N#CC1(NC(=O)[C@@H]2CCCC[C@H]2C(=O)N2CCc3[nH]c4ccc(F)cc4c3C2)CC1,3.0,1c0f2f4ee54e2b607e02f75b16e57c93
N#CC1(NC(=O)[C@@H]2CCCC[C@H]2C(=O)N2CCc3[nH]c4cccc(F)c4c3C2)CC1,3.2,e1993a47b463104c7beec64a80580fbf
N#CC1(NC(=O)[C@@H]2CCCC[C@H]2C(=O)N2CCc3[nH]c4ccccc4c3C2)CC1,2.66,efbee26fec627222840d3fb236a7051d
N#CC1(NC(=O)[C@@H]2CCCC[C@H]2C(=O)N2CCc3[nH]c4ncccc4c3C2)CC1,2.13,efbee26fec627222840d3fb236a7051d
N#CC1(NC(=O)[C@@H]2CCCC[C@H]2C(=O)N2CCc3oc4ccccc4c3C2)CC1,3.01,efbee26fec627222840d3fb236a7051d
N#CC1=C2C(=NC1=O)c1cccc3c(N4CCSCC4)ccc2c13,3.22,8a248d8a4dd29bf79e22fdbde66837bb
N#CCNC(=O)[C@@H]1CCCC[C@H]1C(=O)N1CC=CCC1,0.9,9098154d653ab0acd5e1e154d15f994f
N#CCNC(=O)[C@@H]1CCCC[C@H]1C(=O)N1CCCCC1,0.9,9098154d653ab0acd5e1e154d15f994f
N#CCNC(=O)[C@@H]1CCCC[C@H]1C(=O)N1CCN(c2ccc(C#N)cc2)CC1,1.79,36b9bcd249750353df050cc7006a7f52
N#CCNC(=O)[C@@H]1CCCC[C@H]1C(=O)N1CCN(c2ccc(F)cc2)CC1,1.92,a97201aa2d17b246fbeaf92918624141
N#CCNC(=O)[C@@H]1CCCC[C@H]1C(=O)N1CCN(c2ccccc2)CC1,1.75,c0c49c4ac4cb83982b018ea181c3dca4
N#CCNC(=O)[C@@H]1CCCC[C@H]1C(=O)N1CCc2[nH]c3ccc(F)cc3c2C1,2.77,14c4541a4828bf8ecf8ef991119c4e08
N#CCNC(=O)[C@@H]1CCCC[C@H]1C(=O)N1CCc2ccccc2C1,1.91,9c3ed8650fc7b264f9c5dc4a8fa50651
N#CCNC(=O)c1ccc(-c2ccnc(Nc3ccc(N4CCOCC4)cc3)n2)cc1,2.37,6ed9a7a423d0dfaa92fa500351649a44
N#CC[C@H](C1CCCC1)n1cc(-c2ncnc3[nH]ccc23)cn1,2.55,fb31aa01ce74f02004e4215dbfa6301b
N#CCc1c[nH]c2ccc(OCc3ccccc3)cc12,3.71,1433e393ff506767d29698329bd1fcfe
N#CN=C(N)c1sc(Nc2ccccc2)nc1N,2.91,7a4464a573ec8ab73376449e84943096
N#C[C@@H]1CCCN1C(=O)CNC12CC3CC(CC(O)(C3)C1)C2,-0.48,6d5b40482b2f39337168df4413eff7ba
N#C[C@@H]1CCCN1C(=O)CNCCNc1ccc(Cl)cn1,0.99,2f589bdfcfde68c49900888680487cd4
N#C[C@@]1(NC(=O)[C@@H](N)Cc2cccs2)C[C@@H]1c1ccccc1,1.3,687e42eebe5950c986ba8cbc0ebf9b08
N#C[C@]1(NC(=O)[C@@H](N)Cc2cccs2)C[C@H]1c1ccccc1,1.5,687e42eebe5950c986ba8cbc0ebf9b08
N#Cc1c(-c2ccc(-c3ccccc3C(F)(F)F)cc2)nc2ccncc2c1O,3.3,d37f3fc0f9681f5f15aa7ef4f4d59397
N#Cc1c(-c2ccc(-c3ccccc3CN3CCOCC3)cc2)nc2ccncc2c1O,2.0,357b4abe549fcb0130d27e2ab7d83f52
N#Cc1c(-c2ccc(-c3ccccc3OC(F)(F)F)cc2)nc2ccncc2c1O,3.45,c599a70a11ca8327b641793e2e827dd3
N#Cc1c(-c2ccccc2)nc(SCCc2ccccc2)[nH]c1=O,1.71,4efdd2374bb3c0325169f9f21e3e397e
N#Cc1c(-c2ccccc2)nc(SCc2ccccc2)[nH]c1=O,1.56,e7f2f5dd454da631e2a06f94a66cf3b3
N#Cc1c(C(=O)O)n(Cc2ccc(Cl)c(Cl)c2)c2ccccc12,1.26,0e6327020aeb964a9b857376938cedc7
N#Cc1c(N)nc2c(c1N)CC(COc1ccccc1)O2,2.08,afa59c838de890973e7dce15f74440c2
N#Cc1cc(CN2CCC2)cnc1-c1ccc(C(=O)Nc2ccccc2N)cc1,1.22,d9f7aac1fd3f029b075bfcad97de5a47
N#Cc1cc(Cl)ccc1O[C@H](CCN)c1ccccc1,0.91,7d13837a09c36e8f9094e5f66dbcce3b
N#Cc1cc(F)c(Cl)cc1O[C@H](CCN)c1ccccc1,0.77,204929ef18ba504bb523c01ef4b82940
N#Cc1cc(O)cc2nc(-c3ccc(O)cc3)oc12,3.6,f5a2dba3da7ece0a7a350bfda28ab518
N#Cc1cc(S(=O)(=O)NCC(c2ccccc2)N2CCCCCC2)ccc1F,2.71,dffd73739606be24b1a9e9632ce20985
N#Cc1ccc(-c2cc(NC(N)=O)c(C(=O)N[C@H]3CCCNC3)s2)cc1,0.61,71ef0b4faf17df71065a3ada8efca967
N#Cc1ccc(-c2ccc(S(=O)(=O)Nc3cccc(N)n3)cc2)cc1,2.2,eab2b26c3d286c8bf5aa975ca418beb3
N#Cc1ccc(-c2csc(Nc3ccc(O)cc3)n2)cc1,4.1,e76de3c4ab1f4d848658f20da910444b
N#Cc1ccc(C(=O)N2CCC3(CC2)N=C(N)c2c(F)ccc(F)c2N3)cc1,0.86,648c603ba5da0fe5def6afa2947d0e18
N#Cc1ccc(C(=O)N2CCC3(CC2)N=C(N)c2c(F)ccc(F)c2N3)cn1,0.79,648c603ba5da0fe5def6afa2947d0e18
N#Cc1ccc(C(=O)N2CCC3(CC2)N=C(N)c2c(F)cccc2N3)cc1,0.66,1a7c94fc1ffb419cb919f0a27b1f896c
N#Cc1ccc(C(=O)Nc2ccc(-n3ccnc3)nc2)cc1,2.2,73297fbfcec589adf53837ba8b50b26c
N#Cc1ccc(C(F)(F)F)nc1O[C@H](CCN)c1ccno1,-0.49,0df2f88f15124347d0a9607c2806419d
N#Cc1ccc(C(c2ccc(C#N)cc2)n2cncn2)cc1,1.7,e186b46e3c4dee65c04cb6add7dc5fe1
N#Cc1ccc(CN2CCN(c3ccc4nnc(C(F)(F)F)n4n3)CC2)cc1,2.9,87f7a9e95bb9f3aeaf5292ff45624b49
N#Cc1ccc(C[C@@H](C(=O)O)N2CCC(CN3CCC(Oc4ccc(Cl)c(Cl)c4)CC3)CC2)cc1,2.17,d039b99c32f94a2933f7b925765f6153
N#Cc1ccc(Cl)cc1O[C@H](CCN)c1ccccc1,0.76,4f477c09ec01ea35a9b248fc7460bfe0
N#Cc1ccc(Cl)cc1S[C@H](CCN)c1ccccc1,1.26,4f477c09ec01ea35a9b248fc7460bfe0
N#Cc1ccc(F)c(-c2cc(C(F)(F)F)ccc2OCC(=O)O)c1,-0.16,87b4f0175d0939b90c674af50b8ae676
N#Cc1ccc(NC(=O)Nc2ccccc2Br)c2nn[nH]c12,1.64,860f1a4bf3bfdde1fc1976afa8a6d7c2
N#Cc1ccc(Nc2nccc(NC3CC3)n2)cc1,3.01,c1f087605fd02cc3076a7fbc2c206852
N#Cc1ccc(OC2CCN(C[C@H](O)CNC(=O)c3c[nH]c(=O)c4ccccc34)CC2)cc1Cl,2.56,2334bfeff666a2e580a54fd7bb69b58e
N#Cc1ccc(OCC(=O)O)c(-c2ccccc2)c1,-1.08,61bb2a5d4d7d0be416b5e4a9aca0c0cc
N#Cc1ccc(S(=O)(=O)NCC(c2ccccc2)N2CCCCCC2)cc1,2.86,4f725bcb2da4ed384882b34b3db5492a
N#Cc1ccc2[nH]c(-c3ccc(F)cc3)c(CCCC(=O)NS(N)(=O)=O)c2c1,1.95,285a27f564e06bed47bc8c3132cd0d33
N#Cc1ccc2c(c1)N(CCN1CCC(NCc3ccc4c(n3)NC(=O)CO4)CC1)C(=O)CO2,0.23,a3d139c2ac01b558f144a05ba67d267b
N#Cc1ccc2c(c1)NC(=O)C2c1ncnc2cc(OCCCN3CCOCC3)ccc12,2.99,cd7526d36881b8b205a39ca08fb2728c
N#Cc1ccc2ccc(=O)n(CCN3CC[C@@H](NCc4cc5c(cn4)OCCO5)[C@@H](O)C3)c2c1,0.45,aca8baaf301f45be754d5b6cb150a789
N#Cc1ccc2ccc(=O)n(CCN3CC[C@@H](NCc4ccc5c(n4)NC(=O)CO5)[C@@H](F)C3)c2c1,0.66,4a57873e907ecbb7a5dc497400d39972
N#Cc1ccc2ccc(=O)n(CCN3CC[C@H](NCc4cc5c(cn4)OCCO5)[C@H](O)C3)c2c1,0.46,aca8baaf301f45be754d5b6cb150a789
N#Cc1ccc2ccc(=O)n(CCN3CC[C@H](NCc4ccc5c(n4)NC(=O)CO5)[C@H](O)C3)c2c1,0.11,4a57873e907ecbb7a5dc497400d39972
N#Cc1ccc2cccc(O)c2n1,1.81,d1728c739f4edfdc274ecbc32c2e52df
N#Cc1cccc(-c2cc(C(F)(F)F)ccc2OCC(=O)O)c1,0.05,a782ed9a24f34b0d9685e761bac7fbb0
N#Cc1cccc(-c2cc(Cl)ccc2OCC(=O)O)c1,-0.25,3a7984267d25d1f83dc5eb641fa8ec81
N#Cc1cccc(-c2ccc(C3(CNC(=O)Nc4cc(Cl)cc(Cl)c4)CCN(CC4CC4)CC3)cc2)c1,3.37,b4810894dde583c0fc00653e5f4a2938
N#Cc1cccc(-c2cccc(-c3nn[nH]n3)c2)c1,0.7,3d0f85d43b40b4d02117227c65814c03
N#Cc1cccc(-c2cccc(C(=O)O)c2)c1,0.3,a9ac5408d948054df852f6127d3831ea
N#Cc1cccc(-c2nc(-c3ccccn3)no2)c1,2.2,4d47afa042aceb1d40cd9385523ba1c1
N#Cc1cccc(C(=O)NC[C@@H](O)CN2CCC(Oc3ccc(Cl)c(Cl)c3)CC2)c1,3.48,96a9f3e3a3a480327d0caabf12467e97
N#Cc1cccc(C(=O)Nc2cc(-c3ccccc3)nn2-c2ccccc2)c1,3.82,6cc9e6ebfe1064244d55d7e213594755
N#Cc1cccc(COc2cc(OCCCN3CCCC3)ccc2C(=O)Nc2cccc(O)c2)c1,2.41,ffbcb1144b1d407c3d7b7f227c3406cb
N#Cc1cccc(COc2ccc3c(c2)OCCC3=O)c1,2.8,b9e9955d125fa275699d9532687a59a4
N#Cc1cccc(C[C@@H](C(=O)O)N2CCC(CN3CCC(Oc4ccc(Cl)c(Cl)c4)CC3)CC2)c1,2.26,0405f16d20a557256a763afeb5e6089d
N#Cc1cccc(NCC(=O)Nc2c(Cl)ccc3nc(N4CC[C@@H](O)C4)ccc23)c1,2.39,8ad9484d81295df4a217252ec7f373fb
N#Cc1cccc(OC[C@@H](O)CNC2CCN(Cc3ccc(Cl)c(Cl)c3)CC2)c1,3.09,a57dcb969e5706700a838e4528dc6ad0
N#Cc1cccc(S(=O)(=O)NC(=O)N2CCC(N3CCC(Oc4ccc(Cl)c(Cl)c4)CC3)CC2)c1,1.81,db1cdd726350ab843e98f7d95ca352af
N#Cc1cccc(S(=O)(=O)NC[C@@H](O)CN2CCC(Oc3ccc(Cl)c(Cl)c3)CC2)c1,3.42,b8df056c1379965a4d52da2bcddff581
N#Cc1ccccc1COc1cc(OCCCN2CCCC2)ccc1C(=O)Nc1cccc(O)c1,2.34,799f7b9a19bbeff4236ccc0e2a4cbf2e
N#Cc1ccccc1COc1cc(OCCCN2CCCC2)ccc1C(=O)Nc1ccccc1,2.66,5bc856beb573a254a30ad5add66c61a4
N#Cc1ccccc1C[C@@H](C(=O)O)N1CCC(CN2CCC(Oc3ccc(Cl)c(Cl)c3)CC2)CC1,2.12,15f1ef45e4dc67591a1bdd195aada48f
N#Cc1ccccc1Oc1ccc(C(=O)NCc2ccncc2)cc1,2.57,d8e0e4b8cf4ac16a4e6ea9a41a5a47d9
N#Cc1cccnc1-c1ccc(C(=O)Nc2ccccc2N)cc1,1.58,c74bd7b581b1ef597ae1097ff902e561
N#Cc1cnc(N2CCN(C(=O)[C@@H]3CCCC[C@H]3C(=O)NC3(C#N)CC3)CC2)s1,1.2,50163bb5435c5313620dcc1ef812392d
N#Cc1cnn(-c2ccccc2)c1NC(=O)CN1CCN(c2ccccc2)CC1,2.3,d14d87ccd6bc751bba74f50c21b4fb79
N#Cc1cnn(-c2ccccc2)c1NC(=O)CN1CCOCC1,0.5,4017e6f67845b3a6f015b34b16abeb7c
N#Cc1cnn(-c2ccccc2)c1NC(=O)c1ccccc1F,1.7,d900c6c289c9a6c9dfb21f74ef60825a
N#Cc1cnn2c(N)cc(-c3ccc(F)cc3)nc12,2.23,55f04c7ab6ae188f74fb2a5cdd8f54bf
N#Cc1cnn2c(N)cc(-c3ccccc3)nc12,2.48,0cb1c3b370ae0d73f0304f852aa5ab4e
N#Cc1cnn2c(N)cc(-c3cccs3)nc12,2.3,2e98d93b7ed3a07d2f9365129c516356
N#Cc1cnn2c(NC3CC3)cc(-c3cccs3)nc12,2.88,17394448d998f507be4c027684e78487
N#Cc1cnn2c(NC3CC3)cc(-n3ccc4ccc(CO)cc43)nc12,3.09,d9cb3b539a553f83c35719a06e36ac1b
N#Cc1nc(N2CCCC2)c(N)c(N2CCOCC2)n1,2.25,fefb07e0d214e844939f2fb49f43da6d
N#Cc1nc(N2CCCCC2)c(N)c(N2CCOCC2)n1,2.71,35fa3fe6354a3ce4eb2f413e59783bc1
N#Cc1nc(N2CCOCC2)nc(N2CCOCC2)n1,1.51,f2ce022f9371b6b494760f6d706a29c5
N#Cc1nc(NC2CC3CCC2C3)c(N)c(N2CCOCC2)n1,3.53,f0b788519186b342e8ca3adb0b2dff12
N#Cc1nc(NC2CCCC2)c(N)c(N2CCOCC2)n1,2.59,ce96366abf947e96ecb6747bcfe98928
N#Cc1nc(NC2CCCCC2)c(N)c(N2CCOCC2)n1,2.81,1ee87018aa1f00c4c1215530087f1a5f
N#Cc1nc(NC2CCOC2)c(N)c(N2CCOCC2)n1,1.6,ce96366abf947e96ecb6747bcfe98928
N#Cc1nc(Nc2ccccc2)c(N)c(N2CCOCC2)n1,2.72,1ee87018aa1f00c4c1215530087f1a5f
N=C(N)N1CCc2ccccc2C1,-1.01,ee7dc065b07015bf686248d6b4c18996
N=C(N)NC(=O)c1nc(Cl)c(NCc2ccccn2)nc1N,-0.56,220cebd706b9c503b201450023d78e2c
N=C(N)NC(=O)c1nc(Cl)c(NCc2ccncc2)nc1N,-0.51,220cebd706b9c503b201450023d78e2c
N=C(N)NCCC[C@H](NC(=O)COCC(c1ccccc1)c1ccccc1)C(=O)O,0.18,c5d60ec8fb4d554b93c9f04a594a196b
N=C(N)Nc1cc(Cl)nc(-c2ccccc2)n1,2.16,3bf908a570576245d5e4f08df0b0b041
N=C(N)Nc1ccc(C(=O)Oc2ccc(Cl)cc2)cc1,0.7,6c8125a86a1f372a6fa59d052f6d3579
N=C(N)Nc1ccc(C(=O)Oc2ccc([N+](=O)[O-])cc2)cc1,0.5,680b7eb09e2d6da86d1f72793c153983
N=C(N)Nc1ccc(C(=O)Oc2ccccc2)cc1,-0.21,c1bacc7b4144282449717b403fdaac52
N=C(N)Nc1ccc(Cl)c(Cl)c1,-0.31,cb13e864fb86711e4794807063543b45
N=C(N)Nc1nc(CSCCC(=N)NS(N)(=O)=O)cs1,-0.6,408b29be7362ba1b04981c2de3282bac
N=C(N)Nc1nc2ccccc2o1,1.91,c10e8723c6229b34fbaf3c6eca4fcdda
N=C(N)SCc1ccc(Cl)c(Cl)c1,1.28,84fd5c28d9369ae89a3ef0a0faab682e
N=C(N)c1cc2c(-c3ccccc3)cccc2s1,1.27,c068103d73a76fc17a85cd2d432a1f70
N=C(N)c1cc2c(/C=C/c3ccc4c(c3)OCO4)cccc2s1,2.2,dbc6073a081da8aba56af0512ccf7fd9
N=C(N)c1cc2c(I)cccc2s1,0.74,1b9410fcd465abf2adaac58ba5331b9c
N=C(N)c1cc2c(OCc3ccccc3)cccc2s1,1.16,6a21260bdc4e77fbbfb3af2b2d9474ca
N=C(N)c1ccc(C(=O)N2CCN(S(=O)(=O)c3ccc4cc(Br)ccc4c3)CC2)cc1,0.36,aa8bb474d962f682801763d948f70bb7
N=C(NCc1ccc(Cl)cc1)SCCCc1c[nH]cn1,1.13,052922a8dc920f601ea4731c8c4adffa
N=S(=O)(O)Cc1noc2ccccc12,0.55,ce48f791a117f7d613fd3bee8cc3bc8b
NC(=O)C(NC(=O)C1(N)CCN(c2ncnc3[nH]ccc23)CC1)c1ccc(Cl)cc1,2.2,c43649785c97a841f0d9315fcfa7e117
NC(=O)C(c1ccccc1)(c1ccccc1)[C@@H]1CCN(CCc2ccc3c(c2)CCO3)C1,2.79,76a714d9630c463e2c47c75bc7cacff7
NC(=O)C1CCCCC1,0.9,a95dd18a873671a30a757f426a8fa77a
NC(=O)C1CCN(CC(=O)Nc2ccc3c(c2)OCO3)CC1,0.4,e82e5178e92e3a9dde96e1db81d488d0
NC(=O)CN1C(=O)C(NC(=O)c2cc3cc(Cl)sc3[nH]2)Cc2ccccc21,3.22,4e8820279a0878a5c8c3da03f0362eaa
NC(=O)COc1ccc(OCCNCC(O)COc2ccccc2)cc1,0.63,cce280d61f54d61fbba62cc4ed97c2a0
NC(=O)C[S+]([O-])C(c1ccccc1)c1ccccc1,1.12,6ca5746b41988b450801705fefcae7d9
NC(=O)Cc1ccccc1,0.3,023f61083f4328fb83a5e18432765d00
NC(=O)Cc1nc(-c2ccccc2)cs1,1.3,34c8b04e7104a6961fc967e7c790dded
NC(=O)N1c2ccccc2C=Cc2ccccc21,1.65,9f60b914e62e209bb367a368be68d265
NC(=O)N1c2ccccc2CC(=O)c2ccccc21,1.28,371d69377b44d0d3d11f05372d3746f3
NC(=O)N1c2ccccc2C[C@H](O)c2ccccc21,0.79,371d69377b44d0d3d11f05372d3746f3
NC(=O)NC(=O)C(Nc1ccc2c(c1)CCC2)c1ccccc1,3.3,8912d4468cda11049e5a91c4dc4b7040
NC(=O)Nc1cc(-c2cccc(F)c2F)sc1C(=O)N[C@H]1CCCNC1,1.32,52894ee4d758395634760a906b9cb8e7
NC(=O)Nc1cc(-c2cccc(O)c2)sc1C(N)=O,2.21,d3b3afb46c718193eb1ff1a5427abe67
NC(=O)Nc1cc(-c2ccccc2)sc1C(=O)N[C@H]1CCCNC1,1.04,841b1714230442da2863bbc49cf00b9b
NC(=O)Nc1cc(-c2ccccc2)sc1C(N)=O,2.43,00737cb1357cf7b16ccabba5ee3a5bd3
NC(=O)Nc1cc(-c2ccsc2)sc1C(N)=O,2.3,2499597c353d275d8e4273d4976c55e6
NC(=O)Nc1sc(-c2cc(F)cc(F)c2)cc1C(=O)N[C@H]1CCCNC1,2.18,4022e4a8e75c444639cadbcac78acee2
NC(=O)Nc1sc(-c2ccc(CN3CCCCC3)cc2)cc1C(N)=O,1.75,79114c651f0a6f5cebeaf48dc480d332
NC(=O)Nc1sc(-c2ccc(CNC3CCCC3)cc2)cc1C(N)=O,1.22,65d8c40a7801205d357b5758696b3c95
NC(=O)Nc1sc(-c2ccc(F)cc2)cc1C(=O)N[C@H]1CCCNC1,1.76,7cf141ddd92bca11a24aac1c639abb9d
NC(=O)Nc1sc(-c2ccc(OCCN3CCCCC3)cc2)cc1C(N)=O,1.2,60d25c87a46e08138a29048f3c0c4fac
NC(=O)Nc1sc(-c2ccccc2)cc1C(=O)N1CCOCC1,2.24,5f4dd27a60906c8bfc285d6b2baf8fc8
NC(=O)Nc1sc(-c2ccccc2)cc1C(=O)N[C@H]1CCCNC1,1.27,841b1714230442da2863bbc49cf00b9b
NC(=O)Nc1sc(-c2ccccc2)cc1C(N)=O,2.42,00737cb1357cf7b16ccabba5ee3a5bd3
NC(=O)Nc1sc(-c2ccsc2)cc1C(=O)N[C@H]1CCCNC1,1.06,b7cf41c0818d2e93a74321a71c47c00a
NC(=O)c1c(N)sc2c1CCCC2,1.84,e06616423d3eab7a4151afe70a03da4e
NC(=O)c1c(OCc2c(F)cc(Br)cc2F)nsc1NC(=O)NCCCCN1CCCC1,2.5,ec31bfda6a32af277103a70097f03d9b
NC(=O)c1cc(-c2ccccc2)sc1N,2.7,0e95ea6952b8d720ab054b97bf02aad7
NC(=O)c1cc(C(N)=O)n(-c2cccc(-c3cc(C(F)(F)F)ccc3C(F)(F)F)c2)n1,3.4,75529e4ada699e6cee1974c76820fc58
NC(=O)c1cc(F)cc(O[C@H]2C[C@H]3CC[C@@H](C2)N3Cc2ccccc2)c1,2.14,106cc234bc6147bbe9085e5838707a56
NC(=O)c1cc(O)cc2nc(-c3ccc(O)cc3)oc12,2.3,c9a3d8322bbe4dbfa204e6394f8ae4f3
NC(=O)c1cc([N+](=O)[O-])cc([N+](=O)[O-])c1,0.81,a08bcc2b4952fb712c2ec72b47dbff5c
NC(=O)c1cc2ccccc2nc1N,1.07,37e3756e0ee24c2dcbeff9a461f4d17c
NC(=O)c1ccc(-c2cc3c(N[C@H]4CCCNC4)ncc(C(N)=O)c3s2)cc1,0.28,16206f2e5347ccda22e2bd12d9fcb7e9
NC(=O)c1ccc(=O)n(Cc2ccc(Cl)cc2Cl)c1,2.36,389a363fdb8bd93bec4cd72c5f701821
NC(=O)c1ccc(=O)n(Cc2ccc(F)c(F)c2)c1,1.37,7f050e7f9bd47efee17bf38d95fc8f51
NC(=O)c1ccc(Br)cc1,1.75,65ca9332c51bb580e791aea13d0da4d7
NC(=O)c1ccc(N(C(N)=O)c2c(F)cccc2F)nc1-c1ccc(F)cc1F,1.6,4bf152c58d5452ae428bf76781b2bec6
NC(=O)c1ccc(O[C@H]2C[C@H]3CC[C@@H](C2)N3Cc2ccccc2)c(F)c1,2.1,9fc3bdc251c9a81ce3e0b210d57dd9bf
NC(=O)c1ccc(O[C@H]2C[C@H]3CC[C@@H](C2)N3Cc2ccccc2)cn1,1.51,bc30da65e1a6bd73c03b7b873e543beb
NC(=O)c1ccc(O[C@H]2C[C@H]3CC[C@@H](C2)N3Cc2ccccc2)nc1,1.25,bc30da65e1a6bd73c03b7b873e543beb
NC(=O)c1ccc(Oc2cccc3cccnc23)c([N+](=O)[O-])c1,1.7,56d975189f2319d10f703ac91a2354ce
NC(=O)c1cccc(C[C@@H]2C[C@H]3CC[C@@H](C2)N3Cc2ccccc2)c1,1.11,3b5339bd25253df7dc76e4da93aaa3d5
NC(=O)c1cccc(C[C@H]2C[C@H]3CC[C@@H](C2)N3Cc2ccccc2)c1,1.19,3b5339bd25253df7dc76e4da93aaa3d5
NC(=O)c1cccc(N[C@H]2C[C@H]3CC[C@@H](C2)N3Cc2ccccc2)c1,1.01,3b5339bd25253df7dc76e4da93aaa3d5
NC(=O)c1cccc(OC2CCN(CC3CC3)CC2)c1,0.49,0430931ed915ac58f7e3a2221d326c9c
NC(=O)c1cccc(OC2CCN(Cc3ccccc3)CC2)c1,1.92,1c3467bff1150f278a91bc4e89debf0b
NC(=O)c1cccc(O[C@@H]2C[C@H]3CC[C@@H](C2)N3CC2CC2)c1,0.07,b617d6f4971a39c96ace5c67b2af23bc
NC(=O)c1cccc(O[C@@H]2C[C@H]3CC[C@@H](C2)N3CCc2ccccc2)c1,2.0,00e1bf15efb007ae040e544f54a44c71
NC(=O)c1cccc(O[C@@H]2C[C@H]3CC[C@@H](C2)N3Cc2ccccc2)c1,1.76,3b5339bd25253df7dc76e4da93aaa3d5
NC(=O)c1cccc(O[C@H]2C[C@H]3CC[C@@H](C2)N3CC2CCCCC2)c1,1.55,3b5339bd25253df7dc76e4da93aaa3d5
NC(=O)c1cccc(O[C@H]2C[C@H]3CC[C@@H](C2)N3Cc2ccccc2)c1,1.61,3b5339bd25253df7dc76e4da93aaa3d5
NC(=O)c1cccc(O[C@H]2C[C@H]3CC[C@@H](C2)N3Cc2ccccc2)n1,1.71,3b5339bd25253df7dc76e4da93aaa3d5
NC(=O)c1cccc(S[C@H]2C[C@H]3CC[C@@H](C2)N3Cc2ccccc2)c1,2.22,3b5339bd25253df7dc76e4da93aaa3d5
NC(=O)c1cccc([S+]([O-])[C@H]2C[C@H]3CC[C@@H](C2)N3Cc2ccccc2)c1,1.1,26a343534e9d09c879822383e937e49b
NC(=O)c1ccccc1O,1.09,5df49823493265a811f2bd7691e4a406
NC(=O)c1ccccc1OCc1ccccc1,2.5,90508d4b259f3dd553ba0f64252ddc1c
NC(=O)c1cccnc1Oc1ccccc1,1.13,f73fae9ad80f536932819bd69a6e5b0d
NC(=O)c1ccn2c(-c3ccccc3)c(-c3ccc(C4(N)CCC4)cc3)nc2c1,2.0,c268a2e4a0f0bbb827acc8d5fc465c7f
NC(=O)c1cn([C@@H]2O[C@H](CO)[C@@H](O)[C@H]2O)c2ncnc(N)c12,-0.87,7108fa0f35b1da88310ec3b0fc5391e2
NC(=O)c1cnc(-c2ccc(C3(N)CCC3)cc2)c(-c2ccccc2)c1,1.3,2ee555d56e34e7fe348788e990a8221c
NC(=O)c1cnc(N[C@H]2CCCNC2)c2cc(-c3ccc(Cl)c(F)c3)sc12,2.76,09dd09aae170eee593010b727f609bf2
NC(=O)c1cnc(N[C@H]2CCCNC2)c2cc(-c3ccc(Cl)cc3)sc12,2.78,c6e9c4bfec515632f918f1066b131cf6
NC(=O)c1cnc(N[C@H]2CCCNC2)c2cc(-c3ccc(F)c(Cl)c3)sc12,2.94,09dd09aae170eee593010b727f609bf2
NC(=O)c1cnc(N[C@H]2CCCNC2)c2cc(-c3ccc(F)c(F)c3)sc12,2.17,09dd09aae170eee593010b727f609bf2
NC(=O)c1cnc(N[C@H]2CCCNC2)c2cc(-c3ccc(F)cc3)sc12,2.01,c6e9c4bfec515632f918f1066b131cf6
NC(=O)c1cnc(N[C@H]2CCCNC2)c2cc(-c3ccc(F)cc3F)sc12,1.97,187187589d17e01ddb1c052dc6ac62d2
NC(=O)c1cnc(N[C@H]2CCCNC2)c2cc(-c3ccncc3)sc12,0.77,0195344368c2d828fceac525466dbd8c
NC(=O)c1cnc(N[C@H]2CCCNC2)c2cc(Br)sc12,1.08,d5ebf35d8f0787cf8067da4549512a01
NC(=O)c1cnc2[nH]c(-c3ccc(OCCN4CCCCC4)cc3)nc2c1NCCCNC(=O)C1CCC1,2.48,b5c15a2a62caf835131cf0022468e9c9
NC(=O)c1cncc(-c2ccc([C@H]3CC[C@H](CC(=O)O)CC3)cc2)c1,0.22,dc9308c7d58bf89f045f80bc30a8c34e
NC(=O)c1cncc(O[C@H]2C[C@H]3CC[C@@H](C2)N3Cc2ccccc2)n1,1.1,3b5339bd25253df7dc76e4da93aaa3d5
NC(=O)c1nnn(-c2ccccc2)c1N,0.74,c5f5b64ad62527891491542ba0a8468a
NC(=O)c1sc(-c2ccc(Cl)cc2)cc1N,3.3,491decfa401df188c2463cc5c88742a7
NC(=O)c1sc(-c2ccccc2)cc1N,2.33,0e95ea6952b8d720ab054b97bf02aad7
NC(=O)c1sc(-c2ccsc2)cc1N,2.23,6107c96e8223d1527c095cb251803888
NC(=O)c1sc(-c2ccsc2)cc1NS(=O)(=O)c1ccc(C(F)(F)F)cc1,2.39,567fcdf8e75dfc60ff68ae1425848611
NC(=O)c1sc2nccc(Nc3ccccc3)c2c1N,2.91,8e85e40dd6c6b3804c71d2ac290c4350
NC(Cc1c[nH]c2ccccc12)C(=O)O,-1.17,1644b4fd2323b1d855a71905a91bd300
NC(Cc1cc(I)c(Oc2ccc(O)c(I)c2)c(I)c1)C(=O)O,0.97,566d674c18e3d7f1f74b172139c68584
NC(Cc1ccc(N(CCCl)CCCl)cc1)C(=O)O,0.39,372d353d8e789c2e843acc53cda65198
NC(Cc1ccccc1)c1ccccc1,1.32,0606fee27dfc7254c74d220adc773109
NC1(C(=O)NC(CCCN2CCCC2)c2ccc(Cl)cc2)CCN(c2ncnc3[nH]ccc23)CC1,1.3,f4badabf31343170b12fecea4b8c09a6
NC1(C(=O)NC(CCCN2CCOCC2)c2ccc(Cl)cc2)CCN(c2ncnc3[nH]ccc23)CC1,2.7,995a037c057a6809d6a86e452204cdf1
NC1(C(=O)NC(CCO)c2ccc(Cl)cc2)CCN(c2ncnc3[nH]ccc23)CC1,2.5,7d334dd3adbfc9d2cdc767c4f8fd03d3
NC1(C(=O)NC(CO)c2ccc(Cl)cc2)CCN(c2ncnc3[nH]ccc23)CC1,2.4,a458c26138c8e786167af518ccaa3407
NC1(C(=O)NC(CS(N)(=O)=O)c2ccc(Cl)cc2)CCN(c2ncnc3[nH]ccc23)CC1,2.2,b1ee2b417e3de3c6b49af26422a7a26c
NC1(C(=O)NC(Cc2ccccc2)c2ccc(Cl)cc2)CCN(c2ncnc3[nH]ccc23)CC1,4.1,38d0be219e456713d910804f9b59875d
NC1(C(=O)NC(c2ccc(Cl)cc2)C2CC2)CCN(c2ncnc3[nH]ccc23)CC1,3.4,2651d0b676e24f847c379adc25bf264c
NC1(C(=O)NC(c2ccccc2)c2ccc(Cl)cc2)CCN(c2ncnc3[nH]ccc23)CC1,4.1,19f1dc7913a6b5c60825793c0d0aa0f9
NC1(C(=O)NCc2ccc(Cl)cc2)CCN(c2ncnc3[nH]ccc23)CC1,2.88,439a20f6d590eaa9cbeaec6c115b5fc9
NC1(C(=O)N[C@@H](CCN2CCCCC2)c2ccc(Cl)cc2)CCN(c2ncnc3[nH]ccc23)CC1,2.4,bebac783dbc1c7f72a631e8a4d22c55a
NC1(Cc2ccc(Cl)cc2)CCN(c2ncnc3[nH]ccc23)CC1,2.72,933d59f70da991a742832397983f93a8
NC1(c2ccc(-c3c(-c4ccccc4)ccc4ccnn34)cc2)CCC1,2.9,1e53a947a3d741998509cf79acc04f3c
NC1(c2ccc(-c3c(-c4ccccc4)ccn4ccnc34)cc2)CCC1,2.0,1e53a947a3d741998509cf79acc04f3c
NC1(c2ccc(-c3c(-c4ccccc4)ccn4ncnc34)cc2)CCC1,1.7,1e53a947a3d741998509cf79acc04f3c
NC1(c2ccc(-c3c(-c4ccccc4)ncc4nccn34)cc2)CCC1,1.7,1e53a947a3d741998509cf79acc04f3c
NC1(c2ccc(-c3nc4ccccc4c(=O)n3-c3ccccc3)cc2)CCC1,1.5,fefcce5a8d13c61643aff0347462ff6b
NC1(c2ccc(-c3nc4ccccc4cc3-c3ccccc3)cc2)CCC1,3.6,fbb69e7ce0fb64ceff6c11d5c2211c2f
NC1(c2ccc(-c3nc4ccccn4c3-c3ccccc3)cc2)CCC1,2.8,fbad4dfdee7e35d1113b5f87c7eb99e5
NC1(c2ccc(-c3nc4ccn5c(=O)[nH]nc5c4cc3-c3ccccc3)cc2)CCC1,2.5,5d85282982e75be65e4f0df17a4d4f82
NC1(c2ccc(-c3ncc4ccccc4c3-c3ccccc3)cc2)CCC1,3.6,7e5ebe0b4980721349f96889c5f03cf6
NC1(c2ccc(-c3ncc4cccn4c3-c3ccccc3)cc2)CCC1,2.5,e8e97edf41ba2f13f2b800b943f4e11d
NC1(c2ccc(-c3ncc4cccnc4c3-c3ccccc3)cc2)CCC1,1.7,7e5ebe0b4980721349f96889c5f03cf6
NC1(c2ccc(-c3ncc4ccncc4c3-c3ccccc3)cc2)CCC1,2.2,7e5ebe0b4980721349f96889c5f03cf6
NC1(c2ccc(-c3ncc4cnccc4c3-c3ccccc3)cc2)CCC1,2.2,7e5ebe0b4980721349f96889c5f03cf6
NC1(c2ccc(-c3ncc4ncccc4c3-c3ccccc3)cc2)CCC1,2.0,7e5ebe0b4980721349f96889c5f03cf6
NC1(c2ccc(-c3ncc4nccn4c3-c3ccccc3)cc2)CCC1,1.3,e8e97edf41ba2f13f2b800b943f4e11d
NC1(c2ccc(-c3nn4ccc(=O)nc4cc3-c3ccccc3)cc2)CCC1,0.2,bafcb26928c12504c83df358f5827cf8
NC1(c2ccc(-c3nn4cccc4cc3-c3ccccc3)cc2)CCC1,3.3,b4a517b8f91503fe8b2cb9c730c00bea
NC1(c2ccc(-c3nn4ccccc4c3-c3ccccc3)cc2)CCC1,3.2,fbad4dfdee7e35d1113b5f87c7eb99e5
NC1(c2ccc(-n3c(-c4ccccc4)nc4ccccc4c3=O)cc2)CCC1,1.6,413bd6da7eae50d44ceca4463993c33a
NC12CC3CC(CC(C3)C1)C2,-0.98,889bb64bc9452aa5152df19a2b7abe89
NC12CCC(c3ccccc3)(CC1)CC2,0.29,4c64c0b464097c6117c24395147648d9
NC1=NC(c2ccc(Cl)c(Cl)c2)CC(=O)N1,1.46,8b3db07cedcb3ec369792a98cab130e2
NC1=NC(c2cccc(-c3cncnc3)c2)(c2ccnc(C(F)(F)F)c2)c2cccc(F)c21,3.4,2d4f77f8ef3fe4f710008637b589d00d
NC1=NC(c2ccco2)Nc2c(F)ccc(F)c21,1.2,026270176a5221d50d1c6b09c0ae8f6f
NC1=NC(c2cccs2)Nc2cccc(F)c21,0.91,7c954544a182199e82d9a0770ebc9c80
NC1=NN(c2cccc(C(F)(F)F)c2)CC1,2.55,d0c87f4495d53ca097a220629e939680
NC1C2CN(c3nc4c(cc3F)c(=O)c(C(=O)O)cn4-c3ccc(F)cc3F)CC12,0.3,344d13ed5a09f834561bc2211f32e45a
NC1CCN(c2nccc(C(=O)NCC34CC5CC(CC(C5)C3)C4)c2Cl)CC1,1.19,50fbe2e417f50374b539fade8b30b51f
NC1CCc2cc(OC(=O)c3ccccc3)c(OC(=O)c3ccccc3)cc2C1,2.6,c2ed45125c7a6c7e9d61737e5e9ff7d2
NCC(O)(c1ccc(Cl)cc1)c1ccc(Cl)cc1,2.69,d9830d4daae56fe0bb540eec06f80a4d
NCC(O)(c1ccccc1)c1ccccc1,0.9,a2d41df1d484458fd3b7d2c660c1f13d
NCCCC(=O)OCCN1CCN(CCCN2c3ccccc3Sc3ccc(Cl)cc32)CC1,1.5,d6123c53815aaa6efafbafa3768d6d46
NCCCCCc1c[nH]c2ccc(F)cc12,0.6,0268a2ad06c87903333e6b2770bc4159
NCCCCN(Cc1nc2ccccc2[nH]1)C1CCCc2cccnc21,0.83,36f987efa6f700d50d4d5cf2c0f6b756
NCCc1ccc(O)c2nc(O)sc12,0.33,4c9a33968adc2775e0b4197f455926f4
NCc1ccc(NC(=O)c2cc(Nc3ncccn3)c3cc(/C(N)=N/O)ccc3c2)cc1,-0.85,a893ccac1fc54fb8ae2945f73c77279d
NCc1nc2ccccc2[nH]1,0.4,dacb542a505b1455f1056156ffd0bacc
NNC(=O)c1ccncc1,-0.57,f9381bcd9660ce166865d0250259b723
NNCCc1ccccc1,-0.01,949642de8ee5e7ad5475d2650121814b
NNc1nc2ccccc2[nH]c1=O,0.44,bbe09fe842c37290d337f6bdd6d8c2ae
NS(=O)(=O)c1cc(C(=O)O)c(NCc2ccco2)cc1Cl,-0.9,26eb257db06ee0c23932c4ac99def0e8
NS(=O)(=O)c1cc(C(=O)O)cc(N2CCCC2)c1Oc1ccccc1,-0.94,5688e9015f80fc91ea976de08d33c3c6
NS(=O)(=O)c1cc(C2(O)NC(=O)c3ccccc32)ccc1Cl,0.97,73925048be67f2c583c01ca5a2db9a65
NS(=O)(=O)c1cc(Cl)c(Cl)c(S(N)(=O)=O)c1,0.92,4471b1a389e71563607cd576dcb62371
NS(=O)(=O)c1cc2c(cc1C(F)(F)F)NC(Cc1ccccc1)NS2(=O)=O,1.78,a086f74241f170ac71f30cd648b1bf35
NS(=O)(=O)c1cc2c(cc1Cl)NC(C(Cl)Cl)NS2(=O)=O,0.37,6b954c066e7e43e9d75a6ff396e21537
NS(=O)(=O)c1cc2c(cc1Cl)NC(C1CC3C=CC1C3)NS2(=O)=O,2.12,6566506822d1436c6bcd809f8d6af188
NS(=O)(=O)c1cc2c(cc1Cl)NCNS2(=O)=O,-0.09,d4ea6ab67c8f6c9534470262860fe5c2
NS(=O)(=O)c1ccc(CCNc2ccc3nnc(-c4ccccc4)n3n2)cc1,2.19,1bf6184983fd340f659644ac4692952c
NS(=O)(=O)c1ccc(NCc2ccccc2)cc1,1.7,a067735b406d671cee5f6a95c993152e
NS(=O)(=O)c1ccc(Nc2nccc(-c3ccccc3)n2)cc1,2.86,841e45eaaeff178cde5586e0149eb3a5
NS(=O)(=O)c1ccc(Nc2nccc(-c3cnc4ccccn34)n2)cc1,2.7,683447af353bd89be211bec8e8a12169
NS(=O)(=O)c1ccc(Nc2nccc(Nc3c(Cl)ccc4c3OCO4)n2)cc1,2.7,1084dafa974646818f936d41614bf259
NS(=O)(=O)c1ccc2c(C(=O)NC[C@@H](O)CN3CCC(Oc4ccc(Cl)c(Cl)c4)CC3)c[nH]c(=O)c2c1,2.17,dbb97ea064ede9d5756479e86f32e9dd
NS(=O)(=O)c1ccc2c(c1)C1C=CCC1C(c1cccc3ccccc13)N2,1.9,47ef0232b9f5a75685cb0388894bf042
NS(=O)(=O)c1cccc(Nc2nccc(Nc3c(Cl)ccc4c3OCO4)n2)c1,2.97,882fc2efb087278469d30645b4f103b5
NS(=O)(=O)c1cccc(Nc2nccc(Nc3cccc4[nH]ncc34)n2)c1,2.6,4ac41dbedcf09e93c6272a63f95b4a21
NS(=O)(=O)c1cccc2c1c([N+](=O)[O-])cc1nc(O)c(O)nc12,0.36,d4b9d1992b3b550f6b7d84373eab8da4
NS(=O)(=O)c1nc2ccccc2s1,1.35,2227503499162d33b541c677c75682fe
N[C@@H](CC(=O)N1CCn2c(nnc2C(F)(F)F)C1)Cc1cc(F)c(F)cc1F,0.31,b0ed90cf310373275c1b5b8eab3ad22a
N[C@@H](Cc1c[nH]c2ccccc12)C(=O)O,-1.08,1644b4fd2323b1d855a71905a91bd300
N[C@@H](Cc1ccc(F)cc1)C(=O)O,-1.06,e1539161ead35a52ce0c1c7b4ab4ad8b
N[C@@H]1CCCN(c2c(/C=C3\SC(=O)NC3=O)cccc2-c2ccncc2)C1,1.56,78f12ff0a950fe3ac9108e4d925c2830
N[C@@H]1CCCN(c2c(Cl)cccc2/C=C2\SC(=O)NC2=O)C1,1.97,e9488b209c545b83dae6a0313bf77479
N[C@H](CNC(=O)c1cc2c(-c3ccccc3Cc3ccccc3)cccc2[nH]1)C(=O)O,3.25,f84d486af3c1fa3aa57e3bf0b1a02a31
N[C@H](Cc1c[nH]c2ccccc12)C(=O)O,-0.92,1644b4fd2323b1d855a71905a91bd300
N[C@H]1CCN(c2c(Cl)cccc2/C=C2\SC(=O)NC2=O)C1,1.89,478b270faab7f9085ec45ac55c5ca0aa
Nc1[nH]nc2cccc(Cl)c12,1.92,9a86e03dfd13e0046892ae193925315b
Nc1[nH]nc2ccccc12,1.0,0c65ca3bca12d81fcba0788e68dbf204
Nc1[nH]ncc1-c1cc(Cl)ccc1Oc1cc(F)c(S(=O)(=O)Nc2cscn2)cc1Cl,2.3,9a90288ec8611df7f61931f4ac727080
Nc1[nH]ncc1S(=O)(=O)c1ccccc1,1.1,e08172582dd92bc92f32a6b8036f97dd
Nc1c(-c2ccccc2)c(CN2CCOCC2)nn1-c1ccc(F)cc1,2.33,0c774c4d4e37690798f8fddcf7047001
Nc1c(C(=O)NC2CC2)nnc2c(-c3ncccn3)c(F)ccc12,1.59,af180d9548a8ea1d425d473b958a0ee0
Nc1c(C(=O)NC2CC2)nnc2c(-c3ncccn3)cccc12,1.5,7392eb1970d9729f3ed4e39ffea0ed4f
Nc1c(C(=O)c2cccc(OC[C@@H](O)CO)c2)cnn1-c1ccc(F)cc1,1.91,3fff5a2daec2fb05c7f91b2833ccbc56
Nc1c(C(=O)c2cccc(OC[C@H](O)CO)c2)cnn1-c1ccc(F)cc1,1.94,3fff5a2daec2fb05c7f91b2833ccbc56
Nc1c2c(nc3c(-c4ncccn4)cccc13)CN(C1CCC1)C2=O,1.85,d4370954971e8c854a9666f77f029ab7
Nc1c2c(nc3ccc(Br)cc13)N(c1ccccc1)CC2,3.12,4fe6492ca2a572b9fe90304abecf9fcc
Nc1c2c(nc3ccccc13)CCCC2,0.38,5e02e854f81282ed4ec90b265fd87e64
Nc1cc(-c2ccccc2)nc2ccccc12,2.2,c4685e4588eb279dc80056098317c44c
Nc1cc(-c2ccccc2)ncn1,1.91,5abe94cc7a1d1989567f4fd9d242559c
Nc1cc(C(=O)Nc2cccc(-c3nnn[nH]3)c2)cc(C(F)(F)F)c1,0.2,0b6f9a3317d9b779f05f4706f6a485c0
Nc1cc(C(F)(F)F)c(-c2cc(N3CCOCC3)nc(N3CCOCC3)n2)cn1,2.7,922afe61c4ad1d37dfe2ca3e87effaa7
Nc1cc(N2CCCCC2)nc(N)[n+]1[O-],0.77,ab1444d1eadb1ac0ff034a330592c68a
Nc1cc2n[nH]c(=O)n2c2cc(-c3ccc[nH]3)ccc12,2.3,4132599816139fb60f9d2f4e5a9b4930
Nc1cc2n[nH]c(=O)n2c2cc(-c3ccco3)ccc12,2.48,4132599816139fb60f9d2f4e5a9b4930
Nc1cc2n[nH]c(=O)n2c2cc(-c3cccs3)ccc12,3.26,4132599816139fb60f9d2f4e5a9b4930
Nc1cc2n[nH]c(=O)n2c2cc(-c3ccsc3)ccc12,3.18,4132599816139fb60f9d2f4e5a9b4930
Nc1ccc(-c2nc3ccc(O)cc3s2)cc1,3.2,15e12f9779fa87029996b3289787498e
Nc1ccc(C(=O)Nc2cccc(-c3nc(N4CCOCC4)c4oc5ncccc5c4n3)c2)cn1,3.44,a2fd6b2ecfe385eb7e474ca04f6694fb
Nc1ccc(C2(c3ccc(N)cc3)CCCCC2)cc1,3.2,e02e35f3ba8e5f88df86143b7402ece7
Nc1ccc(Cl)c(-c2nc3ncccc3o2)c1,1.97,d1d41131c9b309ca2acc74556771a6bf
Nc1ccc(Cl)c(C(=O)NCC23CC4CC(CC(C4)C2)C3)c1,3.45,8d80f14214fbb84c95298576c7522a34
Nc1ccc(N=Nc2ccccc2)c(N)n1,3.22,68164afff3b1d46093d3e092830c3f50
Nc1ccc(OCCc2ccccc2)cc1,2.71,7469528adfe4ee67a98c7a4626894a58
Nc1ccc(OCc2ccccc2)cc1,2.2,58038dad02b30123b36afa042e35bcd6
Nc1ccc(S(=O)(=O)N2CCCC2)cc1,0.98,4432f73294c40e3a8975c15e52fde9ea
Nc1ccc(S(=O)(=O)Nc2ccccn2)cc1,-0.01,2e76471a22aa1e99e6d05cbaa7867f7a
Nc1ccc(S(=O)(=O)Nc2nccs2)cc1,-0.37,374bdd164d16ed0887145a79d44307f4
Nc1ccc(S(=O)(=O)c2ccc(N)cc2)cc1,0.88,75eeee8ca18b03c54b9ba840725b12c7
Nc1ccc2[nH]c(Cc3ccc(Oc4ccccc4)cc3)nc2c1,3.8,2a7d2eeb9ac9ca14da085d5467bff345
Nc1ccc2c(c1)-c1ccccc1C(=O)C2=O,2.39,5069952ad6dcf22f39ef4c0f66bd55d1
Nc1ccc2c(c1)C(=O)C(=O)c1cc(N)ccc1-2,1.72,33f84b029e8d5420bf3218130613e14d
Nc1ccc2c(c1)C(=O)C(=O)c1ccccc1-2,2.23,b86ec2e3cfa831a3f5c0f2c98f0b1801
Nc1ccc2c(c1)C(=O)c1ccccc1-2,2.9,aa2d300a4478dbd888ecffe0b4eb0ca9
Nc1ccc2cccc(Nc3ncccn3)c2n1,2.7,42594f24fac3e7c9e220d23907727410
Nc1ccc2ccccc2n1,1.7,09865577bdf1c4ac24094347be042401
Nc1ccc2cn[nH]c2c1,0.52,b65c7462d12b616edadb88499492ec63
Nc1ccc2nc(-c3ccc(O)cc3)sc2c1,3.1,15e12f9779fa87029996b3289787498e
Nc1ccc2ncccc2c1,1.33,09865577bdf1c4ac24094347be042401
Nc1ccc2ncnc(Nc3ccc(F)c(Cl)c3)c2c1,2.64,4a2daaa518010481c1e8a9ce870eacfa
Nc1cccc(C(=O)NCC23CC4CC(CC(C4)C2)C3)c1Cl,3.29,b7716646b99e355798eb39c4e6b9e63a
Nc1cccc(CCc2ccc3cc[nH]c3c2)n1,2.8,a8c99c8aed536110c29369370c4506c9
Nc1cccc(NC(=O)c2ccc(CNC(=O)OCc3cccnc3)cc2)c1,1.6,a07e195fbcc02aabba7c86e8a6be33ec
Nc1cccc2c1-c1ccccc1C(=O)C2=O,2.31,094feedc06f430577834762fa75dd413
Nc1cccc2c1C(=O)C(=O)c1ccccc1-2,2.95,f7637811dcb12ad4accf6e7d6167db12
Nc1cccc2c1C(=O)N(Cc1cccc(Cl)c1)C2=O,3.18,dab530acb8708095b37ad365f0944aac
Nc1ccccc1NC(=O)c1ccc(-c2ncc(CN3CCC3)cc2F)cc1,1.69,7c121a97726b42796adad835e3f0ed9b
Nc1ccccc1NC(=O)c1ccc(-c2ncc(CN3CCCCC3)s2)cc1,2.82,a129556e2ebeb5a4b97b78b4c337bd50
Nc1ccccc1NC(=O)c1ccc(-c2nccs2)cc1,2.3,c2200e07ba78c0d8ca78b1c5a4733ff1
Nc1ccccc1NC(=O)c1ccc(C2CCN(CCC(=O)Nc3ccccc3F)CC2)cc1,2.76,8fbf82322e3bea8b0159070d5e97f66d
Nc1ccccc1NC(=O)c1ccc(C2CCN(Cc3ccc(C(=O)NC4CC4)cc3)CC2)cc1,2.31,9ff2bb0e57aed267c61769a1118b9738
Nc1ccccc1NC(=O)c1ccc(C2CCN(Cc3ccccc3)CC2)cc1,2.51,38188caf5fb903d38333a7020ef78838
Nc1ccccc1NC(=O)c1ccc(CNC(=O)OCc2cccnc2)cc1,1.26,8bf331192c8fc3598acb2ce0b784f0bc
Nc1ccccc1NC(=O)c1ccc(CNc2nccc(-c3cccnc3)n2)cc1,2.28,254e927ce9b7c3c3ee5f70ee8107c8d8
Nc1ccccc1NC(=O)c1ccc(N2CCOCC2)cc1,1.2,250d02c7ce51219cbfba6f4fbe9df8df
Nc1ccccc1NC(=O)c1ccccn1,1.0,bb443dd2bb0d047e001ae55358315761
Nc1ccccc1[N+](=O)[O-],-0.96,5df49823493265a811f2bd7691e4a406
Nc1ccn([C@@H]2O[C@H](CO)[C@@H](O)C2(F)F)c(=O)n1,-1.5,2984a903de216c600394f151bec058f6
Nc1ccnc(-c2cccnc2)n1,0.44,5abe94cc7a1d1989567f4fd9d242559c
Nc1n[nH]c(N)c1Cc1ccc2c(c1)OCO2,0.47,91d4e3fea0d4915aa74640bb4b974068
Nc1n[nH]c(Nc2ccccc2)n1,1.06,fd7b24ef83c1c7d6adc42295216139d1
Nc1n[nH]c2c(Cl)cccc12,1.7,b8e47e22e2cd9d307e93ea8c25bff89f
Nc1n[nH]c2ncc3c(c12)CCCCCC3,2.54,e4565d70550f29a88c9a14a6aee177e2
Nc1n[nH]c2nnc(-c3ccccc3)c(-c3ccccc3)c12,2.6,65c2cbe045f7fab320bd93e00d1d934e
Nc1n[nH]cc1-c1cc(C(F)(F)F)ccc1Oc1cc(F)c(S(=O)(=O)Nc2cscn2)cc1Cl,2.65,cc8a4a1b3610ec7abc67ebdf7d6c1e4d
Nc1nc(-c2ccc(Cl)cc2)cs1,3.31,5ebe513fe20b17081564d1ab77f4593b
Nc1nc(-c2ccccc2)cs1,2.43,6c11a608d2ed61f48d04988c07df55a5
Nc1nc(-c2ccccc2)nc2c1nc(O)n2Cc1ccccc1,4.16,fe92564d3cd4eb0157f20b1d550b2438
Nc1nc(-c2ccccc2)nn1Cc1ccccc1,1.91,46568b19378914b1a02068598d575a83
Nc1nc(-c2ccccc2)ns1,2.2,6c11a608d2ed61f48d04988c07df55a5
Nc1nc(-c2ccccn2)nc(N)c1Cc1ccccc1F,2.12,def95a1d14ee81da5632acfd2ff79d12
Nc1nc(CCc2cccc(Br)c2)cc(=O)[nH]1,2.52,0ca87248b8adac8b6e022ff2c5b63a7e
Nc1nc(CCc2ccccc2)cc(=O)[nH]1,1.4,52d6e1c50b18806570ce3228cd4e16ec
Nc1nc(Cl)nc(NCc2ccccc2)n1,2.26,52d6e1c50b18806570ce3228cd4e16ec
Nc1nc(N)c(-c2ccc(NC(=O)C3CC3)cc2)c(COCc2ccccc2)n1,2.46,7ac938bc188cffe8d77b100239d5f0de
Nc1nc(N)c(C(=O)Nc2ccccn2)nc1Cl,2.67,977fa1e5063d24e6421048d52ca6cfe3
Nc1nc(N)c2cc(Br)ccc2n1,1.78,922c9d511babef304738269ff293e96d
Nc1nc(N)c2cc(NCc3ccc(Cl)c(Cl)c3)ccc2n1,2.22,15f34aa555fc0f133f15344554dc98df
Nc1nc(N)c2nc(-c3ccccc3)c(N)nc2n1,1.16,b1946150f9b99a891635ea6a5bcd65b7
Nc1nc(N)c2nc(CO)cnc2n1,-0.45,9908db98aae5795b3ef52a56e3bd2578
Nc1nc(N)nc(-c2ccc(Cl)cc2)n1,2.12,7977bc22a780dc2040eb1b4d716bb532
Nc1nc(N)nc(-c2cccc(C(F)(F)F)c2)n1,2.4,8074f8c0e366c184ad7657bf37bc5440
Nc1nc(NCc2ccccc2)nc2c1nc(O)n2Cc1ccccc1,3.69,278edc2a029eed238d5babfe221c3c5b
Nc1nc(Nc2ccc(F)c(Cl)c2)c2nc[nH]c2n1,2.75,c62271cadda3262acd4633f3a9fe7030
Nc1nc(Nc2ccc(S(N)(=O)=O)cc2)nn1C(=O)c1c(F)cccc1F,1.87,dbd25fc43dd328257c5c6d71bb492a41
Nc1nc(Nc2ccc3nc(-c4ccc(F)cc4)cc(N)c3c2)cc(-c2ccc(C(F)(F)F)cc2)n1,1.54,7e7b56c8e0d21030a64a920e03270646
Nc1nc(Nc2ccc3nc(-c4ccc(F)cc4)cc(N)c3c2)cc(-c2cccc(Cl)c2)n1,2.5,c01379449a0080e23936de8d2c931645
Nc1nc(Nc2cccc(Br)c2)c2nc[nH]c2n1,3.04,9c477c6637774ecf3b4540285b12922b
Nc1nc(O)c2ncn(COCCO)c2n1,-1.42,134c379e2418c58f054c4036403e3335
Nc1nc(O)cc(-c2ccc(O)cc2)n1,1.05,7977bc22a780dc2040eb1b4d716bb532
Nc1nc(OC2CCCC2)nc2c1ncn2[C@@H]1O[C@H](CF)[C@@H](O)[C@H]1O,1.5,9607634fc908ad732a81f7c71d63e67c
Nc1nc(OC2CCCC2)nc2c1ncn2[C@@H]1O[C@H](CO)[C@@H](O)[C@H]1O,0.79,9607634fc908ad732a81f7c71d63e67c
Nc1nc(OC2CCCC2)nc2c1ncn2[C@@H]1O[C@H](CO)[C@H](Cl)[C@H]1O,2.16,9607634fc908ad732a81f7c71d63e67c
Nc1nc(OCc2nccs2)nc2c1ncn2[C@@H]1O[C@H](CF)[C@@H](O)[C@H]1O,0.47,af4ce7ec14152ae7334f09ea0a3760a7
Nc1nc(SCc2ccccc2)nc2c1ncn2[C@@H]1O[C@H](CO)[C@@H](O)[C@H]1O,1.24,21b69b075ef98f9a377f8d4cc9fe0d2c
Nc1nc2cc3c(cc2s1)CCN(Cc1cccc(F)c1)CC3,3.3,89cbc57a69efa6bc08d479b6f75602f1
Nc1nc2cc3c(cc2s1)CCN(Cc1ccccc1)CC3,2.66,523742e7dcc0ecdf188fdba557c88ec4
Nc1nc2cc3c(cc2s1)CCN(Cc1cnc[nH]1)CC3,-0.12,550363f5da1fe643f2691f2ead3cc458
Nc1nc2ccc(-c3cccc(O)c3)cc2s1,3.1,c37d4fefff6a56c9138e2c0fb41ae04d
Nc1nc2ccc(C(=O)c3ccccc3)cc2[nH]1,2.29,96abcb59526712019bb24f3d32b3ec87
Nc1nc2ccc(Cl)cc2c2nc(-c3ccco3)nn12,3.98,042451983a6f73164b586e578c967650
Nc1nc2ccc(F)cc2s1,2.2,1e18e853a872574c751a1b3e2e8a7aa3
Nc1nc2ccc(OC(F)(F)F)cc2s1,3.34,e15b0397a3c0d39dda20f3d114a4a7a3
Nc1nc2ccccc2n1C(=O)c1ccccc1,1.56,74c476c5819fcb6019daeb8d73bf9945
Nc1nc2ccccc2s1,2.0,806f3904d25c846deb66f936b944818c
Nc1nc2nc(-c3cccs3)cc(C(F)(F)F)n2n1,2.01,3ff420fbb024bcbabb037b185aaa0f59
Nc1nc2nc(SCc3cccc(F)c3F)nc(O)c2s1,2.5,1904b5557b6105b445bfa80ea6ee82ce
Nc1nc2nc(SCc3ccccc3)nc(N)c2s1,3.1,71e6da0178c4c75a25d14d491c9ce546
Nc1ncc(-c2ccc(F)cc2)[nH]1,1.39,5ebe513fe20b17081564d1ab77f4593b
Nc1ncc(-c2ccc(S(=O)(=O)N3CCOCC3)cc2)nc1C(=O)Nc1cccnc1,2.83,bf4dcfd65e36e8e0b4564e496dfca89c
Nc1ncc(-c2cnn(C3CCN(C(=O)CO)CC3)c2)cc1-c1nc2ccccc2o1,3.2,d06d99e0e689be677a0ecf6dd5342d8b
Nc1ncc(-c2cnn(C3CCNCC3)c2)cc1-c1nc2ccccc2o1,1.85,c8e2341daea126bcf36ac8fe099509bd
Nc1ncc(-c2cnn(C3CCOCC3)c2)cc1-c1nc2ccccc2o1,4.0,c8e2341daea126bcf36ac8fe099509bd
Nc1ncc(NC(=O)c2cc(NC(=O)c3cccc(C(F)(F)F)c3)ccc2Cl)cc1Cl,3.26,af643d72ddcdb14bc2dc4ab7dcad9883
Nc1ncc2cc(-c3c(Br)cccc3Br)c(N)nc2n1,2.06,a311bbd1cc7779d6c97a4c6e9c1bdfc6
Nc1nccc(-c2c[nH]c3ccccc23)n1,1.68,18bc58da0ac2b98086095aaca8be136c
Nc1nccc(-c2cc3c([nH]2)[C@@H](CCF)CNC3=O)n1,0.51,4e14fb5efd182833e1cc5cb32f5b13b1
Nc1nccc(-c2cc3c([nH]2)[C@H](CCF)CNC3=O)n1,0.51,4e14fb5efd182833e1cc5cb32f5b13b1
Nc1nccc(-c2ccccc2)n1,2.0,5abe94cc7a1d1989567f4fd9d242559c
Nc1nccc(-c2cccs2)n1,1.75,77a83ca03621ad58219bb4f2b077c6ee
Nc1nccc(-n2ccc3ccccc32)n1,2.71,18bc58da0ac2b98086095aaca8be136c
Nc1nccc(/C=C/c2ccc(Cl)cc2)n1,3.5,115208b5a0b43d128a1cffbc78b06b61
Nc1nccc2ccccc12,1.5,f9e7199e472410d3d2519630916625b9
Nc1ncccc1NCc1cccc(-c2cccnc2)c1,3.0,99ff0ab5f573b247efe8093af8bd624c
Nc1ncnc(Nc2ccccc2)n1,1.4,95bcc38b368b344fdbdbfc43f8cd51e7
Nc1ncnc2[nH]ccc12,1.78,b795f1fa874b702a7ad46e4bd3020390
Nc1ncnc2c1C(=O)N(c1ccc([C@H]3CC[C@H](CC(=O)O)CC3)cc1)CCO2,-0.5,a2244f1b177840ac8f6cef8ccebe1b76
Nc1ncnc2c1c(COc1cccc(Cl)c1)nn2C1CCOCC1,3.17,3af7229aaf54434a9828412261e538af
Nc1ncnc2c1nc(Sc1nc3cccc(Cl)c3s1)n2CCO,2.37,b40e88bf6fc81e6e730386133f22acfe
Nc1ncnc2c1ncn2Cc1ccccc1,1.53,01c0e95b266113428b3c525880c2ad2f
Nc1ncnc2c1ncn2[C@@H]1O[C@H](CSCCCNC(=O)NCc2ccccc2)[C@@H](O)[C@H]1O,0.9,69606491e990bee45421bdedde7c9e02
Nc1ncnc2c1ncn2[C@@H]1O[C@H](CSCCCNC(=O)Nc2ccc(Cl)cc2)[C@@H](O)[C@H]1O,2.5,2d0eeafe4ab0bc97d3df1cf60db5a53b
Nc1ncnc2c1ncn2[C@@H]1O[C@H](CSCCCNC(=O)Nc2ccccc2)[C@@H](O)[C@H]1O,1.9,e12faad15a1a509c50b4c392eae9a854
Nc1ncnc2ccccc12,1.26,f9e7199e472410d3d2519630916625b9
Nc1ncnc2nc(-c3ccc(N4CCOCC4)nc3)cc(-c3cccc(Br)c3)c12,3.2,77718b60c41777890562c777df5fea0e
Nc1ncnc2oc(-c3ccoc3)c(-c3ccco3)c12,3.1,87e5e41240f77c09d7883b25966078ba
Nc1ncnc2sc(-c3c(-c4ccccc4)ncn3C[C@H]3CCCO3)nc12,2.65,0293f4986892ffb7e0372095c7541c71
Nc1ncnc2sc(-c3c(-c4ccccc4)ncn3Cc3ccccc3N3CCOCC3)nc12,3.58,12900a51e42ff8ac40572272853566b3
Nc1ncnc2sccc12,1.19,b795f1fa874b702a7ad46e4bd3020390
Nc1nnc(-c2cccc(Cl)c2Cl)c(N)n1,1.38,104894c25635a1f8c2b98b48cf7e76f1
Nc1nnc(-c2ccccc2)s1,1.8,6c11a608d2ed61f48d04988c07df55a5
Nc1nnc(CCSCCc2nnc(N)s2)s1,-0.1,779953d6186180515b4cf9b10926e7a6
Nc1nnc(CCSCCc2nnc(NC(=O)Cc3ccccc3)s2)s1,2.0,23e8211711d8f7a7c2805c0a56205e69
Nc1nnc(Cc2ccc(Cl)cc2)s1,2.34,fba5e17504c6f45d3bedfa2b472146e8
Nc1nonc1/C(=N/O)Nc1ccc(F)c(Cl)c1,2.7,fdfbe4dbc4d5f5fbc5eedc3e3076960e
Nc1sc2c(c1C(=O)NCc1ccccc1)CCCC2,3.52,130879f361d538e17d05ceb85165146d
Nc1scc2c(C(=O)NC3CC3)nn(-c3ccc(F)cc3)c(=O)c12,2.8,4a1047fa5e84b5568cabb992526e9b1e
O=C(/C=C/Sc1nc[nH]n1)c1ccc(Cl)cc1,3.1,e5f5288f0edc0dbc887f78e7054b41e4
O=C(/C=C/c1c(C(=O)O)[nH]c2cc(Cl)cc(Cl)c12)Nc1ccccc1,1.52,3225e8d4c1cc9d93f4e695b7afc06d9a
O=C(C(=O)c1cc(Br)ccc1O)c1cc(Br)ccc1O,3.85,1b9453a4b61648adaae11fd6445f6c03
O=C(C1CCCCC1)N1CC(=O)N2CCc3ccccc3C2C1,2.43,07e52466cdfa756a9f127e83586c2580
O=C(C1CCN(c2nnc(-n3cccc3)s2)CC1)N1CCN(Cc2ccc3c(c2)OCO3)CC1,2.5,a11aa33bc8d1fd38d37835a35342472a
O=C(C1CCN(c2nnc(-n3cccc3)s2)CC1)N1CCc2ccccc2C1,3.7,1a4fbdbecdf64dd4ace832ff27429718
O=C(CC12CC3CC(CC(C3)C1)C2)Nc1c(Cl)ccc2nc(CN3CCN(CCO)CC3)ccc12,2.93,5e077256b098555ef399f67c62b413fe
O=C(CC12CC3CC(CC(C3)C1)C2)Nc1ccc2[nH]ncc2c1,4.03,83cae95ccbd70d7398024d9ae5840c1e
O=C(CC12CC3CC(CC(C3)C1)C2)Nc1cccc2c(=O)n(C(CO)CO)ccc12,2.62,9c23ca6892e6ac331b1f6753b88e26e1
O=C(CC12CC3CC(CC(C3)C1)C2)Nc1cccc2nc(NCCNCCO)ccc12,1.79,bd380b5a236913cb181d9b33b85fbcef
O=C(CC12CC3CC(CC(C3)C1)C2)Nc1cccc2ncccc12,3.83,aeddb5f5b231982cf6b66d1617f2d90c
O=C(CC1CCCCC1)Nc1c(Cl)ccc2nc(NCCCO)ccc12,3.29,85b575430bab637ff2a8b0093c9823b2
O=C(CC1CCCCCC1)Nc1cccc2c(=O)n([C@H]3CCNC3)ccc12,1.15,3b6a188edf19e18c7cf24eb11df86ae0
O=C(CC1CCN(Cc2ccn(-c3ccc(C(F)(F)F)cc3)c2)CC1)N(CCCO)Cc1ccc(F)cc1,3.04,253a554416c4709cc494f09e976094d4
O=C(CC1CCN(Cc2ccn(-c3ccc(C(F)(F)F)cc3)c2)CC1)NC(c1ccc(F)cc1)c1c[nH]c(=O)c(Cl)c1,3.12,96f5a6defa24c51ccbb5accfb36e900d
O=C(CC1CCN(Cc2ccn(-c3ccc(C(F)(F)F)cc3)c2)CC1)NC(c1ccc(F)cc1)c1ccc(=O)[nH]c1,3.04,55067a6d8921120b20785cb63c3420f5
O=C(CCCN1CCC(O)(c2ccc(Cl)cc2)CC1)c1ccc(F)cc1,2.67,e990380f5bc848de420cd4b440aeb313
O=C(CCCc1ccncc1)N1CCN(c2ccc(Cl)cc2Cl)CC1,3.93,3ab8aa5f3fa0c30987ef44ecf04d83eb
O=C(CCN1CCCCC1)Nc1ccc(-c2cccn3c(=O)cc(N4CCOCC4)nc23)c2sc3ccccc3c12,2.9,019a257bf090c710366e00151cfa19ab
O=C(CCS(=O)(=O)c1ccc(Br)cc1)NCc1ccc(F)cc1,3.1,35713db10f8212369757f4718f36d0d6
O=C(CCc1ccccc1)c1ccccc1,3.77,f8b19e069e6587f1c6d37699f3496cdc
O=C(CCc1ccccc1O)Nc1ccccc1,2.71,25c9e2663d1707fac87e4f843be7f68e
O=C(CCc1ccncc1)Nc1ccc(C(=O)c2ccccc2)cc1,3.4,a167e27405e0a1a2c79ee8e02cf51367
O=C(CN1C(=O)C(NC(=O)c2cc3cc(Cl)sc3[nH]2)Cc2ccccc21)NC(CO)CO,2.61,d5b0a797da744727887aaf7abe508bfe
O=C(CN1C(=O)C(NC(=O)c2cc3cc(Cl)sc3[nH]2)Cc2ccccc21)NCCO,3.05,8bb27acf7afb1cda94d1d5c5f9d9efae
O=C(CN1C(=O)C(NC(=O)c2cc3cc(Cl)sc3[nH]2)Cc2ccccc21)NO,2.4,ca547cb4ad8771a5d585ca87c20b8220
O=C(CN1C2=NCCN2c2ccccc21)c1ccc(Cl)cc1,2.62,49cb7f6cfa878d2a53e74e6ab72e439e
O=C(CN1CCOCC1)Nc1ccc(-c2cccc3c(=O)cc(N4CCOCC4)oc23)cc1-c1ccccc1,3.4,5efa8ac37759c61f2a3013116fec8a07
O=C(CN1CCOCC1)Nc1ccc(-c2cccc3c(=O)cc(N4CCOCC4)oc23)cc1O,2.4,81f5a7c51c38885265daf794aa46f9a8
O=C(CN1CCOCC1)Nc1ccc(-c2cccc3c(=O)cc(N4CCOCC4)oc23)cc1OCC1CC1,3.3,0ad702a0c4c32dc07266ff1a22d43316
O=C(CO)N1CCC(c2[nH]nc(-c3ccc(Cl)cc3F)c2-c2ccncn2)CC1,1.79,0259e8b9828a3fa986f3d7742e6c0173
O=C(CO)N1CCC(c2n[nH]c(-c3ccc(Cl)cc3)c2-c2ccncn2)CC1,1.85,d965f77f85c193f18810ff671ff78857
O=C(CO)N1CCC[C@@H]1COc1cccc2ncnc(Nc3ccc(OCc4ccccn4)c(Cl)c3)c12,3.71,487171b14e7cbc5e31a57311770e9b4f
O=C(CO)N1CCC[C@H]1COc1cccc2ncnc(Nc3ccc(OCc4ccccn4)c(Cl)c3)c12,3.62,487171b14e7cbc5e31a57311770e9b4f
O=C(COCc1ccccc1)Nc1ccc2c(c1)C(=O)C(=O)c1ccccc1-2,3.21,74fd13dd7a56f0d808507ab3f4e500bc
O=C(COCc1ccccn1)N1CCN(c2ccc(Cl)cc2Cl)CC1,3.47,3ab8aa5f3fa0c30987ef44ecf04d83eb
O=C(COCc1ccncc1)N1CCC(F)(c2ccc(Cl)cc2)CC1,3.03,3e78c7c5acc91d74f65f19ea9df004de
O=C(COCc1ccncc1)N1CCC(c2ccc(Cl)cc2)CC1,2.74,9299d7475fc796b5e897f28858775935
O=C(COCc1ccncc1)N1CCC(c2ccc(Cl)cc2Cl)CC1,2.63,3ab8aa5f3fa0c30987ef44ecf04d83eb
O=C(COCc1ccncc1)N1CCC(c2ccc(F)cc2Cl)CC1,2.7,3ab8aa5f3fa0c30987ef44ecf04d83eb
O=C(COCc1ccncc1)N1CCN(c2ccc(Cl)cc2Cl)CC1,3.38,3ab8aa5f3fa0c30987ef44ecf04d83eb
O=C(COCc1ccncc1)N1CCN(c2ccc(Cl)cc2F)CC1,2.55,3ab8aa5f3fa0c30987ef44ecf04d83eb
O=C(COCc1ccncc1)N1CCN(c2ccc(F)cc2Cl)CC1,2.63,3ab8aa5f3fa0c30987ef44ecf04d83eb
O=C(COCc1cscn1)N1CCN(c2ccc(Cl)cc2Cl)CC1,3.07,ef4fb9d7a955a38ce0845872016ebb15
O=C(COc1ccc(OCCNCC(O)COc2ccccc2)cc1)NCCO,0.42,38afb89d24fb582806ca4b5e3a1353b3
O=C(COc1ccc(SCCCCCc2ccccc2)cc1)COc1ccc(C(=O)O)cc1,3.63,975f9aafa5da2d2ae602e4a45727aa6b
O=C(COc1ccccc1)N1CCOCC1,0.75,f8b19e069e6587f1c6d37699f3496cdc
O=C(COc1ccccc1)c1ccccc1,2.87,f8b19e069e6587f1c6d37699f3496cdc
O=C(COc1ccccc1O)NC1CCCC1,2.31,7d3f00892d3b7497f042e1f4d49f9cdb
O=C(CS(=O)(=O)c1ccccc1)c1ccccc1,1.86,16aa6770f1347a84898a66672fbd029e
O=C(CSc1ccccc1)N1CCN(C(=O)c2ccco2)CC1,1.6,519ebc5ce6406973b1dae6ee5c8eabd0
O=C(CSc1ccccc1)N1CCN(c2ccccc2)CC1,3.2,de1a8e6f93174dcf27d31c8c0c01b71e
O=C(CSc1ccncc1)Nc1ccc(C(=O)c2ccccc2)cc1,3.6,a167e27405e0a1a2c79ee8e02cf51367
O=C(CSc1nc2c(c(=O)n1-c1ccccc1)SCC2)Nc1ncc(-c2ccccc2)s1,3.95,ceb3105c39cad0aa689983d29875a0ec
O=C(CSc1nccn(-c2ccc(F)c(F)c2)c1=O)NC1CCCC1,2.0,54d9eebb24e5cd5ab7a600419b27a86e
O=C(Cc1c(C(=O)O)[nH]c2ccccc12)Nc1cccc(C(F)(F)F)c1,1.33,03a287cb061007301082d471eef5fde2
O=C(Cc1cc(Nc2ncnc3cc(OCCCN4CCC[C@@H]4CO)ccc23)n[nH]1)Nc1cccc(F)c1F,2.06,8b63ec4a2b775e4311f652c716811bb0
O=C(Cc1ccc(Cl)c(C(F)(F)F)c1)Nc1cccc2c(=O)n(CCO)ccc12,3.36,4bdf1a0b9f2c04ca5c16943786ab103c
O=C(Cc1ccc(F)c(C(F)(F)F)c1)Nc1cccc2c(=O)n([C@@H]3CNC[C@H]3O)ccc12,1.33,36d96a61cf987f9fe82adde046f26a04
O=C(Cc1ccc(O)cc1)c1ccc(O)cc1O,2.54,031b410a2160c19a3d16ded5ee18548a
O=C(Cc1ccc(OCc2ccccc2)cc1)NO,1.92,c006b986fe09627cf1caf435139995d3
O=C(Cc1ccc(Oc2ccccc2)cc1)NO,2.03,f07c29135a7b9b5ecfed417b79d4781f
O=C(Cc1ccc2c(n1)NCCC2)Nc1ccc(C[C@H](NC(=O)c2c(Cl)cccc2Cl)C(=O)O)cc1,-0.63,71d5ee5c256e5a6de0ebb77498890de9
O=C(Cc1cccc2ccccc12)Nc1ccccc1,3.9,5ab7b9c736e359eaa943876a3f62505f
O=C(Cc1ccccc1)Nc1nccs1,2.5,ceb04063a2859ea158f08c5e30740b5a
O=C(Cc1ccccc1)c1ccc(O)cc1O,3.09,9eec629439400b2ad85fa5f7719f57b0
O=C(Cc1ccccn1)c1ccc(Cl)cc1,2.96,47c073bf6781819aab4179054b100b81
O=C(Cn1cnc2ccccc21)c1ccc(Br)cc1,3.22,20897f24447e8e0197daacd0216348aa
O=C(N1CCN(c2ccncc2Cl)CC1)N1CCN(S(=O)(=O)c2ccc(C(F)(F)F)cc2)CC1,3.54,cc9905d5fe6f89a125c0f2d7ef260709
O=C(NC1CC1)c1cc(-c2cccs2)on1,2.54,664579adec078b4bebac70cc693e8bb3
O=C(NC1CCCC1)C(c1ccncc1)N(Cc1ccco1)C(=O)c1ccc(-c2ccccc2)[nH]1,4.36,9088216833a1dacb1fb6b13b40946046
O=C(NC1CCCCC1)C1CCCN(S(=O)(=O)c2cccs2)C1,2.93,1266858ba22b9944003f478a89ff2bb4
O=C(NC1CCCCC1)N1CCN(c2ccccc2Cl)CC1,3.78,1b8f537fe2d061e8834265f3ca982a4f
O=C(NC1CCCCC1)c1cccnc1Sc1ccccc1,3.01,d2be47c90599b1fc3b03ee5751d4b0c6
O=C(NC1CCCS(=O)(=O)C1)c1ccc(Oc2ccc(C#C[C@]3(O)CN4CCC3CC4)cc2)cc1,1.4,157010258b144c1e262ee5f286903adf
O=C(NC1CCS(=O)(=O)C1)c1ccc(Oc2ccc(C#C[C@]3(O)CN4CCC3CC4)cc2)cc1,1.64,d1bb9faf90464272d68f7e098344a3ac
O=C(NC1Cc2ccccc2N(CC(=O)N2CCC(O)CC2)C1=O)c1cc2cc(Cl)sc2[nH]1,2.86,d350fdebb82fbd802fa1900b3ddba39c
O=C(NC1Cc2ccccc2N(CC(CO)CO)C1=O)c1cc2cc(Cl)ccc2[nH]1,3.64,14435452195382cf9c2ad930b9c3f23e
O=C(NC1Cc2ccccc2N(CC(CO)CO)C1=O)c1cc2cc(Cl)sc2[nH]1,3.56,da265df1cc8edecd36e5f61538f1cadd
O=C(NC1Cc2ccccc2N(CCCO)C1=O)c1cc2cc(Cl)sc2[nH]1,3.49,3f5bd68b01259fae244dc5a9e60331f0
O=C(NC1Cc2ccccc2N(CCO)C1=O)c1cc2cc(Cl)sc2[nH]1,3.05,dee610c43a1d49ff29275e3a66a833db
O=C(NC1Cc2ccccc2N(C[C@@H](O)CO)C1=O)c1cc2cc(Cl)ccc2[nH]1,3.4,924d3024d13cf6968dcf4702811d262c
O=C(NC1Cc2ccccc2N(C[C@@H](O)CO)C1=O)c1cc2cc(Cl)sc2[nH]1,3.37,ca547cb4ad8771a5d585ca87c20b8220
O=C(NCC(=O)N(CCO)c1ccccc1)c1cc2cc(Cl)ccc2[nH]1,3.37,6ca28f6ee03efc8812e2ee4e4cd602d7
O=C(NCC1(O)CCCCCC1)c1cc(-c2ccccc2C(=O)O)ccc1Cl,-0.34,919363391810211c15596da1ad0ad5b7
O=C(NCC1(O)CCCCCC1)c1cc(-n2ncc(=O)[nH]c2=O)ccc1Cl,0.26,9479603623f250d1408674869c8cba89
O=C(NCC12CC3CC(CC(C3)C1)C2)c1c(Cl)ccc2nc(N3CCC[C@H](NCCc4nnn[nH]4)C3)ccc12,3.08,70b7980331399312ba1bfd08b5f5f647
O=C(NCC12CC3CC(CC(C3)C1)C2)c1cc(-n2ncc(=O)[nH]c2=O)ccc1Cl,2.1,1ca02f3d8a6ca3855c114f3f3c3a7848
O=C(NCC12CC3CC(CC(C3)C1)C2)c1cc(C2CCNCC2)ccc1Cl,1.58,61798aa572576fe45d1adb4cc7b6216f
O=C(NCC12CC3CC(CC(C3)C1)C2)c1cc(CC2CCNCC2)ccc1Cl,1.49,8f13de9aac72da87d78637609d7d15e5
O=C(NCC12CC3CC(CC(C3)C1)C2)c1cc(CN2CC3CNCC(C2)O3)ccc1Cl,1.55,7a8a80833baca9df8dabc3ecbe599447
O=C(NCC12CC3CC(CC(C3)C1)C2)c1cc(CN2CCNCC2)ccc1Cl,1.84,8f13de9aac72da87d78637609d7d15e5
O=C(NCC12CC3CC(CC(C3)C1)C2)c1cc(CN2C[C@@H]3C[C@H]2CN3)ccc1Cl,1.45,c5144e2d8ea51038a8a3629a5943f6ec
O=C(NCC12CC3CC(CC(C3)C1)C2)c1cc(N2CCNCC2)ccc1Cl,1.77,61798aa572576fe45d1adb4cc7b6216f
O=C(NCC12CC3CC(CC(C3)C1)C2)c1cc(N2CCNCC2)ncc1Cl,2.09,61798aa572576fe45d1adb4cc7b6216f
O=C(NCC12CC3CC(CC(C3)C1)C2)c1cc(OC2CCNCC2)ccc1Cl,1.83,8f13de9aac72da87d78637609d7d15e5
O=C(NCC12CC3CC(CC(C3)C1)C2)c1cc(OC2CCNCC2)ncc1Cl,1.56,8f13de9aac72da87d78637609d7d15e5
O=C(NCC12CC3CC(CC(C3)C1)C2)c1cc(OCCCNCCCO)ccc1Cl,1.41,f2f9bb3d67ba0b3c2ee243fae9fedced
O=C(NCC12CC3CC(CC(C3)C1)C2)c1cc(O[C@H]2CCCNC2)ccc1Cl,2.18,8f13de9aac72da87d78637609d7d15e5
O=C(NCC12CC3CC(CC(C3)C1)C2)c1cccc(Cl)c1Cl,4.37,b7716646b99e355798eb39c4e6b9e63a
O=C(NCC12CC3CC(CC(C3)C1)C2)c1ccccc1,4.21,c9cd79047626d4243aa6f0312463535c
O=C(NCC12CC3CC(CC(C3)C1)C2)c1ccccc1Br,4.15,337442fb6605579b1c9ae8ba0263d68f
O=C(NCC12CC3CC(CC(C3)C1)C2)c1ccccc1Cl,4.05,337442fb6605579b1c9ae8ba0263d68f
O=C(NCC12CC3CC(CC(C3)C1)C2)c1ccnc(N2CCNCC2)c1Cl,1.77,98fc6ffe59e08763e8673c0b12358cbb
O=C(NCC12CC3CC(CC(C3)C1)C2)c1ccnc(NCC2CCNCC2)c1Cl,0.6,7fbdefaf8f9d3c44af8f24d3929590c2
O=C(NCC1CCCCC1)c1c(Cl)ccc2ncccc12,2.65,11349f4bef591dcbcc8ecaf2786fabec
O=C(NCC1CCCCC1)c1cc(-n2ncc(=O)[nH]c2=O)ccc1Cl,1.26,dcf176de8954e97fd7b17026c1c86c20
O=C(NCC1CCCCCC1)c1cc(-c2cccnc2N2CCC(C(=O)O)CC2)ccc1Cl,2.53,219669c83d47bad7e3b8a38d38fc3cbf
O=C(NCC1CCCCN1)c1cc(OCC(F)(F)F)ccc1OCC(F)(F)F,1.13,4192b408ed32223817fe2ef617a38233
O=C(NCC1CCOCC1)c1nc(OS(=O)(=O)CCC(F)(F)F)ccc1NC(=O)c1ccc(Cn2ccnn2)c2ccccc12,4.2,ef6cd7a733d633a22af193647c516587
O=C(NCC1CCOCC1)c1ncccc1NC(=O)c1cccc2ccccc12,4.4,ba4d03c4ff8307cbacc03fec6c4f3071
O=C(NCCCCCCNCCc1ccc(O)c2nc(O)sc12)Nc1ccccc1,1.26,ea36c314259191316eb76c9c7ed04ef2
O=C(NCCCCc1ccccc1)c1ccccc1,3.8,78f3c4561817715dbc8841a76843b54f
O=C(NCCCN1CCCCC1)C(c1ccccc1)c1ccccc1,1.33,d0a1653d22a5c05c4437ccd7cac7ea90
O=C(NCCCNc1nc(Nc2cccc(NC(=O)N3CCCC3)c2)ncc1Br)c1cccs1,4.13,2ecfab756fb4f1100935e6cffd5b31ac
O=C(NCCN1CCCC1)c1ccc(Nc2ncc3cc(-c4ccncc4)ccc3n2)cc1,2.39,01ea8488b367e419b94e2c6aaa50e24e
O=C(NCCNC(=O)c1cn(-c2ccccc2)nc1C(F)(F)F)c1ccc(Cl)cn1,3.8,2d420d9dba6b4047501dd20568cfdf71
O=C(NCCSCc1ccccc1)c1ccccc1,3.3,78f3c4561817715dbc8841a76843b54f
O=C(NCCc1ccccc1)c1cc(-n2ncc(=O)[nH]c2=O)ccc1Cl,0.74,6ff776af31b246d601a4004a0789f4e8
O=C(NCCc1ccccc1Cl)c1cc(-n2ncc(=O)[nH]c2=O)ccc1Cl,1.29,b12f3fee27bd1cf76180483cce610399
O=C(NC[C@@H](O)CN1CCC(Oc2ccc(Cl)c(Cl)c2)CC1)c1c[nH]c(=O)c2c(F)cccc12,3.15,e5a19d54647284c620fdcce4c987ade2
O=C(NC[C@@H](O)CN1CCC(Oc2ccc(Cl)c(Cl)c2)CC1)c1c[nH]c(=O)c2cc(S(=O)(=O)N3CCC3)ccc12,3.02,e223a2cb477ff057bc8c6ef627af3703
O=C(NC[C@@H](O)CN1CCC(Oc2ccc(Cl)c(Cl)c2)CC1)c1c[nH]c(=O)c2cc(S(=O)(=O)NC3CC3)ccc12,3.67,3ddf73263ac0f8f0fbce9a65e67a92d0
O=C(NC[C@@H](O)CN1CCC(Oc2ccc(Cl)c(Cl)c2)CC1)c1c[nH]c(=O)c2cc(S(=O)(=O)NCCO)ccc12,2.06,51995900a3c652e02f8d57151819b04b
O=C(NC[C@@H](O)CN1CCC(Oc2ccc(Cl)c(Cl)c2)CC1)c1c[nH]c(=O)c2ccc(F)cc12,3.93,d4728b48bf630af46e3cc37e456d1608
O=C(NC[C@@H](O)CN1CCC(Oc2ccc(Cl)c(Cl)c2)CC1)c1c[nH]c(=O)c2ccccc12,3.42,f5df03274f8b92f696178ff978508e47
O=C(NC[C@@H](O)CN1CCC(Oc2ccc(Cl)c(Cl)c2)CC1)c1c[nH]c(=O)cc1C(F)(F)F,2.71,83a47db9b0e1b59499b25b723ac44d71
O=C(NC[C@@H](O)CN1CCC(Oc2ccc(Cl)c(Cl)c2)CC1)c1c[nH]c2ccccc12,3.91,8279f7cbc284bf7bb8363309c26abfb9
O=C(NC[C@@H](O)CN1CCC(Oc2ccc(Cl)c(Cl)c2)CC1)c1c[nH]nc1C(F)(F)F,3.34,0634a2aea9489d4670b92566ba7b2dd1
O=C(NC[C@@H](O)CN1CCC(Oc2ccc(Cl)c(Cl)c2)CC1)c1c[nH]nc1C1CC1,3.15,e632e185ba23ce7b96b25cf743bd3d17
O=C(NC[C@@H](O)CN1CCC(Oc2ccc(Cl)c(Cl)c2)CC1)c1cc(=O)[nH]c2ccccc12,3.48,d848f9f72863e3c359b0383641c88472
O=C(NC[C@@H](O)CN1CCC(Oc2ccc(Cl)c(Cl)c2)CC1)c1cn2cc(F)ccc2n1,3.33,4087d2b15f3cb0dae5ac6f61d32260f6
O=C(NC[C@@H](O)CN1CCC(Oc2ccc(Cl)c(Cl)c2)CC1)c1cnnc2ccccc12,3.28,4559a459be017147af89ec42a4898ce1
O=C(NC[C@@H](O)CN1CCC(Oc2ccc(Cl)c(Cl)c2)CC1)c1n[nH]c(=O)c2ccccc12,3.69,f5df03274f8b92f696178ff978508e47
O=C(NC[C@@H](O)CN1CCC(Oc2ccc(Cl)c(Cl)c2)CC1)c1n[nH]c2ccccc12,2.95,8279f7cbc284bf7bb8363309c26abfb9
O=C(NC[C@@H](O)CN1CCC(Oc2ccc(Cl)c(Cl)c2)CC1)n1c(=O)[nH]c2ccccc21,4.46,ab15c6796dab647bedcda69bf5bac08a
O=C(NCc1ccc(OC(F)(F)F)cc1)C1c2ccccc2C(=O)N1CC1CC(F)(F)C1,3.9,c82ccf6bd92093bd2c0e7064391b519c
O=C(NCc1ccccc1)c1cccnc1Oc1ccccc1,3.0,4f8099fd304fae2014f00ad3384881f4
O=C(NCc1ccccc1Cl)c1ccccc1Oc1ccccc1,3.58,02b31e1e926544df841d9f0ab47fb69b
O=C(NCc1ccccc1Cl)c1cccnc1Oc1ccccc1,3.68,02b31e1e926544df841d9f0ab47fb69b
O=C(NCc1ccccn1)c1ccc(Oc2ccccc2)cc1,2.7,f5d08bfbadd31be6da11e658f94cbf96
O=C(NCc1ccco1)c1ccc2[nH]c(COc3ccc(C45CC6CC(CC(C6)C4)C5)cc3)nc2c1,4.0,7f52b934ed6bd7287ac6b441edc34e56
O=C(NCc1ccnc2ccccc12)c1ccc(Oc2ccc(C#C[C@]3(O)CN4CCC3CC4)cc2)cc1,3.88,6078d6f6a6496534f82762f1ef703484
O=C(NCc1ccncc1)c1ccc(Oc2ccc(C#CC3(O)CN4CCC3CC4)cc2)cc1,2.48,731935e52e99e91b4ab5cb76f8d779c2
O=C(NCc1ccncc1)c1ccc(Oc2ccc(C#C[C@@]3(O)CN4CCC3CC4)cc2)cc1,2.31,731935e52e99e91b4ab5cb76f8d779c2
O=C(NCc1ccncc1)c1ccc(Oc2ccc(C#C[C@]3(O)CN4CCC3CC4)cc2)cc1,2.42,731935e52e99e91b4ab5cb76f8d779c2
O=C(NCc1ccncc1)c1ccc(Oc2ccccc2)cc1,3.26,f5d08bfbadd31be6da11e658f94cbf96
O=C(NCc1ccncn1)c1ccc(Oc2ccc(C#C[C@@]3(O)CN4CCC3CC4)cc2)cc1,1.77,731935e52e99e91b4ab5cb76f8d779c2
O=C(NCc1ccncn1)c1ccc(Oc2ccc(C#C[C@]3(O)CN4CCC3CC4)cc2)cc1,1.78,731935e52e99e91b4ab5cb76f8d779c2
O=C(NCc1ccncn1)c1ccc(Oc2ccc(CCC3(O)CN4CCC3CC4)cc2)cc1,0.76,731935e52e99e91b4ab5cb76f8d779c2
O=C(NNc1cccc(Cl)c1)c1cccnc1Cl,1.87,6792acdc8d7423c64a6ef0dcb9960fdc
O=C(NO)C1COC(c2ccc(F)c(C(F)(F)F)c2)=N1,1.53,2b551dfea5dd078c0ebb9ad382936291
O=C(NO)[C@@H](Cc1ccc2ccccc2c1)NS(=O)(=O)c1ccc2ccccc2c1,3.23,e23f0373c3efb47ef74005620f577579
O=C(NO)c1ccc(NS(=O)(=O)c2ccccc2)cc1,0.75,6ad088941e9dfa301058bff86c9e3dc0
O=C(NS(=O)(=O)Cc1ccccc1)N1CCC(N2CCC(Oc3ccc(Cl)c(Cl)c3)CC2)CC1,2.13,38fb56bba54cbf0c85a3355da6c81c66
O=C(NS(=O)(=O)N1CCC(N2CCC(Oc3ccc(Cl)c(Cl)c3)CC2)CC1)c1ccccc1,2.14,ce11e31c42057d70e1b0c29674a9a249
O=C(NS(=O)(=O)c1ccc(Cl)cc1)N1CCC(N2CCC(Oc3ccc(Cl)c(Cl)c3)CC2)CC1,2.59,84f764561f1047025a5848f0f033dadb
O=C(NS(=O)(=O)c1ccc(F)cc1)N1CCC(N2CCC(Oc3ccc(Cl)c(Cl)c3)CC2)CC1,1.79,84f764561f1047025a5848f0f033dadb
O=C(NS(=O)(=O)c1ccc(NCCSc2ccccc2)c([N+](=O)[O-])c1)c1ccc(N2CCNCC2)cc1,-0.04,d47215b487c504a8859c973ef1f3f815
O=C(NS(=O)(=O)c1cccc(C(F)(F)F)c1)N1CCC(N2CCC(Oc3ccc(Cl)c(Cl)c3)CC2)CC1,2.94,a0bcd9f9e6f350d7ba9ceb0da36e08ea
O=C(NS(=O)(=O)c1cccc(Cl)c1)N1CCC(N2CCC(Oc3ccc(Cl)c(Cl)c3)CC2)CC1,2.62,1829f62c6a2ac07728cfb373ea956a85
O=C(NS(=O)(=O)c1ccccc1)N1CCC(N2CCC(Oc3ccc(Cl)c(Cl)c3)CC2)CC1,1.5,b37ac81e735b4cfc6a017cd99a43765e
O=C(NS(=O)(=O)c1ccccc1Cl)N1CCC(N2CCC(Oc3ccc(Cl)c(Cl)c3)CC2)CC1,1.93,3b564b5e65a6cbc4a2eb7cf75e33ed53
O=C(N[C@@H](Cc1ccc(C#CCCNc2ccccn2)cc1)C(=O)O)c1c(Cl)cccc1Cl,0.27,14695e62cb388e7841313fc3a0cc6fdc
O=C(N[C@@H](Cc1ccc(CCCCNc2ccccn2)cc1)C(=O)O)c1c(Cl)cccc1Cl,0.51,14695e62cb388e7841313fc3a0cc6fdc
O=C(N[C@@H](Cc1ccc(N2CCN(c3ccccc3)CC2)cc1)C(=O)O)c1c(Cl)cccc1Cl,0.08,167ca9c4b7a9be7a335af5c9f580331b
O=C(N[C@@H](Cc1ccc(OCCCNc2ccccn2)cc1)C(=O)O)c1c(Cl)cccc1Cl,-0.22,14695e62cb388e7841313fc3a0cc6fdc
O=C(N[C@@H](Cc1ccc(OCCNc2ccccn2)cc1)C(=O)O)c1c(Cl)cccc1Cl,-0.48,f62c8826f0652a15918d932636d09194
O=C(N[C@@H](Cc1ccc(OCCNc2nc3ccccc3[nH]2)cc1)C(=O)O)c1c(Cl)cccc1Cl,0.6,e2afd121a9df21bc12fc6e2598257791
O=C(N[C@@H](Cc1ccc(OCCc2ccc3c(n2)NCCC3)cc1)C(=O)O)c1c(Cl)cccc1Cl,0.33,4b227eee20841b6388b89bbdc53336b4
O=C(N[C@@H](Cc1ccc(OCCc2ccc3c(n2)NCCO3)cc1)C(=O)O)c1c(Cl)cccc1Cl,-0.18,4b227eee20841b6388b89bbdc53336b4
O=C(N[C@@H](Cc1cccc(OCCCNc2ccccn2)c1)C(=O)O)c1c(Cl)cccc1Cl,0.16,5bc17bf11ba3d97997fc362c54faaca7
O=C(N[C@@H](Cc1ccccc1)C(=O)N1CCC(O)CC1)c1cc2cc(Cl)ccc2[nH]1,3.6,ee4bbe9f1eedef6fe343b6688b5be603
O=C(N[C@@H](Cc1ccccc1)[C@@H](O)C(=O)N1C[C@@H](O)[C@@H](O)C1)c1cc2cc(Cl)ccc2[nH]1,2.8,4eacb9104bee852580300c04c16f8c67
O=C(N[C@@H](c1ccccc1)[C@@H]1CCCCN1)c1cccc(C(F)(F)F)c1Cl,2.61,05219dd804abf91a249025c7d77332b0
O=C(N[C@@H]1CN2CCC1CC2)c1ccc(-c2ccccc2)s1,1.77,68ffead02e564dd32cec71f2716cb985
O=C(N[C@@H]1Cc2ccccc2N(C[C@@H](O)CO)C1=O)c1cc2cc(Cl)sc2[nH]1,3.27,ca547cb4ad8771a5d585ca87c20b8220
O=C(N[C@H](CO)[C@H](O)c1ccc([N+](=O)[O-])cc1)C(Cl)Cl,1.15,60c6bee45ba66f59a49e88bd91e6a29f
O=C(N[C@H]1CN2CCC1CC2)c1ccc(-c2ccccc2)s1,1.9,68ffead02e564dd32cec71f2716cb985
O=C(N[C@H]1CN2CCC1CC2)c1ccc(-c2ccccn2)s1,0.7,68ffead02e564dd32cec71f2716cb985
O=C(N[C@H]1CN2CCC1CC2)c1ccc(Cl)cc1,0.6,c2896e287f44a318abe4754677d31217
O=C(N[C@H]1Cc2ccccc2N(C[C@@H](O)CO)C1=O)c1cc2cc(Cl)sc2[nH]1,3.3,ca547cb4ad8771a5d585ca87c20b8220
O=C(N[C@H]1Cc2ccccc2N(C[C@H](O)CO)C1=O)c1cc2cc(Cl)sc2[nH]1,3.27,ca547cb4ad8771a5d585ca87c20b8220
O=C(Nc1c(Cl)cncc1Cl)c1ccc(OC(F)F)c(OCC2CC2)c1,3.95,cfba16d8ff1abc28db1ca78dcf31912c
O=C(Nc1c[nH]nc1-c1nc2cc(CN3CCOCC3)ccc2[nH]1)NC1CC1,2.3,407829f78fea83f8063eff82ad73a4ae
O=C(Nc1cc(-c2ccnc(Nc3ccccc3)c2)ccn1)C1CCOCC1,3.7,4ae1f43be54288b65bfb5f45e76dc57b
O=C(Nc1cc(-c2ccncc2)c[nH]c1=O)[C@H](Cc1ccccc1)NC1(c2ccccn2)CC1,3.44,93e940eb5e0c52a0b0e708842c736a04
O=C(Nc1cc(C(F)(F)F)cc(C(F)(F)F)c1)c1cnc(Cl)nc1C(F)(F)F,1.8,11ab82319ea0980d4dd92d8a47ed9d28
O=C(Nc1ccc(C(F)(F)F)c(Cl)c1)N1CCN(C[C@@H]2CCCN(C3CC3)C2)CC1,4.06,cb217eaa35b70d4f425864b42f32d5bb
O=C(Nc1ccc(CCO)cc1)c1cc2cc(Cl)ccc2[nH]1,3.85,6e448891f3239a8ceb2eb2dc16657479
O=C(Nc1ccc(Cl)c(Cl)c1)N1CCN(C[C@@H]2CCCN(C3CC3)C2)CC1,3.57,ba0d7a5af3bb17346cfd1c55d68158b1
O=C(Nc1ccc(Cl)c(Cl)c1)N1CCN(C[C@@H]2CCCN(CC3CC3)C2)CC1,2.54,643aaccdb0cf23b4717125f6c5af61b8
O=C(Nc1ccc(Cl)c(Cl)c1)N1CCN(C[C@@H]2CCCN(Cc3ccccc3)C2)CC1,4.26,b980ddccaec4a8a66865f0d7b6dd9b8e
O=C(Nc1ccc(Cl)c(Cl)c1)N1CCN(C[C@H]2CN(C3CC3)CCO2)CC1,3.32,ba0d7a5af3bb17346cfd1c55d68158b1
O=C(Nc1ccc(Cl)c(S(=O)(=O)N2CCNCC2)c1O)Nc1cccc(F)c1Cl,2.6,705227005d4c73828713082cc412518b
O=C(Nc1ccc(Cl)nc1)c1ccc(F)c(Cl)c1,3.64,6e2a4765ead8a248f649cf8e7e70fceb
O=C(Nc1ccc(Cl)nc1)c1ccc(F)c(F)c1,3.31,6e2a4765ead8a248f649cf8e7e70fceb
O=C(Nc1ccc(F)cc1)c1ccc(Cl)[n+]([O-])c1,1.38,6e2a4765ead8a248f649cf8e7e70fceb
O=C(Nc1ccc(F)cc1)c1cccnc1Oc1ccccc1,3.19,90a16108da4365753e4a5708e8dffa0e
O=C(Nc1ccc(F)cc1F)c1cc(Cl)ccc1O,3.6,dd04908ee1b2097f91ea7276d69f262d
O=C(Nc1ccc(N2CCNCC2)cc1)c1ccc(-c2ccc(Cl)cc2)o1,2.4,5f4f3862beba97a04fbed88653be8ded
O=C(Nc1ccc(N2CCOCC2)c(F)c1)c1nnc(Nc2ccccc2F)o1,3.6,d83e5f17942b0a51c477485741708522
O=C(Nc1ccc(N2CCOCC2)cc1)c1nnc(NC(=O)C2(c3ccc(Cl)cc3)CCC2)o1,3.2,85fc5ec6a4bb4ab251e2c03989607a64
O=C(Nc1ccc(N2CCOCC2)cc1)c1nnc(NC(=O)C2(c3ccc(Cl)cc3)CCCC2)o1,3.72,122eb944a6bacb44911592d4dc0f8738
O=C(Nc1ccc(N2CCOCC2)cc1)c1nnc(Nc2ccccc2)o1,3.15,aaa8424a1d11f69d86f495527874ebf8
O=C(Nc1ccc(N2CCOCC2)cc1)c1nnc(Nc2ccccc2F)o1,3.05,2e9ced24270c5776a972d0e8b8ad4e7c
O=C(Nc1ccc(N2CCOCC2)cn1)c1nnc(Nc2ccccc2F)o1,2.4,2e9ced24270c5776a972d0e8b8ad4e7c
O=C(Nc1ccc(N2CCOCC2)nc1)c1nnc(Nc2ccc(F)c(F)c2)o1,2.9,66cc70ff68089bd4b8850fe83bb1d505
O=C(Nc1ccc(N2CCOCC2)nc1)c1nnc(Nc2ccc(F)cc2)o1,3.0,d50d8dc4f6d5ad959022ac370c4bece0
O=C(Nc1ccc(N2CCOCC2)nc1)c1nnc(Nc2cccc(F)c2)o1,3.2,c071235da2867e881fc44488315cabd9
O=C(Nc1ccc(N2CCOCC2)nc1)c1nnc(Nc2cccc(OCc3ccccn3)c2)o1,3.1,6b3d61f20273ece460445c1c27eedd16
O=C(Nc1ccc(N2CCOCC2)nc1)c1nnc(Nc2cccc(OCc3cccnc3)c2)o1,3.3,6b3d61f20273ece460445c1c27eedd16
O=C(Nc1ccc(N2CCOCC2)nc1)c1nnc(Nc2ccccc2)o1,2.9,aaa8424a1d11f69d86f495527874ebf8
O=C(Nc1ccc(Nc2ccc(NC(=O)c3ccccc3)c3c2C(=O)c2ccccc2C3=O)c2c1C(=O)c1ccccc1C2=O)c1ccccc1,2.63,7a1b95ac5089a02bbb8f4b8c1c067ea3
O=C(Nc1ccc(O)cc1)c1ccc(O)cc1,1.5,fce5e37de13f37a3ab61c9ceaa8a27b7
O=C(Nc1ccc(Oc2cccnc2)nc1)c1nnc(Nc2ccccc2F)o1,3.1,df09f37bc406d8f7f0c3849506468cee
O=C(Nc1ccc(S(=O)(=O)N2CCOCC2)cc1)c1cc(Cl)ccc1NS(=O)(=O)c1ccc(Cl)s1,3.02,13d8b02cea1944f528cb8d2b23e96e1f
O=C(Nc1ccc([N+](=O)[O-])cc1O)Nc1ccccc1Br,3.9,67fa2fb8d915ffae5e74dcbeeaf92c8d
O=C(Nc1cccc(-c2nnn[nH]2)c1)c1cc(C(F)(F)F)cc2[nH]cnc12,1.1,6911d1f67fb26c64d8988d52bd1c7e9e
O=C(Nc1cccc(-c2nnn[nH]2)c1)c1cc(F)cc2[nH]cnc12,0.29,727df1ea9f0a6ff5c887a4724860daf9
O=C(Nc1cccc(-c2nnn[nH]2)c1)c1cc(O)cc(C(F)(F)F)c1,0.8,0b6f9a3317d9b779f05f4706f6a485c0
O=C(Nc1cccc(-c2nnn[nH]2)c1)c1cccc2[nH]cnc12,-0.05,4bfccc52079f5c7d826d29d44a8e3bcd
O=C(Nc1cccc(CCO)c1)c1cc2cc(Cl)ccc2[nH]1,3.83,96f603c27b24ffbd18aa5fa99c1de8f2
O=C(Nc1cccc(Cl)c1)N1CCN(C[C@@H]2CCCN(C3CC3)C2)CC1,2.74,dc58e56935c561e67be85ce82b75ae47
O=C(Nc1cccc(Cl)c1)c1ccccn1,3.4,f14adf415af54738f84069040431c23d
O=C(Nc1cccc(NC(=O)c2ccccc2)n1)c1ccccc1,4.02,93d0d1518834668496e5922212e2453d
O=C(Nc1cccc(O)c1)c1ccc(OCCCN2CCCC2)cc1OCc1ccc(F)cc1,3.2,835529ca01f1715dd1bbcc3adb9a016a
O=C(Nc1cccc(O)c1)c1ccc(OCCCN2CCCC2)cc1OCc1cccc(F)c1,3.15,be154f9532692667a77261c3e1ad3926
O=C(Nc1cccc(O)c1)c1ccc(OCCCN2CCCC2)cc1OCc1ccccc1,3.07,d80f5d6b836c46a869f73280abe4d335
O=C(Nc1cccc(O)c1)c1ccc(OCCCN2CCCC2)cc1OCc1ccccn1,1.78,d80f5d6b836c46a869f73280abe4d335
O=C(Nc1cccc(O)c1)c1ccc(OCCCN2CCCC2)cc1OCc1cccnc1,1.59,d80f5d6b836c46a869f73280abe4d335
O=C(Nc1cccc(O)c1)c1ccc(OCCCN2CCCC2)cc1OCc1cscn1,1.56,cc5801821c3889f08094826d4dac326f
O=C(Nc1cccc([C@@H](c2ccc(C(=O)N3CCC3)cc2)N2CCN(Cc3ccc(F)cc3)CC2)c1)C1CC1,3.58,7ffd7fba9afee0fdbd633e090490d323
O=C(Nc1cccc2cccnc12)c1ccc(N2C(=O)[C@@H]3[C@H](C2=O)[C@@H]2C=C[C@H]3C2)cc1,3.28,e6573ba2dfb91e1f4f3b2ee66627e4cf
O=C(Nc1ccccc1)N1CCOCC1,1.0,0606fee27dfc7254c74d220adc773109
O=C(Nc1ccccc1)Nc1ccccc1C(=O)O,-0.12,17fb6c0a9b23fb5f142f895ad60caffa
O=C(Nc1ccccc1)c1cc(Cl)ccc1O,2.9,dca4e7f965d28585e97142c2709c4355
O=C(Nc1ccccc1)c1cc2ccccc2o1,3.44,44704e3857643b277d837e8a5d3b95d6
O=C(Nc1ccccc1)c1ccc(OCCCN2CCCC2)cc1OCc1cccc(F)c1,3.67,976f2dd222f99fceaccae638a9793bc7
O=C(Nc1ccccc1)c1ccc(OCCCN2CCCC2)cc1OCc1ccccc1F,3.85,fd395e824c772f7804bfd9228b2bfbf2
O=C(Nc1ccccc1)c1ccccc1,2.8,0606fee27dfc7254c74d220adc773109
O=C(Nc1ccccc1-c1ccccc1)OC1CCN(CCCCCCCCCNC[C@H](O)c2ccc(O)c3[nH]c(=O)ccc23)CC1,2.16,e6070fcbaa2d77a808672c0dda67e980
O=C(Nc1ccccc1Cl)c1cc[nH]n1,2.58,aadaee9d00109534ae1761d83263ccf9
O=C(Nc1ccccc1F)NC1N=C(c2ccccc2)c2ccccc2NC1=O,3.8,5b745294c28241f3f96ae52491c61c26
O=C(Nc1ccccc1F)N[C@H]1N=C(c2ccccc2)c2ccccc2NC1=O,4.0,5b745294c28241f3f96ae52491c61c26
O=C(Nc1ccccc1O)c1cc([N+](=O)[O-])ccc1Cl,2.49,4fc394e9aff43dce53b82d786121f4fa
O=C(Nc1ccccn1)c1ccc2[nH]c(-c3ccc(NC(=O)C45CC6CC(CC(C6)C4)C5)cc3)nc2c1,4.24,92d284f2b2d7db4cc0e6fbd2a244e49a
O=C(Nc1ccccn1)c1ccccc1,2.2,0606fee27dfc7254c74d220adc773109
O=C(Nc1ccncc1)c1cccc2ccccc12,3.1,0bc4f70c2ac217cbfba05fc0948c7b70
O=C(Nc1nc(-c2ccccc2)cs1)c1cccnc1,3.62,97eccf71dbc7b62ecbd06db0443252bc
O=C(Nc1nc2c(=O)[nH]cnc2s1)c1ccccc1,1.94,3c4b804d4470f7bcf2da5179e06fd6fe
O=C(Nc1nc2ccccc2n1CCCO)c1cccc([N+](=O)[O-])c1,3.0,46f8ac9bc3d79d70d5e65ecaa3f1dbaf
O=C(Nc1nc2ccccc2n1CCN1CCOCC1)c1cccc([N+](=O)[O-])c1,3.3,b9f59c1cdb69d45df529274354d11ba1
O=C(Nc1ncc(F)s1)C(CC1CCOCC1)c1ccc(S(=O)(=O)C2CC2)cc1,3.3,921c4e4fff4ce3a6678cf23883550eb0
O=C(Nc1ncc(F)s1)[C@H](CC1CCOCC1)c1ccc(S(=O)(=O)C2CC2)cc1,3.19,921c4e4fff4ce3a6678cf23883550eb0
O=C(Nc1nccs1)[C@H](CC1CCOCC1)c1ccc(S(=O)(=O)C2CC2)cc1,2.55,9e8266b6c74b5a28da3b47235b02e08d
O=C(Nc1nccs1)c1ccccc1,2.43,325f246326840bd5bc426571b488a687
O=C(Nc1nccs1)c1cccnc1,2.25,325f246326840bd5bc426571b488a687
O=C(Nc1nnc(C(=O)Nc2ccc(N3CCOCC3)cc2)o1)c1ccc(Cl)cc1,1.92,94105a6b6d71c1cb4965a33d1397a0a0
O=C(Nc1nnc(C(=O)Nc2ccc(N3CCOCC3)cc2)o1)c1ccccc1,1.02,d83e50c9c9d351b31b0dd1affe1df1a3
O=C(Nc1nnn[nH]1)c1cc(Oc2ccccc2)c2ccccn2c1=O,0.67,4297caaa962085e7a6ce40a5ea9993ac
O=C(O)/C=C/c1cccc(-c2cnc3[nH]ccc3c2)c1,0.58,6a9da9e9dd86cc3d73f230fb5e12c589
O=C(O)C(c1ccccc1)N1CCC(CN2CCC(Oc3ccc(Cl)c(Cl)c3)CC2)CC1,2.17,8a35203cf1e599f425b457924e1037d6
O=C(O)C(c1ccccc1)N1CCC(N2CCC(Oc3ccc(Cl)c(Cl)c3)CC2)CC1,2.23,07377d1c529589d90c3a86d0a75f7afd
O=C(O)C(c1ccccc1)N1CCCC(CN2CCC(Oc3ccc(Cl)c(Cl)c3)CC2)C1,2.6,f9ff775d2e9902afa11fa2ebcd45c5f0
O=C(O)C(c1ccccc1)N1CCO[C@@H](CN2CCC(Oc3ccc(Cl)c(Cl)c3)CC2)C1,1.71,f9ff775d2e9902afa11fa2ebcd45c5f0
O=C(O)C1Cc2c([nH]c3ccccc23)C(c2ccccc2)N1,0.78,667b8b7a292a9c3fecf4410416b4c885
O=C(O)CC(=O)N[C@@H]1c2ccccc2C[C@H]1NC(=O)c1cc2sc(Cl)c(Cl)c2[nH]1,1.18,cabdec01a03b57dca2d3644fae0f8687
O=C(O)CCC(=O)N1CCC(c2nc(-c3cccs3)no2)CC1,-1.27,e375925488c538587087dacab7c1c800
O=C(O)CCC(=O)c1ccc(-c2ccccc2)cc1,0.58,b3fb3e074f3773ab9a55761a44762e7f
O=C(O)CCCCn1nnc(-c2ccc(C(=O)N3CCC(N4CCC(Oc5ccc(Cl)c(Cl)c5)CC4)CC3)cc2)n1,1.6,90afecac2e6a0619c52443ba3298efab
O=C(O)CCCS(=O)(=O)c1cccc(C(=O)N2CCC(N3CCC(Oc4ccc(Cl)c(Cl)c4)CC3)CC2)c1,0.66,e4d21e6992913bd1177a314508e06056
O=C(O)CCC[C@@H]1c2ccccc2C[C@H]1NC(=O)c1cc2cc(F)ccc2[nH]1,1.95,be122a7a77fc2ff5a67a95176a535755
O=C(O)CCCc1ccc(N(CCCl)CCCl)cc1,1.47,82802260a8395af4392e34a9c7b11f64
O=C(O)CC[C@@H]1c2ccccc2C[C@H]1NC(=O)c1cc2sc(Cl)c(Cl)c2[nH]1,2.84,6b8a403b89ebc5b8b4184fa9b2114f1b
O=C(O)CCc1ccc(NCc2cccc(Oc3ccccc3)c2)cc1,2.1,06be9c1cc934766a29b63cbcaebfdfbd
O=C(O)CCc1ccc(OCc2cc(Cl)ccc2-c2ccccc2)cc1,3.22,efda40df47075518be95d60dd41515d9
O=C(O)CCc1ccc(OCc2cccc(Br)c2)cc1,1.67,f48464bc8a05178c91637996d3b80734
O=C(O)CCc1ccc(OCc2cccc(Oc3ccccc3)c2)cc1,2.47,06be9c1cc934766a29b63cbcaebfdfbd
O=C(O)CCc1nc(-c2ccccc2)c(-c2ccccc2)o1,1.2,4ecfa5201ae69ac470fae6a963d50ac2
O=C(O)CCn1c2ccccc2c2ccccc21,0.6,9c0253f97d853c04e3b6c075670a34ed
O=C(O)CN1C(=O)C(NC(=O)c2cc3sc(Cl)c(Cl)c3[nH]2)Cc2ccccc21,0.67,5a7439abf7477c49841518e633032ac6
O=C(O)CNCCNc1ccc(Cl)c(C(=O)NCC23CC4CC(CC(C4)C2)C3)c1,1.94,3bc5b245d56917217354b2a096330cb6
O=C(O)COCCN1CCN(C(c2ccccc2)c2ccc(Cl)cc2)CC1,1.27,8d6d7c51dc50bf8a80248dbef3a753ee
O=C(O)CO[C@@H]1c2ccccc2C[C@H]1NC(=O)c1cc2sc(Cl)c(Cl)c2[nH]1,1.38,6b8a403b89ebc5b8b4184fa9b2114f1b
O=C(O)COc1ccc(-c2nccs2)cc1-c1ccccc1,-0.16,fc87acb209e8de0f47c6df403312fc84
O=C(O)COc1ccc(Br)cc1-c1ccccc1,0.15,e175194e0842fd57911e133861295cc2
O=C(O)COc1ccc(C(=O)c2cccs2)c(Cl)c1Cl,-0.84,f782430724c1f56e7ca9465e86f44991
O=C(O)COc1ccc(C(F)(F)F)cc1-c1ccc(Cl)cc1,0.9,39b6382dd6e14060848070b2d5f35558
O=C(O)COc1ccc(C(F)(F)F)cc1-c1ccccc1-c1ccccc1,1.38,4c5ff6fe50c46a9224ed8252b79e4a69
O=C(O)COc1ccc(C(F)(F)F)cc1CN1CCN(S(=O)(=O)c2ccccc2)CC1,0.4,626dc0700546b0b194313a9b9f5bcf75
O=C(O)COc1ccc(Cl)cc1C1CCCCC1,0.93,e175194e0842fd57911e133861295cc2
O=C(O)COc1ccc(Cl)cc1CN1CCC(S(=O)(=O)c2ccccc2)CC1,0.48,d5d5291a834bfa096a11ada54574dfff
O=C(O)COc1ccc(Cl)cc1CN1CCCN(S(=O)(=O)Cc2ccccc2)CC1,1.01,74e310848de91ce8136fe69fc8eab7c9
O=C(O)COc1ccc(Cl)cc1CN1CCCN(S(=O)(=O)c2ccccc2)CC1,1.01,ee595a370d8ec2a6d17b2aa9310e8196
O=C(O)COc1ccc(Cl)cc1CN1CCN(S(=O)(=O)Cc2ccccc2)CC1,0.33,edc23128ff6c97aeebadcb6e3ec15ce0
O=C(O)COc1ccc(Cl)cc1CN1CCN(S(=O)(=O)c2ccc(F)cc2)CC1,0.99,e7d6a7522ab799625e6d806624778fc5
O=C(O)COc1ccc(Cl)cc1CN1CCN(S(=O)(=O)c2ccccc2)CC1,0.49,d5d5291a834bfa096a11ada54574dfff
O=C(O)COc1ccc([N+](=O)[O-])cc1-c1ccccc1,-0.69,bfbc08fadfd0ed1d3e2bf0023ed29402
O=C(O)COc1cccc(C(=O)N2CCC(N3CCC(Oc4ccc(Cl)c(Cl)c4)CC3)CC2)c1,1.09,7060729c0aecc8acd974ee5eb14b024c
O=C(O)COc1cccc(N2CCC(CN3CCC(Oc4ccc(Cl)c(Cl)c4)CC3)CC2)c1,1.99,bdc4da134af062472479c7890f24a468
O=C(O)COc1ccccc1N1CCC(CN2CCC(Oc3ccc(Cl)c(Cl)c3)CC2)CC1,2.0,844f5bb5c420e3f8f7d3f7934ebdac79
O=C(O)CSCC(=O)Nc1nc(-c2ccc(F)cc2)cs1,-0.2,2f4b70ffef7af7f6c35e5bc2a19a22f3
O=C(O)CSc1c[nH]c2ccccc12,-1.31,65e5df5f6d06e464da63fa35344d975b
O=C(O)C[C@@H]1c2ccccc2C[C@H]1NC(=O)c1cc2cc(Cl)ccc2[nH]1,1.79,c921a3cb408a58779ecaf4e5ae7dcee7
O=C(O)C[C@@H]1c2ccccc2C[C@H]1NC(=O)c1cc2cc(F)ccc2[nH]1,1.26,c921a3cb408a58779ecaf4e5ae7dcee7
O=C(O)C[C@@H]1c2ccccc2C[C@H]1NC(=O)c1cc2sc(Cl)c(Cl)c2[nH]1,2.53,8a826451ffdfdf83d433f73e52be5781
O=C(O)C[C@H](O)C[C@H](O)/C=C/c1c(C2CC2)nc2ccccc2c1-c1ccc(F)cc1,0.91,2973c9b0fac6dc597ab8f36a40bbdfe5
O=C(O)C[C@H]1CC[C@H](c2ccc(-c3ccc(Nc4ccc(C(F)(F)F)nc4)cn3)cc2)CC1,3.8,f9050c4e85d05345552b7e31d67ab84b
O=C(O)C[C@H]1CC[C@H](c2ccc(NC(=O)c3nnc(Nc4ccccc4F)o3)cc2)CC1,2.48,21fba8b4fc2d229b14c09cb03977ef8c
O=C(O)Cc1ccc(-c2ccc(NC(=O)c3nnc(Nc4ccccc4F)o3)cc2)cc1,1.5,21fba8b4fc2d229b14c09cb03977ef8c
O=C(O)Cc1ccc(N2CCC(CN3CCC(Oc4ccc(Cl)c(Cl)c4)CC3)CC2)cc1,1.83,71fb1a32712f95c3c15ba91011a513f0
O=C(O)Cc1cccc(N2CCC(CN3CCC(Oc4ccc(Cl)c(Cl)c4)CC3)CC2)c1,1.58,e0003d422a8164aeae750958947aaf7b
O=C(O)Cc1ccccc1Nc1c(Cl)cccc1Cl,1.08,b591e2f7adf99a8569cecf5fba840a06
O=C(O)Cc1csc(-c2ccc(Cl)cc2)n1,-0.22,bc0af17cb31ada3ca5cc0c33adba472d
O=C(O)[C@@H](Cc1ccccc1)N1CCC(CN2CCC(Oc3ccc(Cl)c(Cl)c3)CC2)CC1,2.5,111c094a5f949bb55518d017fb738500
O=C(O)[C@@H](c1ccccc1)N1CCC(CN2CCC(Oc3ccc(Cl)c(Cl)c3)CC2)CC1,2.14,8a35203cf1e599f425b457924e1037d6
O=C(O)[C@H](Cc1ccc(Cl)cc1)N1CCC(CN2CCC(Oc3ccc(Cl)c(Cl)c3)CC2)CC1,2.86,c03d86f8d677f706a87ee91d890e7cad
O=C(O)[C@H](Cc1ccc(F)cc1)N1CCC(CN2CCC(Oc3ccc(Cl)c(Cl)c3)CC2)CC1,2.98,c03d86f8d677f706a87ee91d890e7cad
O=C(O)[C@H](Cc1ccc(F)cc1)N1CCC(CN2CCC(Oc3ccc(Cl)cc3)CC2)CC1,1.9,36c65bd9156beb84e8e5160604078c71
O=C(O)[C@H](Cc1ccc(F)cc1)N1CCC(CN2CCC(Oc3ccc(Cl)cc3Cl)CC2)CC1,2.6,e5dacf7cfdc5cd42c0e4dea8f1926fb1
O=C(O)[C@H](Cc1cccc(F)c1)N1CCC(CN2CCC(Oc3ccc(Cl)c(Cl)c3)CC2)CC1,2.68,46a849f4b0e78466f9787c0e65c93828
O=C(O)[C@H](Cc1ccccc1)N1CCC(CN2CCC(Oc3ccc(CO)c(Cl)c3)CC2)CC1,0.8,2c56549e56b744199d170a23c9714e82
O=C(O)[C@H](Cc1ccccc1)N1CCC(CN2CCC(Oc3ccc(Cl)c(Cl)c3)CC2)CC1,2.5,111c094a5f949bb55518d017fb738500
O=C(O)[C@H](Cc1ccccc1F)N1CCC(CN2CCC(Oc3ccc(Cl)c(Cl)c3)CC2)CC1,2.58,79c4a0a141443bed08b9a82559ca7c83
O=C(O)c1[nH]c2cc(Cl)cc(Cl)c2c1/C=C1\CCN(c2ccccc2)C1=O,1.85,de1f6b25f6eb477e5e64f4cb98f0296c
O=C(O)c1[nH]c2ccccc2c1CCCOc1cccc2ccccc12,2.75,b15f5ac63bca3bdefb6595f2d3b802a4
O=C(O)c1c(Sc2ccccc2)c2cc(Cl)ccc2n1Cc1ccc(Cl)cc1,2.96,1a52722a5fe92c8c1f4d2fbe741437e3
O=C(O)c1cc(-c2ccc(F)cc2F)ccc1O,0.59,d6e779da3fae7b5b603a41cf4d422bdd
O=C(O)c1cc(-c2ccccc2)nc2ccccc12,-0.7,17b42fa7ee8b454ec6b13de35422278f
O=C(O)c1cc(-c2ccncc2)nc2ccc(F)cc12,-0.8,66cfb1bb90d856d2769c3b36dd13a233
O=C(O)c1cc(N=Nc2ccc(S(=O)(=O)Nc3ccccn3)cc2)ccc1O,-0.58,aa12c3ed8829577619f6a6bcf28fb538
O=C(O)c1cc2cc(C(F)(F)F)ccc2n1Cc1ccc(Cl)c(Cl)c1,3.07,a249416aad630c3701b199284d70a1fc
O=C(O)c1cc2cc(OCc3ccccc3)ccc2[nH]1,0.4,f36bf75968f8b12567ce204e8ef02bf3
O=C(O)c1cc2cc([N+](=O)[O-])ccc2n1Cc1ccc(Cl)c(Cl)c1,1.79,fc696fcbd92074c503568e1656475e18
O=C(O)c1cc2ccccc2n1Cc1ccccc1,0.78,c3e611b3d5f2e7ac280e9fb69afa40ec
O=C(O)c1ccc(-c2ccc(Cl)c(C(=O)NCC34CC5CC(CC(C5)C3)C4)c2)cc1,2.48,8ce30bb13b6816bc9c6985d9d36d663f
O=C(O)c1ccc(-c2nnn(Cc3ccccc3F)n2)cc1,0.3,43773765522b7838ad8af709a9385011
O=C(O)c1ccc(-n2ncc(C(=O)NC3C4CC5CC(C4)CC3C5)c2C(F)(F)F)cc1,1.5,9d2a01e937d6820d5985544df0bc06ce
O=C(O)c1ccc(-n2ncc(C(=O)NC3C4CC5CC(C4)CC3C5)c2C2CCC2)cc1,1.33,720de7007eda242a147e341b397f5470
O=C(O)c1ccc(-n2ncc(C(=O)NC3C4CC5CC(C4)CC3C5)c2C2CCCC2)cc1,1.72,420d57d8d12eba0c5d8597b5dfeeee94
O=C(O)c1ccc(CN2CCC(CN3CCC(Oc4ccc(Cl)c(Cl)c4)CC3)CC2)cc1,1.1,fb5c84ad4e8eab7316b4f4acdba88b0f
O=C(O)c1ccc(N2CCC(CN3CCC(Oc4ccc(Cl)c(Cl)c4)CC3)CC2)cc1,2.31,dcf3ee6dfa2cd03a379158f0f8db937b
O=C(O)c1ccc(NC(=O)c2cc(OCc3ccccc3)cc(OCc3ccccc3)c2)nc1,2.7,0e6800b3b23ed933ecbd51d50da25a6e
O=C(O)c1ccc(NC(=O)c2cc(OCc3ccccc3F)cc(OCc3ccccc3F)c2)nc1,3.0,64d07789cced63752e0134ccc8dc73a6
O=C(O)c1ccc(Nc2ncc(Br)c(Nc3ccccc3)n2)cc1,1.65,7143e6205503299c46c7b4dc69e79cbe
O=C(O)c1ccc(Nc2ncc3c(n2)-c2ccc(Cl)cc2C(c2c(F)cccc2F)=NC3)cc1,2.58,dbef55de882dc891004716fb5b96273c
O=C(O)c1ccc2[nH]c(C(F)(F)F)nc2c1,-1.08,2894dc9fe2cdf33575dbb4ad0490dd7f
O=C(O)c1ccc2c(c1)nc(Nc1cccc(Cl)c1)c1ccncc12,1.29,cf4e80ff432de2b43e75860fd6e5c0e3
O=C(O)c1ccc2cccc(O)c2n1,3.3,0dc76f7d172be08e88b92d66a533073d
O=C(O)c1cccc(-c2ccc3c(C(=O)NCC45CC6CC(CC(C6)C4)C5)c(Cl)ccc3n2)c1,2.84,a2d8d80f1736363a249f71c0f1ffad3c
O=C(O)c1cccc(C(=O)N2CCC(N3CCC(Oc4ccc(Cl)c(Cl)c4)CC3)CC2)c1,1.23,28e3922ed90226685417d85df87d591f
O=C(O)c1cccc(CN2CCC(CN3CCC(Oc4ccc(Cl)c(Cl)c4)CC3)CC2)c1,1.26,37a91ca76b60629b2bd682f47d16fd0c
O=C(O)c1cccc(N2CCC(CN3CCC(Oc4ccc(Cl)c(Cl)c4)CC3)CC2)c1,2.17,2efae69ede5058207d0439ec2abfb470
O=C(O)c1ccccc1-c1c2ccc(=O)cc-2oc2cc(O)ccc12,0.0,7dc1db7c1de51de03edb9099680bd0b4
O=C(O)c1ccccc1C(=O)N1CCC(N2CCC(Oc3ccc(Cl)c(Cl)c3)CC2)CC1,1.73,3b435bae7dc2547d8532f5e956607bc9
O=C(O)c1ccccc1CN1CCC(CN2CCC(Oc3ccc(Cl)c(Cl)c3)CC2)CC1,2.48,fb507d01a12302e757dc0d4e1f1d739a
O=C(O)c1ccccc1Cn1nnc(-c2cccc(OCc3ccc4ccccc4n3)c2)n1,2.1,6d703edd6194efe9fb8fbf98437d4f97
O=C(O)c1ccccc1N1CCC(CN2CCC(Oc3ccc(Cl)c(Cl)c3)CC2)CC1,2.83,764df6c0289075e75125d7fbe2bb5e2c
O=C(O)c1ccccc1Nc1cccc(C(F)(F)F)c1,2.01,970046e8ae6b8efad15748105dc5fedb
O=C(O)c1ccccc1O,-1.36,5df49823493265a811f2bd7691e4a406
O=C(O)c1cccnc1N1CCC(CN2CCC(Oc3ccc(Cl)c(Cl)c3)CC2)CC1,1.71,764df6c0289075e75125d7fbe2bb5e2c
O=C(O)c1cccnc1Nc1cccc(C(F)(F)F)c1,1.0,970046e8ae6b8efad15748105dc5fedb
O=C(O)c1cn(C2CC2)c2cc(N3CCN(C(=O)CC[N+](=O)[O-])CC3)c(F)cc2c1=O,0.22,82d43a4e7f0f87ffac8fd35f2fec6816
O=C(O)c1cn(C2CC2)c2cc(N3CCNCC3)c(F)cc2c1=O,-0.96,e8d2fc969b3e6685d17d645c2d122448
O=C(O)c1cn(Cc2ccccc2)c2ccccc12,1.19,d782ba285edfe0ce28998add65de0c22
O=C(O)c1cncc(-c2ccc(Cl)c(C(=O)NCC34CC5CC(CC(C5)C3)C4)c2)c1,0.85,1cba0e40b443aa40626d09561b86ff4a
O=C(O)c1cncc(-c2cnc3[nH]c(C(=O)NC4CC4)cc3c2-n2ccc(C(F)(F)F)n2)c1,-0.98,754af5dd4a2edc3013cec5217c715f87
O=C(OC1CN2CCC1CC2)C(O)(c1ccccc1)c1ccccc1,1.19,8f3a173cb325e50a582ffbd78a58d02c
O=C(OCC(O)CO)c1ccccc1Nc1ccnc2cc(Cl)ccc12,3.5,91d23a8e025a1b972524d05615cd8069
O=C(OCCN1CCCCC1)c1c[nH]c2ccccc12,2.0,569e62e39d8c66f76dc8f0d8af133f91
O=C(Oc1ccc(Br)cc1)N1CCN2CCC1CC2,1.58,50b03e450c302828c7e2dca02e13a73f
O=C(Oc1ccc2c(c1)OCCC2=O)c1ccccc1,3.6,ee79f98da648707fc795d136c5739a92
O=C(Oc1ccccc1)N1CCOCC1,1.3,0606fee27dfc7254c74d220adc773109
O=C(Oc1ccccc1O)c1cccc2ccccc12,4.4,025a775508b0294490a5badafcd97d6e
O=C([C@@H](O)CO)N1CC=C(c2ccc(N3C[C@H](COc4ccon4)OC3=O)cc2F)CC1,1.09,2e26a12a4ecb2b217da6e880115fce7b
O=C([C@@H]1CCCN1)N1CCN(c2nc(NCc3ccc(Cl)cc3Cl)c3cccnc3n2)CC1,2.41,687fb1110ba88faf35e8d723d162fe7c
O=C([C@H]1CCCCN1)N1CCN(c2nc(NCc3ccc(Cl)cc3Cl)c3cccnc3n2)CC1,2.27,a24ffa313d6aa7d0498d90b31c391755
O=C(c1c[nH]c(=O)c2ccccc12)N1CCC(N2CCC(Oc3ccc(Cl)c(Cl)c3)CC2)CC1,3.51,67e0edba33b023ba97b07b18cbe4d09e
O=C(c1cc(Cc2n[nH]c(=O)c3ccccc23)ccc1F)N1CCCNCC1,0.1,19cdffbf2ee2d9c20b3ba054f917763d
O=C(c1cc(Cc2n[nH]c(=O)c3ccccc23)ccc1F)N1CCN(C(=O)C2CCCO2)CC1,0.9,e6c5723b3c998dc1209ee746ab3ede69
O=C(c1cc(Cc2n[nH]c(=O)c3ccccc23)ccc1F)N1CCN(C(=O)C2CCOC2)CC1,0.8,e6c5723b3c998dc1209ee746ab3ede69
O=C(c1cc(Cc2n[nH]c(=O)c3ccccc23)ccc1F)N1CCN(c2ccccn2)CC1,2.55,f9ba403831a1dd36bc509ca39191619b
O=C(c1cc2cc(Cl)ccc2[nH]1)N1CCNCC1,1.65,70c94c538ede6e3bc4875725d0ed10cc
O=C(c1cc2ccccc2[nH]1)N1CCNCC1,0.6,0628ce33be4c5ced547b9dec573026bd
O=C(c1ccc(-c2ccc(Cl)cc2)o1)N(Cc1ccccn1)c1ccc(N2CCNCC2)cc1,3.0,3c2db8011de0fede8bacf24100678384
O=C(c1ccc(-c2nn[nH]n2)cc1)N1CCC(N2CCC(Oc3ccc(Cl)c(Cl)c3)CC2)CC1,1.53,65d7373040baa217e1af04314187abf0
O=C(c1ccc(-c2noc(=O)[nH]2)cc1)N1CCC(N2CCC(Oc3ccc(Cl)c(Cl)c3)CC2)CC1,2.24,866ebabb68f6840972fe68f927a10ed6
O=C(c1ccc(C(=C2CCN(Cc3cscn3)CC2)c2cccc3cccnc23)cc1)N1CCC(O)CC1,1.89,39bb79e84b6f311de717f0bdd6dc6227
O=C(c1ccc(C(=C2CCN(Cc3cscn3)CC2)c2cccc3cccnc23)cc1)N1CCC1,2.52,a28961070142047ca0bdb8fa7862626d
O=C(c1ccc(C(=C2CCN(Cc3cscn3)CC2)c2cccc3cccnc23)cc1)N1CCCC1,2.75,8c1686066dcd89ee6538e806c1d57a36
O=C(c1ccc(C(=C2CCN(Cc3cscn3)CC2)c2cccc3cccnc23)cc1)N1CCOCC1,2.12,07afcee93fd64373c5d7b2eb1e29f8df
O=C(c1ccc(CCC(COc2ccc(-c3cccc([N+](=O)[O-])c3)cc2)N2C(=O)CCCC2=O)cc1)N1CCCC1,2.31,9c9e52c555790adda9d9fee99e4e968e
O=C(c1ccc(Cl)cc1)C1CCN(C(=O)C2CC2)CC1,2.72,1708cd9648951a427b3edafd0ac36458
O=C(c1ccc(Cl)cc1)C1CCN(C(=O)c2ccc(F)cc2)CC1,3.49,0cf10d7278735878cc30ae4a610a0925
O=C(c1ccc(F)cc1)C(O)c1ccc(F)cc1,2.49,2e828b09ed314848e5393868bb9f0b85
O=C(c1ccc(F)cc1)C1CCN(C(=O)N2CCOCC2)CC1,1.61,9255f89740121e9009a2a3fffe59830c
O=C(c1ccc(F)cc1)C1CCN(C(=O)NCc2ccccc2)CC1,3.15,9079e627132092d8470cdc777a4a911f
O=C(c1ccc(F)cc1)C1CCN(C(=O)c2ccc(F)cc2)CC1,2.9,0cf10d7278735878cc30ae4a610a0925
O=C(c1ccc(F)cc1)C1CCN(C(=S)Nc2ccc(F)cc2)CC1,3.4,d8cbf1b39ac96bfacaaf11ef6de70095
O=C(c1ccc(F)cc1)C1CCN(CCn2c(=O)[nH]c3ccccc3c2=O)CC1,2.9,218d9329b02492b8a05dcf2ac091e7a5
O=C(c1ccc(F)cc1)N1CCC[C@H](c2nc(-c3ccc(F)cc3)no2)C1,3.73,08c71a12f80aa1823fc25c2d40b251b8
O=C(c1ccc(OCCCc2c[nH]cn2)cc1)C1CC1,2.68,811d8d25aec6d4e1c9c0045b9a61423c
O=C(c1ccc(OCCN2CCCCC2)cc1)c1c(-c2ccc(O)cc2)sc2cc(O)ccc12,4.13,6683d365b87ee66679d22208d5195a02
O=C(c1cccc(Cc2n[nH]c(=O)c3ccccc23)c1)N1CCN(c2ccccn2)CC1,2.36,ee642a14236081dbc235641118df7b32
O=C(c1cccc(Cc2n[nH]c(=O)c3ccccc23)c1)N1CCN(c2ncccn2)CC1,2.13,ee642a14236081dbc235641118df7b32
O=C(c1cccc(Cc2nnc(O)c3ccccc23)c1)N1CCOCC1,1.0,91602d4ce53da42773a9a12f3a6eb26e
O=C(c1cccc(Cl)c1Cl)N1CCN(c2ccccn2)CC1,2.98,3953b5ff76ab6ffacbd430a8280af2a9
O=C(c1ccccc1)C(O)(CN1CCCCC1)c1ccccc1,3.41,5ce1e283eb03fd12f657c36a5cdd9900
O=C(c1ccccc1)C(O)c1ccccc1,2.13,d67ec69c30e18f6da4f140b864280c54
O=C(c1ccccc1)c1ccc2n1CCC2C(=O)O,-0.93,cbf58cceb73a9db6dfdbec2ce4341c14
O=C(c1csc2c1CCCC2)N1CCCCC1,3.2,117ebf6421290561f3bb58a541ed73b9
O=C(c1scc2c1CCCC2)N1CCCCC1,3.16,117ebf6421290561f3bb58a541ed73b9
O=C1/C(=N\O)c2ccccc2N1Cc1ccccc1[N+](=O)[O-],2.07,c615d438d1cc8ccea02a6ce6a920cdd2
O=C1C(=O)N(Cc2ccc(Cl)cc2)c2ccccc21,3.1,d38cbe716c134dc8fe9433cd18785c8d
O=C1C(=O)c2cc(-c3ccccc3F)ccc2-c2ccccc21,2.92,06b2e4d08c33805ef0477139be84617b
O=C1C(=O)c2cc(-c3ccsc3)ccc2-c2ccccc21,3.1,cc3cf1e14a327208fbd87a87f523ea3a
O=C1C(=O)c2cc([N+](=O)[O-])ccc2-c2ccccc21,2.42,f4e155a11858352694f18107cb19f2fb
O=C1C(=O)c2ccc([N+](=O)[O-])cc2-c2ccccc21,2.56,dc3d046352b3355d460a91ee3cfa8f41
O=C1C(=O)c2cccc([N+](=O)[O-])c2-c2ccccc21,2.6,7832127d9342cf4e7e1b0c45e2a2fcf3
O=C1C(=O)c2ccccc2-c2ccccc21,2.6,500e8c4ee48f830b3c1daf37c4e9dc45
O=C1C(=O)c2cccnc2-c2ccccc21,1.88,500e8c4ee48f830b3c1daf37c4e9dc45
O=C1C(CC[S+]([O-])c2ccccc2)C(=O)N(c2ccccc2)N1c1ccccc1,-0.51,4383f8b4e1c05f126da98ca02e966beb
O=C1C2=Nc3ccccc3CN2c2ccccc21,2.71,8421358734bf4ec4864ef40c61179c97
O=C1C2CCC(N2)C(=O)N1Cc1ccccc1,2.21,b98fe36d1ba59cc0e0dbd255be74c5b6
O=C1C=CC(=O)c2c(O)ccc(O)c21,1.91,2bed02d5d2ad1808e0a51477a71c684f
O=C1CC(c2ccc(O)cc2)Oc2cc(O)cc(O)c21,2.6,4392743960e40209d5856e5c78f0af95
O=C1CC(c2ccc(O)cc2)Oc2cc(O)ccc21,2.4,4881b67023b175ef9c61e537c1c7675a
O=C1CC2(CCCC2)CC(=O)N1CCCCN1CCN(c2ncccn2)CC1,2.19,390f51d2f4bfcef32bdd8ac5bc390473
O=C1CCC(=O)N1C(CCc1ccncc1)COc1ccc(-c2cccc([N+](=O)[O-])c2)cc1,3.88,22ee56164b5580dccc0d38c17d16bb80
O=C1CCC(=O)N1c1cc(Cc2n[nH]c(=O)c3ccccc23)ccc1F,1.0,fbd15b74211f02b22ec942cf39a3e77d
O=C1CCCCCN1,-0.08,2f8d8561003e8f99dbeed75850025248
O=C1CCCc2nc(C#Cc3ccccc3)ccc21,3.53,3056627143acd51a120b124b64d745af
O=C1CCOc2cc(COc3ccccc3)ccc21,3.0,3056627143acd51a120b124b64d745af
O=C1CCOc2cc(OCc3cccc(F)c3)ccc21,3.4,57331d5e19a3ee0103015cb5fb837a72
O=C1CCOc2nc(/C=C/c3ccccc3)ccc21,3.2,3056627143acd51a120b124b64d745af
O=C1CCOc2nc(C#CC3CCCC3)ccc21,3.0,5d423f952d604cbf4f1769987032c6af
O=C1CCOc2nc(C#CC3CCCCC3)ccc21,3.3,3056627143acd51a120b124b64d745af
O=C1CCOc2nc(CCc3ccccc3)ccc21,2.5,3056627143acd51a120b124b64d745af
O=C1CCOc2nc(COc3ccccc3)ccc21,2.3,3056627143acd51a120b124b64d745af
O=C1CCOc2nc(OCc3ccccc3)ccc21,3.1,3056627143acd51a120b124b64d745af
O=C1CN(C(=O)c2ccccc2)C(c2ccccc2)c2cc(Cl)ccc2N1,3.31,a96805e11469fa32cb5fb90125bc2eb4
O=C1CN(C(=O)c2ccco2)C(c2ccccc2)c2cc(Cl)ccc2N1,3.0,4ab2313bbe2ffa2aa29408c535fa6b32
O=C1CN(C(=O)c2ccco2)c2ccccc2N1,1.21,7ba9df9e2193c9056d8c6f1ad64626ad
O=C1CN(N=Cc2ccc(-c3ccc([N+](=O)[O-])cc3)o2)C(O)=N1,1.35,12a53fbe3f9490bfc14747ac586376f2
O=C1CN2Cc3c(ccc(Cl)c3Cl)N=C2N1,1.86,79f287b41055d4af0fca01eca67531b9
O=C1CN=C(c2ccccc2Cl)c2cc([N+](=O)[O-])ccc2N1,3.72,24d3a9f622fa2c097aeae539d3d6a7e2
O=C1COC2(CCN(S(=O)(=O)c3ccc(-c4ccc5cccnc5c4)cc3)CC2)CN1C1CC1,3.24,d62bdc04bdcb3f8d4ff9d32c539da0b0
O=C1COC2(CCN(S(=O)(=O)c3ccc(-c4ccc5cnccc5c4)cc3)CC2)CN1C1CC1,3.32,d62bdc04bdcb3f8d4ff9d32c539da0b0
O=C1COc2c(CCNCCN(C(=O)CCNCCc3ccc(Cl)c(Cl)c3)C3CCCCC3)ccc(O)c2N1,2.23,2d7f0219bd1c4c8e9bceeaaa85b7f73a
O=C1COc2ccc(CNC3CCN(CCN4C(=O)COc5ccc(-c6ccco6)cc54)CC3)nc2N1,2.19,032f60c9b86f4032e3222bb8076ef7b0
O=C1COc2ccc(CNC3CCN(CCN4C(=O)COc5ccc(Br)cc54)CC3)nc2N1,1.42,38a63cea3925d499113ace16a8f671b0
O=C1COc2ccc(CNC3CCN(CCN4C(=O)COc5ccc(Cl)cc54)CC3)nc2N1,1.33,38a63cea3925d499113ace16a8f671b0
O=C1COc2ccc(CNC3CCN(CCN4C(=O)COc5ccc(F)cc54)CC3)nc2N1,0.9,38a63cea3925d499113ace16a8f671b0
O=C1COc2ccc(CNC3CCN(CCN4C(=O)COc5ccc(O)cc54)CC3)nc2N1,0.52,38a63cea3925d499113ace16a8f671b0
O=C1COc2ccc(CNC3CCN(CCN4C(=O)COc5ccc(OC(F)(F)F)cc54)CC3)nc2N1,1.82,294779835f3d7302017592db871d58f1
O=C1COc2ccccc2N1CCN1CCC(NCc2cc3c(cn2)OCCO3)CC1,1.04,15cf5b484272640b2704433c02ab006f
O=C1N=C(O)NC1(c1ccccc1)c1ccccc1,2.41,3608070ced92378a7e0af24c0cdd6acc
O=C1NC(=O)/C(=C/c2ccc3c(c2)OC(F)(F)O3)S1,2.8,21c7aab363786bd4137cc0e739a7a7d9
O=C1NC(=O)/C(=C/c2cccc(Cl)c2N2CCNCC2)S1,0.68,ba3368be3d76c5608af4cde6b7b30f13
O=C1NC(=O)C(Cc2ccc3ccccc3c2)S1,2.41,99d9bb6f1d234ab841c0792996e953a3
O=C1NC(=O)C(Cc2cccc(Oc3ccccc3)c2)S1,2.84,79eb6dc3b688b403ff31e002249ca5d0
O=C1NC(=O)C(c2cnc3ccccn23)=C1c1cn2c3c(cccc13)CN(C(=O)N1CCOCC1)CC2,1.79,3d1aab97a85d04a448563df0bb020c6f
O=C1NC(=O)c2cc(OCc3ccccc3)ccc21,3.1,04f21cf4ffe6f72ea499c10e466e3f92
O=C1NC(c2ccc(Br)cc2)Nc2ccccc21,2.68,4c0009a699776d3a0473bd7da1fe4511
O=C1NCCc2[nH]c(-c3ccncc3)cc21,1.49,c366b5ddd322fd57f916d2160b734e98
O=C1Nc2ccc(Cl)cc2C(c2ccccc2Cl)=NC1O,2.38,c09ae2c5e42b26c2827c937d7822b845
O=C1Nc2ccc(S(=O)(=O)N3CCC[C@H]3CNc3ccccc3)cc2C1=O,2.4,2911f9a7edb0d2501733cb023c80431e
O=C1Nc2ccc(S(=O)(=O)N3CCC[C@H]3COc3ccccc3)cc2C1=O,2.7,2911f9a7edb0d2501733cb023c80431e
O=C1Nc2ccccc2B(O)N1c1ccccc1,1.4,3de81e3c00491caaed2ce0a80e1f74aa
O=C1Nc2ccccc2C1(O)c1ccccc1,1.71,04e4058dd859c14d27ea05f38f04369b
O=C1OCCN1N=Cc1ccc([N+](=O)[O-])o1,-0.12,96616f4f5784791755e4fda8829f50c8
O=C1O[C@@H](COc2ccon2)CN1c1ccc(C2=CCOCC2)c(F)c1,2.61,513aac9a858823515369105a6f8a8005
O=C1O[C@@H](Cn2nncc2F)CN1c1ccc(C2=CCS(=O)(=O)CC2)c(F)c1,3.54,75a330fbcfe4a7bb9b91234df928d830
O=C1O[C@]2(CN3CCC2CC3)CN1c1ccc(Br)s1,2.0,ff6bfe66ff1997d07ca6ca4c31fb8868
O=C1O[C@]2(CN3CCC2CC3)CN1c1cccs1,0.9,659df27e68e102292a60b51a03e45698
O=C1[C@@H]2[C@@H]3CC[C@@H](C3)[C@@H]2C(=O)N1[C@H]1CC[C@H](C(=O)Nc2cccc3cccnc23)CC1,3.94,e6573ba2dfb91e1f4f3b2ee66627e4cf
O=C1c2ccc(O)cc2C(=O)N1c1ccc(O)cc1,1.8,e736dbfe0a40cb46862953099c6a6651
O=C1c2ccc(O)cc2C(=O)N1c1ccc(O)cc1F,2.1,91720abd8e7f5cc898921d334185849a
O=C1c2ccc(O)cc2C(=O)N1c1cccc(O)c1,2.0,4bcada654c58c06c12a1ef6bbec5169d
O=C1c2ccc(O)cc2C(=O)N1c1ccccc1,2.3,aaad76692106ba178ef58df2d2d34dd3
O=C1c2ccccc2C(=O)N1c1ccc(O)cc1,2.0,0f8b45147c90864f925c79d375759cc1
O=C1c2ccccc2CN1C1CCN(CCC(c2ccccc2)c2ccccc2)CC1,4.1,06d930e2d7785707e616619dc3e5c400
O=CN(O)C1(CS(=O)(=O)N2CCN(c3ccc(F)cc3)CC2)CCC1,1.34,721ff111b36f4a4003d78be7d157b5e0
O=CN(O)C1(CS(=O)(=O)N2CCN(c3ccc(F)cc3)CC2)CCOCC1,0.85,3e1cad21206628c298a0c21fe666240a
O=CN1CC=C(c2c(F)cc(N3C[C@H](COc4ccon4)OC3=O)cc2F)CC1,2.01,c6370bfd1d491d3d5265211de4d4e3df
O=CNc1cc([C@@H](O)CNCCc2ccc(NC[C@H](O)c3ccccc3)cc2)ccc1O,0.02,4de1c08a5db7462f22c3673e2e55c105
O=Cc1ccccc1B(O)O,0.83,ec1ac7a6f565cc29b2c4f4d704b4a048
O=S(=O)(C1CCNCC1)C1(c2cc(N3CCOCC3)nc(-c3cccc4[nH]ccc34)n2)CC1,1.1,66ca9d395a3c2d6f113bd9ee2c247ca3
O=S(=O)(CCCNCCc1ccc(O)c2nc(O)sc12)NCCOCCSc1ccccc1,1.84,ac15e214087ebf78606e454f8f7e9c7f
O=S(=O)(CCCNCCc1ccc(O)c2nc(O)sc12)NCCOCCc1ccc(F)cc1,1.57,fe5c748358042c02014365f5b7843569
O=S(=O)(CCCNCCc1ccc(O)c2nc(O)sc12)NCCOCCc1cccc(C(F)(F)F)c1,2.62,44d2c14617e4c1cf7d6aacaac0db770c
O=S(=O)(CCCNCCc1ccc(O)c2nc(O)sc12)NCCOCCc1cccc(Cl)c1,1.92,1034635247c0d826d602a3dc34b6e2a0
O=S(=O)(CCCNCCc1ccc(O)c2nc(O)sc12)NCCSCCc1ccccc1,1.77,3c46df1348d8a77b1b4546c5855f5bf0
O=S(=O)(CCCOCCNc1ccccc1)CCNCCc1ccc(O)c2nc(O)sc12,1.98,904580699fef4e171543f26b24e27ef9
O=S(=O)(CCCOCCSc1ccccc1)CCNCCc1ccc(O)c2nc(O)sc12,2.68,904580699fef4e171543f26b24e27ef9
O=S(=O)(CCCOCCc1cc2ccccc2o1)CCNCCc1ccc(O)c2nc(O)sc12,2.86,297e25fade3194d121a76abc6f9e6ddb
O=S(=O)(CCCOCCc1ccccc1)CCNCCc1ccc(O)c2nc(O)sc12,2.61,29765015037e9d237b9d7cf7b24f0cd9
O=S(=O)(CCCOCCc1nccc2ccccc12)CCNCCc1ccc(O)c2nc(O)sc12,2.35,6eab623572f30da8f181c61838a42515
O=S(=O)(CCOCCCc1ccccc1)NCCNCCc1ccc(O)c2nc(O)sc12,2.22,3c46df1348d8a77b1b4546c5855f5bf0
O=S(=O)(CCOCc1cccc2ccccc12)NCCCNCCc1ccc(O)c2nc(O)sc12,1.69,b06513d4c4b333c0d3c2887cee33ccbb
O=S(=O)(Cc1c(F)cccc1F)N1CCN(c2ncccc2C(F)(F)F)CC1,3.9,c0a230387981ec0e8b1c16473775585c
O=S(=O)(Cc1cc(Cl)cc(Cl)c1)NCC(c1ccccc1)N1CCCCCC1,3.23,fbafdeb1ff9ef0c262786378778bb0c3
O=S(=O)(Cc1cc(N2CCOCC2)nc(-c2ccccn2)n1)c1ccc(F)cc1,1.59,616f15429d9b7ce694bf82943f64daed
O=S(=O)(Cc1cc(N2CCOCC2)nc(-c2ccccn2)n1)c1ccccc1,1.34,962170757016e3d2b0b01e015f7a0b7e
O=S(=O)(Cc1ccccc1)NCC(c1ccccc1)N1CCCCCC1,2.83,f9a1be143350c7460164da3a52fdbd71
O=S(=O)(NCC(c1ccccc1)N1CCCCCC1)c1cc(Cl)cc(Cl)c1,3.36,87343e0b95b3efa9510d38728343a9db
O=S(=O)(NCC(c1ccccc1)N1CCCCCC1)c1ccc(Br)cc1,3.21,7170f0c87c95c1d39e2d98cb01060d2d
O=S(=O)(NCC(c1ccccc1)N1CCCCCC1)c1ccc(Br)s1,3.52,df9b5d21edba5546bf80f7cccfcd125f
O=S(=O)(NCC(c1ccccc1)N1CCCCCC1)c1ccc(C(F)(F)F)cc1,4.29,8c8ef341b313fd1d91aa0efaebe6844e
O=S(=O)(NCC(c1ccccc1)N1CCCCCC1)c1ccc(F)c(Cl)c1,3.98,4d93a3ed862008379e272726c26444b4
O=S(=O)(NCC(c1ccccc1)N1CCCCCC1)c1ccc(F)c(F)c1,2.84,4d93a3ed862008379e272726c26444b4
O=S(=O)(NCC(c1ccccc1)N1CCCCCC1)c1cccc(C(F)(F)F)c1,3.12,0f08680302f159b88d2006a18f925bc9
O=S(=O)(NCC(c1ccccc1)N1CCCCCC1)c1cccc(Cl)c1,3.39,7923facbed7a08b2c0bd6f401341bacb
O=S(=O)(NCC(c1ccccc1)N1CCCCCC1)c1ccccc1OC(F)(F)F,4.09,1f23b2d721894335364990f05012e2f0
O=S(=O)(NCC(c1ccccc1)N1CCCCCC1)c1cccnc1,2.1,13ed4b4516aad2262e083491105bc7c0
O=S(=O)(NCCNc1ncccn1)c1cccc2cnccc12,0.61,58f717f932d46afab99ea015a1eaf938
O=S(=O)(Nc1cc(F)ccc1F)c1ccc(Cl)cc1,2.9,129665cf42476b2d5f7c64ffca6a7366
O=S(=O)(Nc1ccc(S(=O)(=O)Nc2nccs2)cc1)c1ccc2c(c1)OCCO2,1.97,d71176e944907fe5803f832dd76e9fc7
O=S(=O)(Nc1ccc2[nH]c(-c3ccc(Br)o3)nc2c1)c1ccccc1,4.38,5e9fc284a34ab7b0517b03b92dda5ea4
O=S(=O)(Nc1cccc2[nH]ncc12)c1cccs1,1.7,ef253989ace9bb0e5d7c827162d99afd
O=S(=O)(Nc1ccccc1-c1ccccc1)c1ccccc1,3.96,813b6b02b310d820d98d352c5c2ecdd2
O=S(=O)(Nc1cccnc1)c1ccc2c(c1)OCCO2,1.34,8c0312685daa13a3da96e1055345568a
O=S(=O)(Nc1cccnc1)c1ccccc1,0.84,146f3b2b8544f5860022756b95aa63e7
O=S(=O)(Nc1cccnc1)c1cccs1,0.54,6e973caa0c18919ead3c90c46aa402d6
O=S(=O)(Nc1nc(-c2ccccc2)nn1Cc1ccccc1)c1ccccc1,1.25,1b50fadb56ccb75239699eb9e5bab84b
O=S(=O)(Nc1nc(-c2sccc2Cl)cs1)c1cc(Cl)ccc1Cl,2.11,94ab76118183681cd467e90bdaafe98e
O=S(=O)(Nc1ncc(Cl)s1)c1cc(F)c(Oc2ccc(F)cc2-c2cn[nH]c2)cc1F,2.7,eeb9cbebf6a4a14d61029b6fe6055c9c
O=S(=O)(Nc1nccs1)c1cc(Cl)ccc1Cl,1.14,8c538fcefaea8e1fc02da4bd39965b46
O=S(=O)(Nc1nccs1)c1ccc(O)cc1,0.36,374bdd164d16ed0887145a79d44307f4
O=S(=O)(Nc1ncns1)c1cc(F)c(Oc2ccc(Cl)cc2-c2ccnn2C2CNC2)cc1F,1.0,283488cdd4febaddc01d5cc77a1b4213
O=S(=O)(Nc1nnc(-c2ccccc2)s1)c1ccc(Cl)cc1,1.14,1ff874bad1fac2614922f69228c1498e
O=S(=O)(Nc1nncs1)c1cc(Cl)c(Oc2ccc(C(F)(F)F)cc2-c2ccnnc2)cc1F,1.15,fe41ccfa9a174ade32ce617ed5a09364
O=S(=O)(c1cccc(-c2cn3cccnc3n2)c1)N1CCOCC1,1.3,25b708020c24471453b454fa71edfd2d
O=S(=O)(c1ccccc1)C1(c2cc(N3CCOCC3)nc(-c3cccc4[nH]ccc34)n2)CC1,3.4,66ca9d395a3c2d6f113bd9ee2c247ca3
O=S(=O)(c1ccccc1)N(CC(F)(F)F)c1ccc(C(O)(C(F)(F)F)C(F)(F)F)cc1,4.5,66d15f9c8facf815e8b11dd2a7e73fca
O=S(=O)(c1ccccc1-c1ccc(CNC2CCOCC2)cc1)N1CCCC1,1.4,91fdf4b7deac2efba029136862f7f5c4
O=S1(=O)CC(O)C(N2CCC(c3ccccc3)CC2)C1,1.4,243a86f4f2d9d9283ed6bccccb355d3e
O=S1NC(Cc2ccc3ccccc3c2)=NO1,1.85,c726bf6bcdd0f8c5ffc21e25991fc062
O=[N+]([O-])c1c(Cl)c(Cl)cc2nc(O)c(O)nc12,0.21,48411452c115702aefe940d796133a60
O=[N+]([O-])c1ccc(C=NO)o1,1.31,b32544080d592d82d8de7eb57bf0ea07
O=[N+]([O-])c1ccc(O)cc1,1.5,65ca9332c51bb580e791aea13d0da4d7
O=[N+]([O-])c1ccc2[nH]c(-c3ccccn3)nc2c1,2.8,c66609d83d56535a41b7e6c3aa4bd138
O=[N+]([O-])c1ccc2[nH]ncc2c1,2.2,72104039fe08cc458471386ebf405a24
O=[N+]([O-])c1ccc2c(c1)N(c1cccc[n+]1[O-])CC(C(F)F)(C(F)F)O2,3.2,5190436692f3114b041dc23f521bab10
O=[N+]([O-])c1ccc2c(c1)nc1n2CCCCC1,2.58,b4810046b7a98fca3d3873f1e54ea8a9
O=[N+]([O-])c1cccc2ccc(C(Cl)(Cl)Cl)nc12,3.7,980dfc0cc5a48ccb5b19975a2d3bb848
O=c1[nH][nH]c(=O)c2c(O)c3c(Cl)cc(Cl)cc3nc12,0.89,b9e3d4e20295b1af4fcb9dc25c8a2523
O=c1[nH][nH]c(=O)c2c1[nH]c1cc(Cl)cc(Cl)c12,1.02,4b6265910f68be617c2795897f89875a
O=c1[nH]c(-c2ccc([N+](=O)[O-])cc2)nc2ccccc12,2.5,ddb226124847d65e0d9a8fa0a1eb3850
O=c1[nH]c(-c2ccccc2)nc2cc(Cl)ccc12,3.31,01230eb2f860b9e2f778d084449e98cb
O=c1[nH]c(S)nc2[nH]cnc12,-1.48,34cc73b53005b4ad38816f9768118eef
O=c1[nH]c([C@@H]2CCCN2)nc2c1oc1ccc(Br)cc12,2.19,a543df7e65d0468902ad955c8cf21dff
O=c1[nH]c([C@@H]2CCCN2)nc2c1oc1ccc(Cl)cc12,2.01,a543df7e65d0468902ad955c8cf21dff
O=c1[nH]c2c(O)ccc([C@@H](O)CNCCCOCCNCCc3cccc(Cl)c3)c2s1,-0.03,1e3e20a94093d31ace858771086c8341
O=c1[nH]c2c(O)ccc([C@@H](O)CNCCCOCCOCCc3cccc4ccccc34)c2s1,2.28,5f2cddd2fe1af4ea02b244e8b4f1eb93
O=c1[nH]c2c(O)ccc([C@@H](O)CNCCCOCCOCCc3ccccc3)c2s1,1.09,913428af440a34846d52ea990adfb4a9
O=c1[nH]c2c(O)ccc([C@@H](O)CNCCCSCCNCCc3cccc(Cl)c3)c2s1,1.06,1e3e20a94093d31ace858771086c8341
O=c1[nH]c2c(O)ccc([C@@H](O)CNCCCSCCNCCc3cccc(Cl)c3Cl)c2s1,1.74,78ccf721392d31fee3f3e12741bcf8fb
O=c1[nH]c2c(O)ccc([C@@H](O)CNCCCSCCNCCc3ccccc3Cl)c2s1,0.99,869d87e4e2af38a946bb93620a51ec8b
O=c1[nH]c2c(O)ccc([C@@H](O)CNCCCSCCOCCc3cccc4ccccc34)c2s1,3.12,5f2cddd2fe1af4ea02b244e8b4f1eb93
O=c1[nH]c2c(O)ccc([C@@H](O)CNCCCSCCOCCc3ccccc3)c2s1,2.3,913428af440a34846d52ea990adfb4a9
O=c1[nH]c2c(O)ccc([C@@H](O)CNCCOCCCNCCc3cccc(Cl)c3)c2s1,0.83,1e3e20a94093d31ace858771086c8341
O=c1[nH]c2c(O)ccc([C@@H](O)CNCCOc3cccc(CNCCc4ccccc4F)c3)c2s1,1.86,96ec7a2836ccbfce360bed589675d49a
O=c1[nH]c2c(O)ccc([C@@H](O)CNCCSCCCNCCc3cccc(C(F)(F)F)c3)c2s1,1.21,a9e10b36594a3605b1c0827e93ad1dbb
O=c1[nH]c2c(O)ccc([C@@H](O)CNCCSCCCNCCc3cccc(Cl)c3)c2s1,0.98,1e3e20a94093d31ace858771086c8341
O=c1[nH]c2c(O)ccc([C@@H](O)CNCCSCCCNCCc3cccc(Cl)c3Cl)c2s1,2.2,78ccf721392d31fee3f3e12741bcf8fb
O=c1[nH]c2c(O)ccc([C@@H](O)CNCCSCCCNCCc3ccccc3)c2s1,0.12,913428af440a34846d52ea990adfb4a9
O=c1[nH]c2c(O)ccc([C@@H](O)CNCCSCCCOCCc3ccccc3)c2s1,2.54,913428af440a34846d52ea990adfb4a9
O=c1[nH]c2c(O)ccc([C@@H](O)CNCCc3ccc(CNCCc4c(Cl)cccc4Cl)cc3)c2s1,2.3,319bb258b43f75268ff1faad24df5c2c
O=c1[nH]c2c(O)ccc([C@@H](O)CNCCc3ccc(CNCCc4ccccc4)cc3)c2s1,1.11,95136375d786fbc101e6a603d8081b07
O=c1[nH]c2c(O)ccc([C@@H](O)CNCCc3ccc(CNCCc4ccccc4F)cc3)c2s1,1.3,c334173d68806d2912c65fd36c67ab7e
O=c1[nH]c2c(O)ccc([C@@H](O)CNCCc3ccc(CNCCc4ccccn4)cc3)c2s1,-0.25,95136375d786fbc101e6a603d8081b07
O=c1[nH]c2c(O)ccc([C@@H](O)CNCCc3cccc(-c4cccc(CNCc5ccccc5)c4)c3)c2s1,2.32,a516160d4a4bbec068b5c34e7a0fd672
O=c1[nH]c2c(O)ccc([C@@H](O)CNCCc3cccc(CN4CCC(c5ccccc5)CC4)c3)c2s1,1.99,5818cd0711b6376c822449ea8ea73931
O=c1[nH]c2c(O)ccc([C@@H](O)CNCCc3cccc(CN4CCCC4)c3)c2s1,-0.28,9b2389f8b3a890b91c2b4ccf54d56221
O=c1[nH]c2c(O)ccc([C@@H](O)CNCCc3cccc(CNCCCc4ccccc4)c3)c2s1,1.11,a62f047f98ea6f5a54a47f6a6976d382
O=c1[nH]c2c(O)ccc([C@@H](O)CNCCc3cccc(CNCCc4c(Cl)cccc4Cl)c3)c2s1,3.15,ccbce45d582c428a3a8e5fa4bc5c8865
O=c1[nH]c2c(O)ccc([C@@H](O)CNCCc3cccc(CNCCc4ccccc4Cl)c3)c2s1,1.63,5d422f598725f255a85f27779e01e377
O=c1[nH]c2c(O)ccc([C@@H](O)CNCCc3cccc(CNCCc4ccccc4F)c3)c2s1,1.06,5d422f598725f255a85f27779e01e377
O=c1[nH]c2c(O)ccc([C@@H](O)CNCCc3cccc(CNCCc4ccccn4)c3)c2s1,-0.07,03a9654142cdb7a6bc434cf6553008e1
O=c1[nH]c2c(O)ccc([C@@H](O)CNCCc3cccc(CNCc4ccccc4Cl)c3)c2s1,1.85,fd7c8437bb699b965e8d62ce92410901
O=c1[nH]c2c(O)ccc([C@@H](O)CNCCc3cccc(CNCc4ccccc4F)c3)c2s1,0.69,fd7c8437bb699b965e8d62ce92410901
O=c1[nH]c2c(O)ccc([C@@H](O)CNCCc3ccccc3CNCCc3ccccc3F)c2s1,1.58,aa6c956bc55f45e6de8e642a66f3afd6
O=c1[nH]c2cc(Cl)ccc2c(O)c1-c1cccc(Oc2ccccc2)c1,2.96,51111718e83bfb01a854c051fdf74d64
O=c1[nH]c2cc(Cl)ccc2o1,2.16,1e18e853a872574c751a1b3e2e8a7aa3
O=c1[nH]c2ccccc2n1CCCN1CCC(n2c(=O)[nH]c3cc(Cl)ccc32)CC1,3.45,ae4450a7cf1d7220c0efb72e0c5196e5
O=c1[nH]ccc2nc(-c3ccc(CN4CCC(c5n[nH]c(-c6ccccn6)n5)CC4)cc3)c(-c3ccccc3)cc12,3.9,55d5495629ab2f3acb27f184785af933
O=c1[nH]cnc2[nH]ncc12,-0.42,b795f1fa874b702a7ad46e4bd3020390
O=c1[nH]cnc2cc(F)c(F)cc12,1.5,1646a24298127f38593d994ded6ddee1
O=c1[nH]cnc2scc(-c3cccs3)c12,2.18,4c959255bcf23ecb51b13d106bd2282f
O=c1[nH]n(C(c2ccccc2)c2ccncc2)c(=O)c2c(O)c3ccc(Cl)cc3nc12,1.1,10c26124b8f946d2b674ed388b0514e1
O=c1[nH]n(C(c2ccccn2)C2CC2)c(=O)c2c(O)c3ccc(Cl)cc3nc12,1.0,1cf7c8cd69031954cff4964735d0e189
O=c1[nH]n(C(c2ccccn2)C2CCCC2)c(=O)c2c(O)c3ccc(Cl)cc3nc12,1.9,0500b38648a40dade4447a58af3fcc9b
O=c1[nH]n(C(c2ccncc2)C2CC2)c(=O)c2c(O)c3ccc(Cl)cc3nc12,0.7,1cf7c8cd69031954cff4964735d0e189
O=c1[nH]n(CC#Cc2ccccc2)c(=O)c2c(=O)c3ccc(Cl)cc3[nH]c12,1.78,798e77ae9eeb432063167b64a0b2937c
O=c1[nH]n(Cc2cc3ccccc3s2)c(=O)c2c(=O)c3ccc(Cl)cc3[nH]c12,2.0,ae9eb2d89e9e8b519580ccd1102b70d9
O=c1[nH]n(Cc2ccccn2)c(=O)c2c(=O)c3ccc(Cl)cc3[nH]c12,1.1,1e8b83c9c442619eb379adb5f2f90ead
O=c1[nH]n(Cc2cccs2)c(=O)c2c(=O)c3ccc(Cl)cc3[nH]c12,1.52,1dcb3c4136e7c8e809c8cbcd045286a8
O=c1[nH]n(Cc2ccncc2)c(=O)c2c(=O)c3ccc(Cl)cc3[nH]c12,-0.16,1e8b83c9c442619eb379adb5f2f90ead
O=c1[nH]n(Cc2ccoc2)c(=O)c2c(=O)c3ccc(Cl)cc3[nH]c12,0.6,1dcb3c4136e7c8e809c8cbcd045286a8
O=c1[nH]n(Cc2ccsc2)c(=O)c2c(=O)c3ccc(Cl)cc3[nH]c12,1.11,1dcb3c4136e7c8e809c8cbcd045286a8
O=c1[nH]nc(Cc2ccccc2)c2ccccc12,2.8,e0026620186bb0540bced8a1fadae9d3
O=c1[nH]nc2cc(CO)c3ccc(-c4ccc[nH]4)cc3n12,2.19,d3a40dcef35348f4c1ecdb4c6ef1d275
O=c1c(-c2ccc(F)cc2)coc2cc(O)cc(O)c12,3.6,90792543aa63dd36694f75fa6be502fe
O=c1c(-c2ccc(O)c(O)c2)coc2cc(O)cc(O)c12,2.45,9dc7bb91218cb3f6234a1e8ccc4e9107
O=c1c(-c2ccc(O)c(O)c2)coc2cc(O)ccc12,1.88,6d0ce3ddc723a68a7b9b02cc4eebe937
O=c1c(-c2ccc(O)cc2)coc2cc(O)cc(O)c12,3.06,90792543aa63dd36694f75fa6be502fe
O=c1c(-c2ccc(O)cc2)coc2cc(O)ccc12,2.46,574dee685ae37dc89c1944db7a028ba2
O=c1c(-c2ccc([N+](=O)[O-])cc2)coc2cc(O)cc(O)c12,3.24,868a43ef9ec25008a641fe79e2ecfd49
O=c1c(-c2ccc3c(c2)OCO3)coc2cc(O)cc(O)c12,3.5,66a1d7c5f9c230fa2d8b14cad451d069
O=c1c(O)cccc2cc(O)c(O)c(O)c12,2.03,3b2b6a7b0c2e94daee50bce900852604
O=c1c2ccc(O)cc2ncn1-c1ccc(O)cc1,1.6,574dee685ae37dc89c1944db7a028ba2
O=c1c2ccccc2[se]n1-c1ccccc1,3.31,eac835858d9ec11d4f5e35388691f4d6
O=c1c2ccccc2nc2ccccn12,2.1,5e02e854f81282ed4ec90b265fd87e64
O=c1c2ccccc2nc2n1CCO2,0.6,08559133fc5155bb77cc3f06c25b95b8
O=c1c2ccccc2nc2n1CCS2(=O)=O,0.8,06e4a736894087dafa8df389b2ad674b
O=c1c2ccccc2oc2cc(O)cc(O)c12,3.39,3942d83353599fefc93e49821e94ce22
O=c1c2ccccc2oc2cccc(O)c12,3.8,a97069df3f672ee793c565fd5abf6573
O=c1c2cnn(-c3ccccc3)c2nc(-c2ccco2)n1-c1ccccc1,3.29,cc8e8bbab264befe5cc3ea1d8c464dbd
O=c1c2sccc2n(CC2COc3ccccc3O2)c(=O)n1O,1.44,8641d0a5a71db729865d35ed58f6cac8
O=c1cc(-c2ccc(O)cc2)[nH]c2ccccc12,2.34,4c0009a699776d3a0473bd7da1fe4511
O=c1cc(-c2ccc(O)cc2)oc2cc(O)ccc12,3.2,4881b67023b175ef9c61e537c1c7675a
O=c1cc(-c2ccc(O)cc2)oc2ccc(O)cc12,3.3,cca532264945f8f69b190587b6f4b4fd
O=c1cc(-c2ccccc2)ccn1-c1ccc2c(cnn2CCN2CCCC2)c1,1.6,6b75aa2dac02a4ab165684eab2d40533
O=c1cc(-c2ccccc2)oc2cc(O)cc(O)c12,3.83,eb39cbcab3fa8afa1135503216420cd8
O=c1cc(-c2ccccc2)oc2ccc(O)cc12,3.6,ee3d1938ec6e2b0bdaa7406435f5790c
O=c1cc(-c2cccnc2)[nH]c2cc(C(O)c3ccccc3)ccc12,2.27,44d88e32013f401cb5cb40c23a5b9e9f
O=c1cc(-c2cccnc2)[nH]c2cc(Cc3ccccc3)ccc12,3.46,1865dff976eecef649f4a9480b16da08
O=c1cc(-c2ccco2)[nH]c2ccccc12,2.21,0f70e0905ac523473119a11f00fee30d
O=c1cc(N2CCOCC2)nc2c3ccccc3ccn12,2.78,bd6ef77d792731b5b6b767c6013bf1f0
O=c1cc(N2CCOCC2)nc2ccccn12,1.0,c4685e4588eb279dc80056098317c44c
O=c1cc(N2CCOCC2)nc2n(Cc3cccc(Cl)c3Cl)ccn12,3.3,58a166d554d9b70a5b3539aebdb9ec1b
O=c1cc(N2CCOCC2)nc2n(Cc3cccc4ccccc34)ccn12,3.3,c7eea4ced82052b42621e2ab8c1faf20
O=c1cc(N2CCOCC2)oc2c(-c3cccc(-c4ccsc4)c3)cccc12,4.2,8a41dcd4753daf6c77021b7497dcddcd
O=c1cc(N2CCOCC2)oc2c(-c3cccc4c5c(sc34)CCCC5)cccc12,4.1,356535e46f98076b52b5bcfc0a821b0b
O=c1cc(N2CCOCC2)oc2c(-c3ccccc3)cccc12,2.9,e6bc49774ce3c9f70086efc60eceaa7c
O=c1cc(N2CCOCC2)oc2cc(O)ccc12,1.0,01230eb2f860b9e2f778d084449e98cb
O=c1cc(O)oc2c1c(=O)n(-c1ccccc1)c1ccccc21,0.96,faa814d06982e93d778f2b44c74eb7a3
O=c1cc(O)oc2c1c(=O)n(Cc1ccccc1)c1ccccc21,1.97,62e5881ca8724931dcf1491e57eb1b8b
O=c1cc(OCc2ccccc2)ccn1-c1ccc2c(cnn2CCN2CCCC2)c1,2.0,3b0a61f995b9a0a7503047612617aedd
O=c1ccc(=O)c2ccccc2[nH]1,1.02,8e717c6efc8e225e8aeddbb6ff91caf0
O=c1ccc2ccccc2[nH]1,1.32,09865577bdf1c4ac24094347be042401
O=c1ccnc2cc(C#Cc3ccccc3)ccn12,2.9,3056627143acd51a120b124b64d745af
O=c1ccnc2ccccn12,0.2,f9e7199e472410d3d2519630916625b9
O=c1ccoc2cc(OCc3ccccc3)ccc12,3.33,3056627143acd51a120b124b64d745af
O=c1ccoc2ccccc12,1.4,f9e7199e472410d3d2519630916625b9
O=c1n(CCCN2CCN(c3cccc(Cl)c3)CC2)nc2ccccn12,2.67,0091a8f197551b5f42aab67a2fcce6ef
O=c1nc(NCc2ccccc2)sn1Cc1ccccc1,3.01,840e7d0f22c95fa187342cfe19f66d23
O=c1ncn2nc(Sc3ccc(F)cc3F)ccc2c1-c1c(Cl)cccc1Cl,2.74,9579113c228363c0b7a869eb17dd6004
O=c1oc(-c2ccccc2)cc2ccccc12,3.84,c4685e4588eb279dc80056098317c44c
O=c1oc2c(O)cccc2cc1-c1ccc(O)cc1,2.8,0905cc0d61f01da020412f6475f47fe1
O=c1oc2cc(O)ccc2cc1-c1ccc(O)cc1,2.9,e20967ec5fae1800e46e4b62e4633ec9
O=c1oc2ccc(O)cc2cc1-c1ccc(O)cc1,2.9,6b7a7e13b4b1ac9cbee718c650ba9ad7
O=c1oc2ccc(O)cc2cc1-c1ccccc1,3.12,395fca4c2f701424503832cfd9110874
O=c1oc2ccccc2c(O)c1Cc1c(O)c2ccccc2oc1=O,1.22,64c1ea7c21b3140d4474fb2aaeadbecc
O=c1oc2ccccc2cc1-c1ccc(O)cc1,3.0,2c7da77ba435c07ae66524d784a4837a
O=c1oc2ccccc2cc1-c1ccccc1,3.22,b59e0cbc0e26a401d35f33f24bebeda6
OB1c2ccccc2N=C(S)N1c1cccnc1,-0.62,3de81e3c00491caaed2ce0a80e1f74aa
OC(CCN1CCCC1)(c1ccccc1)C1CCCCC1,1.78,3e8a6f16818ef649cfbbbbffe0c0ecc2
OC(CCN1CCCCC1)(c1ccccc1)C1CC2C=CC1C2,2.49,04aec941cb960c8a18e17de29f224a4c
OC(CCN1CCCCC1)(c1ccccc1)C1CCCCC1,2.68,d44e04b179e6d39691a3dabb187cf64b
OC(CN1CCOCC1)c1ccccc1,1.0,0606fee27dfc7254c74d220adc773109
OC(Cn1cncn1)(Cn1cncn1)c1ccc(F)cc1F,0.48,0a5921ada370a6ed9973dcc03ef592aa
OC(c1ccccc1)c1cccnc1,1.72,ee0fd505ddc029c6c923c883bfebf038
OC1(C#Cc2ccc(-c3ccccc3)cc2)CN2CCC1CC2,3.14,5bcf0f4d5f902e429b36161803d103e4
OC1(c2ccc(-c3ccccc3)cc2)CN2CCC1CC2,1.5,3f5ca4afce504b014aaf918db792a1fc
OC1(c2ccc(Cl)cc2)CCN(Cc2c[nH]c3ccccc23)CC1,2.25,ba5a6c5e970bb325cdbfeb0f573dafc2
OC1(c2ccc(F)cc2)CCN(c2ccc3nnc(C(F)(F)F)n3n2)CC1,3.5,fc8baa9f1758628d9868f15a2ce3e997
OC1(c2ccccc2)CNCCc2ccccc21,1.38,fcd1f075ff9103532caf5a7a85709d49
OCC(CO)Nc1nc(SCc2cccc(F)c2F)nc2nc(NC3CC3)sc12,3.11,0bc0bc8326dd0ed7b74d72a0fc200b2d
OCC(O)CN1CCN(c2ccccc2)CC1,0.4,9f93111376388b0a7cc71d78a21f5f73
OCCN(CCO)c1nc(N2CCCCC2)c2nc(N(CCO)CCO)nc(N3CCCCC3)c2n1,3.97,62882279bc819d2cf5d4ecbd12a1c1f0
OCCN1CC=CC[C@H](c2ccc(Cl)c(Cl)c2)C1,2.37,304d1fc52cb639dbc6757ccc1fb0e5a9
OCCN1CCN(CCCN2c3ccccc3Sc3ccc(C(F)(F)F)cc32)CC1,3.8,5633c9cd404ddf058b5033711b6f4c55
OCCN1CCN(CCCN2c3ccccc3Sc3ccc(Cl)cc32)CC1,3.6,8fe68b6d089573cf73f7c5a0d456e431
OCCNCc1cc(Br)ccc1OCc1ccc(Cl)cc1,2.98,0708d92971c8ff54bfd1d7c6e4fbfd1b
OCCOCCN1CCN(C(c2ccccc2)c2ccc(Cl)cc2)CC1,3.08,c65fa8ce338f33ea76b7889769892a0e
OCCO[C@H]1C[C@@H](n2nnc3c(N[C@@H]4C[C@H]4c4ccc(F)c(F)c4)nc(SCCC(F)(F)F)nc32)[C@H](O)[C@@H]1O,4.17,f51dd6b4d6ac228b5be1171716f40a7e
OCC[C@@]1(c2cc3ccccc3o2)CCCNC1,0.06,bf7ad4ac653a5ddea546e3dea28b8acf
OCC[C@@]1(c2ccc(Cl)c(Cl)c2)CCCNC1,0.62,a5108952887c06562f33275b664d424b
OCC[C@]1(c2cc3ccccc3o2)CCCNC1,0.12,bf7ad4ac653a5ddea546e3dea28b8acf
OCC[C@]1(c2ccc(Cl)c(Cl)c2)CCCNC1,0.61,a5108952887c06562f33275b664d424b
OCCn1cc(-c2cnc3nnn(Cc4ccc5ncccc5c4)c3n2)cn1,1.7,5a4cca313c0f26c342c01f3ec52a4171
OC[C@H](Nc1ncc(Cl)c(Nc2cc(C3CC3)[nH]n2)n1)c1ccc(F)cc1,3.75,8bb82e98928c87212e919fa893e773b5
OC[C@H]1C[C@@H](n2nnc3c(N[C@@H]4C[C@H]4c4ccc(F)c(F)c4)nc(SCCC(F)(F)F)nc32)[C@H](O)[C@@H]1O,3.99,19955bb373af906288965aed6530f018
OC[C@H]1C[C@@H](n2nnc3c(N[C@@H]4C[C@H]4c4ccccc4)nc(SCCC(F)(F)F)nc32)[C@H](O)[C@@H]1O,4.06,f2ba52b350589db2e76f29a9359770de
Oc1c(I)cc(I)c2cccnc12,2.19,741dd80bed7eca99a509c7486b75d182
Oc1c2ncc3ccccc3c2nn1-c1ccc(Cl)cc1,1.52,d5c272f859cf2dc98c7e04837780335c
Oc1c2ncc3ccccc3c2nn1-c1ccccc1,0.8,de76498f6b065f6604d7aa704dc5b32a
Oc1cc(-c2ccccc2)nc2ccccc12,2.54,c4685e4588eb279dc80056098317c44c
Oc1cc(-c2ccccc2)nc2ccnn12,1.3,27e99fc0049e335f158d95f73698f265
Oc1cc(-c2ccccc2)nc2ncnn12,-0.21,27e99fc0049e335f158d95f73698f265
Oc1cc(Cl)cc(Cl)c1,3.58,e71a205c6700942a069db4f4388a4069
Oc1cc(O)cc(/C=C/c2ccc(O)c(O)c2)c1,2.11,ead3b778996b6b1342abc7f8a0033ee2
Oc1cc(OCc2ccccc2)ccn1,1.69,1ea775fd50d0c20c19ed1b6244184924
Oc1ccc(-c2ccc(C3(O)CN4CCC3CC4)cc2)cc1,0.95,28a671edf14c5da823e5a099f4996e03
Oc1ccc(-c2ccc3cc(O)ccc3c2)cc1,4.0,d0c7f61fcc5965b4bc8c9845b32fbdaf
Oc1ccc(-c2ccc3cc(O)ccc3n2)cc1,3.1,d0c7f61fcc5965b4bc8c9845b32fbdaf
Oc1ccc(-c2cnc3ccccc3n2)cc1,3.3,49e8c9382b6e9475c5318ed761639c35
Oc1ccc(-c2csc(-c3ccc(O)cc3)n2)cc1,3.7,9c76e321874b41f90ba0d58472c41c08
Oc1ccc(-c2nc3cc(O)ccc3o2)cc1,3.4,15e12f9779fa87029996b3289787498e
Oc1ccc(-c2nc3ccc(O)cc3o2)cc1,3.3,15e12f9779fa87029996b3289787498e
Oc1ccc(-c2nc3ccc(O)cc3s2)cc1,3.65,15e12f9779fa87029996b3289787498e
Oc1ccc(-c2nc3ccccc3nc2-c2ccc(O)cc2)cc1,2.7,522b1f163dff2b00c5c38a74e181ad47
Oc1ccc(-c2nc3ccccc3s2)cc1,4.1,ece9d2edc6297fca3fe7d5395db4303f
Oc1ccc(Br)c2ccccc12,4.3,b1e3a83a4271710aa663e43191f37e0e
Oc1ccc(C(c2ccc(O)cc2)C(Cl)(Cl)Cl)cc1,3.86,58298dd658f97273faf7940866825455
Oc1ccc(C2=Cc3ccc(O)cc3OC2)cc1,3.8,d0c7f61fcc5965b4bc8c9845b32fbdaf
Oc1ccc(C2CNCCc3c2cc(O)c(O)c3Cl)cc1,0.87,ba0b9be99f781b8bb4ee6e53735f9ea0
Oc1ccc(CCc2ccc(O)cc2)cc1,3.3,4124e47875ad402f5f80b6e8484703bd
Oc1ccc2[nH]c(CN3CCC(Cc4ccc(F)cc4)CC3)nc2c1,3.8,675d0e496b3a37d0af40442fb9eeb73e
Oc1ccc2c3c1O[C@H]1c4[nH]c5c(c4C[C@@]4(O)[C@@H](C2)N(CC2CC2)CC[C@]314)C[C@@]1(O)[C@H]2Cc3ccc(O)c4c3[C@@]1(CCN2CC1CC1)[C@H]5O4,1.41,de15f70818eecd64fa785b0b89956182
Oc1ccc2c3c1O[C@H]1c4[nH]c5ccccc5c4C[C@@]4(O)[C@@H](C2)N(CC2CC2)CC[C@]314,2.7,125595e27949a3286ece227440d2e462
Oc1ccc2nc(-c3ccccc3)sc2c1,3.99,466d38612c24668e2f43bbb6048e31d4
Oc1cccc(-c2nc3ccc(O)cc3s2)c1,3.7,109e5ec42551f4f2746743f82fe78edf
Oc1cccc(O[C@H]2C[C@H]3CC[C@@H](C2)N3Cc2ccccc2)c1,2.3,464334b253d18a9a1ff37b91821aad98
Oc1cccc2ccccc12,2.5,f9e7199e472410d3d2519630916625b9
Oc1cccc2nc(-c3ccccc3)cc(O)c12,3.37,5549090346797510df8e22898ff40b14
Oc1ccnc2ccccc12,0.8,f9e7199e472410d3d2519630916625b9
Oc1nc(-c2ccc(C(F)(F)F)cc2)nc2c1CSCC2,3.07,d45ac366b2293b7e0c0e023a4d053bc5
Oc1nc(-c2ccccc2)c(-c2ccccc2)o1,3.42,40aa9c599f5659fbf9e2eed3e3dbf726
Oc1nc(-c2ccccc2)nc2ccccc12,2.46,c4685e4588eb279dc80056098317c44c
Oc1nc2c(O)ccc(CCNCCCCCCOCCc3ccccc3)c2s1,2.21,ddc494a0ff8f4fed4b604f78a35a4215
Oc1nc2cc(Cl)cc(Cl)c2c(O)c1-c1ccccc1,1.6,cd06df98afea8e0065eb0501d177bbbc
Oc1nc2ccccc2c(O)c1-c1ccccc1,0.73,3de81e3c00491caaed2ce0a80e1f74aa
Oc1nc2ccccc2nc1NCc1ccccc1,3.3,60e82c49b9d926e1fcfd02072deb64c6
Oc1ncc(NCc2ccccc2)c(O)n1,0.82,68164afff3b1d46093d3e092830c3f50
Oc1ncnc2onc(-c3ccc(F)cc3)c12,1.97,ef31287d791da596c933f52ef4f83a8d
Oc1ncnc2scc(-c3ccccc3)c12,2.07,3a380dc38412f9570a4f4f1f5cebe0bb
Oc1ncnc2scc(-c3ccsc3)c12,2.25,4c959255bcf23ecb51b13d106bd2282f
S=C(NC1CCCCC1)N1CCC(c2cnc[nH]2)CC1,2.3,a2d21d6faa048ec0ec23703457c3f3c1
[O-][S+](c1ccccc1)c1ccc2nnnn2n1,0.79,322d0b629cf265e2026947c0d9be15cd
[O-]c1c2c(nn1-c1ccc(Cl)cc1)c1ccccc1c[n+]2Cc1ccccc1,4.5,3c846361fae2ebec0a67bc345fad90f3
c1cc(-c2ccc3nc(Nc4ccc(OCCN5CCCC5)cc4)ncc3c2)ccn1,2.66,a9b17b977327a39c2fb902509c6f3ce6
c1cc(Nc2ccnc(Nc3cc(N4CCOCC4)cc(N4CCOCC4)c3)n2)c2cn[nH]c2c1,3.05,b88a6cf59c88ee157b22e3c4f706fe29
c1cc2c(cc1-c1cnc3n1CCC3)OCCO2,2.33,272ce915313c4f4b2fe65eca51dbe114
c1ccc(-c2[nH]nc3ccccc23)cc1,3.79,09a801a589687497cfb4209a193c284e
c1ccc(-c2c[nH]c(-c3ccccc3)n2)cc1,3.8,8b086dcacc2989ce83cb76dc98fec3d7
c1ccc(-c2cc(NCCCCCCCCNc3cc(-c4ccccc4)nc4ccccc34)c3ccccc3n2)cc1,2.27,21a1254296400edce997cc7508e93b53
c1ccc(-c2cc(NCCCCNc3cc(-c4ccccc4)nc4ccccc34)c3ccccc3n2)cc1,3.65,b0c4ca02db7811ae322d5d7206580d34
c1ccc(-c2ccc(C3CN4CCC3CC4)cc2)cc1,1.76,053bbefd5415afb9719e82b6a27cb774
c1ccc(-c2ccc(COc3ccc4c(c3)CCC(CCN3CCCCC3)C4)cc2)cc1,3.3,cf05ccdfc9a0a24a0a05806629203d7c
c1ccc(-c2ccc3ccccc3n2)cc1,4.0,ecd3947e05b833b69d558550078b440e
c1ccc(-c2cn3ccccc3n2)cc1,2.9,7ca532f9578a10025e130e7bbb5d8683
c1ccc(-c2n[nH]c(-c3ccncc3)n2)nc1,1.48,8b086dcacc2989ce83cb76dc98fec3d7
c1ccc(-c2n[nH]cc2-c2ccnc3ccccc23)nc1,2.57,48238761a264ad034653a663314cdd2b
c1ccc(-c2nc3ccccc3[nH]2)nc1,2.5,7ca532f9578a10025e130e7bbb5d8683
c1ccc(-c2nnc(-c3ccccc3)s2)cc1,4.2,8b086dcacc2989ce83cb76dc98fec3d7
c1ccc(-c2nnc3ccc(NC4CC4)nn23)cc1,3.15,a7e4330758223c4e2547497f8ef5dfbd
c1ccc(C2CCNCC2)cc1,0.54,c892c4aa68135ada8d3e50c7cba88540
c1ccc(C2Cc3ccccc3CN2)cc1,1.9,ecd3947e05b833b69d558550078b440e
c1ccc(C2OC3(CCNCC3)c3ccccc32)cc1,0.75,97c82d99dadd20b3430cab7c85d280b7
c1ccc(CC2NCCc3ccccc32)cc1,1.89,a176018b58a1604d14de126e0db51cc9
c1ccc(CCNCc2ccccc2)cc1,1.65,30c46e982b9cf5e50be0514c80f95b07
c1ccc(CN(Cc2ccccc2)c2nn[nH]n2)cc1,1.37,b2410b17e22cc1873615c8c55a92f6ca
c1ccc(CNCCNCc2ccccc2)cc1,0.73,bb0a9226bf3416f9d85f66748461bc66
c1ccc(CNc2nc3ccccc3[nH]2)cc1,2.76,0b9b2d5ba983c904a9cf028bf00c7739
c1ccc(CNc2ncnc3ccccc23)cc1,3.21,33103eeb97c24500f0303d4626bc0acb
c1ccc(CSc2nc3cccnc3[nH]2)cc1,3.22,0b9b2d5ba983c904a9cf028bf00c7739
c1ccc(N2CC3COc4ccccc4C3=N2)cc1,4.28,a207821f1a66f562737795392db81abf
c1ccc(Nc2[nH]nnc2-c2ccccc2)cc1,3.37,9a9d0f31306bc3e59edb633a20dc7593
c1ccc(Nc2cc(Nc3ccccc3)[nH]n2)cc1,3.8,9150ddb683fafad7dec4b794a8530981
c1ccc(Nc2ccccc2)cc1,3.2,c2a56cbcbb74933b5b9a0a2393732654
c1ccc(Nc2ccnc(Nc3ccccc3)n2)cc1,4.06,4f1e6ec624592ab2e7d5a02469b69da2
c1ccc(Nc2ccnc3ccccc23)cc1,2.78,a176018b58a1604d14de126e0db51cc9
c1ccc(Nc2ncnc3ccccc23)cc1,2.94,a176018b58a1604d14de126e0db51cc9
c1ccc(OCC2CNCCO2)cc1,0.2,1d2069f0c3400fe960e0a908b8b85edf
c1ccc(Sc2ccc3ccccc3n2)cc1,3.92,2f6831fcea31a8610e8d52493b223379
c1ccc([C@H]2CN3CCSC3=N2)cc1,0.81,4a1ec1f740251fa6ec2dffdd4d50a5f3
c1ccc2[nH]c(-c3cscn3)nc2c1,2.35,f2c099d805c54c7d064f83d0b66032c7
c1ccc2[nH]c(CCCc3nc4ccccc4[nH]3)nc2c1,3.5,43566fd11d95d71dd1b223ce6a63ded1
c1ccc2[nH]c(CCc3nc4ccccc4[nH]3)nc2c1,3.3,3941b5da7a6228a5801b7c2605646f39
c1ccc2[nH]ncc2c1,1.9,5f3aeb4dec7acf673e4c4a925f94174f
c1ccc2c(OCC3=NCCN3)cccc2c1,0.68,0eabe79fa572c70ddfbe896f9078e8f7
c1ccc2c(c1)CCN(c1ccncc1)C2,1.4,ecd3947e05b833b69d558550078b440e
c1ccc2c(c1)nnn2-c1ccncc1,1.69,09a801a589687497cfb4209a193c284e
c1ccc2ccccc2c1,3.29,ac0efc2073bac47c38268354d6d51e58
c1ccc2cnccc2c1,1.6,ac0efc2073bac47c38268354d6d51e58
c1ccc2nc(C3=NCCN3)ccc2c1,0.6,665a80e5111f40a141c96c02f2105a78
c1ccc2ncccc2c1,2.09,ac0efc2073bac47c38268354d6d51e58
c1ccc2ncncc2c1,1.0,ac0efc2073bac47c38268354d6d51e58
c1ccc2sc(C3CCCNC3)nc2c1,1.0,7ca532f9578a10025e130e7bbb5d8683
c1cn(-c2ccc(Oc3cc(Oc4ccc5c(c4)OCO5)ncn3)cc2)cn1,3.17,95f071160d54b509b4f5b29e301dc2b5
c1cn(-c2ccc(Oc3nccc(Oc4ccc5c(c4)OCO5)n3)cc2)cn1,3.27,95f071160d54b509b4f5b29e301dc2b5
c1cnc2cccnc2c1,0.89,ac0efc2073bac47c38268354d6d51e58
c1cncc(-c2ccc(-c3nnc(C4CN5CCC4CC5)o3)o2)c1,1.2,5c80bb91e62640b8e828d201d9643e21
c1cncc(Nc2ncnc3ccccc23)c1,1.57,a176018b58a1604d14de126e0db51cc9
c1csc(Cn2nnnc2CN2CCN(c3nc4ccccc4s3)CC2)c1,3.65,71ed4f861f042e5dbadb46b6f2f070f2
c1nc(N2CCCCC2)c2nc[nH]c2n1,1.84,06837549fe668c0654a645db12598b31
