M1,M2,mM1,mM2,F,R,SCI,H,GA,AG,ABC,ABS,AZI,SO,SO_red,Alb,Sigma,redM1,W,WW,HR,Schultz,Gutman,Mostar,Sz,PI,EE,Energy,SpecRad,Balaban_J,logS
164.0,195.0,12.33333333333333,7.2499999999999964,428.0,15.27729466307721,15.695498298553519,14.633333333333336,32.839321271230006,35.296972287751046,24.334008328110766,25.576504390678597,274.765625,119.03831902938228,73.35972766457864,26.0,38.0,60.0,3080.0,14112.0,129.3209817959818,12650.0,12956.0,690.0,4491.0,1104.0,78.68286364532624,41.09600051919824,2.432237186274369,1.6055245566611753,-0.77
74.0,84.0,4.694444444444445,3.388888888888889,182.0,7.270856947829097,7.499778153927475,7.066666666666667,15.610826190248506,16.433125433716448,11.45160786942736,11.937427426796734,125.53125,53.4137070958364,31.558543488729693,10.0,14.0,25.0,384.0,1101.0,42.167857142857144,1591.0,1643.0,125.0,517.0,213.0,36.69345736795601,19.259415731155993,2.328911591941714,1.7703449104649502,-3.3
42.0,41.0,5.472222222222222,2.75,98.0,5.163902460147014,4.918991055689499,4.866666666666666,9.480272944275193,10.586623965396548,7.399237211089012,7.143780964033362,66.125,31.024836158635463,17.950844619618653,10.0,16.0,13.0,194.0,549.0,23.378571428571426,666.0,566.0,58.0,194.0,90.0,24.008703830015794,12.133645288114916,2.0478103147828555,3.099620830487698,-2.06
128.0,159.0,4.388888888888889,4.694444444444445,328.0,10.915816237971963,11.829873988246623,10.833333333333334,25.797958971132708,26.20620726159657,18.10169550921107,19.825403789587842,231.734375,91.20984168719059,54.88759170957907,10.0,10.0,46.0,963.0,3118.0,82.0988455988456,4452.0,5136.0,256.0,2330.0,612.0,58.0432294759259,30.943224904938074,2.53480027620185,1.3609190013877803,-7.87
20.0,20.0,1.25,1.25,40.0,2.5,2.5,2.5,5.0,5.0,3.5355339059327378,3.5355339059327378,40.0,14.142135623730951,7.0710678118654755,0.0,0.0,5.0,15.0,20.0,7.5,60.0,60.0,0.0,20.0,10.0,11.496186321883666,6.47213595499958,1.9999999999999987,2.083333333333333,-1.33
46.0,53.0,1.9722222222222223,2.0277777777777777,110.0,4.4663264951887856,4.6971026724636955,4.433333333333334,9.919183588453086,10.082482904638631,7.030627697345596,7.4504171638263985,83.390625,32.80698141270619,18.843766846610826,4.0,4.0,15.0,79.0,143.0,20.499999999999996,344.0,373.0,24.0,144.0,66.0,22.580231058358727,12.170708811226712,2.32259590547608,1.9697731935234024,-1.5
88.0,104.0,7.027777777777777,3.7222222222222223,234.0,8.002907755397974,8.224523025319064,7.566666666666667,17.208902401601822,18.897227048854205,13.072670487464347,13.679810388393365,137.828125,64.31475363871463,40.38697061347588,16.0,26.0,33.0,470.0,1235.0,53.78928571428571,1882.0,1870.0,180.0,788.0,294.0,41.84085951412537,20.633628481939102,2.444532092182994,2.128139019387059,-7.32
118.0,148.0,6.090277777777777,4.152777777777778,328.0,9.593172145670252,10.26930635333735,9.238095238095239,22.272509560391953,23.82637372613893,16.35617461765403,17.76139879362978,194.33087037037035,85.65402962759181,54.4685547570716,20.0,32.0,46.0,724.0,2154.0,71.70039682539682,3197.0,3512.0,197.0,1536.0,453.0,52.510087141661465,26.500693861621603,2.5767042469412296,1.5650034351283706,-5.03
134.0,189.0,7.576388888888888,3.5694444444444446,430.0,8.77572757194729,9.654411470470164,8.176190476190477,21.810207670465115,24.433335865724512,16.398922337269266,18.43913080928198,221.1877824074074,98.2513762334831,67.65074825931703,24.0,52.0,61.0,520.0,1203.0,72.53333333333333,2368.0,2660.0,208.0,879.0,382.0,55.29855557851337,25.20210964239418,2.858671841950764,1.7580563441488266,-6.29
166.0,207.0,9.194444444444443,6.277777777777776,444.0,14.011570350697117,14.892600971017215,13.56666666666667,32.16042864832977,33.91535357725191,23.258292033180794,25.248746961452973,284.03125,119.73105046361383,74.88978601220472,24.0,30.0,63.0,2115.0,8409.0,121.09655622155623,9204.0,9962.0,456.0,4351.0,980.0,75.20646285526377,38.39010287340207,2.5745258245724836,1.3468483189779863,-4.42
26.0,27.0,2.111111111111111,1.4166666666666665,60.0,2.893846850117352,2.8944271909999157,2.8,5.825617198010981,6.195941990698567,4.352030486860464,4.377620463229157,43.375,18.85866158533493,10.714776642118865,4.0,6.0,8.0,26.0,39.0,10.166666666666666,100.0,95.0,8.0,33.0,19.0,13.991826457480949,7.465883060453303,2.114907541476756,2.184105569636068,1.07
56.0,64.0,3.0833333333333335,2.444444444444444,138.0,5.360173345306138,5.591529863463611,5.233333333333334,11.744800786464067,12.2784248953372,8.55423105945987,8.999610502309366,94.765625,40.351934499056355,23.90168923923731,8.0,10.0,19.0,144.0,305.0,27.633333333333333,608.0,638.0,44.0,308.0,118.0,27.26819170318507,14.426920504436183,2.333243827884395,1.9323192636083937,-4.14
14.0,12.0,2.75,1.5,26.0,2.414213562373095,2.1547005383792515,2.333333333333333,3.885618083164127,4.121320343559642,2.8284271247461903,2.568914100752347,32.0,10.12899020449196,4.82842712474619,2.0,2.0,3.0,20.0,35.0,6.416666666666666,60.0,44.0,8.0,20.0,12.0,9.915316149982342,5.464101615137754,1.7320508075688772,2.19060968716425,-2.68
82.0,100.0,5.645833333333333,3.7083333333333335,220.0,7.714379275798964,7.908346360681003,7.457142857142857,16.506082435018453,17.544293238202314,12.054766209197734,12.684550540761215,144.22199999999998,59.42552710316922,36.40848477079807,14.0,20.0,30.0,385.0,938.0,49.676190476190484,1552.0,1553.0,170.0,637.0,260.0,39.39926297589432,20.408258605896332,2.4963227585929,2.193559722576164,-2.64
50.0,48.0,5.0,3.75,98.0,6.914213562373096,6.654700538379252,6.833333333333333,12.885618083164125,13.121320343559642,9.192388155425121,8.932875131431278,104.0,35.58483432720767,17.55634918610405,2.0,2.0,12.0,455.0,1820.0,31.52187257187257,1638.0,1469.0,84.0,455.0,156.0,30.431583843957384,17.133544467011255,1.9562952014676116,2.7847655305545773,-7.96
12.0,9.0,3.111111111111111,1.0,30.0,1.7320508075688776,1.5,1.5,2.598076211353316,3.4641016151377553,2.449489742783178,2.121320343559643,10.125,9.486832980505138,6.0,6.0,12.0,4.0,9.0,12.0,4.5,24.0,15.0,6.0,9.0,6.0,7.829154880351855,3.4641016151377544,1.7320508075688772,2.3237900077244498,-1.41
20.0,19.0,3.611111111111111,1.6666666666666667,46.0,2.808060412490447,2.5491277293791677,2.6333333333333333,4.7112352811751075,5.317262334258209,3.644923705673916,3.4110006580487657,35.375,14.845516166095939,8.47213595499958,6.0,8.0,6.0,31.0,54.0,9.083333333333332,94.0,69.0,16.0,31.0,20.0,12.407305943380177,6.898979485566356,1.9318516525781362,2.7541847860376616,-0.47
34.0,36.0,2.611111111111111,2.0,76.0,3.931851652578137,3.9189910556894993,3.8666666666666667,7.8821967329218765,8.122522350258794,5.6568542494923815,5.729567401660267,64.0,24.366430302876523,13.365058181991753,4.0,4.0,10.0,64.0,122.0,15.783333333333333,246.0,234.0,22.0,109.0,50.0,18.47902253715965,10.424292428609817,2.1357792050698574,2.1250162554146717,-1.0
90.0,100.0,8.506944444444443,4.402777777777777,242.0,8.89799590830217,8.86540246423437,8.366666666666669,17.970692699056535,20.161747557154467,13.881676749845951,14.152994121954762,135.88599537037038,66.6368362909807,41.79616307249605,24.0,42.0,33.0,720.0,2276.0,59.33015873015873,2705.0,2517.0,221.0,942.0,336.0,44.875058358871655,21.93847049961279,2.3600877527142203,2.616727737509665,-3.64
44.0,42.0,5.111111111111111,3.0833333333333335,94.0,5.770055610029663,5.5245638646895845,5.566666666666666,10.654655746264213,11.390681974697983,7.996954192534382,7.715907969110039,78.75,31.96516444652387,17.135562914111457,6.0,10.0,12.0,277.0,938.0,25.647619047619045,976.0,855.0,62.0,277.0,110.0,26.07543832569674,13.910305543546947,1.9796428837618656,2.817017140820483,-2.94
88.0,104.0,7.027777777777777,3.7222222222222223,234.0,8.002907755397974,8.224523025319064,7.566666666666667,17.208902401601822,18.897227048854205,13.072670487464347,13.679810388393367,137.828125,64.31475363871463,40.38697061347589,16.0,26.0,33.0,480.0,1296.0,53.44047619047619,1924.0,1914.0,176.0,808.0,294.0,41.84016967906946,21.176593869521334,2.434635959773096,2.0807126025187626,-7.43
92.0,111.0,4.916666666666667,3.7222222222222223,236.0,8.270856947829095,8.724523025319064,8.066666666666666,18.610826190248506,19.433125433716448,13.45160786942736,14.386917169579913,159.703125,66.14162915719426,40.04382486296825,10.0,14.0,33.0,474.0,1274.0,54.457142857142856,2049.0,2206.0,165.0,820.0,303.0,43.23502284989601,22.366029995352456,2.477136716821982,1.730026079643553,-4.593999999999999
52.0,54.0,6.0625,3.375,132.0,6.181980515339465,5.9040092744604245,5.9,11.45685424949238,12.613961030678926,8.644199996836463,8.49167112552628,90.37037037037037,38.389853046846724,22.557900792370617,12.0,24.0,17.0,280.0,780.0,31.321428571428573,964.0,820.0,100.0,280.0,132.0,28.821419214259087,14.737105374645322,2.2428379003362338,3.7641786169425138,-4.11
58.0,62.0,5.083333333333334,3.0833333333333335,140.0,6.219545352812841,6.207845437689332,5.966666666666667,12.53343112894384,13.51440633165593,9.411167754907478,9.535060859812749,94.75,42.28476360032304,24.895116529617816,12.0,16.0,19.0,280.0,815.0,32.468650793650795,1059.0,991.0,67.0,406.0,150.0,30.303804963689338,15.809801647036135,2.2417949731358338,2.1471259748697293,-2.35
110.0,130.0,11.701388888888888,4.944444444444445,314.0,10.055966538104823,10.020898213135228,9.252380952380953,20.52467200915019,23.737668911176378,16.235363694145803,16.67304145022497,165.54448611111115,81.7735310443854,53.34881305868648,26.0,54.0,44.0,914.0,2625.0,79.07619047619048,3362.0,3052.0,310.0,1267.0,456.0,52.63013356433315,24.946602159684378,2.5139270611234217,3.268497826290085,-5.47
26.0,24.0,3.5,2.25,50.0,3.914213562373095,3.6547005383792515,3.833333333333333,6.885618083164127,7.121320343559642,4.949747468305834,4.69023444431199,56.0,18.61427157873053,9.071067811865476,2.0,2.0,6.0,84.0,210.0,13.742857142857144,280.0,231.0,24.0,84.0,42.0,16.754072029940975,9.517540966287266,1.8793852415718166,2.53006045688352,-1.81
70.0,86.0,5.416666666666666,2.8333333333333335,190.0,6.12589765768623,6.343916933783095,5.8,13.423693409364297,14.660043605836321,10.094413448457095,10.690813511168608,113.84375,50.97291156380958,32.271125828222914,10.0,18.0,27.0,211.0,444.0,36.833333333333336,852.0,849.0,72.0,352.0,154.0,32.60418692047152,16.64237804774791,2.4763465753798015,2.185263881314352,-1.39
72.0,85.0,6.895833333333332,3.583333333333333,198.0,7.063714582173599,7.015980447325266,6.671428571428573,14.267982603356234,15.809951149059362,10.811552003384461,11.111922792590411,117.773,52.98230019685221,33.30835690601009,18.0,28.0,27.0,346.0,878.0,43.227380952380955,1281.0,1169.0,137.0,490.0,204.0,35.58625603130331,17.747168217681846,2.4565657625412225,2.7443019579444856,-1.661
90.0,103.0,6.666666666666666,3.9999999999999996,230.0,8.575387400469408,8.802453635391254,8.200000000000001,18.302468792043925,19.78376796279427,13.751267697949478,14.303117346207431,143.671875,65.53515140472804,40.030679443729255,16.0,24.0,32.0,603.0,1820.0,56.394841269841265,2434.0,2443.0,204.0,939.0,330.0,43.88467519109083,22.540936869489276,2.377662309096341,1.94871061715443,-6.9
40.0,39.0,4.861111111111111,2.9166666666666665,86.0,5.3080604124904465,5.049127729379168,5.133333333333334,9.711235281175107,10.31726233425821,7.180457611606656,6.946534563981505,75.375,28.987651789826884,15.543203766865055,6.0,8.0,11.0,206.0,624.0,22.840873015873015,714.0,614.0,54.0,206.0,90.0,23.80545709420292,13.04587945016868,2.0107563043833716,2.894206463174485,-3.17
44.0,48.0,3.7222222222222223,2.5,104.0,4.863703305156274,4.837982111378999,4.733333333333333,9.764393465843753,10.245044700517589,7.071067811865477,7.216494116201248,80.0,31.762297857275893,18.24483498974493,8.0,8.0,14.0,125.0,287.0,22.24285714285714,472.0,440.0,28.0,200.0,84.0,23.261343660490375,12.857278973510137,2.214319743377536,2.173831978453414,-3.75
66.0,68.0,7.875,3.5,190.0,6.828427124746191,6.576548082234536,6.2666666666666675,12.856854249492383,15.363961030678926,10.535169427003233,10.347500663802279,89.48148148148147,50.1668107764533,32.305964890165896,22.0,54.0,25.0,412.0,1241.0,39.45952380952381,1438.0,1242.0,134.0,412.0,182.0,34.00955043012743,16.008147771296887,2.2585400128435755,3.9540199104330354,-4.755
106.0,117.0,7.666666666666666,4.999999999999999,262.0,10.562881945713372,10.785554201689,10.16666666666667,22.237823709634448,23.83407267931244,16.591625366514133,17.146047776117705,170.125,77.11987858894953,46.197873911989205,22.0,28.0,36.0,1221.0,4949.0,71.32476967476968,4938.0,4975.0,284.0,1703.0,494.0,52.981945021280055,27.1609602130283,2.291555173873622,1.697330158155269,-4.805
12.0,9.0,3.111111111111111,1.0,30.0,1.7320508075688776,1.5,1.5,2.598076211353316,3.4641016151377553,2.449489742783178,2.121320343559643,10.125,9.486832980505138,6.0,6.0,12.0,4.0,9.0,12.0,4.5,24.0,15.0,6.0,9.0,6.0,7.829154880351855,3.4641016151377544,1.7320508075688772,2.3237900077244498,-1.64
78.0,95.0,3.555555555555556,3.027777777777778,200.0,6.860173345306138,7.3162747348552015,6.733333333333334,15.744800786464067,16.2784248953372,11.26133784064642,12.156207026279091,136.9375,55.9082836851604,33.80118417584898,8.0,10.0,28.0,267.0,617.0,41.46666666666667,1177.0,1290.0,83.0,499.0,194.0,36.179266565565236,18.912578161456395,2.4918556592645507,1.7857035701437307,-5.22
18.0,16.0,3.0,1.75,34.0,2.914213562373095,2.6547005383792515,2.833333333333333,4.885618083164127,5.121320343559642,3.5355339059327378,3.2760208819388943,40.0,12.95741732923815,6.242640687119285,2.0,2.0,4.0,35.0,70.0,8.7,110.0,85.0,12.0,35.0,20.0,12.194901425440477,6.987918414869869,1.8019377358048385,2.3390923149762908,-0.85
62.0,68.0,2.9722222222222223,3.0,142.0,6.449489742783179,6.683281572999748,6.4,13.878775382679628,14.123724356957947,9.899494936611669,10.304434264941282,112.0,44.26072465075347,24.730116363983505,6.0,6.0,19.0,264.0,715.0,33.69642857142857,1118.0,1182.0,86.0,444.0,170.0,31.6025892465374,17.300563079745768,2.2360679774997894,1.6872141191211394,-3.5039999999999996
74.0,78.0,6.083333333333333,4.027777777777777,172.0,8.198377302757663,8.197102672463696,7.9333333333333345,16.517259799806403,17.54658451977639,12.308544564874966,12.400164632132231,125.515625,53.6075228921961,30.50062109610321,10.0,16.0,23.0,692.0,2782.0,45.649025974025975,2705.0,2631.0,147.0,818.0,266.0,39.42122572642588,21.1796384646214,2.160618147331879,1.8670527264149852,-3.927
96.0,106.0,8.395833333333332,5.013888888888889,246.0,10.020985810590425,9.9847963726984,9.6,20.18548370681901,21.92456411413658,15.146060397957989,15.406637931849298,159.90162037037038,70.2655569645528,42.16559966148165,18.0,34.0,33.0,1022.0,3722.0,66.541341991342,3913.0,3723.0,283.0,1198.0,414.0,49.23028298389325,25.96097869951369,2.320792093625789,2.4568487878685286,-4.15
26.0,24.0,3.5,2.25,50.0,3.914213562373095,3.6547005383792515,3.833333333333333,6.885618083164127,7.121320343559642,4.949747468305834,4.69023444431199,56.0,18.61427157873053,9.071067811865476,2.0,2.0,6.0,84.0,210.0,13.742857142857144,280.0,231.0,24.0,84.0,42.0,16.754072029940975,9.517540966287266,1.8793852415718166,2.53006045688352,-4.81
64.0,72.0,3.5833333333333335,2.9444444444444446,154.0,6.360173345306138,6.591529863463611,6.233333333333333,13.744800786464067,14.2784248953372,9.968444621832965,10.41382406468246,110.765625,46.008788748548746,26.730116363983505,8.0,10.0,21.0,246.0,616.0,34.61904761904762,1028.0,1070.0,88.0,438.0,170.0,31.826435631848142,17.101696701635362,2.305134148858484,1.8326492664211986,-4.88
18.0,16.0,3.0,1.75,34.0,2.914213562373095,2.6547005383792515,2.833333333333333,4.885618083164127,5.121320343559642,3.5355339059327378,3.2760208819388943,40.0,12.95741732923815,6.242640687119285,2.0,2.0,4.0,35.0,70.0,8.7,110.0,85.0,12.0,35.0,20.0,12.194901425440477,6.987918414869869,1.8019377358048385,2.3390923149762908,-0.15
66.0,81.0,4.645833333333334,2.583333333333333,188.0,5.649501019800504,5.861279908946013,5.338095238095239,12.382364520192104,13.688630805499718,9.397338441011366,9.957222254211157,101.773,48.510164241852635,31.308356906010086,16.0,26.0,26.0,175.0,367.0,32.1,712.0,715.0,78.0,317.0,146.0,30.67877876613331,13.819298838850086,2.514638001002625,2.1110498451878317,-1.655
52.0,58.0,5.194444444444445,2.4722222222222223,136.0,5.109060905280622,5.105350962927559,4.766666666666667,10.383285203590841,11.701285058155639,8.134853562976977,8.266913744754124,76.28125,38.38502424151423,24.015339721864635,12.0,20.0,19.0,150.0,327.0,26.599999999999998,559.0,513.0,55.0,236.0,104.0,25.968474572021062,12.675204166065736,2.302775637731995,2.437159260034696,-2.53
20.0,18.0,3.611111111111111,1.5833333333333333,46.0,2.770055610029662,2.5245638646895836,2.5666666666666664,4.654655746264212,5.390681974697982,3.7543135054150945,3.4732672819907515,30.75,14.994601698046727,8.650281539872886,6.0,10.0,6.0,32.0,58.0,9.0,98.0,73.0,14.0,32.0,20.0,12.397923494716455,6.155367074350506,1.9021130325903068,2.6272148478988635,-0.63
28.0,26.0,4.111111111111111,2.0833333333333335,62.0,3.770055610029662,3.5245638646895836,3.5666666666666664,6.654655746264211,7.390681974697982,5.16852706778819,4.887480844363847,46.75,20.651455947539105,11.478708664619074,6.0,10.0,8.0,79.0,185.0,14.1,260.0,211.0,26.0,79.0,42.0,16.957097116180837,8.762572535069648,1.9498558243636481,2.7158427612932585,-1.55
50.0,53.0,4.583333333333334,2.5,124.0,5.181540550352056,5.183281572999748,4.8999999999999995,10.476851594032944,11.587825972095702,8.10634399227556,8.183113921381638,74.125,36.77699488278145,22.24483498974493,12.0,18.0,17.0,166.0,408.0,25.652380952380952,629.0,589.0,53.0,250.0,104.0,25.734574673025893,13.221782261237905,2.2199362207088247,2.1712966618489173,-3.083
76.0,89.0,5.305555555555555,3.3611111111111116,194.0,7.198377302757664,7.421847543855284,6.933333333333334,15.517259799806403,16.54658451977639,11.480117440128774,12.02122725016922,127.6875,55.02173645456917,33.3290482208494,10.0,16.0,27.0,352.0,922.0,43.713095238095235,1438.0,1460.0,126.0,608.0,228.0,36.84313757645213,19.34552967913548,2.390505841478618,1.9589448939755187,-3.127
126.0,151.0,10.861111111111109,5.749999999999999,334.0,11.82780492029403,12.012216725553769,11.233333333333333,24.960545888550378,27.1732479307931,18.677154078618376,19.514710812856613,210.765625,91.74815712710594,57.11489267483374,20.0,32.0,47.0,1280.0,3902.0,96.40595238095239,4978.0,4798.0,454.0,1898.0,638.0,60.77865987105619,30.9015783219854,2.517507902589039,2.4342563268315733,-4.76
62.0,71.0,3.9444444444444446,2.6111111111111107,158.0,5.75402019542349,5.985957054463528,5.533333333333334,12.570417984475048,13.474366886035765,9.370727640387596,9.841697059605782,98.140625,45.06846046066033,27.5453980694907,12.0,16.0,22.0,185.0,416.0,31.533333333333335,768.0,791.0,58.0,383.0,142.0,29.76132990594995,15.1699735669074,2.3582944711822638,1.9441456499040077,-1.94
26.0,24.0,3.5,2.25,50.0,3.914213562373095,3.6547005383792515,3.833333333333333,6.885618083164127,7.121320343559642,4.949747468305834,4.69023444431199,56.0,18.61427157873053,9.071067811865476,2.0,2.0,6.0,84.0,210.0,13.742857142857144,280.0,231.0,24.0,84.0,42.0,16.754072029940975,9.517540966287266,1.8793852415718166,2.53006045688352,-3.66
88.0,107.0,6.506944444444444,3.875,240.0,8.108226125916316,8.30277355168092,7.757142857142858,17.331699633029434,18.74023522890088,12.87126279012546,13.526637098057638,147.59699999999998,64.1420530647732,40.05219360105146,18.0,26.0,33.0,458.0,1172.0,54.40357142857143,1834.0,1822.0,190.0,756.0,294.0,41.89264495235205,21.134138714064793,2.5105329389856643,2.203678968188423,-2.17
102.0,125.0,3.666666666666667,3.8888888888888884,258.0,8.932652990377571,9.61895021631898,8.866666666666667,20.838367176906168,21.164965809277255,14.647041832318099,15.936110508062882,184.953125,72.68503063727786,43.34438794271402,8.0,8.0,36.0,545.0,1513.0,60.72063492063492,2482.0,2819.0,160.0,1301.0,390.0,46.95383629761676,25.192226282032582,2.499045967258843,1.5384259116685186,-8.057
68.0,80.0,7.166666666666666,3.2222222222222228,184.0,6.485269665192933,6.460232508008815,6.033333333333333,13.212323751844071,14.896025042155054,10.244243362718155,10.519157087485446,105.828125,50.07731354033007,31.85033955623032,14.0,24.0,26.0,280.0,664.0,39.226190476190474,1032.0,936.0,108.0,418.0,176.0,33.275077451757554,16.626505361064478,2.4114902359642243,2.7320185758478446,-2.523
94.0,113.0,7.8888888888888875,3.944444444444445,254.0,8.430428110326542,8.646592415246873,7.933333333333334,18.115336011159716,20.010686134914145,13.80828683935231,14.470716992952397,147.984375,68.7512101221936,43.571688907968685,16.0,28.0,36.0,543.0,1450.0,58.90714285714286,2160.0,2131.0,206.0,904.0,330.0,44.353683400036715,22.24100226397843,2.4635014433929068,2.1745740909364892,-8.6
36.0,39.0,3.2222222222222223,1.8611111111111112,88.0,3.804530452640311,3.802675481463779,3.6333333333333333,7.691642601795419,8.350642529077819,5.835193734454857,5.901223825343431,58.140625,26.26357993262259,15.543203766865057,6.0,10.0,12.0,60.0,106.0,16.166666666666664,228.0,214.0,20.0,106.0,50.0,18.69255664280207,9.953959938490609,2.193527085331054,2.2794002709583667,-0.62
38.0,36.0,5.673611111111111,1.9583333333333333,112.0,3.9165022194363885,3.6971026724636946,3.433333333333333,7.054655746264212,9.140681974697982,6.35238971676841,6.036203601453302,37.8611111111111,29.5999865523995,19.812559200041264,16.0,40.0,15.0,98.0,217.0,17.95,320.0,256.0,40.0,98.0,56.0,19.865649034663875,9.059966919001385,2.1357792050698574,3.2807108400137506,-5.05
62.0,73.0,3.9444444444444446,2.6666666666666665,158.0,5.787693700234704,6.013599253391421,5.6000000000000005,12.651234396021962,13.391883981397134,9.289847411347834,9.790517106868396,104.921875,44.78839098253533,27.086407533730114,8.0,12.0,22.0,176.0,370.0,32.0,728.0,747.0,60.0,366.0,142.0,29.781936062895007,15.799892152660124,2.3927562471951087,2.0549101980429936,-4.14
108.0,133.0,4.527777777777778,4.083333333333333,278.0,9.343336592900531,10.027198506782844,9.200000000000001,21.70439258069061,22.319666347656508,15.423098298725943,16.752607088990608,191.71875,77.26152185981933,46.75860150508713,10.0,12.0,39.0,620.0,1729.0,66.16349206349206,2786.0,3120.0,188.0,1460.0,432.0,49.4575246646174,26.027689275187345,2.5199198286177764,1.5745718404958706,-6.57
20.0,18.0,3.611111111111111,1.5833333333333333,46.0,2.770055610029662,2.5245638646895836,2.5666666666666664,4.654655746264211,5.390681974697982,3.7543135054150953,3.4732672819907515,30.75,14.99460169804673,8.650281539872886,6.0,10.0,6.0,32.0,58.0,9.0,98.0,73.0,14.0,32.0,20.0,12.397923494716462,6.155367074350508,1.9021130325903077,2.6272148478988635,-0.19
106.0,129.0,9.611111111111109,4.333333333333333,294.0,9.25179531537246,9.4630889961746,8.6,19.84738681872859,22.320087211672643,15.360399772167998,16.10371015480785,161.515625,77.90419256727657,50.40011603271487,20.0,36.0,42.0,702.0,1921.0,69.85238095238095,2760.0,2689.0,264.0,1152.0,408.0,49.360812952926096,24.38888248621921,2.500877192121709,2.2946960278805695,-9.15
28.0,27.0,4.111111111111111,2.166666666666667,62.0,3.808060412490447,3.549127729379167,3.633333333333333,6.7112352811751075,7.317262334258209,5.059137268047012,4.825214220421861,51.375,20.502370415588317,11.30056307974577,6.0,8.0,8.0,76.0,170.0,14.266666666666667,248.0,199.0,28.0,76.0,42.0,16.9667011599727,9.409260218956907,1.9890437907365472,2.862065598305084,-0.82
168.0,221.0,12.027777777777775,5.819444444444443,518.0,12.96323339420858,13.590765501322583,12.080952380952384,29.249151725568105,33.04854703078446,22.393977759726,24.142213735171342,267.24203240740746,123.98503794541547,83.22461039434975,40.0,76.0,72.0,1670.0,5555.0,122.1433621933622,6968.0,7214.0,486.0,3180.0,868.0,72.88684851176106,35.27529318025627,2.723892353287572,1.7687957566101882,-3.68
36.0,38.0,3.2222222222222223,1.8333333333333333,88.0,3.787693700234704,3.7888543819998315,3.6,7.6512343960219615,8.391883981397134,5.875633848974738,5.926813801712124,54.75,26.403614671685094,15.77269903474535,8.0,12.0,12.0,62.0,115.0,16.03333333333333,236.0,222.0,12.0,110.0,50.0,18.68250312825291,9.92477721636806,2.170086486626033,2.1923771580194713,-0.8
92.0,103.0,6.305555555555555,4.305555555555555,226.0,9.16470379794645,9.394205344927391,8.866666666666667,19.43644338825949,20.62906742441502,14.38942479391473,14.900834327652795,152.90625,66.61551443167895,39.444893006102355,14.0,20.0,31.0,806.0,2941.0,57.8806277056277,3303.0,3375.0,211.0,983.0,349.0,46.02493984503448,24.136928189428943,2.3346602123053213,1.666248122531796,-2.81
142.0,172.0,8.11111111111111,5.638888888888888,370.0,12.558550648063802,13.238122278710486,12.16666666666667,28.26206058627046,29.82500941511358,20.620134937215546,22.05611393288866,240.625,102.44473876549104,62.88759170957908,18.0,26.0,52.0,1705.0,6917.0,99.25742868242868,7394.0,7999.0,408.0,3141.0,786.0,66.07306499059366,34.48410732899771,2.505960583554035,1.3692626443922757,-5.931
68.0,76.0,6.194444444444445,3.694444444444444,168.0,7.20623856025737,7.165221457532364,6.9333333333333345,14.512615602550069,15.522267589155634,10.675551403019513,10.93413097404305,118.765625,49.39151088370912,29.367252484617396,14.0,16.0,23.0,374.0,1022.0,41.57142857142857,1397.0,1289.0,121.0,528.0,204.0,35.10671369853805,18.025135755461253,2.3268462696046543,2.495571918662178,-4.06
40.0,43.0,3.4722222222222223,2.1111111111111107,96.0,4.304530452640311,4.302675481463779,4.133333333333333,8.691642601795419,9.350642529077819,6.542300515641405,6.60833060652998,66.140625,29.09200705736879,16.95741732923815,6.0,10.0,13.0,88.0,176.0,19.15,335.0,315.0,35.0,142.0,66.0,20.971923394025087,11.18995723015805,2.1939932777126576,2.2283621149350434,-0.667
52.0,57.0,7.034722222222221,2.9166666666666665,148.0,5.45854286665106,5.190802378816079,4.985714285714286,10.118647490518901,12.008346725658201,8.203653058054806,8.077958306247314,74.31937037037036,39.23744902204951,25.40224255080033,18.0,34.0,20.0,201.0,476.0,29.099999999999998,672.0,551.0,86.0,201.0,110.0,26.97785707582687,13.398859550303747,2.304293226504654,4.111762459533849,-2.68
70.0,81.0,4.444444444444445,3.166666666666667,174.0,6.787693700234705,7.013599253391422,6.6000000000000005,14.651234396021962,15.391883981397136,10.70406097372093,11.204730669241494,120.921875,50.44524523202771,29.914834658476305,8.0,12.0,24.0,287.0,704.0,39.409523809523805,1182.0,1211.0,112.0,499.0,198.0,34.34015510803495,18.151011133598885,2.363434566237929,1.9632576082400983,-5.27
86.0,98.0,6.416666666666666,3.7222222222222223,222.0,8.058550648063802,8.288632535927306,7.666666666666668,17.26206058627047,18.825009415113584,13.08460103128281,13.621600541389572,132.28125,62.84675901904435,38.84596114923647,18.0,26.0,31.0,580.0,1947.0,49.91706349206349,2356.0,2380.0,144.0,676.0,260.0,41.76705678086548,20.946550142322973,2.3415731371795063,1.6921962173509817,-3.38
90.0,102.0,6.666666666666666,3.9722222222222228,230.0,8.558550648063802,8.788632535927308,8.166666666666668,18.262060586270465,19.825009415113584,13.791707812469358,14.328707322576118,140.28125,65.67518614379054,40.260174711609565,18.0,26.0,32.0,667.0,2296.0,54.80880230880231,2704.0,2727.0,170.0,1060.0,330.0,43.87413461445973,22.48495662998203,2.3291024465889754,1.7419711551002175,-5.46
66.0,85.0,5.097222222222222,2.1874999999999996,210.0,4.982998800364115,5.201012200075339,4.5547619047619055,11.12770877392789,13.047948830801737,8.85347358264538,9.434624071991195,97.09707407407406,49.30566569265148,33.7384383930881,18.0,40.0,29.0,123.0,219.0,29.58333333333333,491.0,480.0,61.0,174.0,99.0,28.652831331167995,13.46625319968008,2.6195561930502933,2.396254979141823,-1.96
92.0,111.0,6.756944444444445,4.125,248.0,8.608226125916316,8.802773551680918,8.257142857142858,18.33169963302943,19.74023522890088,13.578369571312008,14.233743879244184,155.59699999999998,66.97048018951938,41.46640716342455,18.0,26.0,34.0,538.0,1421.0,58.97261904761905,2144.0,2119.0,220.0,859.0,330.0,44.17269531363126,22.562628575018863,2.5151932506449377,2.222642108603056,-2.369
32.0,31.0,4.361111111111111,2.416666666666667,70.0,4.3080604124904465,4.049127729379167,4.133333333333333,7.7112352811751075,8.31726233425821,5.76624404923356,5.532321001608409,59.375,23.33079754033451,12.714776642118865,6.0,8.0,9.0,108.0,264.0,17.10952380952381,360.0,296.0,38.0,108.0,56.0,19.24650808448647,10.383982834675734,2.015316067192599,2.9548225727898,-2.25
34.0,32.0,4.972222222222222,2.1666666666666665,82.0,4.125897657686229,3.8944271909999157,3.8,7.423693409364296,8.660043605836321,6.094413448457095,5.7918340256022525,45.5,25.51706744109387,15.30056307974577,10.0,18.0,11.0,108.0,265.0,17.21666666666667,360.0,296.0,36.0,108.0,56.0,19.439707532149612,9.464101615137757,2.000000000000001,2.914658625512464,-1.92
142.0,169.0,8.979166666666666,6.430555555555556,366.0,13.59138937351071,14.013697323608561,13.223809523809525,29.29129142725597,30.78147668122019,21.27566393532426,22.365677847888424,250.37824999999998,102.46585398790926,61.49489230452815,20.0,28.0,50.0,2063.0,8482.0,108.40641580641581,8456.0,8611.0,548.0,2685.0,823.0,69.03212509859233,36.21994304565057,2.5838419443607448,1.6807896555819215,-5.886
76.0,87.0,5.305555555555555,3.305555555555556,194.0,7.16470379794645,7.394205344927391,6.866666666666667,15.43644338825949,16.62906742441502,11.560997669168538,12.072407202906609,120.90625,55.30180593269418,33.788038756609986,14.0,20.0,27.0,354.0,925.0,43.48809523809524,1444.0,1464.0,128.0,610.0,228.0,36.82299935242436,19.0483156905668,2.366117534044723,1.9448177802051494,-6.01
10.0,8.0,2.5,1.25,18.0,1.914213562373095,1.6547005383792515,1.833333333333333,2.885618083164127,3.121320343559642,2.121320343559643,1.8618073195657994,24.0,7.3005630797457695,3.414213562373095,2.0,2.0,2.0,10.0,15.0,4.333333333333333,28.0,19.0,4.0,10.0,6.0,7.635733837560585,4.47213595499958,1.6180339887498951,1.9747448713915894,-1.73
116.0,137.0,6.868055555555555,4.902777777777778,306.0,10.6269588639124,11.060443859053887,10.285714285714288,23.290989263640625,24.768611996556203,17.087292676620976,18.091311789536263,191.964625,84.24574735307164,51.76677252995178,22.0,32.0,42.0,1000.0,3217.0,77.75119047619049,4166.0,4316.0,320.0,1349.0,488.0,55.164485660724615,28.00493155680209,2.506526186609228,1.733163267861724,-3.4930000000000003
60.0,65.0,7.534722222222221,3.486111111111111,164.0,6.486510967979775,6.206684755924204,6.033333333333333,12.1484968512878,13.964603559756746,9.529646262985487,9.443147482563877,92.51099537037037,44.85444310624598,28.20160962262401,18.0,34.0,22.0,335.0,956.0,35.78333333333334,1158.0,989.0,112.0,335.0,156.0,31.535645335255005,16.653621462534137,2.246979603717468,3.90881368889262,-1.995
56.0,65.0,3.0833333333333335,2.4722222222222223,138.0,5.377010097711745,5.605350962927558,5.2666666666666675,11.785208992237523,12.237183443017882,8.51379094493999,8.97402052594067,98.15625,40.211899759993855,23.672193971357018,6.0,8.0,19.0,140.0,285.0,27.849999999999998,590.0,618.0,48.0,300.0,118.0,27.278488539440637,14.495357090321049,2.3513651263243576,1.9931760493394233,-0.466
12.0,9.0,3.111111111111111,1.0,30.0,1.7320508075688776,1.5,1.5,2.598076211353316,3.4641016151377553,2.449489742783178,2.121320343559643,10.125,9.486832980505138,6.0,6.0,12.0,4.0,9.0,12.0,4.5,24.0,15.0,6.0,9.0,6.0,7.829154880351855,3.4641016151377544,1.7320508075688772,2.3237900077244498,0.32
36.0,38.0,3.2222222222222223,1.8333333333333333,88.0,3.787693700234704,3.7888543819998315,3.6,7.6512343960219615,8.391883981397134,5.875633848974738,5.926813801712124,54.75,26.403614671685094,15.77269903474535,8.0,12.0,12.0,62.0,115.0,16.03333333333333,236.0,222.0,12.0,110.0,50.0,18.68250312825291,9.92477721636806,2.170086486626033,2.1923771580194713,-2.77
44.0,49.0,3.7222222222222223,2.5277777777777777,104.0,4.8805400575618805,4.851803210842947,4.766666666666667,9.804801671617211,10.203803248198273,7.030627697345596,7.190904139832554,83.390625,31.622263118213393,18.015339721864635,6.0,6.0,14.0,117.0,243.0,22.599999999999998,440.0,408.0,44.0,184.0,84.0,23.271855725660522,12.864605192711737,2.2469796037174685,2.340034232116514,-3.28
38.0,40.0,6.125,1.5625,134.0,3.25,3.036834963593021,2.65,5.8,8.5,5.808524858402426,5.513605419233339,33.185185185185176,30.395488003198345,22.242640687119284,18.0,54.0,18.0,58.0,97.0,16.0,176.0,127.0,36.0,58.0,42.0,18.053158422038717,7.211102550927979,2.3027756377319957,4.020391543176799,-3.67
164.0,187.0,11.361111111111109,7.4444444444444455,412.0,15.867412398353684,16.31297455454437,15.300000000000004,33.929466311429856,36.184715208390244,25.133925882155523,26.203868125430844,270.4375,118.93980770767618,71.6405726154659,28.0,38.0,57.0,3560.0,17924.0,131.29980779024896,14693.0,15125.0,743.0,4926.0,1172.0,80.47353106922584,41.684055800100246,2.379760838890585,1.5213734280078006,-6.876
20.0,18.0,3.611111111111111,1.5833333333333333,46.0,2.770055610029662,2.5245638646895836,2.5666666666666664,4.654655746264211,5.390681974697982,3.7543135054150953,3.4732672819907515,30.75,14.99460169804673,8.650281539872886,6.0,10.0,6.0,32.0,58.0,9.0,98.0,73.0,14.0,32.0,20.0,12.397923494716462,6.155367074350508,1.9021130325903077,2.6272148478988635,-0.8
52.0,58.0,5.194444444444445,2.4722222222222223,136.0,5.109060905280622,5.105350962927559,4.766666666666667,10.383285203590841,11.701285058155639,8.134853562976977,8.266913744754124,76.28125,38.38502424151423,24.015339721864635,12.0,20.0,19.0,150.0,327.0,26.599999999999998,559.0,513.0,55.0,236.0,104.0,25.968474572021062,12.675204166065736,2.302775637731995,2.437159260034696,-2.35
102.0,123.0,6.027777777777777,4.222222222222222,264.0,9.202708600407234,9.643514081008565,8.933333333333335,20.493022923170383,21.555647783975243,14.865821431800454,15.873843884120895,175.703125,73.53749671159362,44.92360167072144,14.0,18.0,37.0,605.0,1606.0,65.58214285714286,2556.0,2685.0,188.0,1090.0,368.0,47.915411729419546,24.845410722591673,2.477586949172504,1.8609229287176443,-5.36
52.0,59.0,5.194444444444445,2.5,136.0,5.125897657686229,5.119172062391505,4.8,10.423693409364297,11.660043605836321,8.094413448457095,8.241323768385431,79.671875,38.24498950245173,23.785844453984343,10.0,18.0,19.0,146.0,306.0,26.799999999999997,543.0,497.0,59.0,228.0,104.0,25.97854045877322,13.168697491280511,2.3183346574778563,2.5085046378834583,-3.48
82.0,98.0,8.006944444444443,4.041666666666666,226.0,7.9844348858286285,7.932910225370588,7.523809523809525,16.160738181282664,17.934975212900294,12.27354580868009,12.62228391681923,134.97199999999998,60.277993177484994,37.987698498805486,20.0,30.0,31.0,472.0,1233.0,52.82976190476191,1743.0,1587.0,191.0,644.0,266.0,40.3802887469305,20.017385491626825,2.49790573743033,2.940546541116201,-3.46
94.0,118.0,3.166666666666667,3.4166666666666665,242.0,7.949489742783179,8.632771315782927,7.9,18.878775382679628,19.123724356957943,13.192388155425121,14.49630696932109,172.34375,66.88814164872298,40.28646555008755,6.0,6.0,34.0,364.0,853.0,52.46666666666667,1678.0,1926.0,104.0,801.0,278.0,42.50021404705178,22.500105645380643,2.568773849487792,1.677044831394129,-6.0
24.0,22.0,3.861111111111111,1.8333333333333333,54.0,3.270055610029662,3.0245638646895836,3.0666666666666664,5.654655746264211,6.390681974697982,4.461420286601642,4.180374063177299,38.75,17.823028822792917,10.06449510224598,6.0,10.0,7.0,52.0,108.0,11.483333333333333,166.0,130.0,20.0,52.0,30.0,14.677511786966832,7.7274066103125465,1.9318516525781364,2.678257743164726,-1.34
62.0,72.0,3.9444444444444446,2.6388888888888884,158.0,5.770856947829097,5.999778153927474,5.566666666666668,12.610826190248506,13.43312543371645,9.330287525867716,9.816107083237089,101.53125,44.92842572159783,27.315902801610406,10.0,14.0,22.0,179.0,385.0,31.833333333333336,742.0,763.0,56.0,372.0,142.0,29.771860820010744,15.212327781455,2.3798799265229755,2.014991826829248,-4.29
98.0,113.0,7.166666666666666,4.666666666666666,246.0,9.651397005390978,9.851581364770423,9.333333333333336,20.415627861865715,21.63692868191472,14.946701660840217,15.592797660696553,168.921875,70.89383459031883,42.50281539872884,16.0,20.0,34.0,814.0,2641.0,65.4488455988456,3276.0,3281.0,260.0,1198.0,408.0,48.46350639689458,25.59883598155129,2.3766039552382496,1.9576602934976854,-4.07
68.0,82.0,7.166666666666666,3.333333333333334,184.0,6.540111220059325,6.498617472162346,6.133333333333333,13.309311492528424,14.781363949395965,10.094413448457095,10.431300487174767,113.84375,49.78819326931678,31.442698703476722,12.0,20.0,26.0,272.0,622.0,39.63333333333333,996.0,896.0,96.0,418.0,176.0,33.29568394347824,16.762756896409027,2.4384411418420706,2.823984758784528,-5.64
82.0,95.0,6.166666666666666,3.5,214.0,7.575387400469409,7.802453635391254,7.200000000000001,16.30246879204393,17.78376796279427,12.337054135576382,12.888903783834333,127.671875,59.87829715523566,37.202252318983085,16.0,24.0,30.0,426.0,1173.0,47.95,1724.0,1733.0,144.0,728.0,260.0,39.32596623725394,20.30223104352899,2.382852683456055,1.9519086112360304,-7.25
46.0,53.0,1.9722222222222223,2.0277777777777777,110.0,4.4663264951887856,4.697102672463695,4.433333333333334,9.919183588453084,10.082482904638631,7.030627697345596,7.4504171638263985,83.390625,32.80698141270619,18.843766846610826,4.0,4.0,15.0,87.0,174.0,19.65,379.0,411.0,33.0,141.0,71.0,23.869558977898496,12.386162412083852,2.34794062900923,1.8026647838446956,-1.6
40.0,43.0,3.4722222222222223,2.1111111111111107,96.0,4.304530452640311,4.302675481463779,4.133333333333333,8.691642601795419,9.350642529077819,6.542300515641405,6.60833060652998,66.140625,29.09200705736879,16.95741732923815,6.0,10.0,13.0,88.0,176.0,19.15,335.0,315.0,35.0,142.0,66.0,20.971923394025087,11.18995723015805,2.1939932777126576,2.2283621149350434,-3.27
140.0,177.0,8.402777777777777,5.083333333333333,402.0,11.397849253306369,12.04979916404539,10.876190476190478,25.93761428077765,28.218420011862264,19.260741365880705,20.803654241517922,228.95861574074075,102.24269849858956,66.01350784342178,28.0,48.0,56.0,1201.0,4034.0,93.60090187590188,5135.0,5452.0,319.0,2358.0,645.0,62.33176121641119,31.21294847349746,2.6195481768715734,1.5854091642822432,-3.45
74.0,90.0,5.666666666666666,3.0833333333333335,198.0,6.62589765768623,6.843916933783095,6.3,14.423693409364297,15.660043605836321,10.801520229643643,11.397920292355158,121.84375,53.801338688555774,33.68533939059601,10.0,18.0,28.0,263.0,588.0,40.96666666666667,1062.0,1061.0,88.0,523.0,196.0,34.798903956304116,18.13666148340071,2.4627318640012157,2.164959390473104,-5.43
48.0,55.0,4.944444444444445,2.25,128.0,4.62589765768623,4.619172062391505,4.300000000000001,9.423693409364297,10.660043605836323,7.387306667270548,7.534216987198884,71.671875,35.41656237770554,22.371630891611247,10.0,18.0,18.0,109.0,211.0,23.366666666666664,404.0,368.0,40.0,182.0,84.0,23.698958119126985,12.25029620666007,2.3180135147325043,2.515835979311492,0.39
6.0,4.0,2.25,1.0,10.0,1.414213562373095,1.1547005383792517,1.3333333333333333,1.885618083164127,2.1213203435596424,1.4142135623730951,1.1547005383792517,16.0,4.47213595499958,2.0,2.0,2.0,1.0,4.0,5.0,2.5,10.0,6.0,2.0,4.0,2.0,5.356367113217143,2.8284271247461907,1.4142135623730954,1.6329931618554523,-0.63
60.0,70.0,3.3333333333333335,2.805555555555556,146.0,5.91501490017253,6.129914827617142,5.833333333333334,12.841788527148418,13.16376380257811,9.11150792638536,9.618860683185233,110.78125,42.89124135278926,24.908261948856808,6.0,6.0,20.0,182.0,397.0,31.533333333333335,756.0,779.0,64.0,368.0,142.0,29.568142911985127,16.12942565392836,2.364870977884402,1.9866905078306745,-4.17
10.0,8.0,2.5,1.25,18.0,1.914213562373095,1.6547005383792515,1.833333333333333,2.885618083164127,3.121320343559642,2.121320343559643,1.8618073195657994,24.0,7.3005630797457695,3.414213562373095,2.0,2.0,2.0,10.0,15.0,4.333333333333333,28.0,19.0,4.0,10.0,6.0,7.635733837560585,4.47213595499958,1.6180339887498951,1.9747448713915894,0.58
46.0,51.0,4.333333333333334,2.305555555555556,116.0,4.715214055163271,4.710923771927642,4.466666666666667,9.557668005579858,10.505343067457073,7.3183569820492504,7.424827187457705,72.90625,33.66849827991025,20.371630891611247,8.0,14.0,16.0,114.0,231.0,22.9,428.0,396.0,48.0,180.0,84.0,23.4753395541234,11.945821561028195,2.2671838628845014,2.3960449098608665,-1.74
42.0,46.0,4.083333333333334,2.027777777777778,108.0,4.198377302757663,4.197102672463695,3.933333333333333,8.5172597998064,9.546584519776387,6.6516903153825835,6.74331038263985,61.515625,30.980105894226565,19.186912597118443,10.0,16.0,15.0,84.0,160.0,19.53333333333333,315.0,291.0,27.0,144.0,66.0,21.185691438717143,10.792280186226476,2.2458267799378637,2.34622717382778,-1.506
12.0,9.0,3.111111111111111,1.0,30.0,1.7320508075688776,1.5,1.5,2.598076211353316,3.4641016151377553,2.449489742783178,2.121320343559643,10.125,9.486832980505138,6.0,6.0,12.0,4.0,9.0,12.0,4.5,24.0,15.0,6.0,9.0,6.0,7.829154880351855,3.4641016151377544,1.7320508075688772,2.3237900077244498,-2.55
104.0,128.0,6.6388888888888875,4.194444444444445,276.0,9.130228955335799,9.565583470936375,8.800000000000002,20.399456532728276,21.66910687003518,14.89433100250187,15.957643707493382,177.859375,75.1455260703264,46.69410640284114,14.0,20.0,39.0,657.0,1939.0,63.94603174603175,2758.0,2873.0,206.0,955.0,359.0,48.34496741076086,24.63133927523235,2.5113951009783966,1.7275750667765737,-1.23
52.0,59.0,5.194444444444445,2.555555555555556,136.0,5.147065707741408,5.129914827617142,4.833333333333333,10.439864738501734,11.627865417715865,8.025463763235798,8.204647120812137,80.90625,38.23593870956344,23.83719413699133,12.0,18.0,19.0,148.0,317.0,26.716666666666665,549.0,501.0,49.0,238.0,104.0,25.978546548194547,13.318638764755503,2.3203298714064604,2.4744011743538374,-3.61
106.0,122.0,8.638888888888888,4.611111111111111,278.0,9.879917853109719,10.105129116855034,9.333333333333336,20.994111393839344,23.134410491872085,16.050927526471597,16.668807265618117,161.8125,77.65659571361971,48.502815398728856,22.0,34.0,39.0,980.0,3517.0,69.6362554112554,3934.0,3930.0,264.0,1462.0,450.0,51.160121672374395,26.046686164272955,2.3696741417696137,1.8599931674583714,-4.7
14.0,12.0,2.75,1.5,26.0,2.414213562373095,2.1547005383792515,2.333333333333333,3.885618083164127,4.121320343559642,2.8284271247461903,2.568914100752347,32.0,10.12899020449196,4.82842712474619,2.0,2.0,3.0,20.0,35.0,6.416666666666666,60.0,44.0,8.0,20.0,12.0,9.915316149982342,5.464101615137754,1.7320508075688772,2.19060968716425,-3.18
30.0,31.0,2.361111111111111,1.6666666666666665,68.0,3.393846850117352,3.3944271909999157,3.3,6.82561719801098,7.195941990698567,5.059137268047012,5.084727244415705,51.375,21.687088710081117,12.12899020449196,4.0,6.0,9.0,42.0,71.0,12.916666666666666,163.0,157.0,11.0,78.0,36.0,16.189602380978528,8.720566232730448,2.101002989615459,2.1229179499593664,0.0
82.0,97.0,3.805555555555556,3.222222222222222,208.0,7.3264998404949235,7.788632535927307,7.166666666666668,16.663984374917153,17.360907799975827,12.049324850872729,12.914493760203023,138.15625,59.0167802880316,35.67438827398266,12.0,14.0,29.0,342.0,883.0,45.096428571428575,1505.0,1649.0,85.0,782.0,248.0,38.34703781351274,20.08339725047316,2.4271889926886323,1.6731075582315567,-5.17
70.0,85.0,5.416666666666666,2.805555555555556,190.0,6.109060905280622,6.330095834319148,5.7666666666666675,13.383285203590841,14.701285058155639,10.134853562976977,10.7164034875373,110.453125,51.11294630287208,32.50062109610321,12.0,20.0,27.0,214.0,459.0,36.66666666666667,862.0,857.0,76.0,355.0,154.0,32.59719369005438,16.2034710820108,2.475100599902323,2.1616069393166506,-2.523
50.0,57.0,2.2222222222222223,2.2777777777777777,118.0,4.966326495188786,5.1971026724636955,4.933333333333334,10.919183588453086,11.082482904638631,7.737734478532144,8.157523945012947,91.390625,35.635408537452385,20.257980408983922,4.0,4.0,16.0,109.0,215.0,23.9,470.0,505.0,32.0,243.0,96.0,24.775053529229787,13.683238505927559,2.3027756377319952,1.9253677344386608,-1.45
100.0,113.0,9.618055555555554,4.875,270.0,9.825516263230735,9.78747185416218,9.233333333333333,19.877126308614425,22.275206643214396,15.324399882920465,15.651007507700344,154.04224537037038,73.90171989920587,46.39509492936193,24.0,44.0,37.0,974.0,3398.0,68.35642135642135,3699.0,3487.0,289.0,1178.0,414.0,49.66606626124019,25.484839967259536,2.354062908885341,2.591682213593278,-4.4319999999999995
50.0,52.0,3.611111111111111,3.0,108.0,5.931851652578137,5.918991055689499,5.866666666666666,11.882196732921877,12.122522350258794,8.485281374238573,8.557994526406457,96.0,35.680138801861276,19.021912431484132,4.0,4.0,14.0,242.0,721.0,27.767063492063492,938.0,902.0,66.0,323.0,126.0,27.597591539764885,15.459016797810092,2.1576474182659755,1.9062207717184476,-5.21
64.0,73.0,3.5833333333333335,2.9722222222222223,154.0,6.377010097711745,6.605350962927559,6.266666666666667,13.785208992237523,14.237183443017884,9.928004507313085,10.388234088313768,114.15625,45.86875400948624,26.50062109610321,6.0,8.0,21.0,240.0,583.0,34.892857142857146,1002.0,1042.0,92.0,426.0,170.0,31.83672939563384,17.150521478676236,2.3265270743081565,1.8848310500604197,-4.54
20.0,18.0,3.611111111111111,1.5833333333333333,46.0,2.770055610029662,2.5245638646895836,2.5666666666666664,4.654655746264211,5.390681974697982,3.7543135054150953,3.4732672819907515,30.75,14.99460169804673,8.650281539872886,6.0,10.0,6.0,32.0,58.0,9.0,98.0,73.0,14.0,32.0,20.0,12.397923494716462,6.155367074350508,1.9021130325903077,2.6272148478988635,-3.03
32.0,33.0,5.333333333333334,1.8888888888888886,86.0,3.5534180126147956,3.3164965809277263,3.1666666666666665,6.330127018922193,7.773502691896258,5.415816237971963,5.16852706778819,39.65625,24.296669675080466,15.65685424949238,10.0,20.0,12.0,65.0,122.0,15.166666666666666,204.0,155.0,34.0,65.0,42.0,17.392861267529163,8.424292428609817,2.1357792050698574,3.464226847231096,-4.8
54.0,63.0,5.805555555555555,2.4444444444444446,148.0,5.036581260209189,5.027420352855368,4.633333333333334,10.289718813148736,11.814744144215574,8.163363133678393,8.35071356812661,78.4375,39.99305360024701,25.785844453984343,12.0,22.0,21.0,140.0,281.0,27.316666666666666,515.0,465.0,51.0,230.0,104.0,26.20239932993289,13.137459993790188,2.3648709778844017,2.625358332036857,-5.65
46.0,50.0,4.333333333333334,2.2777777777777777,116.0,4.698377302757664,4.697102672463695,4.433333333333334,9.517259799806402,10.546584519776388,7.358797096569131,7.4504171638263985,69.515625,33.80853301897275,20.60112615949154,10.0,16.0,16.0,117.0,245.0,22.71666666666666,440.0,408.0,44.0,186.0,84.0,23.465052101041955,11.908678249899133,2.242837900336234,2.3198475089677144,-1.01
34.0,32.0,4.0,2.75,66.0,4.914213562373096,4.654700538379252,4.833333333333333,8.885618083164127,9.121320343559642,6.363961030678929,6.104448006685086,72.0,24.271125828222914,11.899494936611667,2.0,2.0,8.0,165.0,495.0,19.289682539682538,570.0,489.0,40.0,165.0,72.0,21.313242634613108,12.05334836666454,1.918985947228995,2.6476048489438337,-5.51
62.0,62.0,7.694444444444445,3.5000000000000004,154.0,6.913591357920935,6.683281572999748,6.4,13.074927805386261,15.05192758723346,10.555833735058739,10.304434264941282,84.25,46.263827863286586,28.24483498974493,18.0,30.0,21.0,424.0,1292.0,38.49761904761905,1486.0,1290.0,136.0,424.0,182.0,33.5433886148925,16.6852686573156,2.157647418265978,3.8356926683425128,-0.6
70.0,79.0,6.805555555555555,3.5000000000000004,180.0,7.057749310264367,7.038163118081005,6.666666666666667,14.305890142286177,15.782565956095118,10.922840573203286,11.142464045299507,111.671875,51.29771130634348,31.494048386483712,14.0,22.0,25.0,378.0,1069.0,41.801984126984124,1411.0,1301.0,111.0,544.0,204.0,35.32073447725604,17.738307405470906,2.3640510893544646,2.483668407520517,-2.24
152.0,180.0,11.062499999999998,6.361111111111112,410.0,13.734419236498232,14.174476309562905,13.071428571428577,29.723743956413912,32.46825770753606,22.390727089226647,23.51655617165873,243.45124074074073,111.1162548226486,69.66476256927545,30.0,50.0,57.0,2425.0,10793.0,110.24811577311577,10000.0,10276.0,558.0,3155.0,884.0,73.54312898670295,36.17841253579718,2.614081882118293,1.544369203139574,-7.337000000000001
24.0,24.0,1.5,1.5,48.0,3.0,3.0,3.0,6.0,6.0,4.242640687119286,4.242640687119286,48.0,16.970562748477143,8.485281374238571,0.0,0.0,6.0,27.0,42.0,10.0,108.0,108.0,0.0,54.0,24.0,13.696713921428238,8.0,2.0,2.0,0.76
26.0,24.0,3.5,2.25,50.0,3.914213562373095,3.6547005383792515,3.833333333333333,6.885618083164127,7.121320343559642,4.949747468305834,4.69023444431199,56.0,18.61427157873053,9.071067811865476,2.0,2.0,6.0,84.0,210.0,13.742857142857144,280.0,231.0,24.0,84.0,42.0,16.754072029940975,9.517540966287266,1.8793852415718166,2.53006045688352,-4.43
36.0,39.0,3.2222222222222223,1.8611111111111112,88.0,3.804530452640311,3.802675481463779,3.6333333333333333,7.691642601795419,8.350642529077819,5.835193734454857,5.901223825343431,58.140625,26.26357993262259,15.543203766865057,6.0,10.0,12.0,60.0,106.0,16.166666666666664,228.0,214.0,20.0,106.0,50.0,18.69255664280207,9.953959938490609,2.193527085331054,2.2794002709583667,0.36
162.0,212.0,11.166666666666664,5.61111111111111,498.0,12.54251309055355,13.17383572327726,11.728571428571431,28.35639614764167,31.92352296694353,21.639090735616914,23.33895939212907,258.04303240740745,119.51777208952885,79.95948236392745,38.0,74.0,69.0,1533.0,5074.0,115.20367965367964,6428.0,6689.0,444.0,2954.0,810.0,70.36911582761273,34.22988238414545,2.7107467606525844,1.7387897975280309,-3.43
66.0,72.0,5.583333333333334,3.694444444444444,156.0,7.274386907679233,7.246230401842864,7.066666666666668,14.630418869628196,15.399745238896841,10.675551403019513,10.861417821875165,118.765625,47.65249757880213,27.315902801610406,10.0,12.0,21.0,396.0,1150.0,40.54325396825397,1495.0,1397.0,127.0,524.0,204.0,34.88310725756345,18.791690251976508,2.2852224695544505,2.348199193615053,-2.09
42.0,42.0,5.472222222222222,2.8333333333333335,98.0,5.201907262607799,4.943554920379084,4.933333333333333,9.536852479186088,10.513204324956776,7.289847411347834,7.081514340091377,70.75,30.875750626684674,17.77269903474535,10.0,14.0,13.0,184.0,490.0,23.77738095238095,626.0,526.0,62.0,184.0,90.0,24.018757261330382,12.184667847868203,2.1010029896154587,3.317874055589367,-0.82
46.0,50.0,4.333333333333334,2.2777777777777777,116.0,4.698377302757664,4.697102672463695,4.433333333333334,9.517259799806402,10.546584519776388,7.358797096569131,7.4504171638263985,69.515625,33.80853301897276,20.60112615949154,10.0,16.0,16.0,120.0,262.0,22.599999999999998,452.0,420.0,40.0,192.0,84.0,23.46482436187436,11.936237570137333,2.2360679774997894,2.2599025962240935,-4.26
46.0,53.0,1.9722222222222223,2.0277777777777777,110.0,4.4663264951887856,4.6971026724636955,4.433333333333334,9.919183588453086,10.082482904638631,7.030627697345596,7.4504171638263985,83.390625,32.80698141270619,18.843766846610826,4.0,4.0,15.0,79.0,143.0,20.499999999999996,344.0,373.0,24.0,144.0,66.0,22.580231058358713,12.170708811226708,2.3225959054760796,1.9697731935234029,-3.04
54.0,59.0,5.284722222222222,2.3333333333333335,154.0,4.999018565639891,5.008459641508933,4.585714285714285,10.174952310848312,11.997546414099729,8.30271070376823,8.388651282978543,72.3101111111111,40.6106538883697,26.37825031020934,16.0,36.0,21.0,152.0,340.0,26.633333333333333,569.0,525.0,57.0,236.0,104.0,26.181110039096932,12.52734067353174,2.311476385944093,2.3936150485089414,-2.41
62.0,77.0,4.395833333333334,2.333333333333333,180.0,5.149501019800504,5.361279908946013,4.838095238095239,11.382364520192104,12.688630805499718,8.690231659824818,9.25011547302461,93.773,45.681737117106444,29.89414334363699,16.0,26.0,25.0,137.0,272.0,28.066666666666663,559.0,561.0,53.0,225.0,111.0,29.46140454201921,13.578745755660512,2.5615528128088285,2.099568383451213,-1.886
36.0,38.0,3.2222222222222223,1.8333333333333333,88.0,3.787693700234704,3.7888543819998315,3.5999999999999996,7.6512343960219615,8.391883981397134,5.875633848974738,5.926813801712124,54.75,26.40361467168509,15.772699034745349,8.0,12.0,12.0,61.0,110.0,16.083333333333332,232.0,218.0,16.0,108.0,50.0,18.68272477800247,9.431147620289327,2.175327747161074,2.2306376583301173,-3.55
56.0,65.0,3.0833333333333335,2.4722222222222223,138.0,5.377010097711745,5.605350962927558,5.2666666666666675,11.785208992237523,12.237183443017882,8.51379094493999,8.97402052594067,98.15625,40.211899759993855,23.672193971357018,6.0,8.0,19.0,140.0,285.0,27.849999999999998,590.0,618.0,48.0,300.0,118.0,27.278488539440637,14.495357090321049,2.3513651263243576,1.9931760493394233,-4.35
14.0,12.0,2.75,1.5,26.0,2.414213562373095,2.1547005383792515,2.333333333333333,3.885618083164127,4.121320343559642,2.8284271247461903,2.568914100752347,32.0,10.12899020449196,4.82842712474619,2.0,2.0,3.0,20.0,35.0,6.416666666666666,60.0,44.0,8.0,20.0,12.0,9.915316149982342,5.464101615137754,1.7320508075688772,2.19060968716425,-2.54
36.0,38.0,3.2222222222222223,1.8333333333333333,88.0,3.787693700234704,3.7888543819998315,3.5999999999999996,7.6512343960219615,8.391883981397134,5.875633848974738,5.926813801712124,54.75,26.40361467168509,15.772699034745349,8.0,12.0,12.0,61.0,110.0,16.083333333333332,232.0,218.0,16.0,108.0,50.0,18.68272477800247,9.431147620289327,2.175327747161074,2.2306376583301173,0.45
16.0,14.0,3.361111111111111,1.3333333333333333,38.0,2.270055610029662,2.0245638646895836,2.0666666666666664,3.6546557462642113,4.390681974697982,3.0472067242285474,2.766160500804204,22.75,12.16617457330054,7.23606797749979,6.0,10.0,5.0,18.0,28.0,6.666666666666666,52.0,36.0,10.0,18.0,12.0,10.118119614388581,5.226251859505506,1.8477590650225744,2.5395388613593908,-1.96
56.0,65.0,3.0833333333333335,2.4722222222222223,138.0,5.377010097711745,5.605350962927558,5.2666666666666675,11.785208992237523,12.237183443017882,8.51379094493999,8.97402052594067,98.15625,40.211899759993855,23.672193971357018,6.0,8.0,19.0,140.0,285.0,27.849999999999998,590.0,618.0,48.0,300.0,118.0,27.278488539440637,14.495357090321049,2.3513651263243576,1.9931760493394233,-1.92
36.0,38.0,3.2222222222222223,1.8333333333333333,88.0,3.787693700234704,3.7888543819998315,3.5999999999999996,7.6512343960219615,8.391883981397134,5.875633848974738,5.926813801712124,54.75,26.40361467168509,15.772699034745349,8.0,12.0,12.0,61.0,110.0,16.083333333333332,232.0,218.0,16.0,108.0,50.0,18.68272477800247,9.431147620289327,2.175327747161074,2.2306376583301173,-2.82
56.0,64.0,3.0833333333333335,2.444444444444444,138.0,5.360173345306138,5.591529863463611,5.233333333333334,11.744800786464067,12.2784248953372,8.55423105945987,8.999610502309366,94.765625,40.351934499056355,23.90168923923731,8.0,10.0,19.0,144.0,305.0,27.633333333333333,608.0,638.0,44.0,308.0,118.0,27.26819170318507,14.426920504436183,2.333243827884395,1.9323192636083937,-1.947
2.0,1.0,2.0,1.0,2.0,1.0,0.7071067811865475,1.0,1.0,1.0,0.0,0.0,0.0,1.4142135623730951,0.0,0.0,0.0,0.0,1.0,1.0,1.0,2.0,1.0,0.0,1.0,0.0,3.0861612696304874,2.0,1.0,1.0,1.57
78.0,91.0,7.756944444444444,3.6666666666666665,218.0,7.419556629830167,7.385843773635598,6.904761904761906,15.037020266456318,17.079312780197704,11.737438384053366,12.016275973828813,116.523,57.847911690406974,37.130211321136784,22.0,36.0,30.0,418.0,1115.0,47.51190476190476,1552.0,1422.0,160.0,576.0,234.0,38.06887273094087,18.468320998882938,2.4590097921312672,2.7428479556618233,-2.468
16.0,14.0,3.361111111111111,1.3333333333333333,38.0,2.270055610029662,2.0245638646895836,2.0666666666666664,3.6546557462642113,4.390681974697982,3.0472067242285474,2.766160500804204,22.75,12.16617457330054,7.23606797749979,6.0,10.0,5.0,18.0,28.0,6.666666666666666,52.0,36.0,10.0,18.0,12.0,10.118119614388581,5.226251859505506,1.8477590650225744,2.5395388613593908,0.52
42.0,46.0,4.083333333333334,2.027777777777778,108.0,4.198377302757663,4.197102672463695,3.933333333333333,8.5172597998064,9.546584519776387,6.6516903153825835,6.74331038263985,61.515625,30.980105894226565,19.186912597118443,10.0,16.0,15.0,84.0,160.0,19.53333333333333,315.0,291.0,27.0,144.0,66.0,21.185691438717143,10.792280186226476,2.2458267799378637,2.34622717382778,-1.077
104.0,128.0,6.638888888888888,4.194444444444445,276.0,9.1302289553358,9.565583470936375,8.8,20.399456532728276,21.669106870035183,14.89433100250187,15.957643707493375,177.859375,75.14552607032643,46.69410640284116,14.0,20.0,39.0,657.0,1939.0,63.94603174603175,2758.0,2873.0,206.0,955.0,359.0,48.34496741076083,24.631339275232346,2.5113951009783952,1.727575066776573,-1.95
36.0,38.0,3.2222222222222223,1.8333333333333333,88.0,3.787693700234704,3.7888543819998315,3.5999999999999996,7.6512343960219615,8.391883981397134,5.875633848974738,5.926813801712124,54.75,26.40361467168509,15.772699034745349,8.0,12.0,12.0,61.0,110.0,16.083333333333332,232.0,218.0,16.0,108.0,50.0,18.68272477800247,9.431147620289327,2.175327747161074,2.2306376583301173,0.81
22.0,20.0,3.25,2.0,42.0,3.414213562373095,3.1547005383792515,3.333333333333333,5.885618083164127,6.121320343559642,4.242640687119286,3.9831276631254418,48.0,15.785844453984339,7.65685424949238,2.0,2.0,5.0,56.0,126.0,11.15,182.0,146.0,18.0,56.0,30.0,14.47448672760572,8.054678984251696,1.8477590650225744,2.447472887876344,-1.24
18.0,16.0,3.0,1.75,34.0,2.914213562373095,2.6547005383792515,2.833333333333333,4.885618083164127,5.121320343559642,3.5355339059327378,3.2760208819388943,40.0,12.95741732923815,6.242640687119285,2.0,2.0,4.0,35.0,70.0,8.7,110.0,85.0,12.0,35.0,20.0,12.194901425440477,6.987918414869869,1.8019377358048385,2.3390923149762908,-2.73
10.0,8.0,2.5,1.25,18.0,1.914213562373095,1.6547005383792515,1.833333333333333,2.885618083164127,3.121320343559642,2.121320343559643,1.8618073195657994,24.0,7.3005630797457695,3.414213562373095,2.0,2.0,2.0,10.0,15.0,4.333333333333333,28.0,19.0,4.0,10.0,6.0,7.635733837560585,4.47213595499958,1.6180339887498951,1.9747448713915894,-1.87
24.0,22.0,3.861111111111111,1.8333333333333333,54.0,3.270055610029662,3.0245638646895836,3.0666666666666664,5.654655746264211,6.390681974697982,4.461420286601642,4.180374063177299,38.75,17.823028822792917,10.06449510224598,6.0,10.0,7.0,52.0,108.0,11.483333333333333,166.0,130.0,20.0,52.0,30.0,14.677511786966832,7.7274066103125465,1.9318516525781364,2.678257743164726,-0.72
56.0,64.0,3.0833333333333335,2.444444444444444,138.0,5.360173345306138,5.591529863463611,5.233333333333334,11.744800786464067,12.2784248953372,8.55423105945987,8.999610502309366,94.765625,40.351934499056355,23.90168923923731,8.0,10.0,19.0,144.0,305.0,27.633333333333333,608.0,638.0,44.0,308.0,118.0,27.26819170318507,14.426920504436183,2.333243827884395,1.9323192636083937,-1.99
16.0,14.0,3.361111111111111,1.3333333333333333,38.0,2.2700556100296625,2.0245638646895836,2.0666666666666664,3.654655746264212,4.390681974697982,3.047206724228547,2.766160500804204,22.75,12.166174573300538,7.23606797749979,6.0,10.0,5.0,18.0,28.0,6.666666666666666,52.0,36.0,10.0,18.0,12.0,10.118119614388574,5.226251859505507,1.8477590650225741,2.5395388613593903,-0.02
78.0,89.0,7.756944444444443,3.680555555555556,218.0,7.414832660707777,7.379223563698315,6.9,15.011100904829993,17.12050610483515,11.719916291766427,12.006083802026426,115.27662037037037,58.01152017767962,37.32402711749647,22.0,40.0,30.0,434.0,1205.0,46.81666666666666,1622.0,1498.0,150.0,599.0,234.0,38.0456943402395,19.09413746461609,2.371268757848956,2.5944732171115064,-6.62
36.0,38.0,3.2222222222222223,1.8333333333333333,88.0,3.787693700234704,3.7888543819998315,3.6,7.6512343960219615,8.391883981397134,5.875633848974738,5.926813801712124,54.75,26.403614671685094,15.77269903474535,8.0,12.0,12.0,62.0,115.0,16.03333333333333,236.0,222.0,12.0,110.0,50.0,18.68250312825291,9.92477721636806,2.170086486626033,2.1923771580194713,-3.08
70.0,81.0,7.256944444444445,3.0833333333333335,202.0,6.375227325552202,6.363341186590191,5.852380952380953,13.003990859101544,15.192286398099144,10.41210050350941,10.640894625709862,101.8569861111111,52.30294318718554,34.21325014457503,18.0,40.0,28.0,284.0,692.0,39.22857142857143,1048.0,952.0,100.0,426.0,176.0,33.48792836975878,16.228444812904442,2.413591583243574,2.6886756140249433,-2.253
134.0,152.0,8.479166666666666,5.652777777777777,350.0,12.433272088712254,12.893983498854865,11.933333333333335,26.963849998572027,29.16415157055276,20.245637780524874,21.181407504957136,207.88599537037038,97.94014361249602,60.283638749360236,28.0,46.0,48.0,1666.0,6205.0,96.33304473304474,6962.0,7258.0,498.0,2401.0,738.0,64.2834515991029,32.905338121562224,2.3932002435696713,1.6416667789076995,-6.01
22.0,20.0,3.25,2.0,42.0,3.414213562373095,3.1547005383792515,3.333333333333333,5.885618083164127,6.121320343559642,4.242640687119286,3.9831276631254418,48.0,15.785844453984339,7.65685424949238,2.0,2.0,5.0,56.0,126.0,11.15,182.0,146.0,18.0,56.0,30.0,14.47448672760572,8.054678984251696,1.8477590650225744,2.447472887876344,-1.3
62.0,67.0,5.333333333333334,3.3611111111111107,148.0,6.736382105218448,6.721666537153279,6.500000000000001,13.573839334717299,14.473164879336613,10.077834421574144,10.216577664630604,106.140625,44.973155986006724,26.079834824110613,10.0,14.0,20.0,350.0,1077.0,36.01269841269842,1336.0,1264.0,100.0,470.0,176.0,32.59322832983902,17.187438893189334,2.258502140532344,2.1344710891814103,-3.082
104.0,125.0,6.6388888888888875,4.055555555555556,276.0,9.0585506480638,9.513377407318897,8.666666666666666,20.262060586270465,21.82500941511358,15.08460103128281,16.071090284172755,166.453125,75.57468108040221,47.33124252347504,18.0,26.0,39.0,620.0,1713.0,65.34563492063492,2621.0,2755.0,161.0,1137.0,367.0,48.11842974705458,24.4822980652984,2.4718911208720096,1.8126166475657137,-3.043
42.0,41.0,5.472222222222222,2.75,98.0,5.163902460147014,4.918991055689499,4.866666666666666,9.480272944275193,10.586623965396548,7.399237211089012,7.143780964033362,66.125,31.024836158635463,17.950844619618653,10.0,16.0,13.0,194.0,549.0,23.378571428571426,666.0,566.0,58.0,194.0,90.0,24.008703830015794,12.133645288114916,2.0478103147828555,3.099620830487698,-2.46
70.0,80.0,4.444444444444445,3.1388888888888893,174.0,6.770856947829097,6.999778153927474,6.566666666666667,14.610826190248506,15.433125433716452,10.744501088240812,11.230320645610187,117.53125,50.585279971090216,30.144329926356598,10.0,14.0,24.0,301.0,789.0,38.89642857142857,1242.0,1275.0,104.0,527.0,198.0,34.32963036560208,18.13574865644653,2.3404355036293385,1.8673218005553285,-5.28
150.0,177.0,9.479166666666666,6.930555555555556,382.0,14.59138937351071,15.013697323608561,14.223809523809527,31.29129142725597,32.7814766812202,22.689877497697353,23.779891410261516,266.37825000000004,108.12270823740164,64.32331942927435,20.0,28.0,52.0,2648.0,12283.0,117.23563103563103,10848.0,11045.0,616.0,3334.0,943.0,73.59129570343694,38.79592955673624,2.5838422920841126,1.5923106280336008,-6.523
16.0,14.0,3.361111111111111,1.3333333333333333,38.0,2.270055610029662,2.0245638646895836,2.0666666666666664,3.6546557462642113,4.390681974697982,3.0472067242285474,2.766160500804204,22.75,12.16617457330054,7.23606797749979,6.0,10.0,5.0,18.0,28.0,6.666666666666666,52.0,36.0,10.0,18.0,12.0,10.118119614388581,5.226251859505506,1.8477590650225744,2.5395388613593908,-0.22
114.0,131.0,11.951388888888888,5.055555555555555,322.0,10.484288230832824,10.46869214951775,9.61904761904762,21.38727606269238,24.893571456254783,17.132740504113293,17.493594808090887,162.13823611111115,85.03111317920738,55.40016274169347,30.0,60.0,45.0,1078.0,3338.0,82.77142857142857,3993.0,3657.0,349.0,1450.0,500.0,54.87834041940131,26.321686715297876,2.479924316427598,3.154913568684436,-6.124
48.0,55.0,4.944444444444445,2.25,128.0,4.625897657686229,4.619172062391505,4.300000000000001,9.423693409364297,10.660043605836323,7.387306667270548,7.534216987198883,71.671875,35.41656237770554,22.371630891611247,10.0,18.0,18.0,109.0,211.0,23.366666666666664,404.0,368.0,40.0,182.0,84.0,23.698958119126985,12.250296206660074,2.3180135147325043,2.515835979311492,-4.57
64.0,66.0,7.784722222222221,3.541666666666667,172.0,6.8936646106526,6.643735927081089,6.366666666666667,12.994929575692554,15.152684292955609,10.495972758174272,10.30037748800309,87.87037037037037,48.12107603395625,30.201609622624005,20.0,40.0,23.0,406.0,1193.0,39.40952380952381,1414.0,1218.0,140.0,406.0,182.0,33.78665850692899,16.753257028566807,2.2638209778523977,4.052598387268363,-1.807
136.0,172.0,8.152777777777779,4.75,394.0,10.859844450845582,11.525235299355806,10.309523809523812,24.88103474586676,27.29183965230204,18.66302438443533,20.158814084273363,216.33361574074075,99.56335690579414,64.77743986592196,28.0,50.0,55.0,1052.0,3379.0,88.55761183261183,4524.0,4833.0,288.0,2117.0,594.0,60.04233400985767,29.528118959638004,2.618252200712491,1.603046386308794,-4.65
2.0,1.0,2.0,1.0,2.0,1.0,0.7071067811865475,1.0,1.0,1.0,0.0,0.0,0.0,1.4142135623730951,0.0,0.0,0.0,0.0,1.0,1.0,1.0,2.0,1.0,0.0,1.0,0.0,3.0861612696304874,2.0,1.0,1.0,-1.0
102.0,117.0,8.388888888888888,4.333333333333333,270.0,9.363081100704113,9.591308017391087,8.800000000000002,19.953703188065884,22.1756519441914,15.38426085980493,15.987290460800264,150.421875,74.96820332793601,47.31809710423603,24.0,36.0,38.0,825.0,2724.0,65.56309523809524,3318.0,3321.0,248.0,1242.0,408.0,48.87139104512406,23.984540964143733,2.3831054312906534,1.9111664477448622,-1.13
146.0,173.0,9.229166666666666,6.680555555555557,374.0,14.09138937351071,14.513697323608561,13.723809523809525,30.29129142725597,31.781476681220195,21.982770716510807,23.07278462907497,258.37825000000004,105.29428111265544,62.90910586690124,20.0,28.0,51.0,2341.0,10229.0,112.83528416028416,9592.0,9766.0,582.0,2995.0,882.0,71.31171040110004,37.694120129397234,2.583842228298643,1.6362841292275583,-6.301
50.0,54.0,5.034722222222222,2.083333333333333,146.0,4.494800481421252,4.4997781539274735,4.066666666666666,9.136852479186087,11.013204324956776,7.607684656543615,7.694786739677448,59.49074074074073,37.9372435834272,25.268827230335916,18.0,38.0,20.0,109.0,211.0,23.416666666666664,404.0,368.0,40.0,182.0,84.0,23.89283477777775,10.698195805856933,2.3268462696046543,2.509938883631114,-1.06
74.0,90.0,7.506944444444445,3.5416666666666665,210.0,6.984434885828627,6.932910225370587,6.523809523809525,14.160738181282658,15.934975212900294,10.859332246306995,11.208070354446136,118.972,54.62113892799262,35.15927137405929,20.0,30.0,29.0,324.0,761.0,44.39285714285714,1189.0,1073.0,141.0,468.0,204.0,35.82042517817092,17.62030871093651,2.4908636153610324,2.9386241301937943,-2.39
36.0,35.0,4.611111111111111,2.666666666666667,78.0,4.8080604124904465,4.549127729379167,4.633333333333333,8.711235281175107,9.317262334258208,6.473350830420108,6.239427782794957,67.375,26.1592246650807,14.128990204491961,6.0,8.0,10.0,149.0,399.0,20.027380952380952,506.0,425.0,48.0,149.0,72.0,21.526096403958878,11.918006474314364,2.0285234880268836,2.998419094375296,-2.58
82.0,98.0,5.645833333333333,3.6666666666666665,220.0,7.687505822261288,7.885843773635598,7.404761904761905,16.438944055103,17.615211165059947,12.116375766016379,12.723382755015361,138.398,59.674787208886606,36.78706557062915,16.0,24.0,30.0,401.0,1030.0,49.00357142857143,1620.0,1625.0,162.0,669.0,260.0,39.37796027511126,20.353828051456457,2.468661744459047,2.101357936158396,-2.3369999999999997
20.0,19.0,3.611111111111111,1.6666666666666667,46.0,2.808060412490447,2.5491277293791677,2.6333333333333333,4.7112352811751075,5.317262334258209,3.644923705673916,3.4110006580487657,35.375,14.845516166095939,8.47213595499958,6.0,8.0,6.0,31.0,54.0,9.083333333333332,94.0,69.0,16.0,31.0,20.0,12.407305943380177,6.898979485566356,1.9318516525781362,2.7541847860376616,-3.68
140.0,158.0,8.368055555555554,6.291666666666668,354.0,13.564811372868718,14.018980560662046,13.185714285714289,29.192503961360703,30.92037348087668,21.469431123973557,22.410722405761614,234.56474074074072,101.54483141243864,60.62912980673343,24.0,38.0,48.0,2492.0,12606.0,100.72342224768695,10456.0,10948.0,476.0,3548.0,852.0,68.63867638621522,35.71664163633138,2.3566014914571696,1.3391969907307155,-8.6
102.0,123.0,6.027777777777777,4.166666666666666,264.0,9.181540550352057,9.632771315782927,8.900000000000002,20.476851594032944,21.5878259720957,14.934771117021752,15.910520531694187,174.46875,73.54654750448194,44.87225198771444,12.0,18.0,37.0,640.0,1825.0,64.33134920634922,2725.0,2889.0,219.0,1220.0,400.0,47.93322038753381,24.793951941209443,2.4790290579661374,1.756844625678052,-2.925
10.0,8.0,2.5,1.25,18.0,1.914213562373095,1.6547005383792515,1.833333333333333,2.885618083164127,3.121320343559642,2.121320343559643,1.8618073195657994,24.0,7.3005630797457695,3.414213562373095,2.0,2.0,2.0,10.0,15.0,4.333333333333333,28.0,19.0,4.0,10.0,6.0,7.635733837560585,4.47213595499958,1.6180339887498951,1.9747448713915894,-0.092
82.0,93.0,8.006944444444443,3.9305555555555554,226.0,7.914832660707776,7.879223563698316,7.4,16.01110090482999,18.12050610483515,12.427023072952975,12.713190583212972,123.27662037037037,60.83994730242581,38.73824067986956,22.0,40.0,31.0,520.0,1518.0,50.92301587301587,1949.0,1807.0,173.0,700.0,266.0,40.32573213152785,20.04211845974069,2.3742922817183887,2.5984590821086613,-5.752000000000001
138.0,177.0,8.243055555555555,4.784722222222222,412.0,10.839100716447414,11.486422776593342,10.273809523809524,24.807871847320015,27.383435393641502,18.610478733398637,20.159318521073544,221.70232407407408,101.35090938548309,66.67458949566806,30.0,58.0,57.0,1034.0,3261.0,89.37344877344879,4444.0,4745.0,290.0,2099.0,594.0,60.30032687355833,29.790641782315195,2.6424871947628854,1.6295615031228083,-5.66
24.0,24.0,1.5,1.5,48.0,3.0,3.0,3.0,6.0,6.0,4.242640687119286,4.242640687119286,48.0,16.970562748477143,8.485281374238571,0.0,0.0,6.0,27.0,42.0,10.0,108.0,108.0,0.0,54.0,24.0,13.696713921428238,8.0,2.0,2.0,1.1
48.0,54.0,4.944444444444445,2.222222222222222,128.0,4.609060905280622,4.605350962927558,4.2666666666666675,9.38328520359084,10.701285058155639,7.427746781790429,7.559806963567577,68.28125,35.55659711676804,22.60112615949154,12.0,20.0,18.0,110.0,215.0,23.28333333333333,408.0,372.0,36.0,184.0,84.0,23.68912002651699,11.643052181853582,2.3072503713482164,2.4872656412139507,-4.63
186.0,237.0,9.437499999999996,5.979166666666669,544.0,14.216912151958597,15.342243157367202,13.540476190476195,33.54925128354182,36.66306229567783,25.043389449298857,27.369834855984983,292.46794907407406,136.14129410970074,89.21341485553923,40.0,70.0,76.0,2199.0,8434.0,131.87888222888222,9900.0,11108.0,518.0,4564.0,1066.0,80.1626546713195,39.56439516843733,2.680644560514687,1.282016450777367,-7.32
36.0,39.0,3.2222222222222223,1.8611111111111112,88.0,3.804530452640311,3.802675481463779,3.6333333333333333,7.691642601795419,8.350642529077819,5.835193734454857,5.901223825343431,58.140625,26.26357993262259,15.543203766865057,6.0,10.0,12.0,60.0,106.0,16.166666666666664,228.0,214.0,20.0,106.0,50.0,18.69255664280207,9.953959938490609,2.193527085331054,2.2794002709583667,-0.72
48.0,47.0,5.361111111111111,3.4166666666666665,102.0,6.3080604124904465,6.049127729379168,6.133333333333334,11.711235281175108,12.31726233425821,8.594671173979751,8.3607481263546,91.375,34.64450603931927,18.371630891611247,6.0,8.0,13.0,340.0,1185.0,29.150829725829727,1204.0,1060.0,78.0,340.0,132.0,28.364849321053587,15.444070616458074,2.0332567961904333,2.9749773012532676,-3.8
94.0,109.0,9.277777777777777,4.75,244.0,9.433958070176677,9.393044663162263,8.933333333333335,19.134928690539404,20.97730594009453,14.44644393531756,14.808920950403925,157.21875,68.64685485465172,42.15747534559557,16.0,26.0,34.0,754.0,2189.0,66.175,2818.0,2606.0,282.0,933.0,374.0,47.185565898096385,24.168640502391774,2.424994852962686,2.9501464186997675,-1.601
68.0,74.0,6.194444444444445,3.527777777777778,168.0,7.1302289553358005,7.116093728153196,6.800000000000001,14.39945653272828,15.669106870035181,10.89433100250187,11.058664221927021,109.515625,49.6896819476107,29.723543654364004,14.0,20.0,23.0,384.0,1076.0,41.090476190476195,1445.0,1345.0,129.0,512.0,204.0,35.08636329276292,18.243190807540927,2.295312642978051,2.4188070811919617,-2.05
16.0,14.0,3.361111111111111,1.3333333333333333,38.0,2.270055610029662,2.0245638646895836,2.0666666666666664,3.6546557462642113,4.390681974697982,3.0472067242285474,2.766160500804204,22.75,12.16617457330054,7.23606797749979,6.0,10.0,5.0,18.0,28.0,6.666666666666666,52.0,36.0,10.0,18.0,12.0,10.118119614388581,5.226251859505506,1.8477590650225744,2.5395388613593908,-1.96
56.0,64.0,3.0833333333333335,2.444444444444444,138.0,5.360173345306138,5.591529863463611,5.233333333333334,11.744800786464067,12.2784248953372,8.55423105945987,8.999610502309366,94.765625,40.351934499056355,23.90168923923731,8.0,10.0,19.0,144.0,305.0,27.633333333333333,608.0,638.0,44.0,308.0,118.0,27.26819170318507,14.426920504436183,2.333243827884395,1.9323192636083937,-2.28
116.0,135.0,10.201388888888888,4.611111111111111,328.0,10.091242718514907,10.324734376364136,9.319047619047621,21.517829308665696,24.74007292457468,17.06379081889199,17.716431184511443,163.37261111111115,86.20678068081189,56.27993954944665,30.0,58.0,46.0,1031.0,3469.0,76.80793650793652,4052.0,3948.0,294.0,1431.0,472.0,54.188937880825094,25.811104464778733,2.4730296049479223,2.0644364961507162,-5.696000000000001
18.0,16.0,3.0,1.75,34.0,2.914213562373095,2.6547005383792515,2.833333333333333,4.885618083164127,5.121320343559642,3.5355339059327378,3.2760208819388943,40.0,12.95741732923815,6.242640687119285,2.0,2.0,4.0,35.0,70.0,8.7,110.0,85.0,12.0,35.0,20.0,12.194901425440477,6.987918414869869,1.8019377358048385,2.3390923149762908,-2.36
30.0,28.0,3.75,2.5,58.0,4.414213562373095,4.1547005383792515,4.333333333333333,7.885618083164127,8.121320343559642,5.6568542494923815,5.397341225498538,64.0,21.442698703476722,10.485281374238571,2.0,2.0,7.0,120.0,330.0,16.460714285714285,408.0,344.0,32.0,120.0,56.0,19.03365733227704,10.627503029350086,1.9021130325903075,2.595082706793886,-4.24
36.0,39.0,3.2222222222222223,1.8611111111111112,88.0,3.804530452640311,3.802675481463779,3.6333333333333333,7.691642601795419,8.350642529077819,5.835193734454857,5.901223825343431,58.140625,26.26357993262259,15.543203766865057,6.0,10.0,12.0,60.0,106.0,16.166666666666664,228.0,214.0,20.0,106.0,50.0,18.69255664280207,9.953959938490609,2.193527085331054,2.2794002709583667,-3.52
26.0,24.0,4.472222222222222,1.6666666666666665,66.0,3.1258976576862296,2.8944271909999157,2.8,5.423693409364296,6.6600436058363215,4.680199886083999,4.377620463229157,29.5,19.860213191601495,12.47213595499958,10.0,18.0,9.0,48.0,91.0,11.833333333333332,150.0,114.0,22.0,48.0,30.0,14.880758495384406,6.828427124746191,2.0,2.9532231745612925,-1.1
88.0,102.0,6.506944444444444,3.666666666666666,240.0,7.9980371312797836,8.228064901018035,7.571428571428573,17.149904621696624,18.995092828199454,13.141319792398708,13.678915888991154,135.13874074074073,64.72888527426875,40.75650062041866,20.0,36.0,33.0,516.0,1535.0,52.290079365079364,2094.0,2114.0,174.0,828.0,294.0,41.838790481236046,21.0193140690803,2.419870349137736,1.9275899862556671,-3.094
6.0,4.0,2.25,1.0,10.0,1.414213562373095,1.1547005383792517,1.3333333333333333,1.885618083164127,2.1213203435596424,1.4142135623730951,1.1547005383792517,16.0,4.47213595499958,2.0,2.0,2.0,1.0,4.0,5.0,2.5,10.0,6.0,2.0,4.0,2.0,5.356367113217143,2.8284271247461907,1.4142135623730954,1.6329931618554523,1.34
6.0,4.0,2.25,1.0,10.0,1.414213562373095,1.1547005383792517,1.3333333333333333,1.885618083164127,2.1213203435596424,1.4142135623730951,1.1547005383792517,16.0,4.47213595499958,2.0,2.0,2.0,1.0,4.0,5.0,2.5,10.0,6.0,2.0,4.0,2.0,5.356367113217143,2.8284271247461907,1.4142135623730954,1.6329931618554523,-0.41
86.0,95.0,7.284722222222221,4.652777777777777,218.0,9.14830701052825,9.10111194692412,8.833333333333336,18.376037837945468,19.696443935317557,13.553507350622418,13.820767945793033,149.76099537037038,62.71155308531435,37.159026951862145,16.0,28.0,29.0,760.0,2540.0,57.786904761904765,2905.0,2757.0,229.0,904.0,336.0,44.457325901003856,23.196922205076287,2.300300478646066,2.4460111256050627,-4.862
74.0,78.0,8.895833333333332,4.041666666666666,200.0,7.825516263230736,7.56272698277059,7.233333333333334,14.877126308614432,17.275206643214403,11.910186320547368,11.787304202544071,103.87037037037037,55.51694358835562,35.08138643037718,24.0,44.0,27.0,586.0,1934.0,47.60079365079365,2072.0,1816.0,174.0,586.0,240.0,38.56895810022672,18.59047424754792,2.2758423980635287,4.094507826686159,-3.408
10.0,8.0,2.5,1.25,18.0,1.914213562373095,1.6547005383792515,1.833333333333333,2.885618083164127,3.121320343559642,2.121320343559643,1.8618073195657994,24.0,7.3005630797457695,3.414213562373095,2.0,2.0,2.0,10.0,15.0,4.333333333333333,28.0,19.0,4.0,10.0,6.0,7.635733837560585,4.47213595499958,1.6180339887498951,1.9747448713915894,0.57
52.0,61.0,2.8333333333333335,2.2222222222222223,130.0,4.877010097711745,5.105350962927558,4.7666666666666675,10.785208992237523,11.237183443017882,7.806684163753442,8.266913744754124,90.15625,37.383472635247664,22.257980408983922,6.0,8.0,18.0,105.0,198.0,24.25,445.0,468.0,37.0,185.0,85.0,25.08371763477965,13.098357873904222,2.3698375056289707,2.028565677264321,-2.296
56.0,64.0,3.0833333333333335,2.444444444444444,138.0,5.360173345306138,5.591529863463611,5.233333333333334,11.744800786464067,12.2784248953372,8.55423105945987,8.999610502309366,94.765625,40.351934499056355,23.90168923923731,8.0,10.0,19.0,144.0,305.0,27.633333333333333,608.0,638.0,44.0,308.0,118.0,27.26819170318507,14.426920504436183,2.333243827884395,1.9323192636083937,-2.16
30.0,31.0,2.361111111111111,1.6666666666666665,68.0,3.393846850117352,3.3944271909999157,3.3,6.825617198010981,7.195941990698567,5.059137268047012,5.084727244415705,51.375,21.68708871008112,12.128990204491961,4.0,6.0,9.0,42.0,71.0,12.916666666666666,163.0,157.0,11.0,78.0,36.0,16.18960238097852,8.720566232730448,2.1010029896154583,2.1229179499593664,-1.8
10.0,8.0,2.5,1.25,18.0,1.914213562373095,1.6547005383792515,1.833333333333333,2.885618083164127,3.121320343559642,2.121320343559643,1.8618073195657994,24.0,7.3005630797457695,3.414213562373095,2.0,2.0,2.0,10.0,15.0,4.333333333333333,28.0,19.0,4.0,10.0,6.0,7.635733837560585,4.47213595499958,1.6180339887498951,1.9747448713915894,-1.47
20.0,18.0,3.611111111111111,1.5833333333333333,46.0,2.770055610029662,2.5245638646895836,2.5666666666666664,4.654655746264211,5.390681974697982,3.7543135054150953,3.4732672819907515,30.75,14.99460169804673,8.650281539872886,6.0,10.0,6.0,32.0,58.0,9.0,98.0,73.0,14.0,32.0,20.0,12.397923494716462,6.155367074350508,1.9021130325903077,2.6272148478988635,-0.04
28.0,26.0,4.5625,1.625,84.0,3.060660171779821,2.8272393461533625,2.6999999999999997,5.285618083164127,6.871320343559642,4.719396554912958,4.42474363902835,31.11111111111111,21.905947934098542,14.576491222541474,12.0,32.0,11.0,46.0,84.0,12.083333333333332,142.0,106.0,24.0,46.0,30.0,15.103441111348037,6.720566232730447,2.1010029896154583,3.154490065368808,-4.36
54.0,63.0,5.805555555555555,2.4444444444444446,148.0,5.036581260209189,5.027420352855368,4.633333333333334,10.289718813148736,11.814744144215574,8.163363133678393,8.35071356812661,78.4375,39.99305360024701,25.785844453984343,12.0,22.0,21.0,140.0,281.0,27.316666666666666,515.0,465.0,51.0,230.0,104.0,26.20239932993289,13.137459993790188,2.3648709778844017,2.625358332036857,-4.0
64.0,76.0,4.486111111111111,2.166666666666667,198.0,5.019385277895634,5.24702561236447,4.619047619047619,11.120571279165585,13.044245110520444,8.9004276852136,9.398337487019933,84.9351111111111,48.12581749727166,32.55522499588328,20.0,46.0,27.0,128.0,238.0,29.083333333333332,524.0,530.0,48.0,284.0,114.0,28.18516262596944,13.11478774925953,2.497212040956833,2.2239918531978673,-1.64
86.0,86.0,8.222222222222221,5.583333333333334,186.0,10.701907262607799,10.443554920379084,10.433333333333334,20.536852479186088,21.513204324956774,15.068022004399861,14.859688933143405,158.75,61.98844899889278,33.3290482208494,10.0,14.0,24.0,1621.0,8851.0,61.58216022024073,6022.0,5581.0,240.0,1621.0,420.0,49.0939739098839,26.564253586470134,2.0631196912401397,3.1913638797649653,-3.896
70.0,79.0,4.444444444444445,3.111111111111111,174.0,6.75402019542349,6.985957054463528,6.533333333333334,14.57041798447505,15.474366886035767,10.784941202760692,11.25591062197888,114.140625,50.725314710152716,30.37382519423689,12.0,16.0,24.0,315.0,878.0,38.40873015873016,1302.0,1339.0,96.0,555.0,198.0,34.319108806448895,18.121287388738583,2.3162654578266073,1.7803213096112547,-6.56
36.0,39.0,3.2222222222222223,1.8611111111111112,88.0,3.804530452640311,3.802675481463779,3.6333333333333333,7.691642601795419,8.350642529077819,5.835193734454857,5.901223825343431,58.140625,26.26357993262259,15.543203766865057,6.0,10.0,12.0,60.0,106.0,16.166666666666664,228.0,214.0,20.0,106.0,50.0,18.69255664280207,9.953959938490609,2.193527085331054,2.2794002709583667,0.38
52.0,58.0,5.194444444444445,2.472222222222222,136.0,5.109060905280622,5.105350962927558,4.7666666666666675,10.383285203590841,11.701285058155639,8.134853562976977,8.266913744754124,76.28125,38.38502424151423,24.01533972186464,12.0,20.0,19.0,152.0,337.0,26.5,567.0,521.0,51.0,240.0,104.0,25.96801898373918,13.15254246595809,2.292455515247132,2.3956341215135133,-2.06
82.0,89.0,7.034722222222221,4.291666666666666,210.0,8.593465455661859,8.56272698277059,8.233333333333334,17.279050097261116,18.811105028076643,12.996230483696928,13.201517764917169,133.74537037037038,60.17224623158144,36.152454242242655,18.0,32.0,28.0,708.0,2530.0,52.16515151515151,2720.0,2596.0,184.0,876.0,300.0,42.1578396376665,21.758545933461896,2.264944223166532,2.2145502078203254,-5.736000000000001
242.0,302.0,13.111111111111105,8.999999999999998,648.0,20.282427298526212,21.617123996336268,19.63333333333333,46.77125483857827,49.34847901096835,33.88147277786195,36.80723700628669,411.734375,174.55897112182336,109.27675662568055,34.0,44.0,92.0,5464.0,24949.0,209.85108086358088,24062.0,26410.0,1250.0,9870.0,2104.0,109.30364541858268,55.767367550120106,2.6068685552757693,1.1933733362013519,-3.571
120.0,152.0,3.8888888888888893,4.222222222222221,312.0,9.932652990377573,10.84369508771057,9.866666666666669,23.838367176906168,24.16496580927726,16.6470418323181,18.385600250846057,219.125,85.41295269863573,51.82966931695261,8.0,8.0,44.0,654.0,1697.0,74.4904761904762,3052.0,3550.0,172.0,1858.0,506.0,53.49654648640763,28.245314310496838,2.5883639906851044,1.5450738814519598,-8.804
62.0,70.0,6.305555555555555,2.9166666666666674,164.0,6.0197445078035825,6.013599253391421,5.6,12.24931060737528,13.855985596534891,9.618016810571369,9.790517106868398,91.046875,45.78994258880189,28.843766846610826,14.0,24.0,23.0,240.0,576.0,34.30000000000001,891.0,815.0,83.0,360.0,150.0,30.75080831886921,15.158803861794569,2.3377473598308995,2.526042280395603,-2.82
56.0,64.0,3.0833333333333335,2.444444444444444,138.0,5.360173345306138,5.591529863463611,5.233333333333334,11.744800786464067,12.278424895337197,8.55423105945987,8.999610502309366,94.765625,40.351934499056355,23.901689239237314,8.0,10.0,19.0,144.0,305.0,27.633333333333333,608.0,638.0,44.0,308.0,118.0,27.268191703185067,14.426920504436179,2.3332438278843943,1.9323192636083937,-4.4
72.0,77.0,6.444444444444445,3.75,176.0,7.613392202930194,7.602272628689249,7.2666666666666675,15.359048326954824,16.7103483223545,11.6418778982083,11.791360979482263,114.125,52.6581438114194,31.367252484617396,16.0,22.0,24.0,500.0,1624.0,44.03293650793651,1894.0,1778.0,126.0,667.0,234.0,37.355427066151485,19.468448190718576,2.261323133883209,2.237915587661267,-2.34
60.0,69.0,3.3333333333333335,2.7777777777777777,146.0,5.898178147766923,6.116093728153195,5.800000000000001,12.801380321374962,13.205005254897426,9.15194804090524,9.644450659553925,107.390625,43.03127609185176,25.137757216737104,8.0,8.0,20.0,190.0,441.0,31.176190476190477,792.0,819.0,56.0,384.0,142.0,29.55761512605863,16.111253759255412,2.3426607768961594,1.895164814385573,-1.139
114.0,141.0,5.388888888888888,4.277777777777779,298.0,9.754020195423491,10.435446797246707,9.533333333333335,22.570417984475046,23.47436688603576,16.199154765133787,17.56910366991833,198.484375,81.83801308236083,50.17281506746022,12.0,16.0,42.0,676.0,1783.0,71.96428571428572,2993.0,3298.0,219.0,1188.0,425.0,53.3168481054101,26.92723764931251,2.535863840135104,1.6707283197831702,-3.19
86.0,97.0,8.256944444444443,4.180555555555555,234.0,8.414832660707775,8.379223563698316,7.900000000000001,17.01110090482999,19.12050610483515,13.134129854139521,13.420297364399524,131.27662037037038,63.668374427172004,40.15245424224266,22.0,40.0,32.0,630.0,1974.0,54.62777777777778,2358.0,2183.0,188.0,697.0,283.0,42.693384466156886,20.826639871388316,2.3938534316456708,2.5558725309555235,-3.658
16.0,14.0,3.361111111111111,1.3333333333333333,38.0,2.2700556100296625,2.0245638646895836,2.0666666666666664,3.654655746264212,4.390681974697982,3.047206724228547,2.766160500804204,22.75,12.166174573300538,7.23606797749979,6.0,10.0,5.0,18.0,28.0,6.666666666666666,52.0,36.0,10.0,18.0,12.0,10.118119614388574,5.226251859505507,1.8477590650225741,2.5395388613593903,-2.03
46.0,46.0,6.173611111111111,2.583333333333333,128.0,4.9771623912162095,4.735487636617226,4.533333333333333,9.140273829428338,11.012002318257624,7.607684656543615,7.362560563515719,59.49074074074073,35.0135119840274,22.389050422582738,16.0,36.0,17.0,180.0,472.0,24.235714285714284,610.0,510.0,62.0,180.0,90.0,24.444477279173917,11.828972355048645,2.1753277471610746,3.3762787571175163,-1.99
76.0,86.0,7.145833333333332,3.819444444444444,206.0,7.542153860645602,7.495539137924037,7.133333333333334,15.201655035956449,16.892385926016125,11.54157680680395,11.834427378343264,121.13599537037037,56.11437054793355,35.145881532623164,20.0,34.0,28.0,457.0,1356.0,45.956746031746036,1716.0,1594.0,140.0,632.0,234.0,37.831904345048244,19.395765279875807,2.3394951172440024,2.4573128783417397,-4.57
30.0,31.0,2.361111111111111,1.6666666666666665,68.0,3.393846850117352,3.3944271909999157,3.3,6.825617198010981,7.195941990698567,5.059137268047012,5.084727244415705,51.375,21.68708871008112,12.128990204491961,4.0,6.0,9.0,42.0,71.0,12.916666666666666,163.0,157.0,11.0,78.0,36.0,16.18960238097852,8.720566232730448,2.1010029896154583,2.1229179499593664,-0.44
64.0,75.0,6.395833333333334,2.958333333333333,182.0,6.003054410393776,5.977595483171734,5.571428571428571,12.182364520192099,13.938630805499718,9.556257063609257,9.785565830527993,96.14337037037036,47.56877476522432,30.73186568346861,18.0,32.0,25.0,228.0,521.0,35.12619047619048,841.0,763.0,93.0,344.0,150.0,31.00647890468804,15.018752995436971,2.432547223199076,2.7003278011791556,-1.16
126.0,160.0,7.041666666666666,4.305555555555555,366.0,9.949160848322624,10.616987008891943,9.476190476190478,23.01500934208232,25.137139113922785,17.179861136840945,18.635210722159087,201.56799074074075,92.15843855850649,59.94901274117579,26.0,46.0,51.0,802.0,2370.0,78.10992063492063,3504.0,3807.0,234.0,1683.0,498.0,55.25896020616459,27.395456184271872,2.609083444288162,1.6231329398900707,-4.16
50.0,55.0,6.944444444444445,3.0,130.0,5.540111220059325,5.2738726007707575,5.133333333333334,10.309311492528423,11.781363949395963,8.094413448457095,7.981810744391588,79.671875,37.06027120795892,22.95741732923815,12.0,20.0,18.0,206.0,501.0,28.742857142857144,692.0,571.0,84.0,206.0,110.0,26.754022924666693,14.195669358089223,2.2469796037174667,3.9851644508585786,0.06
64.0,72.0,3.5833333333333335,2.9444444444444446,154.0,6.360173345306138,6.591529863463611,6.233333333333333,13.744800786464067,14.2784248953372,9.968444621832965,10.41382406468246,110.765625,46.008788748548746,26.7301163639835,8.0,10.0,21.0,252.0,655.0,34.436904761904756,1054.0,1098.0,84.0,450.0,170.0,31.826207837186956,17.139199972884963,2.2996185795193815,1.78948209011566,-4.62
64.0,69.0,5.944444444444445,3.25,160.0,6.613392202930194,6.602272628689248,6.2666666666666675,13.359048326954822,14.710348322354497,10.227664335835204,10.377147417109168,98.125,47.00128956192701,28.538825359871204,16.0,22.0,22.0,319.0,870.0,37.07857142857143,1196.0,1108.0,96.0,456.0,176.0,32.797395486621056,16.150641495614213,2.293633989797513,2.3681957373695357,-3.85
44.0,46.0,3.7222222222222223,2.333333333333333,104.0,4.787693700234704,4.7888543819998315,4.6,9.651234396021962,10.391883981397134,7.289847411347834,7.34102736408522,70.75,32.06046892117748,18.601126159491542,8.0,12.0,14.0,126.0,287.0,22.083333333333332,482.0,456.0,46.0,189.0,84.0,23.241673814767665,12.066822110680892,2.175327747161075,2.1312821385375686,-1.77
28.0,27.0,4.111111111111111,2.166666666666667,62.0,3.808060412490447,3.549127729379167,3.633333333333333,6.7112352811751075,7.317262334258209,5.059137268047012,4.825214220421861,51.375,20.50237041558832,11.300563079745771,6.0,8.0,8.0,75.0,165.0,14.316666666666666,244.0,195.0,30.0,75.0,42.0,16.96691976501489,8.828427124746192,2.0,2.919612641438553,-1.3
30.0,30.0,5.173611111111111,1.5,96.0,2.9433756729740645,2.719605259509101,2.4857142857142853,5.121794126179664,7.069764047840349,4.87656659757667,4.583157824826062,27.68511111111111,23.693872197189744,16.605551275463988,14.0,36.0,13.0,42.0,69.0,12.5,126.0,90.0,26.0,42.0,30.0,15.326357664785323,6.602720495543137,2.1753277471610746,3.541196965079901,-0.72
36.0,38.0,3.2222222222222223,1.8333333333333333,88.0,3.787693700234704,3.7888543819998315,3.6,7.6512343960219615,8.391883981397134,5.875633848974738,5.926813801712124,54.75,26.403614671685094,15.77269903474535,8.0,12.0,12.0,62.0,115.0,16.03333333333333,236.0,222.0,12.0,110.0,50.0,18.68250312825291,9.92477721636806,2.170086486626033,2.1923771580194713,-0.7
30.0,31.0,2.361111111111111,1.6666666666666665,68.0,3.393846850117352,3.3944271909999157,3.3,6.825617198010981,7.195941990698567,5.059137268047012,5.084727244415705,51.375,21.68708871008112,12.128990204491961,4.0,6.0,9.0,42.0,71.0,12.916666666666666,163.0,157.0,11.0,78.0,36.0,16.18960238097852,8.720566232730448,2.1010029896154583,2.1229179499593664,-0.6
36.0,38.0,3.2222222222222223,1.8333333333333333,88.0,3.787693700234704,3.7888543819998315,3.5999999999999996,7.6512343960219615,8.391883981397134,5.875633848974738,5.926813801712124,54.75,26.40361467168509,15.772699034745349,8.0,12.0,12.0,61.0,110.0,16.083333333333332,232.0,218.0,16.0,108.0,50.0,18.68272477800247,9.431147620289327,2.175327747161074,2.2306376583301173,-0.85
24.0,22.0,4.3125,1.375,76.0,2.560660171779821,2.327239346153363,2.2,4.2856180831641275,5.871320343559642,4.012289773726411,3.717636857841802,23.111111111111107,19.07752080935235,13.16227766016838,12.0,32.0,10.0,28.0,44.0,9.5,82.0,57.0,18.0,28.0,20.0,12.823409519949188,5.8186258223528196,2.0743132930519432,3.1684898726705697,-2.168
104.0,122.0,8.479166666666666,4.361111111111111,288.0,9.34155382074099,9.560443859053887,8.785714285714288,19.923174447554626,22.274769302737774,15.321407857295364,15.969991445976618,161.24761111111115,76.62464322565317,48.81437630406657,22.0,44.0,40.0,797.0,2562.0,66.80079365079365,3166.0,3121.0,236.0,1280.0,408.0,49.12453396826378,24.627274024271124,2.4284115419356445,2.005611168255281,-4.046
40.0,38.0,4.861111111111111,2.8333333333333335,86.0,5.2700556100296625,5.024563864689584,5.066666666666666,9.654655746264213,10.390681974697983,7.289847411347834,7.008801187923491,70.75,29.136737321777677,15.721349351738361,6.0,10.0,11.0,212.0,663.0,22.61865079365079,738.0,638.0,52.0,212.0,90.0,23.795853023360674,12.784906442999326,1.9753766811902755,2.7964218719764764,-3.3
74.0,82.0,7.055555555555555,3.7777777777777777,188.0,7.562080607913938,7.535084783842696,7.166666666666668,15.281653265650158,16.791629220293977,11.601437783688418,11.838484155281453,117.515625,54.25712237726388,33.18910689974409,18.0,24.0,26.0,448.0,1276.0,45.84047619047619,1674.0,1546.0,138.0,623.0,234.0,37.589555009202286,18.705487786046596,2.3336210151734065,2.524027534844294,-3.785
54.0,59.0,4.833333333333334,2.861111111111111,132.0,5.736382105218448,5.721666537153279,5.5,11.573839334717297,12.473164879336615,8.663620859201048,8.802364102257508,90.140625,39.31630173651435,23.251407699364428,10.0,14.0,18.0,211.0,543.0,29.310714285714283,798.0,746.0,70.0,307.0,126.0,28.034054653234218,14.591850041640498,2.256020982416854,2.236981996737214,-2.616
42.0,46.0,4.083333333333334,2.0277777777777777,108.0,4.198377302757663,4.197102672463695,3.9333333333333336,8.5172597998064,9.546584519776387,6.6516903153825835,6.743310382639851,61.515625,30.980105894226565,19.186912597118447,10.0,16.0,15.0,84.0,160.0,19.53333333333333,315.0,291.0,27.0,144.0,66.0,21.18569143871713,10.792280186226476,2.245826779937863,2.34622717382778,-3.59
128.0,156.0,6.749999999999998,4.944444444444445,334.0,11.147867045540842,11.829873988246623,10.833333333333336,25.39603518248602,26.670308876734325,18.429864908434606,19.825403789587842,217.859375,92.21139329345719,56.6449510224598,16.0,22.0,47.0,1035.0,3138.0,87.3079365079365,4500.0,4872.0,328.0,1786.0,579.0,59.081815989132096,30.304370154476768,2.517323562062715,1.6117298360428092,-4.09
36.0,39.0,3.2222222222222223,1.8611111111111112,88.0,3.804530452640311,3.802675481463779,3.6333333333333333,7.691642601795419,8.350642529077819,5.835193734454857,5.901223825343431,58.140625,26.26357993262259,15.543203766865057,6.0,10.0,12.0,60.0,106.0,16.166666666666664,228.0,214.0,20.0,106.0,50.0,18.69255664280207,9.953959938490609,2.193527085331054,2.2794002709583667,0.62
102.0,125.0,6.027777777777777,4.277777777777779,264.0,9.236382105218448,9.67115627993646,9.0,20.5738393347173,21.47316487933661,14.784941202760692,15.82266393138351,182.484375,73.25742723346862,44.46461113496085,10.0,14.0,37.0,587.0,1501.0,66.31190476190476,2478.0,2601.0,184.0,1058.0,368.0,47.93561234857994,25.175643155940374,2.4976804826051064,1.9190089870016398,-2.62
6.0,4.0,2.25,1.0,10.0,1.414213562373095,1.1547005383792517,1.3333333333333333,1.885618083164127,2.1213203435596424,1.4142135623730951,1.1547005383792517,16.0,4.47213595499958,2.0,2.0,2.0,1.0,4.0,5.0,2.5,10.0,6.0,2.0,4.0,2.0,5.356367113217143,2.8284271247461907,1.4142135623730954,1.6329931618554523,-0.45
36.0,39.0,3.2222222222222223,1.8611111111111112,88.0,3.804530452640311,3.802675481463779,3.6333333333333333,7.691642601795419,8.350642529077819,5.835193734454857,5.901223825343431,58.140625,26.26357993262259,15.543203766865057,6.0,10.0,12.0,60.0,106.0,16.166666666666664,228.0,214.0,20.0,106.0,50.0,18.69255664280207,9.953959938490609,2.193527085331054,2.2794002709583667,-2.23
20.0,18.0,3.611111111111111,1.5833333333333333,46.0,2.770055610029662,2.5245638646895836,2.5666666666666664,4.654655746264211,5.390681974697982,3.7543135054150953,3.4732672819907515,30.75,14.99460169804673,8.650281539872886,6.0,10.0,6.0,32.0,58.0,9.0,98.0,73.0,14.0,32.0,20.0,12.397923494716462,6.155367074350508,1.9021130325903077,2.6272148478988635,0.85
164.0,209.0,11.326388888888888,5.812499999999999,488.0,13.049002039601007,13.695285270876806,12.22619047619048,29.3647290403842,32.87726161099944,22.43199334410085,24.07204621228634,253.42157870370374,120.82288892104464,79.93042231100493,38.0,70.0,68.0,1759.0,6171.0,119.00732323232324,7361.0,7644.0,475.0,3317.0,869.0,72.37186315079543,34.753295033726694,2.671214528703918,1.67339619795042,-5.35
32.0,33.0,5.333333333333334,1.8888888888888886,86.0,3.5534180126147956,3.3164965809277263,3.1666666666666665,6.330127018922193,7.773502691896258,5.415816237971963,5.16852706778819,39.65625,24.296669675080466,15.65685424949238,10.0,20.0,12.0,65.0,122.0,15.166666666666666,204.0,155.0,34.0,65.0,42.0,17.392861267529163,8.424292428609817,2.1357792050698574,3.464226847231096,-1.22
50.0,57.0,2.2222222222222223,2.2777777777777777,118.0,4.966326495188786,5.1971026724636955,4.933333333333334,10.919183588453086,11.082482904638631,7.737734478532144,8.157523945012947,91.390625,35.635408537452385,20.257980408983922,4.0,4.0,16.0,109.0,215.0,23.9,470.0,505.0,32.0,243.0,96.0,24.775053529229787,13.683238505927559,2.3027756377319952,1.9253677344386608,-3.6
38.0,40.0,2.861111111111111,2.25,84.0,4.431851652578137,4.418991055689499,4.366666666666666,8.882196732921877,9.122522350258794,6.363961030678929,6.436674182846815,72.0,27.194857427622715,14.779271744364848,4.0,4.0,11.0,94.0,203.0,18.68333333333333,361.0,343.0,33.0,148.0,66.0,20.758832560654838,11.384646120352905,2.148961141749637,2.0778607554610558,-1.7
102.0,124.0,5.506944444444445,4.208333333333333,270.0,9.232017366004007,9.672636877991252,8.99047619047619,20.502661084776204,21.54549524490146,14.883193333943925,15.845203841669136,176.22199999999998,73.66296720155377,44.94511582804361,16.0,22.0,37.0,617.0,1665.0,64.89880952380952,2612.0,2752.0,250.0,951.0,382.0,48.05551058341552,25.1113269433606,2.5497429824853777,1.849134754100721,-4.0969999999999995
114.0,142.0,5.3888888888888875,4.305555555555555,298.0,9.770856947829097,10.449267896710653,9.566666666666666,22.610826190248506,23.433125433716445,16.158714650613906,17.54351369354964,201.875,81.6979783432983,49.94331979957992,10.0,14.0,42.0,696.0,1940.0,72.02301587301588,3094.0,3427.0,222.0,1621.0,474.0,51.97152601888417,27.38949319601562,2.548088235510782,1.6213033490621414,-7.02
116.0,138.0,9.229166666666664,5.374999999999999,312.0,10.969674215574168,11.142353399243436,10.5,23.108088645514343,25.00584501207606,17.105620283438107,17.903250850431665,197.46412037037038,84.59245759175514,52.47273545084692,20.0,36.0,43.0,1137.0,3790.0,82.15079365079364,4496.0,4403.0,336.0,1376.0,502.0,56.099246289638856,28.475454125866342,2.5171496848691635,2.122870216680324,-6.34
106.0,122.0,8.118055555555555,4.722222222222221,284.0,9.952038268273206,10.16293833381566,9.48571428571429,21.073320372907627,23.087890576238063,15.89061526803932,16.531031779848693,171.71636111111115,77.69595545971575,48.27993954944664,22.0,40.0,39.0,932.0,3156.0,70.77824675324675,3714.0,3678.0,284.0,1412.0,450.0,51.18028229742529,26.059278058331763,2.427984043589977,1.991367594602798,-6.89
122.0,143.0,10.611111111111109,5.277777777777776,326.0,11.218121810561248,11.435446797246707,10.533333333333337,23.766570407181675,26.402570116311278,18.269707125953953,18.983317232291423,186.734375,89.49797054438635,56.515960817967844,24.0,40.0,46.0,1412.0,5468.0,84.86414141414141,5664.0,5661.0,372.0,1946.0,588.0,58.456864451736294,29.015358781887784,2.3990495799946925,1.8871341012531426,-7.28
138.0,165.0,8.729166666666666,6.180555555555556,358.0,13.09138937351071,13.513697323608561,12.723809523809525,28.291291427255967,29.78147668122019,20.568557154137714,21.658571066701878,242.37824999999998,99.63742686316306,60.08067874215506,20.0,28.0,49.0,1813.0,7013.0,103.93396880896881,7436.0,7576.0,514.0,2403.0,766.0,66.75253976920588,35.16726812401995,2.583840680576012,1.7246589653359659,-4.678
60.0,65.0,5.694444444444445,2.944444444444444,152.0,6.092224152875016,6.091529863463611,5.733333333333333,12.342876997817383,13.742526510474955,9.589507239869953,9.70671728349591,88.890625,44.181913230069114,27.073262114491122,14.0,22.0,21.0,268.0,735.0,32.98809523809524,1017.0,955.0,85.0,376.0,150.0,30.516434121118813,15.688440588468623,2.2431071022477114,2.2196963831282037,-2.89
116.0,137.0,6.868055555555555,4.819444444444445,306.0,10.593172145670254,11.044561481945761,10.238095238095239,23.272509560391956,24.826373726138932,17.184601742400222,18.140336175592797,192.15899537037035,84.2398160652187,51.64012763232542,20.0,32.0,42.0,973.0,3024.0,78.50952380952381,4094.0,4293.0,342.0,1414.0,511.0,55.07583300990431,28.29693429806637,2.480654602265311,1.7623051011104374,-3.37
196.0,250.0,14.749999999999996,7.069444444444444,590.0,15.712922291982496,16.35505601863283,14.61428571428572,34.84380658667917,39.513850652621365,26.964787846068806,28.71708059845235,301.3670324074074,144.88088389955894,96.34702788922222,48.0,90.0,82.0,2963.0,11534.0,157.6550838050838,12175.0,12414.0,767.0,5040.0,1261.0,86.98147933194431,41.82176744166198,2.7282247167007156,1.7380146172628128,-4.13
14.0,12.0,2.75,1.5,26.0,2.414213562373095,2.1547005383792515,2.333333333333333,3.885618083164127,4.121320343559642,2.8284271247461903,2.568914100752347,32.0,10.12899020449196,4.82842712474619,2.0,2.0,3.0,20.0,35.0,6.416666666666666,60.0,44.0,8.0,20.0,12.0,9.915316149982342,5.464101615137754,1.7320508075688772,2.19060968716425,-2.37
48.0,54.0,4.944444444444445,2.2222222222222223,128.0,4.609060905280622,4.605350962927558,4.266666666666667,9.38328520359084,10.701285058155637,7.427746781790429,7.559806963567576,68.28125,35.55659711676804,22.60112615949154,12.0,20.0,18.0,111.0,220.0,23.23333333333333,412.0,376.0,32.0,186.0,84.0,23.6888922595993,11.683238505927562,2.302775637731996,2.4619689397977487,-6.98
26.0,24.0,4.472222222222222,1.6666666666666665,66.0,3.1258976576862296,2.8944271909999157,2.8,5.423693409364296,6.6600436058363215,4.680199886083999,4.377620463229157,29.5,19.860213191601495,12.47213595499958,10.0,18.0,9.0,48.0,91.0,11.833333333333332,150.0,114.0,22.0,48.0,30.0,14.880758495384406,6.828427124746191,2.0,2.9532231745612925,-0.74
62.0,69.0,5.333333333333333,3.4722222222222223,148.0,6.79122366008484,6.76005150130681,6.6000000000000005,13.67082707540165,14.358503786577526,9.928004507313085,10.128721064319924,114.15625,44.68403571499344,25.672193971357018,8.0,10.0,20.0,312.0,826.0,37.23690476190476,1182.0,1108.0,118.0,411.0,176.0,32.61334778576422,17.317349303503537,2.2906286481482483,2.4148769535214245,-3.4
40.0,43.0,3.4722222222222223,2.166666666666667,96.0,4.325698502695489,4.313418246689415,4.166666666666666,8.707813930932858,9.31846434095736,6.473350830420108,6.571653958956686,67.375,29.082956264480494,17.00876701224514,8.0,10.0,13.0,90.0,187.0,19.066666666666666,341.0,319.0,25.0,150.0,66.0,20.971923394025076,11.18995723015805,2.193993277712657,2.1804017457062086,-2.78
146.0,172.0,10.201388888888886,6.166666666666668,390.0,13.323735633975271,13.766228019099042,12.738095238095243,28.857718552629475,31.31355716915681,21.614670622818807,22.700059590731005,236.68561574074073,106.53976360010711,66.25054900690235,28.0,46.0,54.0,2244.0,9986.0,104.0230796980797,9294.0,9593.0,516.0,2904.0,825.0,71.03992799668788,34.99297017628874,2.613975502302901,1.5071547666586165,-8.402000000000001
78.0,94.0,7.756944444444444,3.7916666666666665,218.0,7.484434885828628,7.432910225370588,7.0238095238095255,15.160738181282666,16.934975212900294,11.566439027493542,11.915177135632684,126.972,57.44956605273881,36.57348493643239,20.0,30.0,30.0,391.0,961.0,48.65238095238095,1438.0,1302.0,166.0,549.0,234.0,38.10047551099278,19.038769295335342,2.4959631910058238,2.9604372309764804,-2.016
82.0,93.0,8.006944444444443,3.930555555555556,226.0,7.914832660707776,7.879223563698315,7.3999999999999995,16.01110090482999,18.120506104835147,12.427023072952975,12.713190583212974,123.27662037037037,60.83994730242581,38.73824067986956,22.0,40.0,31.0,540.0,1667.0,50.48015873015873,2025.0,1879.0,157.0,746.0,266.0,40.325039363658895,20.12904958309967,2.3565157924337057,2.4965582116341474,-4.04
56.0,65.0,3.0833333333333335,2.4722222222222223,138.0,5.377010097711745,5.605350962927558,5.2666666666666675,11.785208992237523,12.237183443017882,8.51379094493999,8.97402052594067,98.15625,40.211899759993855,23.672193971357018,6.0,8.0,19.0,140.0,285.0,27.849999999999998,590.0,618.0,48.0,300.0,118.0,27.278488539440637,14.495357090321049,2.3513651263243576,1.9931760493394233,-4.55
50.0,55.0,6.944444444444445,3.0,130.0,5.540111220059325,5.2738726007707575,5.133333333333334,10.309311492528423,11.781363949395963,8.094413448457095,7.981810744391588,79.671875,37.06027120795892,22.95741732923815,12.0,20.0,18.0,206.0,501.0,28.742857142857144,692.0,571.0,84.0,206.0,110.0,26.754022924666693,14.195669358089223,2.2469796037174667,3.9851644508585786,1.09
6.0,4.0,2.25,1.0,10.0,1.414213562373095,1.1547005383792517,1.3333333333333333,1.885618083164127,2.1213203435596424,1.4142135623730951,1.1547005383792517,16.0,4.47213595499958,2.0,2.0,2.0,1.0,4.0,5.0,2.5,10.0,6.0,2.0,4.0,2.0,5.356367113217143,2.8284271247461907,1.4142135623730954,1.6329931618554523,-0.6
16.0,14.0,3.361111111111111,1.3333333333333333,38.0,2.270055610029662,2.0245638646895836,2.0666666666666664,3.6546557462642113,4.390681974697982,3.0472067242285474,2.766160500804204,22.75,12.16617457330054,7.23606797749979,6.0,10.0,5.0,18.0,28.0,6.666666666666666,52.0,36.0,10.0,18.0,12.0,10.118119614388581,5.226251859505506,1.8477590650225744,2.5395388613593908,-1.48
90.0,103.0,6.666666666666666,3.9999999999999996,230.0,8.575387400469408,8.802453635391254,8.200000000000001,18.302468792043925,19.783767962794272,13.751267697949478,14.303117346207426,143.671875,65.53515140472804,40.030679443729255,16.0,24.0,32.0,610.0,1847.0,55.9531746031746,2450.0,2440.0,200.0,788.0,312.0,43.972305898517604,22.53261465862726,2.4069813045644475,1.9341811762422543,-2.09
46.0,51.0,4.333333333333334,2.3055555555555554,116.0,4.715214055163271,4.710923771927642,4.466666666666667,9.55766800557986,10.505343067457071,7.3183569820492504,7.424827187457706,72.90625,33.66849827991026,20.371630891611247,8.0,14.0,16.0,114.0,231.0,22.9,428.0,396.0,48.0,180.0,84.0,23.475339554123405,11.945821561028195,2.2671838628845014,2.3960449098608665,-1.82
46.0,51.0,4.333333333333334,2.305555555555556,116.0,4.715214055163271,4.710923771927642,4.466666666666667,9.557668005579858,10.505343067457073,7.3183569820492504,7.424827187457705,72.90625,33.66849827991025,20.371630891611247,8.0,14.0,16.0,114.0,231.0,22.9,428.0,396.0,48.0,180.0,84.0,23.4753395541234,11.945821561028195,2.2671838628845014,2.3960449098608665,-2.33
76.0,93.0,8.118055555555555,3.3333333333333335,222.0,6.829145584562086,6.80071227403674,6.242857142857143,13.940334689387303,16.206838557620774,11.125892088711884,11.428751164185835,110.92099999999999,56.558148723034606,37.36647701185511,22.0,36.0,31.0,314.0,712.0,45.03333333333333,1147.0,1029.0,143.0,458.0,204.0,36.03514587935046,16.647725963596276,2.514638001002626,3.037473883672742,-2.766
40.0,44.0,3.4722222222222223,2.1944444444444446,96.0,4.3425352551010965,4.3272393461533625,4.199999999999999,8.748222136706316,9.277222888638047,6.432910715900227,6.5460639825879925,70.765625,28.942921525417994,16.77927174436485,6.0,8.0,13.0,86.0,167.0,19.28333333333333,325.0,303.0,33.0,142.0,66.0,20.982204647916753,11.203557775951705,2.2215832939527687,2.29725588417896,-3.21
26.0,24.0,3.5,2.25,50.0,3.914213562373095,3.6547005383792515,3.833333333333333,6.885618083164127,7.121320343559642,4.949747468305834,4.69023444431199,56.0,18.61427157873053,9.071067811865476,2.0,2.0,6.0,84.0,210.0,13.742857142857144,280.0,231.0,24.0,84.0,42.0,16.754072029940975,9.517540966287266,1.8793852415718166,2.53006045688352,-4.0
64.0,77.0,6.395833333333334,3.083333333333333,182.0,6.063714582173599,6.015980447325265,5.671428571428572,12.267982603356224,13.80995114905936,9.397338441011366,9.697709230217313,101.773,47.325445947359825,30.47992978126389,18.0,28.0,25.0,220.0,480.0,35.550000000000004,807.0,727.0,95.0,336.0,150.0,31.026617352497695,15.191508225450299,2.4494897427831788,2.8048971604633657,-2.4
66.0,72.0,3.2222222222222223,3.2499999999999996,150.0,6.949489742783179,7.183281572999748,6.9,14.878775382679628,15.123724356957947,10.606601717798217,11.011541046127832,120.0,47.08915177549966,26.1443299263566,6.0,6.0,20.0,343.0,1032.0,36.92063492063492,1450.0,1531.0,100.0,541.0,198.0,33.88194357286601,18.877840949171787,2.2105086495394843,1.5986594573645951,-4.62
22.0,21.0,4.222222222222222,1.4444444444444442,58.0,2.6427344100918364,2.408248290463863,2.333333333333333,4.464101615137754,5.618802153517007,3.932652990377571,3.644923705673916,24.890625,16.891751327792804,10.82842712474619,8.0,16.0,8.0,29.0,47.0,9.333333333333332,86.0,61.0,16.0,29.0,20.0,12.61055265179775,6.0,2.0,2.9934972434784735,-1.74
112.0,136.0,7.1388888888888875,4.750000000000001,292.0,10.151397005390978,10.576326236162013,9.833333333333334,22.415627861865715,23.63692868191472,16.239594879653666,17.33518062229318,195.09375,80.79332952693049,49.57388321059433,16.0,20.0,41.0,798.0,2259.0,75.9920634920635,3321.0,3433.0,243.0,1399.0,451.0,52.708508209013154,27.335425642818823,2.498607599424857,1.8843325800445538,-5.153
82.0,98.0,3.805555555555556,3.25,208.0,7.34333659290053,7.802453635391254,7.200000000000001,16.70439258069061,17.31966634765651,12.008884736352847,12.888903783834333,141.546875,58.8767455489691,35.44489300610236,10.0,12.0,29.0,334.0,839.0,45.45357142857143,1465.0,1599.0,103.0,758.0,250.0,38.35758140873296,20.184699131365495,2.4470916457610956,1.7215893660039328,-5.84
88.0,97.0,7.444444444444444,4.916666666666666,208.0,9.701907262607799,9.668299791770673,9.433333333333332,19.53685247918609,20.513204324956778,14.23959487965367,14.480751551180392,160.921875,63.402662561265856,36.15747534559558,10.0,14.0,28.0,912.0,3338.0,61.39488844488845,3460.0,3258.0,244.0,1114.0,374.0,46.514949335775725,24.874704504463562,2.351072316005116,2.429631786471226,-4.4
64.0,77.0,6.916666666666666,3.0000000000000004,176.0,6.00210641759854,5.974053607472762,5.566666666666666,12.252731957617529,13.854783589835739,9.496696467011725,9.786460329930204,101.21875,47.108851676521375,30.206630725976932,12.0,22.0,25.0,220.0,479.0,35.53333333333334,805.0,723.0,81.0,346.0,150.0,31.00580152579858,15.688760845685533,2.426719885130813,2.7872351510766293,-4.02
78.0,86.0,9.145833333333334,4.513888888888889,208.0,8.43519937296352,8.139496911077652,7.933333333333334,16.071101789983132,18.045884457696225,12.317633273211799,12.318697783109258,127.90162037037037,57.76713017107522,35.680318287243075,20.0,36.0,28.0,699.0,2446.0,51.67777777777778,2490.0,2201.0,192.0,699.0,272.0,40.88718435036466,21.234376003677255,2.2559676114298255,4.060695592943026,0.523
118.0,148.0,6.090277777777777,4.152777777777778,328.0,9.593172145670252,10.26930635333735,9.238095238095239,22.272509560391953,23.82637372613893,16.35617461765403,17.76139879362978,194.33087037037035,85.65402962759181,54.4685547570716,20.0,32.0,46.0,724.0,2154.0,71.70039682539682,3197.0,3512.0,197.0,1536.0,453.0,52.510087141661465,26.500693861621603,2.5767042469412296,1.5650034351283706,-5.282
134.0,155.0,10.840277777777777,6.208333333333336,356.0,12.81722889269334,13.003998779432973,12.219047619047622,26.850581057867164,29.309853448875515,20.15267681752318,20.930185442508343,219.48661574074072,98.05935232498156,60.74278028936078,28.0,46.0,49.0,1838.0,7102.0,101.99030691530692,7278.0,7172.0,508.0,2462.0,744.0,65.3153157315282,33.44751257321191,2.4390324569008515,2.081724109815095,-4.5760000000000005
50.0,55.0,4.583333333333334,2.6111111111111116,124.0,5.236382105218449,5.221666537153278,5.0,10.573839334717297,11.473164879336615,7.956514078014501,8.09525732107096,82.140625,36.487874611768156,21.837194136991332,10.0,14.0,17.0,162.0,390.0,25.919047619047618,609.0,565.0,45.0,252.0,104.0,25.754244629039334,13.619694833292886,2.250874594525544,2.242704555869001,-2.41
22.0,20.0,3.25,2.0,42.0,3.414213562373095,3.1547005383792515,3.333333333333333,5.885618083164127,6.121320343559642,4.242640687119286,3.9831276631254418,48.0,15.785844453984339,7.65685424949238,2.0,2.0,5.0,56.0,126.0,11.15,182.0,146.0,18.0,56.0,30.0,14.47448672760572,8.054678984251696,1.8477590650225744,2.447472887876344,-3.12
106.0,129.0,9.611111111111109,4.333333333333333,294.0,9.25179531537246,9.4630889961746,8.6,19.847386818728594,22.32008721167265,15.360399772167998,16.10371015480785,161.515625,77.90419256727657,50.40011603271488,20.0,36.0,42.0,738.0,2163.0,68.8373015873016,2912.0,2849.0,248.0,1224.0,408.0,49.359866748915685,24.949867603955052,2.478080550300003,2.1730928536122276,-9.16
180.0,220.0,14.756944444444441,7.652777777777772,498.0,16.005274041423252,16.389379011607907,15.119047619047624,34.37275976951138,37.81813557039136,25.864951818627695,27.301588337451584,290.73025,131.73317982942416,84.15154884080201,36.0,58.0,70.0,3503.0,16098.0,144.30956820956823,14214.0,14369.0,762.0,4913.0,1207.0,84.26213196338149,42.95293679904678,2.5235820668525455,1.689764333872913,-0.41
98.0,96.0,8.0,6.75,194.0,12.914213562373096,12.654700538379252,12.833333333333332,24.885618083164125,25.121320343559645,17.677669529663692,17.41815650566985,200.0,69.52595982416196,34.52691193458119,2.0,2.0,24.0,2925.0,20475.0,74.21491262159118,11050.0,10425.0,312.0,2925.0,600.0,57.78660747199019,32.3968679154487,1.9864767154838863,2.94691201256248,-8.334
102.0,125.0,6.027777777777777,4.277777777777779,264.0,9.236382105218448,9.67115627993646,9.0,20.5738393347173,21.47316487933661,14.784941202760692,15.82266393138351,182.484375,73.25742723346862,44.46461113496085,10.0,14.0,37.0,587.0,1501.0,66.31190476190476,2478.0,2601.0,184.0,1058.0,368.0,47.93561234857994,25.175643155940374,2.4976804826051064,1.9190089870016398,-3.324
12.0,9.0,3.111111111111111,1.0,30.0,1.7320508075688776,1.5,1.5,2.598076211353316,3.4641016151377553,2.449489742783178,2.121320343559643,10.125,9.486832980505138,6.0,6.0,12.0,4.0,9.0,12.0,4.5,24.0,15.0,6.0,9.0,6.0,7.829154880351855,3.4641016151377544,1.7320508075688772,2.3237900077244498,-1.29
54.0,59.0,5.284722222222222,2.333333333333333,154.0,4.999018565639892,5.008459641508933,4.585714285714286,10.174952310848312,11.997546414099727,8.30271070376823,8.388651282978543,72.3101111111111,40.6106538883697,26.37825031020934,16.0,36.0,21.0,152.0,340.0,26.633333333333333,569.0,525.0,57.0,236.0,104.0,26.181110039096943,12.527340673531741,2.311476385944094,2.393615048508942,-1.34
104.0,120.0,10.388888888888888,5.166666666666665,272.0,10.32780492029403,10.28747185416218,9.733333333333334,20.96054588855038,23.173247930793103,15.970047297431835,16.358114288886892,168.59375,76.1918079410019,47.21539773822207,20.0,32.0,38.0,968.0,2946.0,76.58015873015873,3588.0,3288.0,320.0,1298.0,456.0,51.95901688601388,26.040230050862448,2.460649485303388,3.082072698225275,-6.49
60.0,72.0,6.666666666666666,2.666666666666667,168.0,5.464101615137755,5.449489742783179,5.0,11.196152422706632,12.92820323027551,8.898979485566358,9.141620172685643,88.59375,44.42951008372598,28.970562748477143,12.0,24.0,24.0,174.0,357.0,31.6,636.0,570.0,60.0,282.0,126.0,28.71591913622389,14.601126159491542,2.414213562373096,2.7602520756252087,-4.64
104.0,115.0,9.868055555555554,5.013888888888888,278.0,10.270674708364343,10.249086890008648,9.633333333333335,20.78013856793007,23.38986773597349,16.181336578368068,16.44597088919757,154.02662037037038,77.01926729496536,48.21694934448864,26.0,48.0,38.0,1066.0,3631.0,73.76230158730158,4014.0,3748.0,322.0,1297.0,456.0,51.927370294268925,25.26974486257324,2.3812234856897656,2.7505669736713036,-4.194
42.0,47.0,4.083333333333334,2.055555555555556,108.0,4.215214055163271,4.210923771927642,3.966666666666667,8.557668005579858,9.505343067457071,6.6112502008627025,6.717720406271157,64.90625,30.84007115516406,18.95741732923815,8.0,14.0,15.0,82.0,151.0,19.666666666666668,307.0,283.0,31.0,140.0,66.0,21.19575112540568,10.891330678669732,2.2638209778523963,2.413324848196347,-4.0
20.0,16.0,4.0625,1.0,68.0,2.0,1.7888543819998317,1.6,3.2,5.0,3.4641016151377544,3.0983866769659336,9.48148148148148,16.492422502470642,12.0,12.0,36.0,9.0,16.0,22.0,7.0,44.0,28.0,12.0,16.0,12.0,10.524391382167263,4.0,2.0,3.0237157840738176,-2.31
52.0,58.0,5.194444444444445,2.472222222222222,136.0,5.109060905280622,5.105350962927558,4.766666666666667,10.38328520359084,11.701285058155639,8.134853562976977,8.266913744754124,76.28125,38.38502424151423,24.015339721864635,12.0,20.0,19.0,152.0,337.0,26.499999999999996,567.0,521.0,51.0,240.0,104.0,25.968018983739185,13.15254246595809,2.2924555152471333,2.3956341215135133,-3.2
38.0,39.0,2.861111111111111,2.1666666666666665,84.0,4.393846850117352,4.394427190999916,4.3,8.825617198010981,9.195941990698568,6.473350830420108,6.4989408067888,67.375,27.343942959573504,14.957417329238153,4.0,6.0,11.0,88.0,174.0,19.033333333333328,345.0,337.0,15.0,168.0,64.0,20.729570823447418,11.00351115727379,2.0839681098273,2.124788507254725,-1.29
134.0,171.0,7.993055555555555,4.409722222222222,404.0,10.278440544667594,10.948037812439809,9.673809523809528,23.72225376415589,26.512115050081857,18.062290574809982,19.54006834019767,208.07269444444444,98.76581107860136,65.51231183549967,30.0,62.0,56.0,907.0,2752.0,84.06626984126984,3927.0,4226.0,259.0,1880.0,545.0,58.000307289281835,28.083080739474543,2.636098062314545,1.6361086084007204,-3.999
58.0,62.0,5.083333333333334,3.0833333333333335,140.0,6.219545352812841,6.207845437689332,5.966666666666667,12.53343112894384,13.51440633165593,9.411167754907478,9.535060859812749,94.75,42.28476360032304,24.895116529617816,12.0,16.0,19.0,280.0,815.0,32.468650793650795,1059.0,991.0,67.0,406.0,150.0,30.303804963689338,15.809801647036135,2.2417949731358338,2.1471259748697293,-2.17
36.0,38.0,3.2222222222222223,1.8333333333333333,88.0,3.787693700234704,3.7888543819998315,3.6,7.6512343960219615,8.391883981397134,5.875633848974738,5.926813801712124,54.75,26.403614671685094,15.77269903474535,8.0,12.0,12.0,62.0,115.0,16.03333333333333,236.0,222.0,12.0,110.0,50.0,18.68250312825291,9.92477721636806,2.170086486626033,2.1923771580194713,-4.47
76.0,91.0,2.9444444444444446,3.0833333333333335,188.0,6.949489742783179,7.4080264443913375,6.9,15.87877538267963,16.123724356957947,11.192388155425121,12.046817226537915,138.171875,54.16021958736512,31.801184175848977,6.0,6.0,26.0,271.0,636.0,41.14285714285714,1208.0,1342.0,88.0,632.0,218.0,35.864443120049664,19.448251271725756,2.4347638027388676,1.7402124582772953,-2.68
24.0,22.0,4.3125,1.375,76.0,2.560660171779821,2.3272393461533625,2.1999999999999997,4.285618083164127,5.871320343559642,4.012289773726411,3.717636857841802,23.11111111111111,19.077520809352354,13.16227766016838,12.0,32.0,10.0,28.0,44.0,9.5,82.0,57.0,18.0,28.0,20.0,12.823409519949186,5.818625822352818,2.0743132930519423,3.168489872670569,-0.24
48.0,52.0,3.9722222222222223,2.75,112.0,5.363703305156275,5.337982111378999,5.233333333333333,10.764393465843753,11.245044700517589,7.778174593052025,7.923600897387796,88.0,34.59072498202208,19.659048552118026,8.0,8.0,15.0,170.0,432.0,25.41071428571428,643.0,601.0,43.0,260.0,104.0,25.541153684681944,13.839232266343267,2.2215832939527678,2.1364132892501133,-3.13
62.0,60.0,5.75,4.5,122.0,8.414213562373096,8.154700538379252,8.333333333333332,15.885618083164125,16.121320343559642,11.313708498984765,11.054195474990921,128.0,44.070115701446255,21.798989873223338,2.0,2.0,15.0,816.0,3876.0,41.472392884892884,2992.0,2736.0,128.0,816.0,240.0,37.270339750965576,20.860104605522686,1.9696155060244163,2.846262262649495,-7.0
36.0,38.0,3.2222222222222223,1.8333333333333333,88.0,3.787693700234704,3.7888543819998315,3.5999999999999996,7.6512343960219615,8.391883981397134,5.875633848974738,5.926813801712124,54.75,26.40361467168509,15.772699034745349,8.0,12.0,12.0,61.0,110.0,16.083333333333332,232.0,218.0,16.0,108.0,50.0,18.68272477800247,9.431147620289327,2.175327747161074,2.2306376583301173,-1.4880000000000002
52.0,61.0,2.8333333333333335,2.2222222222222223,130.0,4.877010097711745,5.105350962927558,4.7666666666666675,10.785208992237523,11.237183443017882,7.806684163753442,8.266913744754124,90.15625,37.383472635247664,22.257980408983922,6.0,8.0,18.0,105.0,198.0,24.25,445.0,468.0,37.0,185.0,85.0,25.08371763477965,13.098357873904222,2.3698375056289707,2.028565677264321,-2.12
88.0,104.0,7.027777777777777,3.7222222222222228,234.0,8.002907755397974,8.224523025319064,7.566666666666666,17.208902401601822,18.897227048854205,13.072670487464347,13.679810388393363,137.828125,64.31475363871463,40.38697061347589,16.0,26.0,33.0,486.0,1331.0,53.21666666666666,1950.0,1942.0,172.0,820.0,294.0,41.83969833841104,21.205008274281,2.4219077780858975,2.0485013670264434,-7.21
102.0,124.0,5.506944444444445,4.25,270.0,9.247366799145755,9.683379643216888,9.023809523809526,20.530202071433866,21.527335620462274,14.82333235705946,15.808527194095845,179.84237037037036,73.60812495551666,44.84076056050172,16.0,22.0,37.0,673.0,2030.0,62.76309523809524,2854.0,3010.0,236.0,1027.0,384.0,49.340853728559495,25.61228563360314,2.536541545100699,1.6903846904777635,-2.596
120.0,152.0,3.8888888888888893,4.222222222222222,312.0,9.932652990377571,10.84369508771057,9.866666666666667,23.838367176906168,24.164965809277255,16.647041832318095,18.38560025084605,219.125,85.4129526986357,51.82966931695259,8.0,8.0,44.0,676.0,1831.0,73.66785714285714,3151.0,3660.0,183.0,1553.0,466.0,53.58986653302882,28.263475817097362,2.606624393767334,1.5043253918544541,-8.23
76.0,83.0,4.333333333333334,3.666666666666666,178.0,7.843336592900531,8.077708763999665,7.700000000000001,16.70439258069061,17.319666347656515,12.130205079912491,12.560734384610797,131.375,54.63410486184982,31.202252318983085,10.0,12.0,24.0,495.0,1603.0,45.02301587301588,2068.0,2157.0,146.0,729.0,260.0,38.65442674285291,20.65680380286779,2.23606797749979,1.6375981036696632,-3.15
88.0,107.0,6.506944444444444,3.875,240.0,8.108226125916316,8.30277355168092,7.757142857142858,17.331699633029434,18.74023522890088,12.87126279012546,13.526637098057638,147.59699999999998,64.1420530647732,40.05219360105146,18.0,26.0,33.0,458.0,1172.0,54.40357142857143,1834.0,1822.0,190.0,756.0,294.0,41.89264495235205,21.134138714064793,2.5105329389856643,2.203678968188423,-2.322
76.0,88.0,5.305555555555555,3.333333333333334,194.0,7.181540550352056,7.4080264443913375,6.9,15.476851594032945,16.587825972095704,11.520557554648656,12.046817226537915,124.296875,55.16177119363169,33.5585434887297,12.0,18.0,27.0,360.0,970.0,43.397619047619045,1470.0,1492.0,124.0,622.0,228.0,36.83283132787617,19.16882667922083,2.370435131432972,1.9127962780847314,-6.29
70.0,77.0,6.805555555555555,3.3888888888888893,180.0,7.002907755397975,6.999778153927474,6.566666666666666,14.208902401601822,15.897227048854207,11.072670487464345,11.230320645610187,103.65625,51.586831577356776,31.90168923923731,16.0,26.0,25.0,408.0,1262.0,40.78492063492064,1541.0,1441.0,109.0,570.0,204.0,35.29875535614627,17.77341206279059,2.2792657950010944,2.2547153115966037,-3.536
72.0,79.0,6.444444444444444,3.8611111111111107,176.0,7.668233757796585,7.64065759284278,7.366666666666668,15.456036067639177,16.595687229595406,11.49204798394724,11.703504379171585,122.140625,52.369023540406104,30.959611631863794,14.0,18.0,24.0,505.0,1664.0,44.03253968253968,1934.0,1838.0,138.0,649.0,234.0,37.37484443043115,19.66483814272961,2.236067977499792,2.1807418588684566,-1.716
28.0,28.0,4.5625,1.75,84.0,3.1213203435596424,2.8656243103068935,2.8,5.371236166328254,6.742640687119284,4.5604779323150675,4.336887038717671,36.74074074074074,21.662619116234062,14.32455532033676,12.0,28.0,11.0,44.0,76.0,12.25,134.0,98.0,26.0,44.0,30.0,15.122655423942513,7.595865303863629,2.1357792050698583,3.3604351426960575,-1.04
32.0,31.0,4.361111111111111,2.416666666666667,70.0,4.3080604124904465,4.049127729379167,4.133333333333333,7.7112352811751075,8.31726233425821,5.76624404923356,5.532321001608409,59.375,23.33079754033451,12.714776642118865,6.0,8.0,9.0,108.0,264.0,17.10952380952381,360.0,296.0,38.0,108.0,56.0,19.24650808448647,10.383982834675734,2.015316067192599,2.9548225727898,-1.75
78.0,90.0,8.277777777777777,3.5555555555555562,212.0,7.341111712849502,7.330095834319147,6.766666666666667,14.981361414944159,17.165386673293394,11.877236524573608,12.130617049910398,112.578125,57.771352158631025,37.08640753373011,18.0,32.0,30.0,408.0,1044.0,47.71666666666667,1504.0,1366.0,144.0,594.0,234.0,38.03704551326051,18.380381247862275,2.4111421572873573,2.796335838028349,-3.22
110.0,120.0,10.208333333333332,5.083333333333333,304.0,10.645282935581864,10.641452803364386,9.919047619047621,21.54426468852988,24.704288716356764,17.11616147723034,17.311491856181824,154.4351111111111,82.1281663126041,52.09842876274831,30.0,64.0,41.0,1358.0,5496.0,75.83012265512266,5237.0,5025.0,337.0,1538.0,500.0,54.41957807712883,26.64589007182606,2.335612502239451,2.396283855982658,-4.2
28.0,28.0,1.75,1.75,56.0,3.5,3.5,3.5,7.0,7.0,4.949747468305834,4.949747468305834,56.0,19.798989873223334,9.899494936611667,0.0,0.0,7.0,42.0,70.0,12.833333333333334,168.0,168.0,0.0,63.0,28.0,15.960242064512125,8.987918414869867,1.9999999999999996,2.0416666666666665,-3.51
18.0,16.0,3.0,1.75,34.0,2.914213562373095,2.6547005383792515,2.833333333333333,4.885618083164127,5.121320343559642,3.5355339059327378,3.2760208819388943,40.0,12.95741732923815,6.242640687119285,2.0,2.0,4.0,35.0,70.0,8.7,110.0,85.0,12.0,35.0,20.0,12.194901425440477,6.987918414869869,1.8019377358048385,2.3390923149762908,-0.49
46.0,51.0,4.333333333333334,2.3055555555555554,116.0,4.715214055163271,4.710923771927642,4.466666666666667,9.55766800557986,10.505343067457071,7.3183569820492504,7.424827187457706,72.90625,33.66849827991026,20.371630891611247,8.0,14.0,16.0,114.0,231.0,22.9,428.0,396.0,48.0,180.0,84.0,23.475339554123405,11.945821561028195,2.2671838628845014,2.3960449098608665,-3.76
36.0,38.0,3.2222222222222223,1.8333333333333333,88.0,3.787693700234704,3.7888543819998315,3.5999999999999996,7.6512343960219615,8.391883981397134,5.875633848974738,5.926813801712124,54.75,26.40361467168509,15.772699034745349,8.0,12.0,12.0,61.0,110.0,16.083333333333332,232.0,218.0,16.0,108.0,50.0,18.68272477800247,9.431147620289327,2.175327747161074,2.2306376583301173,-1.37
26.0,24.0,4.472222222222222,1.6666666666666665,66.0,3.1258976576862296,2.8944271909999157,2.8,5.423693409364296,6.6600436058363215,4.680199886083999,4.377620463229157,29.5,19.860213191601495,12.47213595499958,10.0,18.0,9.0,48.0,91.0,11.833333333333332,150.0,114.0,22.0,48.0,30.0,14.880758495384406,6.828427124746191,2.0,2.9532231745612925,-4.26
72.0,87.0,2.6944444444444446,2.8333333333333335,180.0,6.449489742783178,6.9080264443913375,6.4,14.878775382679628,15.123724356957945,10.485281374238573,11.339710445351365,130.171875,51.331792462618935,30.386970613475885,6.0,6.0,25.0,219.0,490.0,36.983333333333334,984.0,1101.0,68.0,420.0,166.0,33.6757722345844,17.90589012009783,2.4686944612091954,1.7616255066046675,-4.6
102.0,119.0,8.319444444444445,3.9861111111111107,298.0,8.737330098013686,8.963552537635262,8.104761904761906,18.703471897291877,21.557012095000594,14.77306950856324,15.384622203014484,146.89047685185187,76.06763720091124,49.918778280587055,28.0,60.0,41.0,691.0,2165.0,62.221825396825395,2725.0,2657.0,195.0,975.0,343.0,47.15446043403463,22.489832134381203,2.5272826588926,2.023109938399296,-3.42
78.0,86.0,7.756944444444445,3.444444444444444,218.0,7.3035490182802025,7.311135122972713,6.719047619047621,14.866594912643732,17.348188943177547,12.016584094663447,12.168554764762327,106.4507361111111,58.38895244675372,37.67881338995511,22.0,46.0,30.0,457.0,1348.0,45.96190476190476,1716.0,1594.0,140.0,622.0,234.0,38.0152750562077,18.353490514463786,2.341846598509123,2.4489302654512226,-3.43
76.0,90.0,2.9444444444444446,3.0555555555555554,188.0,6.932652990377572,7.394205344927391,6.866666666666668,15.838367176906171,16.164965809277263,11.232828269945003,12.072407202906604,134.78125,54.30025432642762,32.03067944372927,8.0,8.0,26.0,279.0,680.0,40.785714285714285,1248.0,1392.0,64.0,656.0,216.0,35.85389960896525,19.31370849898476,2.414213562373096,1.6824884302593337,-3.67
154.0,198.0,10.215277777777777,5.437499999999999,460.0,12.170504622625405,12.811600845102527,11.459523809523812,27.566652829030886,30.663159995861683,20.84852900510211,22.486176226230086,245.66694907407413,113.22309358865735,74.76814465083653,34.0,64.0,64.0,1425.0,4757.0,107.40963203463204,6015.0,6302.0,397.0,2759.0,753.0,67.59837942270579,33.006887264415816,2.67061688750655,1.6765695570219428,-3.11
58.0,68.0,6.055555555555555,2.777777777777778,156.0,5.574586062669973,5.551984217544952,5.2,11.346298348059632,12.741324503775802,8.761080115123763,8.995553725371172,91.0625,42.672395193042405,27.021912431484132,12.0,20.0,22.0,182.0,393.0,30.999999999999996,670.0,606.0,62.0,289.0,126.0,28.49205375762858,14.708146448082843,2.377683367865687,2.6344089870615974,0.74
36.0,38.0,3.2222222222222223,1.8333333333333333,88.0,3.787693700234704,3.7888543819998315,3.5999999999999996,7.6512343960219615,8.391883981397134,5.875633848974738,5.926813801712124,54.75,26.40361467168509,15.772699034745349,8.0,12.0,12.0,61.0,110.0,16.083333333333332,232.0,218.0,16.0,108.0,50.0,18.68272477800247,9.431147620289327,2.175327747161074,2.2306376583301173,-0.68
130.0,154.0,9.201388888888888,5.055555555555555,358.0,11.269875513468989,11.732982666827999,10.652380952380955,24.785778501096818,27.430671847816175,18.925891448449395,19.94714132781226,200.01323611111115,95.43857454657919,60.76522092368521,26.0,50.0,50.0,1345.0,4956.0,87.45093795093794,5612.0,5825.0,362.0,1954.0,603.0,60.284119286110716,29.729410508780276,2.4608002728933345,1.608418669934133,-3.5860000000000003
150.0,175.0,10.97222222222222,6.38888888888889,392.0,13.778096000876644,14.221222845008231,13.133333333333338,29.795491715214297,32.339415746769504,22.374448442630634,23.484830800425843,237.203125,109.37416330648674,67.98371836597356,30.0,42.0,55.0,2246.0,9114.0,113.7896436896437,9189.0,9355.0,573.0,3450.0,910.0,71.581636752197,36.16645310232925,2.4764823271179237,1.6818633699406182,-6.005
56.0,62.0,5.444444444444445,2.7222222222222223,144.0,5.609060905280623,5.605350962927558,5.266666666666667,11.383285203590841,12.701285058155639,8.841960344163525,8.974020525940672,84.28125,41.21345136626042,25.42955328423773,12.0,20.0,20.0,206.0,521.0,29.73809523809524,772.0,714.0,52.0,314.0,126.0,28.2471455982946,14.383376869909686,2.2784136094964462,2.2951417478396072,-3.39
106.0,132.0,6.729166666666665,4.152777777777778,294.0,9.074552621105102,9.499876224144616,8.690476190476192,20.250883221482514,21.822718133539503,14.952143019165222,16.0273067935782,174.98762499999998,77.15004460425607,48.996465511050616,22.0,30.0,41.0,602.0,1601.0,66.08095238095238,2542.0,2664.0,232.0,1016.0,376.0,48.500645748834685,24.166217741444058,2.5544603492091973,1.8843216537456713,-2.696
52.0,51.0,5.611111111111111,3.6666666666666665,110.0,6.808060412490448,6.549127729379169,6.633333333333334,12.711235281175108,13.31726233425821,9.3017779551663,9.067854907541149,99.375,37.472933164065466,19.785844453984343,6.0,8.0,14.0,428.0,1604.0,32.354040404040404,1530.0,1361.0,90.0,428.0,156.0,30.644434623389643,16.573852105920558,2.034411234134016,2.97595698426369,-4.1
54.0,58.0,4.833333333333334,2.7777777777777777,132.0,5.698377302757663,5.697102672463695,5.433333333333334,11.5172597998064,12.546584519776387,8.773010658942226,8.864630726199493,85.515625,39.46538726846514,23.429553284237734,10.0,16.0,18.0,212.0,542.0,29.169047619047618,810.0,766.0,74.0,293.0,126.0,28.023533262853995,14.565903310504035,2.2116102388780656,2.195417899477187,-1.6
18.0,16.0,3.0,1.75,34.0,2.914213562373095,2.6547005383792515,2.833333333333333,4.885618083164127,5.121320343559642,3.5355339059327378,3.2760208819388943,40.0,12.95741732923815,6.242640687119285,2.0,2.0,4.0,35.0,70.0,8.7,110.0,85.0,12.0,35.0,20.0,12.194901425440477,6.987918414869869,1.8019377358048385,2.3390923149762908,-0.66
12.0,9.0,3.111111111111111,1.0,30.0,1.7320508075688776,1.5,1.5,2.598076211353316,3.4641016151377553,2.449489742783178,2.121320343559643,10.125,9.486832980505138,6.0,6.0,12.0,4.0,9.0,12.0,4.5,24.0,15.0,6.0,9.0,6.0,7.829154880351855,3.4641016151377544,1.7320508075688772,2.3237900077244498,0.43
56.0,64.0,3.0833333333333335,2.444444444444444,138.0,5.360173345306138,5.591529863463611,5.233333333333334,11.744800786464067,12.2784248953372,8.55423105945987,8.999610502309366,94.765625,40.351934499056355,23.90168923923731,8.0,10.0,19.0,144.0,305.0,27.633333333333333,608.0,638.0,44.0,308.0,118.0,27.26819170318507,14.426920504436183,2.333243827884395,1.9323192636083937,-3.77
12.0,9.0,3.111111111111111,1.0,30.0,1.7320508075688776,1.5,1.5,2.598076211353316,3.4641016151377553,2.449489742783178,2.121320343559643,10.125,9.486832980505138,6.0,6.0,12.0,4.0,9.0,12.0,4.5,24.0,15.0,6.0,9.0,6.0,7.829154880351855,3.4641016151377544,1.7320508075688772,2.3237900077244498,-1.9
98.0,113.0,7.166666666666666,4.666666666666666,246.0,9.651397005390978,9.851581364770423,9.333333333333336,20.415627861865715,21.63692868191472,14.946701660840217,15.592797660696553,168.921875,70.89383459031883,42.50281539872884,16.0,20.0,34.0,814.0,2641.0,65.4488455988456,3276.0,3281.0,260.0,1198.0,408.0,48.46350639689458,25.59883598155129,2.3766039552382496,1.9576602934976854,-4.43
82.0,89.0,9.395833333333332,4.736111111111112,216.0,8.918362620557913,8.625675811613704,8.4,17.030693584209676,19.087125910015537,13.065180168918227,13.051394540664502,132.51099537037038,60.73559203488392,37.324027117496456,22.0,38.0,29.0,738.0,2344.0,57.31309523809524,2610.0,2286.0,242.0,738.0,306.0,43.157639991943974,22.072764716862356,2.314034694416163,4.6541262699779855,-3.37
34.0,36.0,2.611111111111111,2.0,76.0,3.931851652578137,3.9189910556894993,3.8666666666666667,7.8821967329218765,8.122522350258794,5.6568542494923815,5.729567401660267,64.0,24.366430302876523,13.365058181991753,4.0,4.0,10.0,64.0,122.0,15.783333333333333,246.0,234.0,22.0,109.0,50.0,18.47902253715965,10.424292428609817,2.1357792050698574,2.1250162554146717,-2.39
14.0,12.0,2.75,1.5,26.0,2.414213562373095,2.1547005383792515,2.333333333333333,3.885618083164127,4.121320343559642,2.8284271247461903,2.568914100752347,32.0,10.12899020449196,4.82842712474619,2.0,2.0,3.0,20.0,35.0,6.416666666666666,60.0,44.0,8.0,20.0,12.0,9.915316149982342,5.464101615137754,1.7320508075688772,2.19060968716425,0.32
70.0,78.0,6.805555555555555,3.4722222222222223,180.0,7.04091255785876,7.024342018617058,6.633333333333334,14.265481936512717,15.823807408414433,10.963280687723167,11.168054021668201,108.28125,51.43774604540598,31.723543654364008,16.0,24.0,25.0,394.0,1159.0,41.15396825396825,1489.0,1393.0,121.0,538.0,204.0,35.309042755304404,18.267446217811372,2.2957132770188897,2.3295594639015484,-3.924
88.0,108.0,4.666666666666666,3.5,228.0,7.787693700234704,8.23834412478301,7.6,17.651234396021962,18.391883981397132,12.70406097372093,13.654220412024674,155.09375,63.17316729338557,38.40011603271486,8.0,12.0,32.0,378.0,917.0,50.95238095238095,1636.0,1762.0,108.0,854.0,282.0,40.88188883794724,21.679048565128664,2.4988937745976014,1.8307710362044771,-6.57
32.0,31.0,4.361111111111111,2.416666666666667,70.0,4.3080604124904465,4.049127729379167,4.133333333333333,7.7112352811751075,8.31726233425821,5.76624404923356,5.532321001608409,59.375,23.330797540334505,12.714776642118863,6.0,8.0,9.0,110.0,275.0,17.026190476190475,368.0,304.0,36.0,110.0,56.0,19.24628648935833,10.47213595499958,2.000000000000001,2.8766225950797444,-1.87
120.0,139.0,10.451388888888888,4.861111111111111,336.0,10.591242718514906,10.824734376364136,9.81904761904762,22.517829308665693,25.74007292457468,17.770897600078538,18.42353796569798,171.37261111111115,89.03520780555809,57.694153111819745,30.0,58.0,47.0,1264.0,4882.0,80.00782828282829,4993.0,4895.0,297.0,1743.0,517.0,56.4673559995488,27.09491109516847,2.4603799034248346,1.9105754890524207,-4.328
50.0,53.0,4.583333333333334,2.5,124.0,5.181540550352056,5.183281572999748,4.8999999999999995,10.476851594032944,11.587825972095702,8.10634399227556,8.183113921381638,74.125,36.77699488278145,22.24483498974493,12.0,18.0,17.0,166.0,408.0,25.652380952380952,629.0,589.0,53.0,250.0,104.0,25.734574673025893,13.221782261237905,2.2199362207088247,2.1712966618489173,-1.78
82.0,95.0,7.555555555555555,4.527777777777779,204.0,8.688600470052329,8.625675811613705,8.4,17.516036952792316,18.521065582456483,12.675551403019513,13.0513945406645,152.9375,59.195701345667175,34.97275705110279,12.0,14.0,28.0,569.0,1557.0,56.15714285714286,2116.0,1944.0,216.0,744.0,300.0,42.199760495444835,22.709704441717918,2.405569694475271,2.8594908791522773,-3.26
24.0,24.0,1.5,1.5,48.0,3.0,3.0,3.0,6.0,6.0,4.242640687119286,4.242640687119286,48.0,16.970562748477143,8.485281374238571,0.0,0.0,6.0,27.0,42.0,10.0,108.0,108.0,0.0,54.0,24.0,13.696713921428238,8.0,2.0,2.0,-2.59
154.0,198.0,10.215277777777777,5.437499999999999,460.0,12.170504622625405,12.811600845102527,11.459523809523812,27.566652829030886,30.663159995861683,20.84852900510211,22.486176226230086,245.66694907407413,113.22309358865735,74.76814465083653,34.0,64.0,64.0,1425.0,4757.0,107.40963203463204,6015.0,6302.0,397.0,2759.0,753.0,67.59837942270579,33.006887264415816,2.67061688750655,1.6765695570219428,-3.09
24.0,24.0,1.5,1.5,48.0,3.0,3.0,3.0,6.0,6.0,4.242640687119286,4.242640687119286,48.0,16.970562748477143,8.485281374238571,0.0,0.0,6.0,27.0,42.0,10.0,108.0,108.0,0.0,54.0,24.0,13.696713921428238,8.0,2.0,2.0,1.1
46.0,50.0,4.333333333333334,2.2777777777777777,116.0,4.698377302757664,4.697102672463695,4.433333333333334,9.517259799806402,10.546584519776388,7.358797096569131,7.4504171638263985,69.515625,33.80853301897276,20.60112615949154,10.0,16.0,16.0,120.0,262.0,22.599999999999998,452.0,420.0,40.0,192.0,84.0,23.46482436187436,11.936237570137333,2.2360679774997894,2.2599025962240935,-2.92
20.0,19.0,3.611111111111111,1.6666666666666667,46.0,2.808060412490447,2.5491277293791677,2.6333333333333333,4.7112352811751075,5.317262334258209,3.644923705673916,3.4110006580487657,35.375,14.845516166095939,8.47213595499958,6.0,8.0,6.0,31.0,54.0,9.083333333333332,94.0,69.0,16.0,31.0,20.0,12.407305943380177,6.898979485566356,1.9318516525781362,2.7541847860376616,-0.14
46.0,51.0,4.333333333333334,2.305555555555556,116.0,4.715214055163271,4.710923771927642,4.466666666666667,9.557668005579858,10.505343067457073,7.3183569820492504,7.424827187457705,72.90625,33.66849827991025,20.371630891611247,8.0,14.0,16.0,114.0,231.0,22.9,428.0,396.0,48.0,180.0,84.0,23.4753395541234,11.945821561028195,2.2671838628845014,2.3960449098608665,-2.55
78.0,86.0,7.3055555555555545,3.972222222222222,196.0,8.040912557858759,8.024342018617059,7.633333333333335,16.265481936512717,17.82380740841443,12.377494250096262,12.582267584041297,124.28125,57.09460029489836,34.55197077911019,16.0,24.0,27.0,586.0,1971.0,48.63455988455989,2231.0,2107.0,161.0,758.0,266.0,39.868441098621844,20.77904429039621,2.2974680205423277,2.2788672889584114,-4.77
92.0,109.0,7.729166666666666,3.5277777777777777,264.0,7.8035490182802025,8.035879994364302,7.219047619047622,16.866594912643734,19.348188943177547,13.3094773134769,13.91093772635896,132.62261111111113,68.28844738336537,44.749881201820585,22.0,46.0,37.0,499.0,1421.0,53.06547619047619,1982.0,1948.0,160.0,600.0,260.0,42.45175354487931,20.118880296325557,2.4701643181685937,2.0112517547901563,-1.877
40.0,43.0,3.4722222222222223,2.1111111111111107,96.0,4.304530452640311,4.302675481463779,4.133333333333333,8.691642601795419,9.350642529077819,6.542300515641405,6.60833060652998,66.140625,29.09200705736879,16.95741732923815,6.0,10.0,13.0,88.0,176.0,19.15,335.0,315.0,35.0,142.0,66.0,20.971923394025087,11.18995723015805,2.1939932777126576,2.2283621149350434,-1.8
30.0,31.0,2.361111111111111,1.6666666666666665,68.0,3.393846850117352,3.3944271909999157,3.3,6.825617198010981,7.195941990698567,5.059137268047012,5.084727244415705,51.375,21.68708871008112,12.128990204491961,4.0,6.0,9.0,42.0,71.0,12.916666666666666,163.0,157.0,11.0,78.0,36.0,16.18960238097852,8.720566232730448,2.1010029896154583,2.1229179499593664,-3.01
132.0,159.0,9.8125,5.027777777777778,370.0,11.197395868397553,11.655052056755808,10.519047619047619,24.69221211065471,27.54413093387611,18.954401019150808,20.030941151184745,202.16948611111115,97.04660390531195,62.535725655804924,26.0,52.0,52.0,1228.0,4104.0,90.80436507936508,5062.0,5186.0,350.0,2215.0,630.0,60.42888507925883,29.352381773694145,2.518012429567786,1.7895035263858903,-3.78
76.0,82.0,6.694444444444445,4.027777777777778,184.0,8.1302289553358,8.116093728153196,7.800000000000001,16.39945653272828,17.669106870035183,12.308544564874966,12.47287778430012,125.515625,55.346536197103084,32.55197077911019,14.0,20.0,25.0,606.0,2095.0,47.76865079365079,2321.0,2207.0,163.0,750.0,266.0,39.645068845213316,21.049470953297035,2.2680417624758564,2.186277179338648,-0.985
94.0,107.0,8.305555555555554,5.277777777777779,228.0,10.188600470052329,10.125675811613707,9.9,20.516036952792316,21.521065582456483,14.796871746579157,15.172714884224142,176.9375,67.68098271990574,39.215397738222066,12.0,14.0,31.0,936.0,3089.0,68.63412698412698,3521.0,3283.0,299.0,1150.0,414.0,49.038519529882635,26.395560842427255,2.406851415313728,2.751410960632544,-4.19
42.0,47.0,4.083333333333334,2.055555555555556,108.0,4.215214055163271,4.210923771927642,3.966666666666667,8.557668005579858,9.505343067457071,6.6112502008627025,6.717720406271157,64.90625,30.84007115516406,18.95741732923815,8.0,14.0,15.0,82.0,151.0,19.666666666666668,307.0,283.0,31.0,140.0,66.0,21.19575112540568,10.891330678669732,2.2638209778523963,2.413324848196347,-1.3
24.0,23.0,3.861111111111111,1.9166666666666667,54.0,3.308060412490447,3.049127729379167,3.133333333333333,5.7112352811751075,6.317262334258209,4.352030486860464,4.118107439235313,43.375,17.67394329084213,9.886349517372675,6.0,8.0,7.0,50.0,99.0,11.616666666666667,158.0,122.0,22.0,50.0,30.0,14.687112840672746,7.878462024097665,1.969615506024416,2.8318199660707846,-1.92
60.0,66.0,5.694444444444445,3.027777777777778,152.0,6.1302289553358005,6.116093728153195,5.8,12.399456532728278,13.669106870035183,9.480117440128774,9.644450659553925,93.515625,44.032827698118325,26.895116529617816,14.0,20.0,21.0,262.0,700.0,33.24642857142857,987.0,919.0,83.0,378.0,150.0,30.52695864014727,15.832854600748718,2.283288259283193,2.2874568799462196,-3.0
102.0,121.0,6.027777777777777,4.111111111111111,264.0,9.147867045540842,9.605129116855034,8.833333333333334,20.396035182486024,21.670308876734328,15.015651346061516,15.96170048443157,167.6875,73.82661698260694,45.33124252347503,16.0,22.0,37.0,670.0,2025.0,63.363095238095234,2853.0,3025.0,195.0,1292.0,400.0,47.91238598519506,24.37909692205593,2.456899812555786,1.676713941867793,-2.404
36.0,35.0,4.611111111111111,2.666666666666667,78.0,4.8080604124904465,4.549127729379167,4.633333333333333,8.711235281175107,9.317262334258208,6.473350830420108,6.239427782794957,67.375,26.159224665080696,14.12899020449196,6.0,8.0,10.0,150.0,405.0,19.994047619047617,510.0,429.0,46.0,150.0,72.0,21.52609341387292,11.42991482812312,2.023683271963257,2.968015041036938,-2.35
92.0,110.0,7.729166666666667,3.6111111111111116,264.0,7.841553820740987,8.060443859053887,7.285714285714287,16.92317444755463,19.274769302737774,13.200087513735722,13.848671102416976,137.24761111111115,68.13936185141458,44.57173561694728,22.0,44.0,37.0,507.0,1494.0,53.01547619047619,1996.0,1938.0,144.0,691.0,268.0,42.465803682997134,20.518359813485795,2.5186316039253436,2.0121307465624216,-1.84
108.0,121.0,8.277777777777777,4.888888888888888,274.0,10.452397498181154,10.683059726927224,9.966666666666669,22.087677784281446,24.02095140581215,16.729524736956726,17.29211422343218,167.65625,78.87699347963311,48.14652422898223,22.0,32.0,38.0,1261.0,5329.0,71.03119103119104,5138.0,5223.0,284.0,1719.0,494.0,53.20578196864101,26.933890987463396,2.297327010308602,1.6236315256212974,-5.47
74.0,80.0,7.055555555555555,3.6666666666666665,188.0,7.507239053047546,7.496699819689164,7.066666666666668,15.184665524965805,16.906290313053066,11.751267697949478,11.926340755592133,109.5,54.54624264827718,33.59674775249769,20.0,28.0,26.0,458.0,1331.0,45.37619047619047,1714.0,1586.0,138.0,639.0,234.0,37.56966326398907,18.546937458959935,2.315484564013726,2.469229631527103,-2.478
26.0,24.0,3.5,2.25,50.0,3.914213562373095,3.6547005383792515,3.833333333333333,6.885618083164127,7.121320343559642,4.949747468305834,4.69023444431199,56.0,18.61427157873053,9.071067811865476,2.0,2.0,6.0,84.0,210.0,13.742857142857144,280.0,231.0,24.0,84.0,42.0,16.754072029940975,9.517540966287266,1.8793852415718166,2.53006045688352,-4.44
36.0,38.0,3.2222222222222223,1.8333333333333333,88.0,3.787693700234704,3.7888543819998315,3.6,7.6512343960219615,8.391883981397134,5.875633848974738,5.926813801712124,54.75,26.403614671685094,15.77269903474535,8.0,12.0,12.0,62.0,115.0,16.03333333333333,236.0,222.0,12.0,110.0,50.0,18.68250312825291,9.92477721636806,2.170086486626033,2.1923771580194713,-1.21
26.0,27.0,2.111111111111111,1.4166666666666665,60.0,2.893846850117352,2.8944271909999157,2.8,5.825617198010981,6.195941990698567,4.352030486860464,4.377620463229157,43.375,18.85866158533493,10.714776642118865,4.0,6.0,8.0,26.0,39.0,10.166666666666666,100.0,95.0,8.0,33.0,19.0,13.991826457480949,7.465883060453303,2.114907541476756,2.184105569636068,-0.36
48.0,51.0,3.9722222222222223,2.6666666666666665,112.0,5.32569850269549,5.313418246689416,5.166666666666667,10.707813930932858,11.318464340957362,7.8875643927932035,7.985867521329781,83.375,34.73981051397287,19.83719413699133,8.0,10.0,15.0,168.0,413.0,25.376190476190473,643.0,609.0,59.0,240.0,104.0,25.530866287621325,13.79648638143313,2.1866992140052552,2.1324849608098977,-1.803
24.0,23.0,3.861111111111111,1.9166666666666667,54.0,3.308060412490447,3.049127729379167,3.133333333333333,5.7112352811751075,6.317262334258209,4.352030486860464,4.118107439235313,43.375,17.67394329084213,9.886349517372675,6.0,8.0,7.0,50.0,99.0,11.616666666666667,158.0,122.0,22.0,50.0,30.0,14.687112840672746,7.878462024097665,1.969615506024416,2.8318199660707846,-0.8
82.0,99.0,3.805555555555556,3.2777777777777772,208.0,7.360173345306138,7.8162747348552015,7.233333333333335,16.74480078646407,17.278424895337196,11.968444621832967,12.863313807465637,144.9375,58.73671080990659,35.215397738222066,8.0,10.0,29.0,326.0,791.0,45.769047619047626,1433.0,1569.0,93.0,750.0,248.0,38.367887853341536,20.264830988413916,2.459954113745019,1.7601959850462248,-4.73
82.0,97.0,3.805555555555556,3.222222222222222,208.0,7.3264998404949235,7.788632535927307,7.166666666666668,16.663984374917153,17.360907799975827,12.049324850872729,12.914493760203023,138.15625,59.0167802880316,35.67438827398266,12.0,14.0,29.0,342.0,883.0,45.096428571428575,1505.0,1649.0,85.0,782.0,248.0,38.34703781351274,20.08339725047316,2.4271889926886323,1.6731075582315567,-6.96
42.0,47.0,4.083333333333334,2.055555555555556,108.0,4.215214055163271,4.210923771927642,3.966666666666667,8.557668005579858,9.505343067457071,6.6112502008627025,6.717720406271157,64.90625,30.84007115516406,18.95741732923815,8.0,14.0,15.0,82.0,151.0,19.666666666666668,307.0,283.0,31.0,140.0,66.0,21.19575112540568,10.891330678669732,2.2638209778523963,2.413324848196347,-3.2
70.0,78.0,6.805555555555555,3.4722222222222228,180.0,7.04091255785876,7.024342018617058,6.633333333333333,14.265481936512717,15.823807408414435,10.963280687723168,11.168054021668201,108.28125,51.43774604540599,31.723543654364008,16.0,24.0,25.0,392.0,1157.0,41.32103174603175,1471.0,1365.0,107.0,558.0,204.0,35.30974177486386,17.748230705208414,2.326846269604654,2.3682261435566367,-2.36
36.0,34.0,4.611111111111111,2.5833333333333335,78.0,4.7700556100296625,4.524563864689584,4.566666666666666,8.654655746264211,9.390681974697983,6.582740630161286,6.301694406736943,62.75,26.308310197031485,14.307135789365265,6.0,10.0,10.0,158.0,453.0,19.67857142857143,542.0,461.0,42.0,158.0,72.0,21.516267721024597,11.342563639235419,1.9696155060244156,2.7731888559274704,-2.74
100.0,114.0,7.256944444444444,4.430555555555555,264.0,9.50483718255332,9.733204512900524,9.085714285714285,20.163582653328085,21.983527850418454,15.243369463737235,15.787888494067555,160.09599074074072,73.18335727609968,44.91873157160843,18.0,36.0,36.0,845.0,2876.0,64.86670274170274,3452.0,3517.0,262.0,1151.0,408.0,48.67637247907988,25.288662318578215,2.371855842676138,1.8573667133700622,-3.35
24.0,23.0,3.861111111111111,1.9166666666666667,54.0,3.308060412490447,3.049127729379167,3.133333333333333,5.7112352811751075,6.317262334258209,4.352030486860464,4.118107439235313,43.375,17.67394329084213,9.886349517372675,6.0,8.0,7.0,50.0,99.0,11.616666666666667,158.0,122.0,22.0,50.0,30.0,14.687112840672746,7.878462024097665,1.969615506024416,2.8318199660707846,-0.83
52.0,59.0,5.194444444444445,2.555555555555556,136.0,5.147065707741408,5.129914827617142,4.833333333333333,10.439864738501734,11.627865417715865,8.025463763235798,8.204647120812137,80.90625,38.23593870956344,23.83719413699133,12.0,18.0,19.0,148.0,317.0,26.716666666666665,549.0,501.0,49.0,238.0,104.0,25.978546548194547,13.318638764755503,2.3203298714064604,2.4744011743538374,-3.33
70.0,80.0,4.444444444444445,3.1388888888888893,174.0,6.770856947829096,6.999778153927474,6.566666666666667,14.610826190248506,15.43312543371645,10.744501088240812,11.230320645610188,117.53125,50.585279971090216,30.144329926356598,10.0,14.0,24.0,303.0,800.0,38.813095238095244,1252.0,1287.0,102.0,532.0,198.0,34.329402515964674,18.34887482794986,2.3353724750119027,1.8502445956565654,-6.39
108.0,125.0,5.916666666666666,4.666666666666666,268.0,10.237183443017882,10.69688082639117,10.0,22.530009778701586,23.515608338355076,16.36091522321331,17.266524247063483,184.921875,77.735407134304,46.15966964822121,14.0,18.0,37.0,1043.0,4018.0,68.73791486291486,4493.0,4828.0,243.0,1414.0,450.0,52.33349484239586,27.927397164039828,2.3855414594537057,1.3970879936612741,-4.873
56.0,65.0,3.0833333333333335,2.4722222222222223,138.0,5.377010097711745,5.605350962927558,5.2666666666666675,11.785208992237523,12.237183443017882,8.51379094493999,8.97402052594067,98.15625,40.211899759993855,23.672193971357018,6.0,8.0,19.0,140.0,285.0,27.849999999999998,590.0,618.0,48.0,300.0,118.0,27.278488539440637,14.495357090321049,2.3513651263243576,1.9931760493394233,-2.54
78.0,88.0,4.944444444444445,3.6388888888888884,190.0,7.770856947829097,7.999778153927475,7.566666666666668,16.61082619024851,17.43312543371645,12.158714650613907,12.64453420798328,133.53125,56.2421342205826,32.97275705110279,10.0,14.0,26.0,459.0,1367.0,46.381349206349206,1898.0,1957.0,152.0,702.0,260.0,38.8883297153559,20.519744761017385,2.313044089351673,1.7840692684929937,-3.14
84.0,97.0,6.256944444444445,3.444444444444444,232.0,7.503349863289462,7.730126178662213,7.085714285714287,16.150715434212294,18.006609678298588,12.395521476626461,12.948374698116762,128.3257361111111,61.954841270140335,39.38701732245448,20.0,38.0,32.0,442.0,1292.0,47.65714285714286,1767.0,1746.0,117.0,645.0,237.0,39.63760742612684,19.462813186006215,2.4477134860712555,1.9108046646489805,-3.81
60.0,72.0,6.666666666666666,2.666666666666667,168.0,5.464101615137755,5.449489742783179,5.0,11.196152422706632,12.92820323027551,8.898979485566358,9.141620172685643,88.59375,44.42951008372598,28.970562748477143,12.0,24.0,24.0,174.0,357.0,31.6,636.0,570.0,60.0,282.0,126.0,28.71591913622389,14.601126159491542,2.414213562373096,2.7602520756252087,-4.28
6.0,4.0,2.25,1.0,10.0,1.414213562373095,1.1547005383792517,1.3333333333333333,1.885618083164127,2.1213203435596424,1.4142135623730951,1.1547005383792517,16.0,4.47213595499958,2.0,2.0,2.0,1.0,4.0,5.0,2.5,10.0,6.0,2.0,4.0,2.0,5.356367113217143,2.8284271247461907,1.4142135623730954,1.6329931618554523,-0.89
70.0,86.0,7.256944444444444,3.3055555555555562,202.0,6.491234937102164,6.438049837253074,6.038095238095237,13.174416212914126,14.923410235119299,10.13295479289933,10.488615834776347,111.92925,51.761902430838795,33.6646480757567,18.0,30.0,28.0,264.0,586.0,40.233333333333334,964.0,864.0,112.0,402.0,176.0,33.540150067284536,16.693896599977002,2.484371529779764,2.925134809555381,-2.23
154.0,191.0,9.763888888888888,5.666666666666667,438.0,12.753691300962933,13.419662490355721,12.109523809523813,28.706651943877738,31.487781643000602,21.600841308922696,23.122220985129417,243.70861574074075,112.76516424163668,72.66378938329466,32.0,56.0,61.0,1772.0,6917.0,108.19703907203908,7492.0,7861.0,418.0,3205.0,810.0,69.37377313714674,34.46354636770609,2.6199858358924812,1.5021454506440923,-4.63
48.0,50.0,3.9722222222222223,2.5833333333333335,112.0,5.287693700234704,5.2888543819998315,5.1,10.651234396021962,11.391883981397134,7.996954192534382,8.048134145271767,78.75,34.888896045923666,20.01533972186464,8.0,12.0,15.0,174.0,446.0,25.10238095238095,669.0,637.0,57.0,246.0,104.0,25.521034395943794,13.674401080589623,2.166454523461749,2.046920975581053,-0.95
66.0,73.0,6.555555555555555,3.138888888888889,172.0,6.502907755397975,6.499778153927474,6.066666666666666,13.208902401601822,14.897227048854207,10.365563706277797,10.523213864423639,95.65625,48.758404452610584,30.487475676864218,16.0,26.0,24.0,321.0,893.0,37.30714285714286,1210.0,1128.0,102.0,451.0,176.0,33.019625615561516,16.601661418666875,2.292088911711497,2.326129916731623,-3.483
70.0,78.0,6.805555555555555,3.4722222222222223,180.0,7.04091255785876,7.024342018617058,6.633333333333334,14.265481936512717,15.823807408414433,10.963280687723167,11.168054021668201,108.28125,51.43774604540598,31.723543654364008,16.0,24.0,25.0,394.0,1159.0,41.15396825396825,1489.0,1393.0,121.0,538.0,204.0,35.309042755304404,18.267446217811372,2.2957132770188897,2.3295594639015484,-3.592
34.0,35.0,2.611111111111111,1.9166666666666665,76.0,3.893846850117352,3.8944271909999157,3.8,7.825617198010981,8.195941990698568,5.76624404923356,5.7918340256022525,59.375,24.515515834827312,13.543203766865057,4.0,6.0,10.0,61.0,109.0,16.0,238.0,231.0,12.0,88.0,41.0,18.452736593913293,9.994354836679666,2.091183560577681,2.1659635854873978,-0.88
102.0,115.0,10.229166666666664,4.666666666666666,282.0,9.662921025786908,9.652195568590024,8.952380952380953,19.6552252551235,22.58417037949628,15.580627571297601,15.86060164623544,148.6069861111111,75.87813073412445,48.57173561694727,26.0,52.0,39.0,1002.0,3662.0,68.16132756132757,3789.0,3555.0,263.0,1296.0,414.0,49.869331624287724,24.809959147634043,2.3654947855266615,2.5260700310812196,-2.154
78.0,94.0,7.756944444444444,3.7916666666666665,218.0,7.4844348858286285,7.432910225370588,7.023809523809525,15.160738181282667,16.934975212900294,11.566439027493542,11.915177135632684,126.972,57.44956605273881,36.57348493643239,20.0,30.0,30.0,398.0,1005.0,48.42738095238095,1468.0,1334.0,164.0,556.0,234.0,38.10023841393373,18.584289988016202,2.4928537348544024,2.902557340144697,-3.36
64.0,70.0,6.395833333333334,2.75,182.0,5.892865415757243,5.902886832508849,5.385714285714286,12.000569508859293,14.193488404798295,9.826314065882507,9.937844621461508,83.6851111111111,48.155606974719866,31.436172702835822,20.0,42.0,25.0,257.0,677.0,33.707142857142856,956.0,876.0,80.0,294.0,138.0,31.03864837955905,14.562938903985515,2.359003637173374,2.363798679421267,-2.36
46.0,50.0,4.333333333333334,2.2777777777777777,116.0,4.698377302757664,4.697102672463695,4.433333333333334,9.517259799806402,10.546584519776388,7.358797096569131,7.4504171638263985,69.515625,33.80853301897276,20.60112615949154,10.0,16.0,16.0,120.0,262.0,22.599999999999998,452.0,420.0,40.0,192.0,84.0,23.46482436187436,11.936237570137333,2.2360679774997894,2.2599025962240935,-0.74
120.0,166.0,7.604166666666666,3.4861111111111116,384.0,8.27572757194729,8.929666599078574,7.676190476190477,19.810207670465115,22.433335865724516,15.106029118455814,16.696747847685355,195.0159074074074,88.35188129687143,60.57968044745153,24.0,52.0,54.0,448.0,998.0,66.36666666666667,1944.0,2081.0,182.0,755.0,330.0,49.517637553171596,23.28463921033144,2.8236538318524005,1.9541132662721912,-6.307
20.0,20.0,1.25,1.25,40.0,2.5,2.5,2.5,5.0,5.0,3.5355339059327378,3.5355339059327378,40.0,14.142135623730951,7.0710678118654755,0.0,0.0,5.0,15.0,20.0,7.5,60.0,60.0,0.0,20.0,10.0,11.496186321883666,6.47213595499958,1.9999999999999987,2.083333333333333,0.49
46.0,51.0,4.333333333333334,2.305555555555556,116.0,4.715214055163271,4.710923771927642,4.466666666666667,9.557668005579858,10.505343067457073,7.3183569820492504,7.424827187457705,72.90625,33.66849827991025,20.371630891611247,8.0,14.0,16.0,114.0,231.0,22.9,428.0,396.0,48.0,180.0,84.0,23.4753395541234,11.945821561028195,2.2671838628845014,2.3960449098608665,-1.96
82.0,97.0,6.166666666666666,3.555555555555556,214.0,7.609060905280622,7.830095834319148,7.266666666666667,16.38328520359084,17.70128505815564,12.25617390653662,12.837723831096945,134.453125,59.59822767711065,36.74326178322249,12.0,20.0,30.0,408.0,1064.0,48.63809523809524,1648.0,1653.0,152.0,692.0,260.0,39.34655709038899,20.373910307145437,2.4096723504464213,2.0421399704304384,-7.28
118.0,141.0,7.027777777777777,5.277777777777779,296.0,11.236382105218448,11.671156279936458,11.0,24.5738393347173,25.47316487933661,17.61336832750688,18.65109105612969,214.484375,84.57113573245337,50.1214653844532,10.0,14.0,41.0,1109.0,3588.0,83.37063492063493,4604.0,4752.0,358.0,1571.0,558.0,57.165311814937546,30.28876333214616,2.5298338352670577,1.7787054568764675,-3.81
62.0,71.0,6.305555555555555,2.9444444444444446,164.0,6.03658126020919,6.027420352855368,5.633333333333333,12.289718813148738,13.814744144215576,9.577576696051489,9.764927130499705,94.4375,45.64990784973939,28.61427157873053,12.0,22.0,23.0,234.0,545.0,34.6,867.0,791.0,87.0,348.0,150.0,30.76132990594997,15.169973566907398,2.3582944711822647,2.599903826622149,-3.0
136.0,172.0,8.152777777777779,4.75,394.0,10.859844450845582,11.525235299355806,10.309523809523812,24.88103474586676,27.29183965230204,18.66302438443533,20.158814084273363,216.33361574074075,99.56335690579414,64.77743986592196,28.0,50.0,55.0,1052.0,3379.0,88.55761183261183,4524.0,4833.0,288.0,2117.0,594.0,60.04233400985767,29.528118959638004,2.618252200712491,1.603046386308794,-4.42
78.0,89.0,7.305555555555555,4.222222222222221,196.0,8.154926965241113,8.09803361268581,7.833333333333335,16.435220541245407,17.603548487095118,12.049324850872727,12.395467712215336,138.15625,56.64734369904599,34.017534024490274,16.0,18.0,27.0,516.0,1477.0,50.642857142857146,1923.0,1771.0,163.0,712.0,266.0,39.89887324975481,20.57939619779345,2.3582944711822633,2.6340622608131254,-4.4110000000000005
96.0,115.0,7.979166666666664,3.8472222222222223,272.0,8.343041140004846,8.563522193292195,7.785714285714286,17.936041666670416,20.251687474857647,13.926615157286852,14.566864554808125,145.01786574074075,70.88259648313539,45.860809178981974,20.0,42.0,38.0,567.0,1606.0,58.2452380952381,2256.0,2218.0,184.0,746.0,302.0,44.67038616355862,22.108715487148864,2.503709904775032,2.088898106087496,-5.4
42.0,46.0,4.083333333333334,2.0277777777777777,108.0,4.198377302757663,4.197102672463695,3.933333333333333,8.5172597998064,9.546584519776385,6.6516903153825835,6.743310382639851,61.515625,30.98010589422657,19.186912597118447,10.0,16.0,15.0,84.0,160.0,19.53333333333333,315.0,291.0,27.0,144.0,66.0,21.185691438717143,10.792280186226478,2.2458267799378637,2.34622717382778,-4.5
106.0,125.0,6.277777777777777,4.361111111111111,272.0,9.647867045540842,10.105129116855034,9.333333333333334,21.396035182486024,22.670308876734325,15.722758127248062,16.668807265618117,175.6875,76.65504410735313,46.74545608584812,16.0,22.0,38.0,727.0,2076.0,69.34880952380954,3072.0,3231.0,240.0,1227.0,417.0,50.173647553559704,26.251454698801837,2.446071129328873,1.789430824004306,-3.952
82.0,98.0,8.006944444444445,4.041666666666666,226.0,7.984434885828627,7.932910225370587,7.523809523809525,16.16073818128266,17.934975212900298,12.27354580868009,12.622283916819232,134.97199999999998,60.277993177485,37.98769849880547,20.0,30.0,31.0,472.0,1233.0,52.82976190476191,1743.0,1587.0,191.0,644.0,266.0,40.380288746930496,20.017385491626825,2.49790573743033,2.9405465411162,-2.356
52.0,58.0,5.194444444444445,2.4722222222222228,136.0,5.109060905280623,5.105350962927558,4.766666666666667,10.383285203590841,11.701285058155639,8.134853562976977,8.266913744754124,76.28125,38.38502424151423,24.015339721864635,12.0,20.0,19.0,152.0,337.0,26.5,567.0,521.0,51.0,240.0,104.0,25.968018983739192,13.152542465958094,2.2924555152471324,2.3956341215135133,-2.08
32.0,34.0,2.9722222222222223,1.5833333333333333,80.0,3.287693700234704,3.2888543819998315,3.1,6.6512343960219615,7.391883981397134,5.16852706778819,5.2197070205255764,46.75,23.575187546938903,14.358485472372255,8.0,12.0,11.0,41.0,68.0,13.083333333333334,154.0,142.0,12.0,51.0,30.0,16.487753451959783,8.318417564403727,2.198691243515997,2.257153237303141,-1.77
120.0,145.0,8.61111111111111,4.694444444444444,324.0,10.379917853109722,10.829873988246623,9.833333333333336,22.994111393839344,25.134410491872085,17.343820745285047,18.411190227214746,187.984375,87.55609065023138,55.573883210594325,22.0,34.0,46.0,973.0,3107.0,79.7031746031746,4048.0,4188.0,288.0,1820.0,532.0,55.422935248389756,27.263277024172318,2.5041237237066896,1.7602062677297967,-3.083
164.0,259.0,11.67361111111111,3.75,614.0,9.154700538379252,9.970705588137323,8.071428571428573,22.845512041006018,27.675426480542942,18.116214295857453,20.535686828471675,282.28225925925926,122.27558491025354,90.12279079635941,34.0,96.0,85.0,604.0,1303.0,89.68333333333334,2575.0,2685.0,249.0,1248.0,496.0,62.43391836542611,26.344944639171274,3.18764905579704,2.0590489343338434,-5.2589999999999995
66.0,72.0,7.944444444444444,4.138888888888889,162.0,7.599284072575287,7.309179230685979,7.233333333333334,14.382062356576759,15.675766120835734,10.744501088240812,10.711294597622498,117.53125,48.21584338210461,28.487475676864214,14.0,18.0,22.0,502.0,1611.0,43.05873015873016,1768.0,1543.0,148.0,502.0,210.0,35.88194357286601,18.87784094917178,2.2105086495394857,3.934472326013647,-4.86
24.0,24.0,1.5,1.5,48.0,3.0,3.0,3.0,6.0,6.0,4.242640687119286,4.242640687119286,48.0,16.970562748477143,8.485281374238571,0.0,0.0,6.0,27.0,42.0,10.0,108.0,108.0,0.0,54.0,24.0,13.696713921428238,8.0,2.0,2.0,-3.1
114.0,150.0,11.013888888888888,4.229166666666668,354.0,9.02350269189626,9.209328216413276,8.192857142857143,19.487176504718658,22.7790561913614,15.45838478815809,16.35166949624021,174.3434537037037,84.65713090479048,57.635408537452385,26.0,54.0,50.0,650.0,1659.0,73.00476190476192,2508.0,2387.0,260.0,770.0,368.0,50.545266453290736,24.663402498985295,2.6764104119553584,2.532161943207593,-7.278
60.0,65.0,5.694444444444445,2.9444444444444446,152.0,6.092224152875016,6.091529863463611,5.733333333333334,12.342876997817385,13.742526510474955,9.589507239869953,9.706717283495914,88.890625,44.181913230069114,27.07326211449112,14.0,22.0,21.0,266.0,723.0,33.061904761904756,1005.0,939.0,85.0,378.0,150.0,30.51735454121168,15.222348442894772,2.2809939623775137,2.2539019759584487,-2.86
118.0,148.0,6.090277777777777,4.152777777777778,328.0,9.593172145670252,10.26930635333735,9.238095238095239,22.272509560391953,23.82637372613893,16.35617461765403,17.76139879362978,194.33087037037035,85.65402962759181,54.4685547570716,20.0,32.0,46.0,724.0,2154.0,71.70039682539682,3197.0,3512.0,197.0,1536.0,453.0,52.510087141661465,26.500693861621603,2.5767042469412296,1.5650034351283706,-5.24
30.0,28.0,3.75,2.5,58.0,4.414213562373095,4.1547005383792515,4.333333333333333,7.885618083164127,8.121320343559642,5.6568542494923815,5.397341225498538,64.0,21.442698703476722,10.485281374238571,2.0,2.0,7.0,120.0,330.0,16.460714285714285,408.0,344.0,32.0,120.0,56.0,19.03365733227704,10.627503029350086,1.9021130325903075,2.595082706793886,-2.39
14.0,12.0,2.75,1.5,26.0,2.414213562373095,2.1547005383792515,2.333333333333333,3.885618083164127,4.121320343559642,2.8284271247461903,2.568914100752347,32.0,10.12899020449196,4.82842712474619,2.0,2.0,3.0,20.0,35.0,6.416666666666666,60.0,44.0,8.0,20.0,12.0,9.915316149982342,5.464101615137754,1.7320508075688772,2.19060968716425,-1.34
10.0,8.0,2.5,1.25,18.0,1.914213562373095,1.6547005383792515,1.833333333333333,2.885618083164127,3.121320343559642,2.121320343559643,1.8618073195657994,24.0,7.3005630797457695,3.414213562373095,2.0,2.0,2.0,10.0,15.0,4.333333333333333,28.0,19.0,4.0,10.0,6.0,7.635733837560585,4.47213595499958,1.6180339887498951,1.9747448713915894,-1.06
24.0,22.0,4.3125,1.375,76.0,2.560660171779821,2.3272393461533625,2.1999999999999997,4.285618083164127,5.871320343559642,4.012289773726411,3.717636857841802,23.11111111111111,19.077520809352354,13.16227766016838,12.0,32.0,10.0,28.0,44.0,9.5,82.0,57.0,18.0,28.0,20.0,12.823409519949186,5.818625822352818,2.0743132930519423,3.168489872670569,-2.51
10.0,8.0,2.5,1.25,18.0,1.914213562373095,1.6547005383792515,1.833333333333333,2.885618083164127,3.121320343559642,2.121320343559643,1.8618073195657994,24.0,7.3005630797457695,3.414213562373095,2.0,2.0,2.0,10.0,15.0,4.333333333333333,28.0,19.0,4.0,10.0,6.0,7.635733837560585,4.47213595499958,1.6180339887498951,1.9747448713915894,-1.32
46.0,50.0,4.333333333333334,2.2777777777777777,116.0,4.698377302757664,4.697102672463695,4.433333333333334,9.517259799806402,10.546584519776388,7.358797096569131,7.4504171638263985,69.515625,33.80853301897276,20.60112615949154,10.0,16.0,16.0,120.0,262.0,22.599999999999998,452.0,420.0,40.0,192.0,84.0,23.46482436187436,11.936237570137333,2.2360679774997894,2.2599025962240935,-2.37
118.0,142.0,10.361111111111109,5.2222222222222205,318.0,10.810968167888424,10.99839562608982,10.200000000000001,22.920137682776925,25.214489383112415,17.30338063076517,18.126087226852214,191.375,86.23133761667606,54.51596081796784,22.0,34.0,45.0,1134.0,3781.0,82.64047619047619,4472.0,4380.0,340.0,1744.0,540.0,56.208207476470825,28.76102015348335,2.4507763975798467,2.114861902481824,-0.244
106.0,130.0,6.277777777777777,4.611111111111112,272.0,9.774386907679233,10.195720144626042,9.566666666666668,21.630418869628194,22.399745238896838,15.382658184206061,16.467504088628072,195.109375,75.93676882626401,45.700679112460634,10.0,12.0,38.0,675.0,1772.0,71.43095238095239,2826.0,2940.0,206.0,1194.0,409.0,50.22549221475396,26.478615982003674,2.5048327223009412,1.9372258656850563,-2.86
30.0,31.0,2.361111111111111,1.6666666666666665,68.0,3.393846850117352,3.3944271909999157,3.3,6.825617198010981,7.195941990698567,5.059137268047012,5.084727244415705,51.375,21.68708871008112,12.128990204491961,4.0,6.0,9.0,42.0,71.0,12.916666666666666,163.0,157.0,11.0,78.0,36.0,16.18960238097852,8.720566232730448,2.1010029896154583,2.1229179499593664,-2.38
30.0,28.0,3.75,2.5,58.0,4.414213562373095,4.1547005383792515,4.333333333333333,7.885618083164127,8.121320343559642,5.6568542494923815,5.397341225498538,64.0,21.442698703476722,10.485281374238571,2.0,2.0,7.0,120.0,330.0,16.460714285714285,408.0,344.0,32.0,120.0,56.0,19.03365733227704,10.627503029350086,1.9021130325903075,2.595082706793886,-5.05
36.0,38.0,3.2222222222222223,1.8333333333333333,88.0,3.787693700234704,3.7888543819998315,3.6,7.6512343960219615,8.391883981397134,5.875633848974738,5.926813801712124,54.75,26.403614671685094,15.77269903474535,8.0,12.0,12.0,62.0,115.0,16.03333333333333,236.0,222.0,12.0,110.0,50.0,18.68250312825291,9.92477721636806,2.170086486626033,2.1923771580194713,-4.56
28.0,28.0,4.5625,1.75,84.0,3.1213203435596424,2.8656243103068935,2.8,5.371236166328254,6.742640687119284,4.5604779323150675,4.336887038717671,36.74074074074074,21.662619116234062,14.32455532033676,12.0,28.0,11.0,44.0,76.0,12.25,134.0,98.0,26.0,44.0,30.0,15.122655423942513,7.595865303863629,2.1357792050698583,3.3604351426960575,-0.36
46.0,48.0,3.361111111111111,2.75,100.0,5.431851652578137,5.418991055689499,5.366666666666666,10.882196732921877,11.122522350258794,7.778174593052025,7.85088774521991,88.0,32.85171167711509,17.607698869111037,4.0,4.0,13.0,182.0,492.0,24.670238095238094,703.0,673.0,55.0,254.0,104.0,25.318006237256355,13.983360016864593,2.1566393785093454,1.9583131497706439,-4.64
52.0,57.0,5.194444444444445,2.4444444444444446,136.0,5.092224152875016,5.091529863463611,4.733333333333333,10.342876997817383,11.742526510474955,8.175293677496857,8.292503721122817,72.890625,38.52505898057673,24.24483498974493,14.0,22.0,19.0,157.0,359.0,26.15,584.0,534.0,58.0,179.0,94.0,26.04615769022707,12.508549375509517,2.3191235538416626,2.3420176614273256,-1.6
132.0,153.0,8.388888888888886,5.861111111111111,332.0,12.57971869811898,13.024120172544535,12.200000000000003,27.2782319154079,28.792831226993115,19.965398814367344,20.984161104905283,223.6875,95.36462016073727,57.28208714309369,20.0,26.0,46.0,1750.0,7069.0,95.43315018315019,7252.0,7472.0,444.0,2682.0,736.0,64.09145660866245,33.61092421444783,2.4195986189567327,1.5682982066466664,-4.571000000000001
90.0,103.0,6.666666666666666,3.9999999999999996,230.0,8.575387400469408,8.802453635391254,8.200000000000001,18.302468792043925,19.78376796279427,13.751267697949478,14.303117346207431,143.671875,65.53515140472804,40.030679443729255,16.0,24.0,32.0,603.0,1820.0,56.394841269841265,2434.0,2443.0,204.0,939.0,330.0,43.88467519109083,22.540936869489276,2.377662309096341,1.94871061715443,-7.2
140.0,175.0,8.402777777777777,4.972222222222221,402.0,11.343007698439974,12.011414199891858,10.77619047619048,25.8406265400933,28.333081104621357,19.41057128014176,20.891510841828598,220.94299074074075,102.53181876960284,66.42114869617535,30.0,52.0,56.0,1220.0,4174.0,93.00367965367965,5219.0,5544.0,317.0,2377.0,645.0,62.311564914487946,30.682616376979052,2.6146192344959647,1.5627670873700283,-5.184
56.0,65.0,3.0833333333333335,2.4722222222222223,138.0,5.377010097711745,5.605350962927558,5.2666666666666675,11.785208992237523,12.237183443017882,8.51379094493999,8.97402052594067,98.15625,40.211899759993855,23.672193971357018,6.0,8.0,19.0,140.0,285.0,27.849999999999998,590.0,618.0,48.0,300.0,118.0,27.278488539440637,14.495357090321049,2.3513651263243576,1.9931760493394233,-3.93
102.0,125.0,6.027777777777777,4.277777777777779,264.0,9.236382105218448,9.67115627993646,9.0,20.5738393347173,21.47316487933661,14.784941202760692,15.82266393138351,182.484375,73.25742723346862,44.46461113496085,10.0,14.0,37.0,587.0,1501.0,66.31190476190476,2478.0,2601.0,184.0,1058.0,368.0,47.93561234857994,25.175643155940374,2.4976804826051064,1.9190089870016398,-4.749
24.0,22.0,3.861111111111111,1.8333333333333333,54.0,3.270055610029662,3.0245638646895836,3.0666666666666664,5.654655746264211,6.390681974697982,4.461420286601642,4.180374063177299,38.75,17.823028822792917,10.06449510224598,6.0,10.0,7.0,52.0,108.0,11.483333333333333,166.0,130.0,20.0,52.0,30.0,14.677511786966832,7.7274066103125465,1.9318516525781364,2.678257743164726,-0.89
34.0,36.0,2.611111111111111,2.0,76.0,3.931851652578137,3.9189910556894993,3.8666666666666663,7.8821967329218765,8.122522350258794,5.6568542494923815,5.729567401660267,64.0,24.366430302876523,13.365058181991753,4.0,4.0,10.0,67.0,135.0,15.566666666666666,256.0,241.0,24.0,78.0,43.0,18.56110650526355,10.051765371679794,2.1648426985366687,2.0584046167758574,-4.74
88.0,102.0,6.055555555555555,4.194444444444445,218.0,8.736382105218448,8.946411408544868,8.5,18.5738393347173,19.473164879336615,13.49204798394724,14.080280969786877,156.3125,63.357932296856966,37.39354332309537,10.0,14.0,30.0,613.0,1880.0,55.87142857142857,2472.0,2476.0,204.0,779.0,312.0,43.77630934606591,23.169028896957926,2.4012741674655667,1.9223921420541317,-4.735
42.0,46.0,4.083333333333334,2.0277777777777777,108.0,4.198377302757663,4.197102672463695,3.9333333333333336,8.5172597998064,9.546584519776387,6.6516903153825835,6.743310382639851,61.515625,30.980105894226565,19.186912597118447,10.0,16.0,15.0,84.0,160.0,19.53333333333333,315.0,291.0,27.0,144.0,66.0,21.18569143871713,10.792280186226476,2.245826779937863,2.34622717382778,-1.25
146.0,172.0,10.201388888888886,6.166666666666668,390.0,13.323735633975271,13.766228019099042,12.738095238095243,28.857718552629475,31.31355716915681,21.614670622818807,22.700059590731005,236.68561574074073,106.53976360010711,66.25054900690235,28.0,46.0,54.0,2244.0,9986.0,104.0230796980797,9294.0,9593.0,516.0,2904.0,825.0,71.03992799668788,34.99297017628874,2.613975502302901,1.5071547666586165,-8.017000000000001
46.0,53.0,1.9722222222222223,2.0277777777777777,110.0,4.4663264951887856,4.6971026724636955,4.433333333333334,9.919183588453086,10.082482904638631,7.030627697345596,7.4504171638263985,83.390625,32.80698141270619,18.843766846610826,4.0,4.0,15.0,79.0,143.0,20.499999999999996,344.0,373.0,24.0,144.0,66.0,22.580231058358727,12.170708811226712,2.32259590547608,1.9697731935234024,-1.16
18.0,16.0,3.0,1.75,34.0,2.914213562373095,2.6547005383792515,2.833333333333333,4.885618083164127,5.121320343559642,3.5355339059327378,3.2760208819388943,40.0,12.95741732923815,6.242640687119285,2.0,2.0,4.0,35.0,70.0,8.7,110.0,85.0,12.0,35.0,20.0,12.194901425440477,6.987918414869869,1.8019377358048385,2.3390923149762908,-0.6
48.0,53.0,3.9722222222222223,2.7777777777777777,112.0,5.3805400575618805,5.351803210842947,5.266666666666667,10.804801671617211,11.203803248198273,7.737734478532144,7.898010921019103,91.390625,34.45069024295958,19.42955328423773,6.0,6.0,15.0,158.0,360.0,25.866666666666664,599.0,561.0,63.0,230.0,104.0,25.55098563150485,13.936237570137333,2.23606797749979,2.296823779528462,-3.03
36.0,38.0,3.2222222222222223,1.8333333333333333,88.0,3.787693700234704,3.7888543819998315,3.5999999999999996,7.6512343960219615,8.391883981397134,5.875633848974738,5.926813801712124,54.75,26.40361467168509,15.772699034745349,8.0,12.0,12.0,61.0,110.0,16.083333333333332,232.0,218.0,16.0,108.0,50.0,18.68272477800247,9.431147620289327,2.175327747161074,2.2306376583301173,-2.0
14.0,12.0,2.75,1.5,26.0,2.414213562373095,2.1547005383792515,2.333333333333333,3.885618083164127,4.121320343559642,2.8284271247461903,2.568914100752347,32.0,10.12899020449196,4.82842712474619,2.0,2.0,3.0,20.0,35.0,6.416666666666666,60.0,44.0,8.0,20.0,12.0,9.915316149982342,5.464101615137754,1.7320508075688772,2.19060968716425,-0.29
52.0,54.0,4.673611111111111,2.375,142.0,5.0782982619848624,5.091529863463611,4.733333333333333,10.282196732921877,11.872522350258794,8.254930460845697,8.292503721122818,71.11111111111111,38.97181515722929,24.52733584216013,14.0,34.0,19.0,160.0,374.0,25.98333333333333,609.0,573.0,61.0,232.0,104.0,25.947431706608487,12.627503029350091,2.2360679774997907,2.243840680154112,-4.15
88.0,107.0,6.506944444444445,3.8749999999999996,240.0,8.108226125916316,8.302773551680918,7.757142857142858,17.33169963302943,18.74023522890088,12.87126279012546,13.526637098057638,147.59699999999998,64.14205306477321,40.05219360105144,18.0,26.0,33.0,458.0,1172.0,54.403571428571425,1834.0,1822.0,190.0,756.0,294.0,41.89264495235204,21.13413871406479,2.510532938985664,2.2036789681884223,-2.322
36.0,39.0,3.2222222222222223,1.8611111111111112,88.0,3.804530452640311,3.802675481463779,3.6333333333333333,7.691642601795419,8.350642529077819,5.835193734454857,5.901223825343431,58.140625,26.26357993262259,15.543203766865057,6.0,10.0,12.0,60.0,106.0,16.166666666666664,228.0,214.0,20.0,106.0,50.0,18.69255664280207,9.953959938490609,2.193527085331054,2.2794002709583667,-3.54
46.0,53.0,1.9722222222222223,2.0277777777777777,110.0,4.4663264951887856,4.6971026724636955,4.433333333333334,9.919183588453086,10.082482904638631,7.030627697345596,7.4504171638263985,83.390625,32.80698141270619,18.843766846610826,4.0,4.0,15.0,79.0,143.0,20.499999999999996,344.0,373.0,24.0,144.0,66.0,22.580231058358727,12.170708811226712,2.32259590547608,1.9697731935234024,-0.78
84.0,97.0,6.256944444444445,3.4722222222222223,232.0,7.515968531476429,7.735265790544702,7.1000000000000005,16.15302380832353,17.981026136836316,12.367162096068512,12.936026959633523,126.89699074074073,61.969823350881526,39.462312537073856,20.0,38.0,32.0,425.0,1168.0,48.06666666666666,1699.0,1678.0,131.0,609.0,239.0,39.64117656828502,19.625462840442285,2.470049489902716,1.9845583083165526,-2.8
42.0,47.0,4.083333333333334,2.055555555555556,108.0,4.215214055163271,4.210923771927642,3.966666666666667,8.557668005579858,9.505343067457071,6.6112502008627025,6.717720406271157,64.90625,30.84007115516406,18.95741732923815,8.0,14.0,15.0,82.0,151.0,19.666666666666668,307.0,283.0,31.0,140.0,66.0,21.19575112540568,10.891330678669732,2.2638209778523963,2.413324848196347,-1.29
22.0,21.0,4.222222222222222,1.4444444444444442,58.0,2.6427344100918364,2.408248290463863,2.333333333333333,4.464101615137754,5.618802153517007,3.932652990377571,3.644923705673916,24.890625,16.891751327792804,10.82842712474619,8.0,16.0,8.0,29.0,47.0,9.333333333333332,86.0,61.0,16.0,29.0,20.0,12.61055265179775,6.0,2.0,2.9934972434784735,-0.18
68.0,77.0,3.8333333333333335,3.222222222222222,162.0,6.877010097711745,7.105350962927559,6.7666666666666675,14.785208992237525,15.237183443017884,10.635111288499633,11.095340869500316,122.15625,48.69718113423243,27.914834658476302,6.0,8.0,22.0,307.0,816.0,38.429761904761904,1282.0,1335.0,112.0,505.0,198.0,34.11562810435858,18.814625057107392,2.3072503713482155,1.8179762710410503,-2.55
48.0,47.0,5.361111111111111,3.4166666666666665,102.0,6.308060412490448,6.049127729379169,6.133333333333334,11.711235281175108,12.31726233425821,8.594671173979751,8.3607481263546,91.375,34.64450603931927,18.371630891611247,6.0,8.0,13.0,346.0,1230.0,29.000829725829725,1228.0,1084.0,76.0,346.0,132.0,28.36462769887506,15.610234694181244,2.0153160671926,2.9093838449551863,-4.69
82.0,93.0,8.006944444444443,3.930555555555556,226.0,7.914832660707777,7.879223563698315,7.4,16.01110090482999,18.12050610483515,12.427023072952975,12.713190583212972,123.27662037037037,60.83994730242581,38.73824067986956,22.0,40.0,31.0,536.0,1640.0,50.57777777777778,2009.0,1863.0,161.0,738.0,266.0,40.32481785264912,20.52360383496868,2.3607529168980057,2.5216782796810975,-4.31
16.0,14.0,3.361111111111111,1.3333333333333333,38.0,2.2700556100296625,2.0245638646895836,2.0666666666666664,3.654655746264212,4.390681974697982,3.047206724228547,2.766160500804204,22.75,12.166174573300538,7.23606797749979,6.0,10.0,5.0,18.0,28.0,6.666666666666666,52.0,36.0,10.0,18.0,12.0,10.118119614388574,5.226251859505507,1.8477590650225741,2.5395388613593903,-2.43
6.0,4.0,2.25,1.0,10.0,1.414213562373095,1.1547005383792517,1.3333333333333333,1.885618083164127,2.1213203435596424,1.4142135623730951,1.1547005383792517,16.0,4.47213595499958,2.0,2.0,2.0,1.0,4.0,5.0,2.5,10.0,6.0,2.0,4.0,2.0,5.356367113217143,2.8284271247461907,1.4142135623730954,1.6329931618554523,-1.6
82.0,93.0,8.527777777777777,3.7777777777777786,220.0,7.824274960443893,7.816274734855201,7.233333333333333,15.9409532091707,18.20662812561271,12.624783420280036,12.863313807465637,117.1875,60.73981402243972,38.7301163639835,20.0,34.0,31.0,518.0,1499.0,50.92857142857143,1933.0,1783.0,169.0,714.0,266.0,40.30562535091956,19.869530804136943,2.3753088738883514,2.6156458508900533,-1.95
22.0,20.0,3.25,2.0,42.0,3.414213562373095,3.1547005383792515,3.333333333333333,5.885618083164127,6.121320343559642,4.242640687119286,3.9831276631254418,48.0,15.785844453984339,7.65685424949238,2.0,2.0,5.0,56.0,126.0,11.15,182.0,146.0,18.0,56.0,30.0,14.47448672760572,8.054678984251696,1.8477590650225744,2.447472887876344,-3.81
20.0,18.0,3.611111111111111,1.5833333333333333,46.0,2.770055610029662,2.5245638646895836,2.5666666666666664,4.654655746264211,5.390681974697982,3.7543135054150953,3.4732672819907515,30.75,14.99460169804673,8.650281539872886,6.0,10.0,6.0,32.0,58.0,9.0,98.0,73.0,14.0,32.0,20.0,12.397923494716462,6.155367074350508,1.9021130325903077,2.6272148478988635,-3.74
146.0,177.0,13.986111111111109,5.638888888888888,434.0,12.207137116633941,12.42480210223821,11.123809523809525,25.950591370776518,30.44647558653893,20.850961997786055,21.695659684273085,208.07385185185194,108.94322947282338,72.80255629673374,36.0,80.0,61.0,1966.0,8279.0,100.57986735486736,7741.0,7577.0,475.0,2344.0,719.0,68.36588571783295,31.623445039338648,2.6176678857912776,1.94227140453253,-7.321000000000001
88.0,102.0,8.416666666666666,4.638888888888889,224.0,9.061279270114502,9.009360237387984,8.666666666666666,18.325482821665858,19.74918576127551,13.560997669168538,13.93015774553421,155.078125,63.92127810015944,38.56511619834919,14.0,20.0,31.0,656.0,1849.0,61.18571428571429,2445.0,2253.0,247.0,834.0,336.0,44.69289571042697,23.294019428147543,2.41995384254051,2.9137822606260064,-2.73
50.0,55.0,4.583333333333334,2.6111111111111116,124.0,5.236382105218449,5.221666537153278,5.0,10.573839334717297,11.473164879336615,7.956514078014501,8.09525732107096,82.140625,36.487874611768156,21.837194136991332,10.0,14.0,17.0,165.0,403.0,25.70238095238095,616.0,566.0,50.0,191.0,94.0,25.839465541735187,13.255247136309176,2.2901993921246744,2.230680909916417,-2.19
178.0,204.0,13.173611111111109,7.694444444444447,470.0,16.57873726375887,17.03257981405347,15.785714285714292,35.453184226256205,38.79037764109284,26.853895955762464,27.958598825510723,279.9976111111111,130.31841979961462,80.8319103285568,36.0,62.0,65.0,4160.0,21619.0,143.59705580367344,17135.0,17607.0,849.0,5652.0,1314.0,85.6923217879712,43.39463040335172,2.3911702124501604,1.5361491487602237,-8.003
26.0,27.0,2.111111111111111,1.4166666666666665,60.0,2.893846850117352,2.8944271909999157,2.8,5.825617198010981,6.195941990698567,4.352030486860464,4.377620463229157,43.375,18.85866158533493,10.714776642118865,4.0,6.0,8.0,26.0,39.0,10.166666666666666,100.0,95.0,8.0,33.0,19.0,13.991826457480949,7.465883060453303,2.114907541476756,2.184105569636068,0.522
12.0,9.0,3.111111111111111,1.0,30.0,1.7320508075688776,1.5,1.5,2.598076211353316,3.4641016151377553,2.449489742783178,2.121320343559643,10.125,9.486832980505138,6.0,6.0,12.0,4.0,9.0,12.0,4.5,24.0,15.0,6.0,9.0,6.0,7.829154880351855,3.4641016151377544,1.7320508075688772,2.3237900077244498,-1.91
56.0,63.0,7.736111111111111,2.75,178.0,5.276020881938894,5.015980447325265,4.671428571428572,9.81674820733427,12.418067167662226,8.400019769547477,8.283495667844218,72.50448148148146,43.07110802763776,29.53565787126474,22.0,52.0,24.0,185.0,400.0,30.2,608.0,487.0,90.0,185.0,110.0,27.424873111094023,13.086918917408454,2.3795502844777765,4.527396605522409,-0.22
106.0,123.0,8.118055555555554,4.791666666666667,284.0,9.98731230577921,10.181899045162096,9.533333333333335,21.10466729527209,23.007047018775207,15.812727064624655,16.49309406499676,171.29224537037038,77.61669425454329,48.28144444673461,22.0,38.0,39.0,959.0,3323.0,69.87229437229436,3819.0,3767.0,267.0,1237.0,425.0,51.28228702414654,25.643633231981738,2.4604661440998643,1.9190387692250601,-5.233
34.0,36.0,2.611111111111111,2.0,76.0,3.931851652578137,3.9189910556894993,3.8666666666666667,7.8821967329218765,8.122522350258794,5.6568542494923815,5.729567401660267,64.0,24.366430302876523,13.365058181991753,4.0,4.0,10.0,64.0,122.0,15.783333333333333,246.0,234.0,22.0,109.0,50.0,18.47902253715965,10.424292428609817,2.1357792050698574,2.1250162554146717,-0.4
122.0,149.0,5.888888888888888,4.777777777777779,314.0,10.75402019542349,11.435446797246707,10.533333333333335,24.570417984475046,25.47436688603576,17.61336832750688,18.983317232291423,214.484375,87.49486733185319,53.001242192206405,12.0,16.0,44.0,950.0,2949.0,80.9186507936508,4192.0,4613.0,312.0,1919.0,572.0,56.519165363062356,29.432998055357768,2.5021468178556434,1.5406360587696102,-2.84
36.0,38.0,3.2222222222222223,1.8333333333333333,88.0,3.787693700234704,3.7888543819998315,3.6,7.6512343960219615,8.391883981397134,5.875633848974738,5.926813801712124,54.75,26.403614671685094,15.77269903474535,8.0,12.0,12.0,62.0,115.0,16.03333333333333,236.0,222.0,12.0,110.0,50.0,18.68250312825291,9.92477721636806,2.170086486626033,2.1923771580194713,-1.09
12.0,9.0,3.111111111111111,1.0,30.0,1.7320508075688776,1.5,1.5,2.598076211353316,3.4641016151377553,2.449489742783178,2.121320343559643,10.125,9.486832980505138,6.0,6.0,12.0,4.0,9.0,12.0,4.5,24.0,15.0,6.0,9.0,6.0,7.829154880351855,3.4641016151377544,1.7320508075688772,2.3237900077244498,-1.59
34.0,32.0,5.423611111111111,1.7083333333333333,104.0,3.4165022194363885,3.1971026724636946,2.933333333333333,6.054655746264212,8.140681974697982,5.645282935581863,5.329096820266755,29.86111111111111,26.77155942765331,18.39834563766817,16.0,40.0,14.0,66.0,127.0,15.166666666666666,208.0,159.0,32.0,66.0,42.0,17.586510021393877,7.384646120352906,2.1489611417496355,3.388924101358251,-4.74
72.0,81.0,7.416666666666666,3.333333333333334,192.0,6.913591357920935,6.9080264443913375,6.3999999999999995,14.074927805386261,16.051927587233457,11.141620172685643,11.339710445351365,102.421875,53.334895675152055,33.901689239237314,18.0,30.0,27.0,354.0,906.0,42.60000000000001,1311.0,1197.0,123.0,516.0,204.0,35.523082407121414,17.567798301666716,2.3582944711822647,2.640808477185157,-2.89
116.0,138.0,7.3888888888888875,4.833333333333333,300.0,10.57538740046941,11.027198506782844,10.200000000000001,23.302468792043918,24.783767962794265,17.165481260322572,18.166820651363697,193.84375,83.9199277155783,51.344387942714036,16.0,24.0,42.0,954.0,2924.0,79.52460317460319,3977.0,4123.0,299.0,1579.0,506.0,54.966278451654475,28.474736953708046,2.466538688290487,1.798420067118688,-3.796
6.0,4.0,2.25,1.0,10.0,1.414213562373095,1.1547005383792517,1.3333333333333333,1.885618083164127,2.1213203435596424,1.4142135623730951,1.1547005383792517,16.0,4.47213595499958,2.0,2.0,2.0,1.0,4.0,5.0,2.5,10.0,6.0,2.0,4.0,2.0,5.356367113217143,2.8284271247461907,1.4142135623730954,1.6329931618554523,-1.94
76.0,88.0,5.305555555555555,3.333333333333333,194.0,7.181540550352056,7.4080264443913375,6.9,15.476851594032945,16.5878259720957,11.520557554648656,12.046817226537915,124.296875,55.16177119363169,33.55854348872969,12.0,18.0,27.0,358.0,955.0,43.43928571428572,1464.0,1488.0,122.0,620.0,228.0,36.832837472794374,19.276998124333392,2.372857637776784,1.919699140228354,-1.989
82.0,98.0,3.805555555555556,3.25,208.0,7.34333659290053,7.802453635391254,7.200000000000001,16.70439258069061,17.31966634765651,12.008884736352847,12.88890378383433,141.546875,58.87674554896909,35.44489300610236,10.0,12.0,29.0,334.0,835.0,45.411904761904765,1469.0,1609.0,89.0,766.0,248.0,38.357337946694024,20.16176788189452,2.439266903408436,1.713625754226305,-4.22
120.0,151.0,3.8888888888888893,4.194444444444445,312.0,9.915816237971965,10.829873988246623,9.833333333333336,23.797958971132708,24.20620726159657,16.687481946837977,18.411190227214746,215.734375,85.55298743769825,52.059164584832885,10.0,10.0,44.0,698.0,1970.0,72.93095238095239,3264.0,3805.0,176.0,1553.0,461.0,53.579069235931954,28.186294802134526,2.5916622928037736,1.4530657021253361,-8.49
106.0,126.0,8.569444444444445,4.229166666666666,306.0,9.248037131279784,9.476045482611227,8.621428571428574,19.749904621696626,22.495092828199454,15.485743035663383,16.09413463125856,158.84244444444448,78.63195077499643,50.999141307537954,26.0,54.0,42.0,744.0,2204.0,68.54722222222222,2964.0,2933.0,276.0,1128.0,408.0,49.370443224792474,24.10718277010345,2.5197621283984573,2.1722136646615424,-5.666
68.0,83.0,2.4444444444444446,2.583333333333333,172.0,5.949489742783179,6.4080264443913375,5.9,13.878775382679628,14.123724356957947,9.778174593052025,10.632603664164819,122.171875,48.503365337872744,28.97275705110279,6.0,6.0,24.0,166.0,332.0,33.400000000000006,756.0,857.0,52.0,369.0,143.0,31.393757154430844,16.618915971652278,2.470837415547159,1.844710232813927,-4.63
116.0,138.0,9.229166666666664,5.374999999999999,312.0,10.969674215574168,11.142353399243436,10.5,23.108088645514343,25.00584501207606,17.105620283438107,17.903250850431665,197.46412037037038,84.59245759175514,52.47273545084692,20.0,36.0,43.0,1137.0,3790.0,82.15079365079364,4496.0,4403.0,336.0,1376.0,502.0,56.099246289638856,28.475454125866342,2.5171496848691635,2.122870216680324,-6.34
36.0,38.0,3.2222222222222223,1.8333333333333333,88.0,3.787693700234704,3.7888543819998315,3.6,7.6512343960219615,8.391883981397134,5.875633848974738,5.926813801712124,54.75,26.403614671685094,15.77269903474535,8.0,12.0,12.0,62.0,115.0,16.03333333333333,236.0,222.0,12.0,110.0,50.0,18.68250312825291,9.92477721636806,2.170086486626033,2.1923771580194713,-4.07
84.0,100.0,6.777777777777777,3.4722222222222228,226.0,7.502907755397976,7.724523025319064,7.066666666666667,16.208902401601822,17.897227048854205,12.365563706277799,12.972703607206816,129.828125,61.486326513968436,38.97275705110279,16.0,26.0,32.0,422.0,1157.0,48.333333333333336,1694.0,1686.0,138.0,624.0,244.0,39.65035707134247,20.18487260694402,2.4394494255089523,1.9831598289106451,-2.82
64.0,72.0,3.5833333333333335,2.9444444444444446,154.0,6.360173345306138,6.591529863463611,6.233333333333333,13.744800786464067,14.2784248953372,9.968444621832965,10.41382406468246,110.765625,46.008788748548746,26.7301163639835,8.0,10.0,21.0,252.0,655.0,34.436904761904756,1054.0,1098.0,84.0,450.0,170.0,31.826207837186956,17.139199972884963,2.2996185795193815,1.78948209011566,-3.48
78.0,88.0,4.944444444444445,3.6388888888888884,190.0,7.770856947829097,7.999778153927475,7.566666666666668,16.61082619024851,17.43312543371645,12.158714650613907,12.64453420798328,133.53125,56.2421342205826,32.97275705110279,10.0,14.0,26.0,459.0,1367.0,46.381349206349206,1898.0,1957.0,152.0,702.0,260.0,38.8883297153559,20.519744761017385,2.313044089351673,1.7840692684929937,-2.56
14.0,12.0,2.75,1.5,26.0,2.414213562373095,2.1547005383792515,2.333333333333333,3.885618083164127,4.121320343559642,2.8284271247461903,2.568914100752347,32.0,10.12899020449196,4.82842712474619,2.0,2.0,3.0,20.0,35.0,6.416666666666666,60.0,44.0,8.0,20.0,12.0,9.915316149982342,5.464101615137754,1.7320508075688772,2.19060968716425,-0.85
10.0,8.0,2.5,1.25,18.0,1.914213562373095,1.6547005383792515,1.833333333333333,2.885618083164127,3.121320343559642,2.121320343559643,1.8618073195657994,24.0,7.3005630797457695,3.414213562373095,2.0,2.0,2.0,10.0,15.0,4.333333333333333,28.0,19.0,4.0,10.0,6.0,7.635733837560585,4.47213595499958,1.6180339887498951,1.9747448713915894,-1.24
60.0,70.0,3.3333333333333335,2.805555555555556,146.0,5.91501490017253,6.129914827617142,5.833333333333334,12.841788527148418,13.16376380257811,9.11150792638536,9.618860683185233,110.78125,42.89124135278926,24.908261948856808,6.0,6.0,20.0,182.0,397.0,31.533333333333335,756.0,779.0,64.0,368.0,142.0,29.568142911985127,16.12942565392836,2.364870977884402,1.9866905078306745,-1.11
36.0,36.0,5.0625,2.25,100.0,4.121320343559642,3.8656243103068935,3.8,7.371236166328254,8.742640687119284,5.974691494688163,5.751100601090767,52.74074074074073,27.31947336572644,17.152982445082948,12.0,28.0,13.0,98.0,217.0,17.883333333333333,320.0,256.0,42.0,98.0,56.0,19.68228147850418,10.094308287448325,2.1646117279250796,3.330074215693167,-1.6
36.0,38.0,3.2222222222222223,1.8333333333333333,88.0,3.787693700234704,3.7888543819998315,3.6,7.6512343960219615,8.391883981397134,5.875633848974738,5.926813801712124,54.75,26.403614671685094,15.77269903474535,8.0,12.0,12.0,62.0,115.0,16.03333333333333,236.0,222.0,12.0,110.0,50.0,18.68250312825291,9.92477721636806,2.170086486626033,2.1923771580194713,-3.27
126.0,152.0,7.979166666666666,5.347222222222223,334.0,11.553384571049925,11.989133458918976,11.157142857142858,25.234711892345075,26.854896321659965,18.556626610319253,19.599517347084223,213.75324999999998,91.30123102087526,56.01618363990907,20.0,30.0,46.0,1221.0,3999.0,89.95992063492064,5032.0,5151.0,412.0,1715.0,607.0,59.90395512391701,30.956902961617374,2.5837005848948142,1.831862131369778,-4.47
106.0,117.0,10.027777777777775,5.388888888888889,268.0,10.866611060554249,10.837760265306475,10.3,21.973295867445568,24.142271749371787,16.729524736956726,17.03260119943834,167.65625,77.69227518514032,47.318097104236045,24.0,34.0,37.0,1390.0,5798.0,74.9542069042069,5335.0,5093.0,325.0,1646.0,500.0,53.983105720648545,27.052996160987764,2.341204463779531,2.3532313003971566,-1.981
52.0,61.0,2.8333333333333335,2.2222222222222223,130.0,4.877010097711745,5.105350962927558,4.7666666666666675,10.785208992237523,11.237183443017882,7.806684163753442,8.266913744754124,90.15625,37.383472635247664,22.257980408983922,6.0,8.0,18.0,106.0,203.0,24.2,449.0,472.0,37.0,185.0,85.0,25.0865234116296,13.33407375015271,2.3759473582364863,2.014611886520823,-2.42
60.0,69.0,3.3333333333333335,2.7777777777777777,146.0,5.898178147766923,6.116093728153195,5.800000000000001,12.801380321374962,13.205005254897426,9.15194804090524,9.644450659553925,107.390625,43.03127609185176,25.137757216737104,8.0,8.0,20.0,190.0,441.0,31.176190476190477,792.0,819.0,56.0,384.0,142.0,29.55761512605863,16.111253759255412,2.3426607768961594,1.895164814385573,-1.11
78.0,89.0,4.944444444444445,3.7222222222222223,190.0,7.808861750289881,8.024342018617059,7.633333333333334,16.6674057251594,17.359705793276675,12.049324850872729,12.582267584041295,138.15625,56.093048688631804,32.79461146622948,10.0,12.0,26.0,439.0,1229.0,46.883333333333326,1784.0,1798.0,144.0,608.0,244.0,38.98055927088669,20.753302588967742,2.3634295948430557,1.9021253322622511,-1.57
60.0,66.0,5.694444444444445,2.9722222222222223,152.0,6.109060905280623,6.105350962927558,5.766666666666667,12.383285203590841,13.701285058155639,9.549067125350073,9.681127307127218,92.28125,44.04187849100661,26.843766846610826,12.0,20.0,21.0,266.0,718.0,32.99047619047619,1006.0,940.0,90.0,287.0,138.0,30.61190248427438,15.617122449881554,2.310317683664435,2.2537559713431556,-2.15
6.0,4.0,2.25,1.0,10.0,1.414213562373095,1.1547005383792517,1.3333333333333333,1.885618083164127,2.1213203435596424,1.4142135623730951,1.1547005383792517,16.0,4.47213595499958,2.0,2.0,2.0,1.0,4.0,5.0,2.5,10.0,6.0,2.0,4.0,2.0,5.356367113217143,2.8284271247461907,1.4142135623730954,1.6329931618554523,0.26
102.0,111.0,6.444444444444444,5.166666666666666,238.0,10.775188245478667,10.996699819689166,10.566666666666668,22.58658931361249,23.442188697915302,16.372845767031777,16.876088223897963,179.375,73.34368091523393,41.73888337622863,14.0,16.0,32.0,1386.0,6553.0,68.25598706848707,5648.0,5727.0,240.0,1917.0,494.0,52.55508606119446,28.215631874468542,2.2742812066303193,1.494620868809077,-4.7
102.0,120.0,8.388888888888888,4.416666666666666,270.0,9.413591357920934,9.632771315782927,8.9,20.07492780538626,22.051927587233457,15.262940516245287,15.91052053169419,160.59375,74.5480991107485,46.629611300595165,18.0,30.0,38.0,783.0,2435.0,66.71944444444443,3130.0,3110.0,260.0,1023.0,388.0,48.9887114942522,24.723481891709202,2.436292993453034,2.04239286146603,-3.59
24.0,22.0,4.3125,1.375,76.0,2.560660171779821,2.3272393461533625,2.1999999999999997,4.285618083164127,5.871320343559642,4.012289773726411,3.717636857841802,23.11111111111111,19.077520809352354,13.16227766016838,12.0,32.0,10.0,28.0,44.0,9.5,82.0,57.0,18.0,28.0,20.0,12.823409519949186,5.818625822352818,2.0743132930519423,3.168489872670569,-2.18
14.0,12.0,2.75,1.5,26.0,2.414213562373095,2.1547005383792515,2.333333333333333,3.885618083164127,4.121320343559642,2.8284271247461903,2.568914100752347,32.0,10.12899020449196,4.82842712474619,2.0,2.0,3.0,20.0,35.0,6.416666666666666,60.0,44.0,8.0,20.0,12.0,9.915316149982342,5.464101615137754,1.7320508075688772,2.19060968716425,0.0
82.0,91.0,5.194444444444445,3.8611111111111107,198.0,8.25402019542349,8.485957054463528,8.033333333333335,17.57041798447505,18.474366886035767,12.906261546320335,13.37723096553852,138.140625,59.210596084391284,34.61646588135617,12.0,16.0,27.0,572.0,1872.0,49.736507936507934,2368.0,2446.0,170.0,834.0,294.0,41.15761508176693,21.8256414495985,2.277039857426921,1.6953028875319265,-4.11
42.0,45.0,4.083333333333334,2.0,108.0,4.1815405503520555,4.183281572999747,3.9,8.476851594032942,9.587825972095702,6.692130429902464,6.768900359008543,58.125,31.12014063328907,19.41640786499874,12.0,18.0,15.0,84.0,159.0,19.5,315.0,291.0,27.0,144.0,66.0,21.17608116869581,10.128990204491958,2.23606797749979,2.3408516164378748,-4.48
30.0,32.0,2.361111111111111,1.75,68.0,3.431851652578137,3.4189910556894993,3.3666666666666667,6.8821967329218765,7.122522350258794,4.949747468305834,5.022460620473719,56.0,21.53800317813033,11.950844619618657,4.0,4.0,9.0,43.0,75.0,12.833333333333332,164.0,154.0,16.0,52.0,30.0,16.281295932771805,8.917367317011095,2.151538014223007,2.1399633186493645,-0.1
20.0,18.0,3.611111111111111,1.5833333333333333,46.0,2.770055610029662,2.5245638646895836,2.5666666666666664,4.654655746264212,5.390681974697982,3.7543135054150945,3.4732672819907515,30.75,14.994601698046727,8.650281539872886,6.0,10.0,6.0,32.0,58.0,9.0,98.0,73.0,14.0,32.0,20.0,12.397923494716455,6.155367074350506,1.9021130325903068,2.6272148478988635,-0.51
56.0,65.0,3.0833333333333335,2.5277777777777777,138.0,5.398178147766923,5.616093728153195,5.300000000000001,11.801380321374962,12.205005254897426,8.444841259718691,8.937343878367379,99.390625,40.20284896710557,23.723543654364008,8.0,8.0,19.0,147.0,320.0,27.46666666666666,616.0,639.0,42.0,248.0,106.0,27.36279379132644,14.604579242642219,2.3600194217335595,1.9100379782119004,-1.63
12.0,9.0,3.111111111111111,1.0,30.0,1.7320508075688776,1.5,1.5,2.598076211353316,3.4641016151377553,2.449489742783178,2.121320343559643,10.125,9.486832980505138,6.0,6.0,12.0,4.0,9.0,12.0,4.5,24.0,15.0,6.0,9.0,6.0,7.829154880351855,3.4641016151377544,1.7320508075688772,2.3237900077244498,-2.33
34.0,36.0,2.611111111111111,2.0,76.0,3.931851652578137,3.9189910556894993,3.8666666666666667,7.8821967329218765,8.122522350258794,5.6568542494923815,5.729567401660267,64.0,24.366430302876523,13.365058181991753,4.0,4.0,10.0,64.0,122.0,15.783333333333333,246.0,234.0,22.0,109.0,50.0,18.47902253715965,10.424292428609817,2.1357792050698574,2.1250162554146717,-1.19
22.0,21.0,4.222222222222222,1.4444444444444442,58.0,2.6427344100918364,2.408248290463863,2.333333333333333,4.464101615137754,5.618802153517007,3.932652990377571,3.644923705673916,24.890625,16.891751327792804,10.82842712474619,8.0,16.0,8.0,29.0,47.0,9.333333333333332,86.0,61.0,16.0,29.0,20.0,12.61055265179775,6.0,2.0,2.9934972434784735,-2.4
140.0,159.0,11.701388888888888,6.194444444444444,376.0,13.125029436757051,13.34061675347226,12.36666666666667,27.536309011914362,30.682311194991957,21.20912244023203,21.910047485574186,211.17824074074076,103.18327471714196,64.89186582131158,32.0,58.0,52.0,2276.0,10271.0,103.0774198024198,9075.0,8990.0,501.0,2688.0,767.0,67.86842450093856,33.697741107118695,2.4727900532957965,1.8519444902517874,-4.71
92.0,111.0,4.916666666666666,3.7222222222222223,236.0,8.270856947829095,8.724523025319064,8.066666666666666,18.610826190248503,19.433125433716448,13.451607869427358,14.386917169579913,159.703125,66.14162915719426,40.04382486296825,10.0,14.0,33.0,447.0,1120.0,55.64523809523809,1930.0,2075.0,120.0,838.0,292.0,43.13215024884255,22.62554689540791,2.453908406391918,1.8221099817349127,-3.672
72.0,87.0,2.6944444444444446,2.8333333333333335,180.0,6.449489742783178,6.9080264443913375,6.4,14.878775382679628,15.123724356957945,10.485281374238573,11.339710445351365,130.171875,51.331792462618935,30.386970613475885,6.0,6.0,25.0,219.0,490.0,36.983333333333334,984.0,1101.0,68.0,420.0,166.0,33.6757722345844,17.90589012009783,2.4686944612091954,1.7616255066046675,-5.0
30.0,31.0,2.361111111111111,1.6666666666666665,68.0,3.393846850117352,3.3944271909999157,3.3,6.825617198010981,7.195941990698567,5.059137268047012,5.084727244415705,51.375,21.68708871008112,12.128990204491961,4.0,6.0,9.0,42.0,71.0,12.916666666666666,163.0,157.0,11.0,78.0,36.0,16.18960238097852,8.720566232730448,2.1010029896154583,2.1229179499593664,-3.85
68.0,75.0,6.645833333333332,3.0416666666666665,190.0,6.41552078507628,6.416707931972796,5.919047619047619,13.029608057112524,15.13822838879771,10.48389202421234,10.619361426279367,92.68974074074075,50.889790813552366,32.77659594787751,20.0,40.0,26.0,307.0,816.0,38.011904761904766,1154.0,1072.0,110.0,427.0,176.0,33.24370939982796,15.899323679788484,2.3531775315771704,2.4613278244725816,-1.99
50.0,55.0,4.583333333333334,2.611111111111111,124.0,5.236382105218448,5.221666537153279,5.0,10.573839334717297,11.473164879336613,7.956514078014501,8.09525732107096,82.140625,36.487874611768156,21.83719413699133,10.0,14.0,17.0,160.0,377.0,25.976190476190474,603.0,561.0,55.0,244.0,104.0,25.75424462903935,13.61969483329289,2.250874594525545,2.267647076664983,-1.827
26.0,27.0,2.111111111111111,1.4166666666666665,60.0,2.893846850117352,2.8944271909999157,2.8,5.825617198010981,6.195941990698567,4.352030486860464,4.377620463229157,43.375,18.85866158533493,10.714776642118865,4.0,6.0,8.0,26.0,39.0,10.166666666666666,100.0,95.0,8.0,33.0,19.0,13.991826457480949,7.465883060453303,2.114907541476756,2.184105569636068,0.11
104.0,130.0,7.090277777777777,3.75,298.0,8.438176154395316,8.880018774219922,7.952380952380952,19.058646605365748,21.082968372797122,14.434363201355627,15.492750935477028,162.03812037037036,76.2513916503544,49.673368379023245,20.0,38.0,42.0,512.0,1306.0,61.6047619047619,2144.0,2225.0,178.0,963.0,337.0,46.42755092024607,22.79207922318525,2.5752120864147288,1.909581857321447,-3.09
100.0,118.0,7.777777777777777,4.638888888888888,258.0,9.578917360319545,9.773650754698231,9.200000000000001,20.32206147142361,21.75038776797466,14.975211231541632,15.676597484069037,171.078125,72.50186394905164,44.27332013084856,16.0,22.0,36.0,798.0,2527.0,66.17539682539683,3188.0,3165.0,248.0,1234.0,408.0,48.69812082250537,25.65869627753387,2.41568567516935,1.9930177172891395,-0.85
10.0,8.0,2.5,1.25,18.0,1.914213562373095,1.6547005383792515,1.833333333333333,2.885618083164127,3.121320343559642,2.121320343559643,1.8618073195657994,24.0,7.3005630797457695,3.414213562373095,2.0,2.0,2.0,10.0,15.0,4.333333333333333,28.0,19.0,4.0,10.0,6.0,7.635733837560585,4.47213595499958,1.6180339887498951,1.9747448713915894,-2.29
68.0,74.0,6.194444444444445,3.5833333333333335,168.0,7.151397005390978,7.126836493378832,6.833333333333334,14.415627861865717,15.636928681914725,10.825381317280574,11.021987574353727,110.75,49.680631154722406,29.774893337370994,16.0,20.0,23.0,384.0,1077.0,41.10714285714286,1437.0,1329.0,117.0,544.0,204.0,35.08682195332648,17.865904429701043,2.307201990043687,2.4290572267592476,-3.04
10.0,8.0,2.5,1.25,18.0,1.914213562373095,1.6547005383792515,1.833333333333333,2.885618083164127,3.121320343559642,2.121320343559643,1.8618073195657994,24.0,7.3005630797457695,3.414213562373095,2.0,2.0,2.0,10.0,15.0,4.333333333333333,28.0,19.0,4.0,10.0,6.0,7.635733837560585,4.47213595499958,1.6180339887498951,1.9747448713915894,0.62
144.0,185.0,9.104166666666666,4.909722222222221,432.0,11.221816217641658,11.87878868994908,10.559523809523814,25.64404789033555,28.581879097922204,19.474755557248898,21.024839488057797,226.27632407407413,105.96726077332048,70.11786311096365,32.0,62.0,60.0,1163.0,3773.0,95.1806277056277,4967.0,5268.0,323.0,2320.0,645.0,62.80430309199435,30.56197760203196,2.6524332536432658,1.633739666428869,-3.817
20.0,18.0,3.611111111111111,1.5833333333333333,46.0,2.770055610029662,2.5245638646895836,2.5666666666666664,4.654655746264211,5.390681974697982,3.7543135054150953,3.4732672819907515,30.75,14.99460169804673,8.650281539872886,6.0,10.0,6.0,32.0,58.0,9.0,98.0,73.0,14.0,32.0,20.0,12.397923494716462,6.155367074350508,1.9021130325903077,2.6272148478988635,-0.29
78.0,89.0,4.944444444444445,3.6666666666666665,190.0,7.787693700234705,8.013599253391423,7.6000000000000005,16.651234396021962,17.391883981397136,12.118274536094026,12.618944231614588,136.921875,56.1020994815201,32.74326178322249,8.0,12.0,26.0,448.0,1300.0,46.787301587301585,1852.0,1909.0,156.0,682.0,260.0,38.89794934079211,21.24671411311015,2.3277828225263213,1.8356173461816296,-2.85
42.0,46.0,4.083333333333334,2.0277777777777777,108.0,4.198377302757663,4.197102672463695,3.9333333333333336,8.5172597998064,9.546584519776387,6.6516903153825835,6.743310382639851,61.515625,30.980105894226565,19.186912597118447,10.0,16.0,15.0,84.0,160.0,19.53333333333333,315.0,291.0,27.0,144.0,66.0,21.18569143871713,10.792280186226476,2.245826779937863,2.34622717382778,-1.19
46.0,50.0,4.333333333333334,2.2777777777777777,116.0,4.698377302757664,4.697102672463695,4.433333333333334,9.517259799806402,10.546584519776388,7.358797096569131,7.4504171638263985,69.515625,33.80853301897275,20.60112615949154,10.0,16.0,16.0,117.0,245.0,22.71666666666666,440.0,408.0,44.0,186.0,84.0,23.465052101041955,11.908678249899133,2.242837900336234,2.3198475089677144,-2.77
78.0,94.0,5.916666666666666,3.3333333333333335,206.0,7.12589765768623,7.343916933783095,6.800000000000001,15.423693409364299,16.66004360583632,11.508627010830192,12.105027073541706,129.84375,56.629765813301965,35.099552952969105,10.0,18.0,29.0,338.0,843.0,44.419047619047625,1365.0,1367.0,129.0,486.0,213.0,37.171200178511995,19.179290169002424,2.473815088163767,2.065898284254142,-0.624
82.0,95.0,6.166666666666666,3.5,214.0,7.575387400469409,7.802453635391254,7.200000000000001,16.30246879204393,17.78376796279427,12.337054135576382,12.888903783834335,127.671875,59.87829715523566,37.202252318983085,16.0,24.0,30.0,419.0,1131.0,48.19761904761905,1694.0,1701.0,148.0,714.0,260.0,39.326431320755816,19.8790809913443,2.395765407339725,1.990785589880273,-6.57
42.0,45.0,6.444444444444445,2.333333333333333,114.0,4.464101615137755,4.224744871391589,4.0,8.196152422706632,9.92820323027551,6.898979485566357,6.692130429902464,54.421875,31.701588022368128,20.485281374238568,12.0,24.0,16.0,121.0,257.0,21.799999999999997,394.0,313.0,56.0,121.0,72.0,22.175182390859888,10.857278973510141,2.2143197433775357,3.813994655333209,-4.92
76.0,82.0,7.145833333333333,3.6249999999999996,206.0,7.442001567141137,7.429511974842612,6.966666666666669,15.046590198765633,17.117567050776383,11.790464366778437,11.973463931391322,111.1111111111111,56.59197739077423,35.70110302003958,22.0,42.0,28.0,452.0,1298.0,45.75119047619048,1690.0,1562.0,138.0,631.0,234.0,37.7925799024325,18.4260910392689,2.3286381537327,2.500272175913679,-4.0
24.0,23.0,3.861111111111111,1.9166666666666667,54.0,3.308060412490447,3.0491277293791677,3.1333333333333333,5.7112352811751075,6.317262334258209,4.352030486860464,4.118107439235313,43.375,17.67394329084213,9.886349517372675,6.0,8.0,7.0,50.0,99.0,11.616666666666667,158.0,122.0,22.0,50.0,30.0,14.68711284067275,7.878462024097665,1.9696155060244167,2.8318199660707846,-0.71
56.0,64.0,3.0833333333333335,2.444444444444444,138.0,5.360173345306138,5.591529863463611,5.233333333333334,11.744800786464067,12.2784248953372,8.55423105945987,8.999610502309366,94.765625,40.351934499056355,23.90168923923731,8.0,10.0,19.0,144.0,305.0,27.633333333333333,608.0,638.0,44.0,308.0,118.0,27.26819170318507,14.426920504436183,2.333243827884395,1.9323192636083937,-0.12
154.0,199.0,7.854166666666666,5.145833333333333,454.0,11.911580361518848,12.78909825805712,11.40714285714286,27.901438237762118,30.269976307581565,20.581969162697217,22.525008440484232,253.71794907407408,112.47080208810816,73.38936613778694,30.0,56.0,63.0,1299.0,4317.0,101.79967532467532,5800.0,6445.0,344.0,2619.0,713.0,66.69146310781707,32.932317881416935,2.6499952116078127,1.4460615555126812,-5.507000000000001
14.0,12.0,2.75,1.5,26.0,2.414213562373095,2.1547005383792515,2.333333333333333,3.885618083164127,4.121320343559642,2.8284271247461903,2.568914100752347,32.0,10.12899020449196,4.82842712474619,2.0,2.0,3.0,20.0,35.0,6.416666666666666,60.0,44.0,8.0,20.0,12.0,9.915316149982342,5.464101615137754,1.7320508075688772,2.19060968716425,-2.96
56.0,64.0,3.0833333333333335,2.444444444444444,138.0,5.360173345306138,5.591529863463611,5.233333333333334,11.744800786464067,12.2784248953372,8.55423105945987,8.999610502309366,94.765625,40.351934499056355,23.90168923923731,8.0,10.0,19.0,144.0,305.0,27.633333333333333,608.0,638.0,44.0,308.0,118.0,27.26819170318507,14.426920504436183,2.333243827884395,1.9323192636083937,-4.4
320.0,399.0,19.409722222222214,11.368055555555555,904.0,26.010750257449796,27.583907311776642,24.711904761904748,59.42244022367611,64.93406182917184,44.57558145328718,48.01084072709833,504.69407407407414,233.8523142377187,150.9612629572316,66.0,106.0,127.0,14940.0,114811.0,285.1345346684669,65989.0,72760.0,1857.0,26173.0,3605.0,142.71844113633355,70.34555219246562,2.696385416127115,0.8329247107918964,-4.081
48.0,52.0,4.423611111111111,2.166666666666667,134.0,4.605171715522539,4.614032450509017,4.285714285714286,9.34933511283733,10.80160442340116,7.486214122840505,7.546564725682125,68.9351111111111,35.89412792676572,22.73454147995595,12.0,30.0,18.0,114.0,233.0,23.016666666666666,430.0,400.0,50.0,177.0,84.0,23.688208958851185,11.788656935474512,2.2882456112707374,2.3892139046437464,-2.51
104.0,113.0,8.444444444444443,5.916666666666667,240.0,11.701907262607799,11.668299791770673,11.433333333333332,23.536852479186088,24.513204324956778,17.068022004399857,17.30917867592658,192.921875,74.71637106025061,41.814329595087955,10.0,14.0,32.0,1650.0,7537.0,77.40097859656683,6320.0,6022.0,352.0,1920.0,546.0,55.63329054546652,30.022012767298154,2.351290591273934,2.3092705044999007,-6.144
72.0,87.0,2.6944444444444446,2.8333333333333335,180.0,6.449489742783179,6.9080264443913375,6.4,14.878775382679628,15.123724356957947,10.485281374238573,11.339710445351365,130.171875,51.33179246261893,30.38697061347588,6.0,6.0,25.0,219.0,490.0,36.98333333333334,984.0,1101.0,68.0,420.0,166.0,33.67577223458441,17.905890120097826,2.468694461209196,1.7616255066046675,-4.38
88.0,104.0,7.027777777777777,3.7222222222222228,234.0,8.002907755397974,8.224523025319064,7.566666666666666,17.208902401601822,18.897227048854205,13.072670487464345,13.679810388393365,137.828125,64.31475363871463,40.38697061347588,16.0,26.0,33.0,494.0,1389.0,53.02896825396826,1984.0,1978.0,168.0,836.0,294.0,41.839698338411054,21.205008274281003,2.421907778085897,2.016708707108245,-7.8
94.0,113.0,7.8888888888888875,3.944444444444445,254.0,8.43042811032654,8.646592415246873,7.933333333333334,18.115336011159716,20.010686134914145,13.80828683935231,14.470716992952399,147.984375,68.75121012219361,43.57168890796869,16.0,28.0,36.0,569.0,1625.0,58.17301587301587,2270.0,2247.0,192.0,955.0,330.0,44.35297152891713,22.663899101667322,2.4430350306592095,2.06900098076126,-8.01
120.0,142.0,7.6388888888888875,5.083333333333334,308.0,11.075387400469408,11.527198506782844,10.700000000000001,24.30246879204392,25.783767962794265,17.87258804150912,18.873927432550246,201.84375,86.74835484032448,52.758601505087114,16.0,24.0,43.0,1092.0,3477.0,84.08452380952382,4563.0,4745.0,363.0,1828.0,580.0,57.26465879769724,29.447228431669426,2.4820652167914665,1.7782147277040985,-3.893
78.0,89.0,4.944444444444445,3.6666666666666665,190.0,7.787693700234704,8.013599253391423,7.6000000000000005,16.651234396021962,17.391883981397136,12.118274536094026,12.618944231614588,136.921875,56.10209948152009,32.74326178322249,8.0,12.0,26.0,448.0,1300.0,46.787301587301585,1852.0,1909.0,156.0,682.0,260.0,38.897949340792096,21.246714113110148,2.327782822526321,1.83561734618163,-1.93
64.0,73.0,5.944444444444445,3.416666666666667,160.0,6.701907262607799,6.668299791770674,6.433333333333334,13.53685247918609,14.513204324956776,9.996954192534382,10.238110864061102,112.921875,46.43209981278872,27.672193971357018,10.0,14.0,22.0,295.0,732.0,38.109523809523814,1100.0,1012.0,112.0,410.0,176.0,32.83698187762657,17.726561965592904,2.3429230827771708,2.581240043558331,-1.66
44.0,43.0,5.111111111111111,3.1666666666666665,94.0,5.8080604124904465,5.549127729379168,5.633333333333334,10.711235281175107,11.31726233425821,7.8875643927932035,7.653641345168053,83.375,31.816078914573076,16.95741732923815,6.0,8.0,12.0,265.0,854.0,26.019841269841272,928.0,807.0,66.0,265.0,110.0,26.085264018717524,14.00741273094275,2.031442113282389,2.974138087660332,-3.39
18.0,16.0,3.0,1.75,34.0,2.914213562373095,2.6547005383792515,2.833333333333333,4.885618083164127,5.121320343559642,3.5355339059327378,3.2760208819388943,40.0,12.95741732923815,6.242640687119285,2.0,2.0,4.0,35.0,70.0,8.7,110.0,85.0,12.0,35.0,20.0,12.194901425440477,6.987918414869869,1.8019377358048385,2.3390923149762908,-2.42
26.0,24.0,3.5,2.25,50.0,3.914213562373095,3.6547005383792515,3.833333333333333,6.885618083164127,7.121320343559642,4.949747468305834,4.69023444431199,56.0,18.61427157873053,9.071067811865476,2.0,2.0,6.0,84.0,210.0,13.742857142857144,280.0,231.0,24.0,84.0,42.0,16.754072029940975,9.517540966287266,1.8793852415718166,2.53006045688352,-0.77
48.0,54.0,4.944444444444445,2.2222222222222223,128.0,4.609060905280622,4.605350962927558,4.266666666666667,9.38328520359084,10.701285058155637,7.427746781790429,7.559806963567576,68.28125,35.55659711676804,22.60112615949154,12.0,20.0,18.0,111.0,220.0,23.23333333333333,412.0,376.0,32.0,186.0,84.0,23.6888922595993,11.683238505927562,2.302775637731996,2.4619689397977487,-5.56
70.0,79.0,4.444444444444445,3.111111111111111,174.0,6.75402019542349,6.985957054463528,6.533333333333334,14.57041798447505,15.474366886035767,10.784941202760692,11.25591062197888,114.140625,50.725314710152716,30.37382519423689,12.0,16.0,24.0,315.0,878.0,38.40873015873016,1302.0,1339.0,96.0,555.0,198.0,34.319108806448895,18.121287388738583,2.3162654578266073,1.7803213096112547,-2.7
22.0,20.0,3.25,2.0,42.0,3.414213562373095,3.1547005383792515,3.333333333333333,5.885618083164127,6.121320343559642,4.242640687119286,3.9831276631254418,48.0,15.785844453984339,7.65685424949238,2.0,2.0,5.0,56.0,126.0,11.15,182.0,146.0,18.0,56.0,30.0,14.47448672760572,8.054678984251696,1.8477590650225744,2.447472887876344,-3.73
68.0,76.0,6.194444444444445,3.638888888888889,168.0,7.185070510202193,7.154478692306727,6.900000000000001,14.496444273412633,15.554445777276092,10.744501088240812,10.970807621616343,117.53125,49.400561676597405,29.315902801610406,12.0,16.0,23.0,390.0,1142.0,41.20198412698413,1461.0,1353.0,109.0,556.0,204.0,35.10763722077843,17.93609767949929,2.3485017904692924,2.4097905567237814,-3.028
78.0,94.0,7.756944444444445,3.7916666666666665,218.0,7.484434885828627,7.432910225370587,7.023809523809525,15.160738181282658,16.934975212900294,11.566439027493542,11.915177135632684,126.972,57.44956605273882,36.57348493643238,20.0,30.0,30.0,398.0,1005.0,48.42738095238096,1468.0,1334.0,164.0,556.0,234.0,38.1002384139337,18.584289988016195,2.4928537348544,2.902557340144697,-2.39
36.0,39.0,3.2222222222222223,1.8611111111111112,88.0,3.804530452640311,3.802675481463779,3.6333333333333333,7.691642601795419,8.350642529077819,5.835193734454857,5.901223825343431,58.140625,26.26357993262259,15.543203766865057,6.0,10.0,12.0,60.0,106.0,16.166666666666664,228.0,214.0,20.0,106.0,50.0,18.69255664280207,9.953959938490609,2.193527085331054,2.2794002709583667,-1.52
40.0,43.0,3.4722222222222223,2.1666666666666665,96.0,4.325698502695489,4.313418246689415,4.166666666666667,8.707813930932858,9.318464340957362,6.473350830420108,6.571653958956686,67.375,29.082956264480494,17.00876701224514,8.0,10.0,13.0,88.0,176.0,19.15,333.0,311.0,29.0,146.0,66.0,20.972148061258352,11.142106483192403,2.2001218589194,2.23165161946076,-2.78
50.0,52.0,5.972222222222222,3.4444444444444446,114.0,6.256748817474191,5.981939884532615,6.033333333333333,11.633840219870441,12.398543232197689,8.55423105945987,8.407871302153794,94.765625,36.24348460516376,20.19348530673794,8.0,10.0,15.0,288.0,827.0,30.882539682539683,996.0,852.0,96.0,288.0,132.0,28.597822295545697,15.499988669945466,2.172342714254444,3.632264013511074,-3.53
22.0,20.0,3.25,2.0,42.0,3.414213562373095,3.1547005383792515,3.333333333333333,5.885618083164127,6.121320343559642,4.242640687119286,3.9831276631254418,48.0,15.785844453984339,7.65685424949238,2.0,2.0,5.0,56.0,126.0,11.15,182.0,146.0,18.0,56.0,30.0,14.47448672760572,8.054678984251696,1.8477590650225744,2.447472887876344,-1.37
154.0,198.0,10.215277777777777,5.437499999999999,460.0,12.170504622625405,12.811600845102527,11.459523809523812,27.566652829030886,30.663159995861683,20.84852900510211,22.486176226230086,245.66694907407413,113.22309358865735,74.76814465083653,34.0,64.0,64.0,1425.0,4757.0,107.40963203463204,6015.0,6302.0,397.0,2759.0,753.0,67.59837942270579,33.006887264415816,2.67061688750655,1.6765695570219428,-3.18
12.0,9.0,3.111111111111111,1.0,30.0,1.7320508075688776,1.5,1.5,2.598076211353316,3.4641016151377553,2.449489742783178,2.121320343559643,10.125,9.486832980505138,6.0,6.0,12.0,4.0,9.0,12.0,4.5,24.0,15.0,6.0,9.0,6.0,7.829154880351855,3.4641016151377544,1.7320508075688772,2.3237900077244498,-1.54
132.0,168.0,7.902777777777777,4.499999999999999,386.0,10.359844450845582,11.025235299355806,9.809523809523812,23.881034745866756,26.291839652302038,17.955917603248785,19.451707303086813,208.33361574074075,96.73492978104797,63.363226303548885,28.0,50.0,54.0,887.0,2604.0,84.36944444444445,3839.0,4130.0,273.0,1841.0,545.0,57.76337178921399,28.175095741416797,2.6295153247543133,1.6754086151371266,-3.48
92.0,106.0,3.9444444444444446,4.055555555555555,220.0,8.932652990377573,9.394205344927391,8.866666666666667,19.83836717690617,20.164965809277263,14.061255394691193,14.900834327652799,166.78125,65.61396282541239,37.68753369322164,8.0,8.0,30.0,657.0,2241.0,55.79170274170274,2868.0,3126.0,156.0,1170.0,362.0,44.96991254894644,24.772324824167708,2.3479406290092304,1.4472448800767412,-7.11
40.0,43.0,3.4722222222222223,2.166666666666667,96.0,4.325698502695489,4.313418246689415,4.166666666666666,8.707813930932858,9.318464340957362,6.473350830420108,6.571653958956686,67.375,29.082956264480494,17.00876701224514,8.0,10.0,13.0,90.0,187.0,19.066666666666663,341.0,319.0,25.0,150.0,66.0,20.971923394025076,11.18995723015805,2.193993277712658,2.1804017457062086,-0.96
2.0,1.0,2.0,1.0,2.0,1.0,0.7071067811865475,1.0,1.0,1.0,0.0,0.0,0.0,1.4142135623730951,0.0,0.0,0.0,0.0,1.0,1.0,1.0,2.0,1.0,0.0,1.0,0.0,3.0861612696304874,2.0,1.0,1.0,-0.79
128.0,150.0,10.881944444444445,4.965277777777778,380.0,10.9493252955529,11.18696925453887,10.08809523809524,23.246892362380976,27.130431735440364,18.641096113942183,19.276321131596966,181.9691805555555,95.7766424830821,63.167991677325816,34.0,80.0,52.0,1374.0,5251.0,86.59675324675325,5476.0,5425.0,340.0,1994.0,588.0,59.136642285992586,28.534914917488145,2.4548692104968173,1.9686744534100966,-3.8
126.0,149.0,8.499999999999998,5.250000000000001,328.0,11.46923425058676,11.92162569778276,11.000000000000002,25.128085990054903,26.97970995349283,18.68908462243684,19.71601398984666,205.21875,91.46488080192846,56.4023103353405,20.0,30.0,46.0,1242.0,4129.0,89.22622655122655,5162.0,5338.0,394.0,2071.0,630.0,59.75755976767219,30.210842975732433,2.483853590539979,1.7682757827983895,-5.8389999999999995
60.0,69.0,3.3333333333333335,2.7777777777777777,146.0,5.898178147766923,6.116093728153195,5.800000000000001,12.801380321374962,13.205005254897426,9.15194804090524,9.644450659553925,107.390625,43.03127609185176,25.137757216737104,8.0,8.0,20.0,190.0,441.0,31.176190476190477,792.0,819.0,56.0,384.0,142.0,29.55761512605863,16.111253759255412,2.3426607768961594,1.895164814385573,-4.29
42.0,46.0,4.083333333333334,2.0277777777777777,108.0,4.198377302757663,4.197102672463695,3.933333333333333,8.5172597998064,9.546584519776387,6.6516903153825835,6.743310382639851,61.515625,30.98010589422657,19.186912597118447,10.0,16.0,15.0,84.0,160.0,19.53333333333333,315.0,291.0,27.0,144.0,66.0,21.185691438717157,10.792280186226478,2.2458267799378655,2.34622717382778,-1.4580000000000002
88.0,106.0,7.027777777777777,3.777777777777778,234.0,8.03658126020919,8.252165224246959,7.633333333333334,17.289718813148735,18.814744144215574,12.991790258424585,13.62863043565598,144.609375,64.03468416058963,39.9279800777153,12.0,22.0,33.0,470.0,1239.0,53.88928571428572,1886.0,1878.0,176.0,794.0,294.0,41.860573458648595,21.62257636125967,2.4664082826273166,2.1281053883117353,-7.92
78.0,88.0,4.944444444444445,3.638888888888889,190.0,7.770856947829097,7.9997781539274735,7.566666666666667,16.610826190248506,17.433125433716448,12.158714650613907,12.644534207983284,133.53125,56.2421342205826,32.97275705110279,10.0,14.0,26.0,459.0,1367.0,46.381349206349206,1898.0,1957.0,152.0,702.0,260.0,38.888329715355894,20.51974476101739,2.3130440893516737,1.7840692684929937,-4.21
144.0,173.0,11.08333333333333,5.888888888888888,388.0,12.722453108210818,13.157113334399988,12.033333333333337,27.742333530545654,30.411633380510132,20.94830433643908,22.128827085056543,226.75,105.18530367666463,66.6963007054668,28.0,42.0,55.0,1698.0,5990.0,106.57305194805195,6901.0,6957.0,489.0,2930.0,788.0,67.26719808484835,33.99791875073827,2.5274133563055514,1.8268396121015518,-3.685
36.0,39.0,3.2222222222222223,1.8611111111111112,88.0,3.804530452640311,3.802675481463779,3.6333333333333333,7.691642601795419,8.350642529077819,5.835193734454857,5.901223825343431,58.140625,26.26357993262259,15.543203766865057,6.0,10.0,12.0,60.0,106.0,16.166666666666664,228.0,214.0,20.0,106.0,50.0,18.69255664280207,9.953959938490609,2.193527085331054,2.2794002709583667,-2.7
42.0,46.0,4.083333333333334,2.027777777777778,108.0,4.198377302757663,4.197102672463695,3.933333333333333,8.5172597998064,9.546584519776387,6.6516903153825835,6.74331038263985,61.515625,30.980105894226565,19.186912597118443,10.0,16.0,15.0,84.0,160.0,19.53333333333333,315.0,291.0,27.0,144.0,66.0,21.185691438717143,10.792280186226476,2.2458267799378637,2.34622717382778,-1.55
136.0,159.0,9.090277777777775,5.638888888888889,362.0,12.375047228991527,12.833415863945596,11.838095238095242,26.935113613934142,29.232276271217327,20.240897174965596,21.23872285255872,217.29499074074073,99.28393078477023,61.600267467029454,26.0,44.0,50.0,1945.0,8859.0,91.64252414252414,8126.0,8463.0,412.0,2541.0,713.0,66.24730911477418,32.532650551216044,2.6112021428437586,1.396091567554884,-6.291
124.0,150.0,8.340277777777777,4.972222222222221,338.0,10.92555748620835,11.374879162337436,10.43809523809524,24.056338231254514,26.108551914259387,17.998256487846312,19.040632579893,203.46686574074076,90.37854519334415,56.66914097626932,20.0,38.0,47.0,1116.0,3726.0,84.51987734487736,4683.0,4897.0,345.0,1902.0,580.0,57.73326318761746,29.23233861217556,2.5479201361349477,1.7356715530769884,-4.16
130.0,157.0,8.229166666666666,5.680555555555556,342.0,12.091389373510712,12.513697323608561,11.723809523809525,26.29129142725597,27.781476681220187,19.154343591764622,20.244357504328786,226.37824999999998,93.98057261367066,57.25225161740886,20.0,28.0,47.0,1393.0,4798.0,94.75761183261184,5728.0,5850.0,446.0,1919.0,658.0,62.19314452504223,32.659978707112955,2.5838101095755355,1.80300962024129,-4.907
20.0,20.0,1.25,1.25,40.0,2.5,2.5,2.5,5.0,5.0,3.5355339059327378,3.5355339059327378,40.0,14.142135623730951,7.0710678118654755,0.0,0.0,5.0,15.0,20.0,7.5,60.0,60.0,0.0,20.0,10.0,11.496186321883666,6.47213595499958,1.9999999999999987,2.083333333333333,-2.64
36.0,39.0,3.2222222222222223,1.8611111111111112,88.0,3.804530452640311,3.802675481463779,3.6333333333333333,7.691642601795419,8.350642529077819,5.835193734454857,5.901223825343431,58.140625,26.26357993262259,15.543203766865057,6.0,10.0,12.0,60.0,106.0,16.166666666666664,228.0,214.0,20.0,106.0,50.0,18.69255664280207,9.953959938490609,2.193527085331054,2.2794002709583667,-2.21
48.0,52.0,3.9722222222222223,2.75,112.0,5.363703305156273,5.337982111379,5.233333333333333,10.764393465843753,11.245044700517587,7.778174593052025,7.923600897387796,88.0,34.59072498202208,19.659048552118026,8.0,8.0,15.0,170.0,432.0,25.41071428571428,643.0,601.0,43.0,260.0,104.0,25.54115368468195,13.83923226634327,2.221583293952768,2.1364132892501133,-2.92
96.0,103.0,9.368055555555555,4.319444444444444,262.0,9.170522414859878,9.183059726927224,8.466666666666669,18.625073730739263,21.61504886073375,15.016010575969462,15.170793879872534,128.00173611111111,71.84001988831363,45.943743707158866,28.0,56.0,36.0,918.0,3401.0,61.956168831168824,3482.0,3278.0,226.0,1167.0,374.0,47.326325750099166,22.54029416216063,2.2933091018892466,2.3686274852355163,-2.93
16.0,14.0,3.361111111111111,1.3333333333333333,38.0,2.2700556100296625,2.0245638646895836,2.0666666666666664,3.654655746264212,4.390681974697982,3.047206724228547,2.766160500804204,22.75,12.166174573300538,7.23606797749979,6.0,10.0,5.0,18.0,28.0,6.666666666666666,52.0,36.0,10.0,18.0,12.0,10.118119614388574,5.226251859505507,1.8477590650225741,2.5395388613593903,-2.73
30.0,31.0,2.361111111111111,1.6666666666666665,68.0,3.393846850117352,3.3944271909999157,3.3,6.825617198010981,7.195941990698567,5.059137268047012,5.084727244415705,51.375,21.68708871008112,12.128990204491961,4.0,6.0,9.0,42.0,71.0,12.916666666666666,163.0,157.0,11.0,78.0,36.0,16.18960238097852,8.720566232730448,2.1010029896154583,2.1229179499593664,1.02
2.0,1.0,2.0,1.0,2.0,1.0,0.7071067811865475,1.0,1.0,1.0,0.0,0.0,0.0,1.4142135623730951,0.0,0.0,0.0,0.0,1.0,1.0,1.0,2.0,1.0,0.0,1.0,0.0,3.0861612696304874,2.0,1.0,1.0,-1.36
36.0,39.0,3.2222222222222223,1.8611111111111112,88.0,3.804530452640311,3.802675481463779,3.6333333333333333,7.691642601795419,8.350642529077819,5.835193734454857,5.901223825343431,58.140625,26.26357993262259,15.543203766865057,6.0,10.0,12.0,60.0,106.0,16.166666666666664,228.0,214.0,20.0,106.0,50.0,18.69255664280207,9.953959938490609,2.193527085331054,2.2794002709583667,-3.05
52.0,60.0,2.8333333333333335,2.194444444444444,130.0,4.860173345306138,5.091529863463611,4.733333333333334,10.744800786464067,11.2784248953372,7.847124278273323,8.292503721122817,86.765625,37.52350737431017,22.487475676864214,8.0,10.0,18.0,108.0,212.0,24.066666666666666,458.0,482.0,32.0,185.0,84.0,25.07645385846439,13.043049324497506,2.3636086374020233,1.9746437019429672,-3.18
118.0,147.0,11.33333333333333,4.777777777777778,334.0,10.106836025229594,10.30722777603022,9.333333333333332,21.660254037844386,24.54700538379252,16.831632475943927,17.685523363925917,181.828125,86.77710553423452,56.769552621700484,20.0,40.0,48.0,907.0,2642.0,81.08968253968254,3542.0,3427.0,320.0,1483.0,494.0,54.38785302375844,27.310214092168213,2.532296521273711,2.347815279924796,-11.6
88.0,107.0,4.666666666666666,3.5277777777777772,228.0,7.792024997884274,8.235265790544702,7.600000000000001,17.626997519385945,18.40094724559599,12.675551403019513,13.643133740820073,152.9375,63.30415123955977,38.68096098360215,12.0,14.0,32.0,387.0,961.0,50.43571428571428,1666.0,1781.0,122.0,742.0,263.0,40.95614987822775,21.150546763330762,2.4915959723369183,1.7953498538671369,-3.664
12.0,9.0,3.111111111111111,1.0,30.0,1.7320508075688776,1.5,1.5,2.598076211353316,3.4641016151377553,2.449489742783178,2.121320343559643,10.125,9.486832980505138,6.0,6.0,12.0,4.0,9.0,12.0,4.5,24.0,15.0,6.0,9.0,6.0,7.829154880351855,3.4641016151377544,1.7320508075688772,2.3237900077244498,1.58
56.0,65.0,3.0833333333333335,2.4722222222222223,138.0,5.377010097711745,5.605350962927558,5.2666666666666675,11.785208992237523,12.237183443017882,8.51379094493999,8.97402052594067,98.15625,40.211899759993855,23.672193971357018,6.0,8.0,19.0,140.0,285.0,27.849999999999998,590.0,618.0,48.0,300.0,118.0,27.278488539440637,14.495357090321049,2.3513651263243576,1.9931760493394233,-3.7
98.0,114.0,7.166666666666666,4.694444444444444,246.0,9.668233757796585,9.86540246423437,9.366666666666669,20.456036067639175,21.595687229595406,14.906261546320335,15.567207684327858,172.3125,70.75379985125633,42.273320130848546,14.0,18.0,34.0,832.0,2768.0,65.06031746031746,3348.0,3339.0,248.0,1226.0,406.0,48.47403711619063,25.50543014882516,2.3886873669968613,1.9001378396794577,-3.57
30.0,30.0,5.173611111111111,1.5,96.0,2.9433756729740645,2.719605259509101,2.4857142857142853,5.121794126179664,7.069764047840349,4.87656659757667,4.583157824826062,27.68511111111111,23.693872197189744,16.605551275463988,14.0,36.0,13.0,42.0,69.0,12.5,126.0,90.0,26.0,42.0,30.0,15.326357664785323,6.602720495543137,2.1753277471610746,3.541196965079901,-0.62
28.0,27.0,4.111111111111111,2.166666666666667,62.0,3.808060412490447,3.549127729379167,3.633333333333333,6.7112352811751075,7.317262334258209,5.059137268047012,4.825214220421861,51.375,20.50237041558832,11.300563079745771,6.0,8.0,8.0,75.0,165.0,14.316666666666666,244.0,195.0,30.0,75.0,42.0,16.96691976501489,8.828427124746192,2.0,2.919612641438553,-1.36
68.0,81.0,4.805555555555555,2.861111111111111,178.0,6.198377302757664,6.421847543855284,5.933333333333334,13.517259799806402,14.546584519776387,10.065903877755678,10.607013687796124,111.6875,49.3648822050768,30.50062109610321,10.0,16.0,25.0,218.0,476.0,36.31666666666667,890.0,900.0,76.0,442.0,168.0,32.28538071096318,16.678194282439097,2.4256826709493593,2.0997048132484886,-3.03
76.0,91.0,2.9444444444444446,3.0833333333333335,188.0,6.949489742783179,7.4080264443913375,6.9,15.87877538267963,16.123724356957947,11.192388155425121,12.046817226537915,138.171875,54.16021958736512,31.801184175848977,6.0,6.0,26.0,271.0,636.0,41.14285714285714,1208.0,1342.0,88.0,632.0,218.0,35.864443120049664,19.448251271725756,2.4347638027388676,1.7402124582772953,-5.26
36.0,38.0,3.2222222222222223,1.8333333333333333,88.0,3.787693700234704,3.7888543819998315,3.5999999999999996,7.6512343960219615,8.391883981397134,5.875633848974738,5.926813801712124,54.75,26.40361467168509,15.772699034745349,8.0,12.0,12.0,61.0,110.0,16.083333333333332,232.0,218.0,16.0,108.0,50.0,18.68272477800247,9.431147620289327,2.175327747161074,2.2306376583301173,0.38
34.0,32.0,4.0,2.75,66.0,4.914213562373096,4.654700538379252,4.833333333333333,8.885618083164127,9.121320343559642,6.363961030678929,6.104448006685086,72.0,24.271125828222914,11.899494936611667,2.0,2.0,8.0,165.0,495.0,19.289682539682538,570.0,489.0,40.0,165.0,72.0,21.313242634613108,12.05334836666454,1.918985947228995,2.6476048489438337,-3.01
6.0,4.0,2.25,1.0,10.0,1.414213562373095,1.1547005383792517,1.3333333333333333,1.885618083164127,2.1213203435596424,1.4142135623730951,1.1547005383792517,16.0,4.47213595499958,2.0,2.0,2.0,1.0,4.0,5.0,2.5,10.0,6.0,2.0,4.0,2.0,5.356367113217143,2.8284271247461907,1.4142135623730954,1.6329931618554523,-1.17
168.0,221.0,12.027777777777777,5.819444444444445,518.0,12.963233394208578,13.590765501322581,12.080952380952384,29.249151725568108,33.04854703078447,22.393977759725995,24.142213735171346,267.2420324074074,123.98503794541544,83.22461039434975,40.0,76.0,72.0,1670.0,5555.0,122.14336219336221,6968.0,7214.0,486.0,3180.0,868.0,72.88684851176106,35.27529318025626,2.723892353287573,1.7687957566101882,-3.59
62.0,71.0,3.9444444444444446,2.6111111111111107,158.0,5.75402019542349,5.985957054463528,5.533333333333334,12.570417984475048,13.474366886035765,9.370727640387596,9.841697059605782,98.140625,45.06846046066033,27.5453980694907,12.0,16.0,22.0,186.0,423.0,31.509523809523813,772.0,795.0,52.0,386.0,142.0,29.761329878724638,15.47493302034005,2.3580511069480354,1.9355054772905316,-4.89
58.0,60.0,7.444444444444445,3.3611111111111116,146.0,6.468432912787327,6.221666537153279,6.0,12.171915546070615,13.93726649447437,9.698897039611131,9.509470883444056,84.265625,43.1462804675271,26.422980574618233,16.0,26.0,20.0,326.0,883.0,35.688095238095244,1122.0,953.0,122.0,326.0,156.0,31.28414729540331,15.303333881481027,2.221583293952768,4.075301912432601,-3.68
62.0,62.0,7.694444444444445,3.5000000000000004,154.0,6.913591357920935,6.683281572999748,6.4,13.074927805386261,15.05192758723346,10.555833735058739,10.304434264941282,84.25,46.263827863286586,28.24483498974493,18.0,30.0,21.0,424.0,1292.0,38.49761904761905,1486.0,1290.0,136.0,424.0,182.0,33.5433886148925,16.6852686573156,2.157647418265978,3.8356926683425128,-2.22
46.0,50.0,4.333333333333334,2.2777777777777777,116.0,4.698377302757664,4.697102672463695,4.433333333333334,9.517259799806402,10.546584519776388,7.358797096569131,7.4504171638263985,69.515625,33.80853301897275,20.60112615949154,10.0,16.0,16.0,117.0,245.0,22.71666666666666,440.0,408.0,44.0,186.0,84.0,23.465052101041955,11.908678249899133,2.242837900336234,2.3198475089677144,-2.19
14.0,12.0,2.75,1.5,26.0,2.414213562373095,2.1547005383792515,2.333333333333333,3.885618083164127,4.121320343559642,2.8284271247461903,2.568914100752347,32.0,10.12899020449196,4.82842712474619,2.0,2.0,3.0,20.0,35.0,6.416666666666666,60.0,44.0,8.0,20.0,12.0,9.915316149982342,5.464101615137754,1.7320508075688772,2.19060968716425,-2.03
108.0,122.0,10.569444444444443,4.888888888888888,308.0,10.107720241012565,10.09368921132493,9.371428571428574,20.543880103065334,23.765770642681282,16.305761579014344,16.60158936533573,160.65147222222225,80.64306723471277,51.94121891491147,28.0,64.0,42.0,1093.0,3923.0,74.229797979798,4104.0,3820.0,268.0,1456.0,456.0,52.384205544830685,25.497553971756936,2.4057378454062004,2.677557459498835,-4.19
128.0,150.0,8.590277777777777,5.111111111111112,346.0,11.359191910946029,11.824734376364136,10.819047619047623,24.919753097312377,27.27597130943692,18.8569417632281,19.83775152807108,201.24761111111115,93.6905104487839,58.7652209236852,24.0,46.0,48.0,1293.0,4540.0,88.31201298701299,5378.0,5568.0,374.0,2143.0,632.0,59.96923643656211,30.523941358008543,2.45192022917202,1.6890516573612375,-4.445
108.0,133.0,4.527777777777778,4.083333333333333,278.0,9.343336592900531,10.027198506782844,9.200000000000001,21.70439258069061,22.319666347656508,15.423098298725943,16.752607088990608,191.71875,77.26152185981933,46.75860150508713,10.0,12.0,39.0,620.0,1729.0,66.16349206349206,2786.0,3120.0,188.0,1460.0,432.0,49.4575246646174,26.027689275187345,2.5199198286177764,1.5745718404958706,-6.2
118.0,148.0,6.090277777777777,4.152777777777778,328.0,9.593172145670252,10.26930635333735,9.238095238095239,22.272509560391953,23.82637372613893,16.35617461765403,17.76139879362978,194.33087037037035,85.65402962759181,54.4685547570716,20.0,32.0,46.0,724.0,2154.0,71.70039682539682,3197.0,3512.0,197.0,1536.0,453.0,52.510087141661465,26.500693861621603,2.5767042469412296,1.5650034351283706,-3.955
102.0,125.0,6.027777777777777,4.277777777777779,264.0,9.236382105218448,9.67115627993646,9.0,20.5738393347173,21.47316487933661,14.784941202760692,15.82266393138351,182.484375,73.25742723346862,44.46461113496085,10.0,14.0,37.0,587.0,1501.0,66.31190476190476,2478.0,2601.0,184.0,1058.0,368.0,47.93561234857994,25.175643155940374,2.4976804826051064,1.9190089870016398,-4.706
18.0,19.0,1.6111111111111112,0.9166666666666666,44.0,1.893846850117352,1.8944271909999157,1.8,3.825617198010981,4.195941990698567,2.9378169244873686,2.9634069008560617,27.375,13.201807335842547,7.8863495173726745,4.0,6.0,6.0,8.0,10.0,5.0,30.0,27.0,4.0,8.0,5.0,10.71922334838327,4.962388608184032,2.170086486626034,2.171098317873574,-0.59
110.0,129.0,6.527777777777777,4.611111111111111,280.0,10.147867045540842,10.605129116855034,9.833333333333336,22.396035182486024,23.670308876734328,16.42986490843461,17.375914046804663,183.6875,79.48347123209933,48.159669648221225,16.0,22.0,39.0,857.0,2612.0,73.59484126984127,3599.0,3760.0,267.0,1424.0,461.0,52.45317814760184,27.23870382950112,2.4402307695744216,1.7487645585807101,-3.796
28.0,27.0,4.111111111111111,2.166666666666667,62.0,3.808060412490447,3.549127729379167,3.633333333333333,6.7112352811751075,7.317262334258209,5.059137268047012,4.825214220421861,51.375,20.50237041558832,11.300563079745771,6.0,8.0,8.0,75.0,165.0,14.316666666666666,244.0,195.0,30.0,75.0,42.0,16.96691976501489,8.828427124746192,2.0,2.919612641438553,-1.46
48.0,54.0,4.944444444444445,2.2222222222222223,128.0,4.609060905280622,4.605350962927558,4.266666666666667,9.38328520359084,10.701285058155639,7.427746781790429,7.559806963567577,68.28125,35.55659711676804,22.601126159491542,12.0,20.0,18.0,110.0,215.0,23.283333333333328,408.0,372.0,36.0,184.0,84.0,23.68912002651698,11.643052181853584,2.307250371348216,2.48726564121395,-2.67
28.0,27.0,4.111111111111111,2.166666666666667,62.0,3.808060412490447,3.549127729379167,3.633333333333333,6.7112352811751075,7.317262334258209,5.059137268047012,4.825214220421861,51.375,20.502370415588317,11.30056307974577,6.0,8.0,8.0,76.0,170.0,14.266666666666667,248.0,199.0,28.0,76.0,42.0,16.9667011599727,9.409260218956907,1.9890437907365472,2.862065598305084,-1.34
30.0,31.0,2.361111111111111,1.6666666666666665,68.0,3.393846850117352,3.3944271909999157,3.3,6.825617198010981,7.195941990698567,5.059137268047012,5.084727244415705,51.375,21.68708871008112,12.128990204491961,4.0,6.0,9.0,42.0,71.0,12.916666666666666,163.0,157.0,11.0,78.0,36.0,16.18960238097852,8.720566232730448,2.1010029896154583,2.1229179499593664,-0.41
62.0,73.0,3.9444444444444446,2.6666666666666665,158.0,5.787693700234704,6.013599253391422,5.6000000000000005,12.651234396021962,13.391883981397136,9.289847411347834,9.790517106868396,104.921875,44.788390982535326,27.086407533730114,8.0,12.0,22.0,176.0,370.0,31.999999999999996,728.0,747.0,60.0,366.0,142.0,29.78192684604237,15.561027538062051,2.390256884515513,2.0526389992771588,-4.678999999999999
94.0,111.0,7.819444444444445,3.430555555555556,282.0,7.716162047958508,7.9528097724096245,7.071428571428572,16.687300568154434,19.58919028312105,13.427805631411442,14.007085288214688,129.65610185185184,70.41983374430717,47.039001472833874,26.0,60.0,39.0,460.0,1189.0,54.71190476190476,1826.0,1792.0,154.0,838.0,292.0,42.501457308184214,19.655123841379293,2.4935350489607973,2.1765654202809763,-2.63
68.0,83.0,2.4444444444444446,2.583333333333333,172.0,5.949489742783179,6.4080264443913375,5.9,13.878775382679628,14.123724356957947,9.778174593052025,10.632603664164819,122.171875,48.503365337872744,28.97275705110279,6.0,6.0,24.0,166.0,332.0,33.400000000000006,756.0,857.0,52.0,369.0,143.0,31.393757154430844,16.618915971652278,2.470837415547159,1.844710232813927,-3.96
36.0,35.0,4.611111111111111,2.6666666666666665,78.0,4.8080604124904465,4.549127729379167,4.633333333333333,8.711235281175107,9.317262334258208,6.473350830420108,6.239427782794957,67.375,26.159224665080693,14.12899020449196,6.0,8.0,10.0,153.0,423.0,19.88690476190476,522.0,441.0,44.0,153.0,72.0,21.525871791866038,11.937511186490088,2.006593618346017,2.8861627976234385,-1.28
68.0,74.0,6.194444444444445,3.5833333333333335,168.0,7.151397005390978,7.126836493378832,6.833333333333334,14.415627861865717,15.636928681914725,10.825381317280574,11.021987574353727,110.75,49.680631154722406,29.774893337370994,16.0,20.0,23.0,384.0,1077.0,41.10714285714286,1437.0,1329.0,117.0,544.0,204.0,35.08682195332648,17.865904429701043,2.307201990043687,2.4290572267592476,-2.084
120.0,151.0,3.8888888888888893,4.194444444444444,312.0,9.915816237971965,10.829873988246623,9.833333333333336,23.797958971132708,24.206207261596575,16.68748194683798,18.411190227214746,215.734375,85.55298743769823,52.059164584832885,10.0,10.0,44.0,680.0,1868.0,73.68015873015872,3182.0,3712.0,198.0,1887.0,508.0,53.48575874674537,28.221997639072956,2.574747599760904,1.4872267841534483,-8.699
6.0,4.0,2.25,1.0,10.0,1.414213562373095,1.1547005383792517,1.3333333333333333,1.885618083164127,2.1213203435596424,1.4142135623730951,1.1547005383792517,16.0,4.47213595499958,2.0,2.0,2.0,1.0,4.0,5.0,2.5,10.0,6.0,2.0,4.0,2.0,5.356367113217143,2.8284271247461907,1.4142135623730954,1.6329931618554523,-1.09
18.0,16.0,3.0,1.75,34.0,2.914213562373095,2.6547005383792515,2.833333333333333,4.885618083164127,5.121320343559642,3.5355339059327378,3.2760208819388943,40.0,12.95741732923815,6.242640687119285,2.0,2.0,4.0,35.0,70.0,8.7,110.0,85.0,12.0,35.0,20.0,12.194901425440477,6.987918414869869,1.8019377358048385,2.3390923149762908,-1.99
314.0,390.0,18.548611111111104,11.15972222222222,884.0,25.59002995379477,27.16697753373132,24.359523809523797,58.52968464574968,63.80903776533091,43.8206944291781,47.20758638405606,495.4950740740741,229.3850483818321,147.6961349268093,64.0,104.0,124.0,14382.0,110467.0,276.04780172626215,63715.0,70459.0,1773.0,25203.0,3485.0,140.2036475903063,69.31593703711859,2.67610466238257,0.8217406967633578,-5.292999999999999
16.0,14.0,3.361111111111111,1.3333333333333333,38.0,2.270055610029662,2.0245638646895836,2.0666666666666664,3.6546557462642113,4.390681974697982,3.0472067242285474,2.766160500804204,22.75,12.16617457330054,7.23606797749979,6.0,10.0,5.0,18.0,28.0,6.666666666666666,52.0,36.0,10.0,18.0,12.0,10.118119614388581,5.226251859505506,1.8477590650225744,2.5395388613593908,-2.73
56.0,65.0,3.0833333333333335,2.4722222222222223,138.0,5.377010097711745,5.605350962927558,5.2666666666666675,11.785208992237523,12.237183443017882,8.51379094493999,8.97402052594067,98.15625,40.211899759993855,23.672193971357018,6.0,8.0,19.0,140.0,285.0,27.849999999999998,590.0,618.0,48.0,300.0,118.0,27.278488539440637,14.495357090321049,2.3513651263243576,1.9931760493394233,-2.42
50.0,57.0,2.2222222222222223,2.2777777777777777,118.0,4.966326495188786,5.1971026724636955,4.933333333333334,10.919183588453086,11.082482904638631,7.737734478532144,8.157523945012947,91.390625,35.635408537452385,20.257980408983922,4.0,4.0,16.0,109.0,215.0,23.9,470.0,505.0,32.0,243.0,96.0,24.775053529229787,13.683238505927559,2.3027756377319952,1.9253677344386608,-4.37
134.0,165.0,7.090277777777777,5.180555555555555,360.0,11.609027463715751,12.27798784091881,11.257142857142858,26.287870077013718,27.782678687919336,19.154343591764622,20.57658368049052,226.37824999999998,96.9043042130705,60.13202842516205,22.0,30.0,50.0,1164.0,3627.0,92.86468253968255,5009.0,5364.0,415.0,1947.0,649.0,61.64119918208651,31.681947787942697,2.6068179965706886,1.6399812661384074,-2.9
42.0,45.0,4.083333333333334,2.0,108.0,4.1815405503520555,4.183281572999747,3.9,8.476851594032942,9.587825972095702,6.692130429902464,6.768900359008543,58.125,31.12014063328907,19.41640786499874,12.0,18.0,15.0,84.0,159.0,19.5,315.0,291.0,27.0,144.0,66.0,21.17608116869581,10.128990204491958,2.23606797749979,2.3408516164378748,-5.6
78.0,89.0,7.756944444444443,3.680555555555556,218.0,7.414832660707777,7.379223563698315,6.9,15.011100904829993,17.12050610483515,11.719916291766427,12.006083802026426,115.27662037037037,58.01152017767962,37.32402711749647,22.0,40.0,30.0,434.0,1205.0,46.81666666666666,1622.0,1498.0,150.0,599.0,234.0,38.0456943402395,19.09413746461609,2.371268757848956,2.5944732171115064,-5.72
42.0,45.0,4.083333333333334,2.0,108.0,4.1815405503520555,4.183281572999747,3.9,8.476851594032942,9.587825972095702,6.692130429902464,6.768900359008543,58.125,31.12014063328907,19.41640786499874,12.0,18.0,15.0,84.0,159.0,19.5,315.0,291.0,27.0,144.0,66.0,21.17608116869581,10.128990204491958,2.23606797749979,2.3408516164378748,-2.436
54.0,60.0,4.833333333333334,2.9444444444444446,132.0,5.774386907679233,5.746230401842863,5.566666666666667,11.630418869628192,12.399745238896841,8.55423105945987,8.740097478315521,94.765625,39.16721620456355,23.07326211449112,10.0,12.0,18.0,204.0,502.0,29.602380952380955,764.0,706.0,60.0,308.0,126.0,28.04457604501632,14.962536357309443,2.2879405664938606,2.331222362463341,-1.56
74.0,89.0,7.506944444444445,3.4583333333333335,210.0,6.946430083367842,6.908346360681002,6.457142857142857,14.104158646371763,16.008394853340068,10.968722046048173,11.270336978388121,114.347,54.77022445994341,35.33741695893259,20.0,32.0,29.0,326.0,770.0,44.25952380952381,1197.0,1081.0,141.0,470.0,204.0,35.810811668119484,17.365861071671,2.4880333732272635,2.9230202336086046,-1.7080000000000002
94.0,117.0,3.166666666666667,3.388888888888889,242.0,7.932652990377571,8.61895021631898,7.866666666666667,18.83836717690617,19.16496580927726,13.232828269945001,14.521896945689782,168.953125,67.02817638778548,40.51596081796785,8.0,8.0,34.0,362.0,845.0,52.60952380952381,1676.0,1933.0,112.0,1008.0,308.0,42.39611189601494,22.505459381157138,2.532088886237957,1.6706371262404471,-6.176
28.0,27.0,4.111111111111111,2.166666666666667,62.0,3.808060412490447,3.549127729379167,3.633333333333333,6.7112352811751075,7.317262334258209,5.059137268047012,4.825214220421861,51.375,20.50237041558832,11.300563079745771,6.0,8.0,8.0,75.0,165.0,14.316666666666666,244.0,195.0,30.0,75.0,42.0,16.96691976501489,8.828427124746192,2.0,2.919612641438553,-0.43
84.0,98.0,6.256944444444444,3.430555555555556,232.0,7.504837182553321,7.733204512900523,7.085714285714285,16.163582653328085,17.983527850418458,12.414942338991043,12.959461369321364,128.09599074074075,61.86964877711493,39.26187732211608,18.0,36.0,32.0,436.0,1234.0,47.70238095238095,1770.0,1786.0,144.0,605.0,244.0,39.650113576460896,19.82151125158727,2.428634796240933,1.898973283735089,-2.338
26.0,24.0,3.5,2.25,50.0,3.914213562373095,3.6547005383792515,3.833333333333333,6.885618083164127,7.121320343559642,4.949747468305834,4.69023444431199,56.0,18.61427157873053,9.071067811865476,2.0,2.0,6.0,84.0,210.0,13.742857142857144,280.0,231.0,24.0,84.0,42.0,16.754072029940975,9.517540966287266,1.8793852415718166,2.53006045688352,-0.42
70.0,84.0,7.777777777777777,3.1111111111111116,196.0,6.374785217660715,6.357738033247042,5.833333333333333,13.062177826491073,15.082903768654763,10.38214273316075,10.665223534799917,103.359375,51.83442843101364,33.798989873223334,14.0,28.0,28.0,268.0,604.0,39.96666666666667,980.0,880.0,104.0,412.0,176.0,33.499177132113246,16.405058200442824,2.446581663345544,2.8611074059541792,-5.82
126.0,160.0,7.041666666666666,4.305555555555555,366.0,9.949160848322622,10.616987008891943,9.476190476190476,23.015009342082323,25.13713911392279,17.17986113684094,18.635210722159087,201.56799074074075,92.15843855850649,59.94901274117579,26.0,46.0,51.0,802.0,2370.0,78.10992063492063,3504.0,3807.0,234.0,1683.0,498.0,55.25896020616456,27.395456184271854,2.609083444288161,1.623132939890071,-4.402
100.0,118.0,8.229166666666664,4.111111111111111,280.0,8.841553820740987,9.060443859053887,8.285714285714285,18.923174447554626,21.274769302737777,14.614301076108815,15.262884664790072,153.2476111111111,73.79621610090699,47.400162741693464,22.0,44.0,39.0,684.0,2091.0,62.12619047619047,2711.0,2663.0,207.0,965.0,349.0,46.93571191804223,23.180164170102753,2.455589090302986,2.019571686846881,-4.047
50.0,57.0,2.2222222222222223,2.2777777777777777,118.0,4.966326495188786,5.1971026724636955,4.933333333333334,10.919183588453086,11.082482904638631,7.737734478532144,8.157523945012947,91.390625,35.635408537452385,20.257980408983922,4.0,4.0,16.0,109.0,215.0,23.9,470.0,505.0,32.0,243.0,96.0,24.775053529229787,13.683238505927559,2.3027756377319952,1.9253677344386608,-1.3
62.0,71.0,6.305555555555555,3.0000000000000004,164.0,6.0577493102643665,6.038163118081005,5.666666666666667,12.305890142286176,13.782565956095118,9.50862701083019,9.728250482926413,95.671875,45.6408570568511,28.665621261737524,14.0,22.0,23.0,240.0,579.0,34.35952380952381,891.0,815.0,83.0,362.0,150.0,30.76087420702084,15.751345697344771,2.350114852556857,2.5265278986530766,-1.24
116.0,135.0,6.868055555555555,4.777777777777778,306.0,10.566298692132577,11.022058894900356,10.185714285714287,23.2053711804765,24.897291652996564,17.246211299218867,18.179168389846943,186.33499537037036,84.48907617093612,52.0187084321565,22.0,36.0,42.0,1000.0,3189.0,77.45873015873016,4222.0,4444.0,326.0,1307.0,488.0,55.136840134504965,27.86066670648256,2.4519615062489075,1.7081652265963627,-1.8
58.0,67.0,3.6944444444444446,2.3611111111111107,150.0,5.25402019542349,5.485957054463528,5.033333333333334,11.570417984475048,12.474366886035765,8.663620859201048,9.134590278419235,90.140625,42.24003333591414,26.131184507117606,12.0,16.0,21.0,143.0,302.0,27.799999999999997,595.0,613.0,43.0,241.0,105.0,27.569593198114653,13.899856008705228,2.3862022299039904,1.9708993906097838,-2.8310000000000004
100.0,121.0,8.749999999999998,4.138888888888889,274.0,8.8411117128495,9.054840705710737,8.266666666666666,18.981361414944153,21.165386673293394,14.584343305760154,15.287213573880125,154.75,73.32770134473509,46.985902470341784,18.0,32.0,39.0,638.0,1806.0,63.83968253968254,2528.0,2484.0,226.0,1062.0,368.0,46.85713743520098,23.525273471290472,2.4850018389895374,2.171601691137987,-7.92
48.0,54.0,4.944444444444445,2.222222222222222,128.0,4.609060905280622,4.605350962927558,4.2666666666666675,9.38328520359084,10.701285058155639,7.427746781790429,7.559806963567577,68.28125,35.55659711676804,22.60112615949154,12.0,20.0,18.0,110.0,215.0,23.28333333333333,408.0,372.0,36.0,184.0,84.0,23.68912002651699,11.643052181853582,2.3072503713482164,2.4872656412139507,-1.25
14.0,12.0,2.75,1.5,26.0,2.414213562373095,2.1547005383792515,2.333333333333333,3.885618083164127,4.121320343559642,2.8284271247461903,2.568914100752347,32.0,10.12899020449196,4.82842712474619,2.0,2.0,3.0,20.0,35.0,6.416666666666666,60.0,44.0,8.0,20.0,12.0,9.915316149982342,5.464101615137754,1.7320508075688772,2.19060968716425,-1.62
36.0,38.0,3.2222222222222223,1.8333333333333333,88.0,3.787693700234704,3.7888543819998315,3.5999999999999996,7.6512343960219615,8.391883981397134,5.875633848974738,5.926813801712124,54.75,26.40361467168509,15.772699034745349,8.0,12.0,12.0,61.0,110.0,16.083333333333332,232.0,218.0,16.0,108.0,50.0,18.68272477800247,9.431147620289327,2.175327747161074,2.2306376583301173,-2.67
36.0,38.0,3.2222222222222223,1.8333333333333333,88.0,3.787693700234704,3.7888543819998315,3.6,7.6512343960219615,8.391883981397134,5.875633848974738,5.926813801712124,54.75,26.403614671685094,15.77269903474535,8.0,12.0,12.0,62.0,115.0,16.03333333333333,236.0,222.0,12.0,110.0,50.0,18.68250312825291,9.92477721636806,2.170086486626033,2.1923771580194713,-3.63
22.0,21.0,4.222222222222222,1.4444444444444442,58.0,2.6427344100918364,2.408248290463863,2.333333333333333,4.464101615137754,5.618802153517007,3.932652990377571,3.644923705673916,24.890625,16.891751327792804,10.82842712474619,8.0,16.0,8.0,29.0,47.0,9.333333333333332,86.0,61.0,16.0,29.0,20.0,12.61055265179775,6.0,2.0,2.9934972434784735,-3.65
10.0,8.0,2.5,1.25,18.0,1.914213562373095,1.6547005383792515,1.833333333333333,2.885618083164127,3.121320343559642,2.121320343559643,1.8618073195657994,24.0,7.3005630797457695,3.414213562373095,2.0,2.0,2.0,10.0,15.0,4.333333333333333,28.0,19.0,4.0,10.0,6.0,7.635733837560585,4.47213595499958,1.6180339887498951,1.9747448713915894,-1.94
94.0,112.0,7.8888888888888875,3.9166666666666674,254.0,8.413591357920934,8.632771315782927,7.8999999999999995,18.07492780538626,20.051927587233457,13.84872695387219,14.496306969321093,144.59375,68.89124486125611,43.80118417584898,18.0,30.0,36.0,559.0,1550.0,58.352380952380955,2228.0,2203.0,198.0,936.0,330.0,44.34315212116106,22.617664320247194,2.4482123768465813,2.107971268291415,-7.68
36.0,38.0,3.2222222222222223,1.8333333333333333,88.0,3.787693700234704,3.7888543819998315,3.5999999999999996,7.6512343960219615,8.391883981397134,5.875633848974738,5.926813801712124,54.75,26.40361467168509,15.772699034745349,8.0,12.0,12.0,61.0,110.0,16.083333333333332,232.0,218.0,16.0,108.0,50.0,18.68272477800247,9.431147620289327,2.175327747161074,2.2306376583301173,-1.155
38.0,40.0,6.125,1.5625,134.0,3.25,3.036834963593021,2.65,5.8,8.5,5.808524858402426,5.513605419233339,33.185185185185176,30.395488003198345,22.242640687119284,18.0,54.0,18.0,58.0,97.0,16.0,176.0,127.0,36.0,58.0,42.0,18.053158422038717,7.211102550927979,2.3027756377319957,4.020391543176799,-3.04
10.0,8.0,2.5,1.25,18.0,1.914213562373095,1.6547005383792515,1.833333333333333,2.885618083164127,3.121320343559642,2.121320343559643,1.8618073195657994,24.0,7.3005630797457695,3.414213562373095,2.0,2.0,2.0,10.0,15.0,4.333333333333333,28.0,19.0,4.0,10.0,6.0,7.635733837560585,4.47213595499958,1.6180339887498951,1.9747448713915894,0.28
90.0,104.0,6.666666666666666,4.027777777777778,230.0,8.592224152875016,8.8162747348552,8.233333333333334,18.34287699781738,19.742526510474953,13.710827583429596,14.277527369838738,147.0625,65.39511666566554,39.801184175848974,14.0,22.0,32.0,581.0,1671.0,57.06349206349206,2342.0,2347.0,212.0,895.0,330.0,43.89520306167126,22.559277577216093,2.3961966221743802,2.0234630574331156,-6.51
50.0,56.0,4.583333333333334,2.6388888888888893,124.0,5.253218857624056,5.235487636617226,5.033333333333333,10.614247540490755,11.4319234270173,7.91607396349462,8.069667344702266,85.53125,36.347839872705656,21.607698869111037,8.0,12.0,17.0,150.0,322.0,26.416666666666664,561.0,517.0,61.0,228.0,104.0,25.764993759646565,13.625118400082526,2.2882456112707366,2.4429726284560433,-1.96
126.0,160.0,7.041666666666666,4.305555555555555,366.0,9.949160848322624,10.616987008891943,9.476190476190478,23.01500934208232,25.137139113922785,17.179861136840945,18.635210722159087,201.56799074074075,92.15843855850649,59.94901274117579,26.0,46.0,51.0,802.0,2370.0,78.10992063492063,3504.0,3807.0,234.0,1683.0,498.0,55.25896020616459,27.395456184271872,2.609083444288162,1.6231329398900707,-4.12
108.0,139.0,7.791666666666666,3.645833333333333,328.0,8.293347869917856,8.72843255293071,7.68809523809524,18.807981718203084,21.38457279619828,14.558258265203765,15.66401729655816,163.0235787037037,79.85767776554219,53.67998779762131,26.0,50.0,46.0,542.0,1469.0,60.11904761904762,2266.0,2346.0,202.0,798.0,335.0,48.65526889983594,21.90851568531172,2.7581397906596083,1.810065824217435,-4.8
138.0,178.0,4.111111111111111,4.527777777777776,366.0,10.915816237971967,12.054618859638213,10.83333333333334,26.79795897113271,27.206207261596575,18.68748194683798,20.86067996999793,249.90625,98.28090949905611,60.54444595907147,10.0,10.0,52.0,815.0,2148.0,88.04285714285714,3894.0,4637.0,224.0,2571.0,644.0,60.02824843959836,31.4250653517425,2.6385735788784657,1.4748519531131266,-9.018
82.0,95.0,8.527777777777777,3.88888888888889,220.0,7.879116515310286,7.854659699008732,7.333333333333333,16.037940949855052,18.09196703285362,12.474953506018977,12.775457207154961,125.203125,60.45069375142642,38.322475511229904,18.0,30.0,31.0,486.0,1300.0,52.054761904761904,1795.0,1635.0,167.0,694.0,266.0,40.32646896477129,20.064146381661164,2.4166397881336334,2.818265702995563,-3.38
72.0,87.0,5.055555555555555,3.2777777777777777,186.0,6.774386907679233,6.970975273234452,6.566666666666667,14.630418869628194,15.399745238896841,10.554231059459871,11.189587221098702,128.9375,51.89513826592141,31.558543488729693,10.0,12.0,26.0,272.0,628.0,40.28333333333333,1093.0,1084.0,97.0,427.0,181.0,34.67300001754836,18.22099582725606,2.4619875368869186,2.1128324557294746,-1.899
20.0,19.0,3.611111111111111,1.6666666666666667,46.0,2.808060412490447,2.5491277293791677,2.6333333333333333,4.7112352811751075,5.317262334258209,3.644923705673916,3.4110006580487657,35.375,14.845516166095939,8.47213595499958,6.0,8.0,6.0,31.0,54.0,9.083333333333332,94.0,69.0,16.0,31.0,20.0,12.407305943380177,6.898979485566356,1.9318516525781362,2.7541847860376616,1.12
40.0,44.0,3.4722222222222223,2.1944444444444446,96.0,4.3425352551010965,4.3272393461533625,4.199999999999999,8.748222136706316,9.277222888638047,6.432910715900227,6.5460639825879925,70.765625,28.942921525417994,16.77927174436485,6.0,8.0,13.0,86.0,167.0,19.28333333333333,325.0,303.0,33.0,142.0,66.0,20.982204647916753,11.203557775951705,2.2215832939527687,2.29725588417896,-1.96
86.0,97.0,8.256944444444443,4.180555555555555,234.0,8.414832660707775,8.379223563698316,7.900000000000001,17.01110090482999,19.120506104835147,13.134129854139523,13.420297364399522,131.27662037037038,63.668374427172004,40.152454242242655,22.0,40.0,32.0,612.0,1852.0,55.19603174603174,2298.0,2136.0,198.0,807.0,300.0,42.60576995021482,20.97101728474137,2.377460703770075,2.622256536550038,-5.67
82.0,99.0,3.805555555555556,3.2777777777777777,208.0,7.360173345306137,7.8162747348552015,7.233333333333333,16.74480078646407,17.278424895337196,11.968444621832965,12.86331380746564,144.9375,58.7367108099066,35.215397738222066,8.0,10.0,29.0,326.0,791.0,45.769047619047626,1433.0,1569.0,93.0,750.0,248.0,38.36788785334156,20.26483098841392,2.4599541137450185,1.7601959850462248,-5.89
72.0,85.0,5.055555555555555,3.1111111111111116,186.0,6.698377302757664,6.921847543855284,6.433333333333334,14.517259799806402,15.546584519776387,10.773010658942228,11.314120468982672,119.6875,52.193309329822995,31.914834658476305,10.0,16.0,26.0,284.0,692.0,39.70952380952381,1158.0,1172.0,110.0,414.0,184.0,34.654723353101836,17.688004980879768,2.4309439331946106,2.0048952245091862,0.715
18.0,16.0,3.0,1.75,34.0,2.914213562373095,2.6547005383792515,2.833333333333333,4.885618083164127,5.121320343559642,3.5355339059327378,3.2760208819388943,40.0,12.95741732923815,6.242640687119285,2.0,2.0,4.0,35.0,70.0,8.7,110.0,85.0,12.0,35.0,20.0,12.194901425440477,6.987918414869869,1.8019377358048385,2.3390923149762908,-0.99
56.0,64.0,3.0833333333333335,2.444444444444444,138.0,5.360173345306138,5.591529863463611,5.233333333333334,11.744800786464067,12.2784248953372,8.55423105945987,8.999610502309366,94.765625,40.351934499056355,23.90168923923731,8.0,10.0,19.0,144.0,305.0,27.633333333333333,608.0,638.0,44.0,308.0,118.0,27.26819170318507,14.426920504436183,2.333243827884395,1.9323192636083937,-0.8540000000000001
58.0,63.0,5.083333333333334,3.1666666666666665,140.0,6.257550155273625,6.232409302378916,6.033333333333334,12.590010663854734,13.440986691216155,9.3017779551663,9.472794235870763,99.375,42.13567806837224,24.71697094474451,12.0,14.0,19.0,260.0,680.0,33.077380952380956,975.0,903.0,79.0,380.0,150.0,30.314554176135907,15.470532353366611,2.2834885030097114,2.3296877121380613,-4.55
22.0,21.0,4.222222222222222,1.4444444444444442,58.0,2.6427344100918364,2.408248290463863,2.333333333333333,4.464101615137754,5.618802153517007,3.932652990377571,3.644923705673916,24.890625,16.891751327792804,10.82842712474619,8.0,16.0,8.0,29.0,47.0,9.333333333333332,86.0,61.0,16.0,29.0,20.0,12.61055265179775,6.0,2.0,2.9934972434784735,1.11
66.0,74.0,6.555555555555555,3.2222222222222228,172.0,6.540912557858761,6.524342018617058,6.133333333333333,13.265481936512717,14.823807408414435,10.25617390653662,10.460947240481653,100.28125,48.609318920659796,30.309330091990912,16.0,24.0,24.0,296.0,738.0,38.16666666666667,1098.0,1004.0,102.0,437.0,176.0,33.03017507095701,16.8016018239756,2.3383610424539,2.5643318846183374,-2.676
2.0,1.0,2.0,1.0,2.0,1.0,0.7071067811865475,1.0,1.0,1.0,0.0,0.0,0.0,1.4142135623730951,0.0,0.0,0.0,0.0,1.0,1.0,1.0,2.0,1.0,0.0,1.0,0.0,3.0861612696304874,2.0,1.0,1.0,-0.4
28.0,26.0,4.5625,1.625,84.0,3.0606601717798214,2.827239346153363,2.6999999999999997,5.2856180831641275,6.871320343559642,4.719396554912959,4.42474363902835,31.111111111111107,21.905947934098542,14.576491222541476,12.0,32.0,11.0,46.0,84.0,12.083333333333334,142.0,106.0,24.0,46.0,30.0,15.103441111348037,6.720566232730448,2.1010029896154587,3.154490065368808,-0.5
68.0,81.0,6.645833333333334,3.333333333333333,190.0,6.563714582173599,6.515980447325265,6.171428571428572,13.267982603356224,14.80995114905936,10.104445222197914,10.404816011403861,109.773,50.15387307210602,31.894143343636987,18.0,28.0,26.0,276.0,644.0,39.44285714285714,1016.0,920.0,116.0,406.0,176.0,33.306664529069394,16.606223909981825,2.455114328802618,2.7987408856573444,-1.614
48.0,55.0,4.944444444444445,2.25,128.0,4.625897657686229,4.619172062391505,4.300000000000001,9.423693409364297,10.660043605836323,7.387306667270548,7.534216987198883,71.671875,35.41656237770554,22.371630891611247,10.0,18.0,18.0,109.0,211.0,23.366666666666664,404.0,368.0,40.0,182.0,84.0,23.698958119126985,12.250296206660074,2.3180135147325043,2.515835979311492,-2.67
34.0,36.0,2.611111111111111,2.0,76.0,3.931851652578137,3.9189910556894993,3.8666666666666667,7.8821967329218765,8.122522350258794,5.6568542494923815,5.729567401660267,64.0,24.366430302876523,13.365058181991753,4.0,4.0,10.0,64.0,122.0,15.783333333333333,246.0,234.0,22.0,109.0,50.0,18.47902253715965,10.424292428609817,2.1357792050698574,2.1250162554146717,-1.85
112.0,131.0,8.979166666666666,4.833333333333332,304.0,10.335259654371201,10.553242969527222,9.757142857142858,21.89731594588726,24.26079886673837,16.784494918138446,17.419987156520794,172.71737037037036,82.30371518008423,51.83418785088223,26.0,42.0,42.0,978.0,3053.0,77.6861111111111,3880.0,3823.0,348.0,1395.0,494.0,53.69520423234213,26.801618420886545,2.4870429611325973,2.1825426899672355,-4.53
150.0,191.0,9.513888888888888,5.652777777777778,430.0,12.369193027609146,12.996432418662783,11.80952380952381,27.889257767726217,30.244440893801166,20.5849859908772,22.239401003321518,249.35387037037037,109.40428802801276,70.58999906596324,30.0,48.0,60.0,1436.0,4804.0,106.4762987012987,6061.0,6350.0,399.0,2758.0,753.0,67.1364323298261,33.68532315762735,2.64713272342988,1.66610223466881,-3.85
102.0,114.0,7.416666666666666,4.777777777777778,254.0,10.07971869811898,10.299375301152944,9.700000000000001,21.278231915407904,22.79283122699313,15.844078470807705,16.413351018562466,165.515625,74.15141672514082,44.55416508173584,20.0,26.0,35.0,1118.0,4702.0,66.38615551115552,4510.0,4526.0,220.0,1682.0,450.0,50.71174222311119,26.655738782733295,2.301067057748698,1.630007794899395,-4.16
40.0,43.0,3.4722222222222223,2.166666666666667,96.0,4.325698502695489,4.313418246689415,4.166666666666666,8.707813930932858,9.31846434095736,6.473350830420108,6.571653958956686,67.375,29.082956264480494,17.00876701224514,8.0,10.0,13.0,90.0,187.0,19.066666666666666,341.0,319.0,25.0,150.0,66.0,20.971923394025076,11.18995723015805,2.193993277712657,2.1804017457062086,-3.11
26.0,24.0,4.472222222222222,1.6666666666666665,66.0,3.1258976576862296,2.8944271909999157,2.8,5.423693409364296,6.6600436058363215,4.680199886083999,4.377620463229157,29.5,19.860213191601495,12.47213595499958,10.0,18.0,9.0,48.0,91.0,11.833333333333332,150.0,114.0,22.0,48.0,30.0,14.880758495384406,6.828427124746191,2.0,2.9532231745612925,-2.24
56.0,62.0,5.444444444444445,2.7222222222222223,144.0,5.609060905280622,5.605350962927558,5.266666666666667,11.383285203590841,12.701285058155639,8.841960344163525,8.974020525940672,84.28125,41.21345136626042,25.42955328423773,12.0,20.0,20.0,197.0,464.0,30.01666666666667,736.0,678.0,64.0,296.0,126.0,28.24737953647457,14.379234304588454,2.288245611270738,2.4023934800659252,-2.29
82.0,88.0,8.875,4.75,222.0,8.949747468305834,8.653318010541598,8.466666666666667,17.028090415820632,19.106601717798213,13.045759306553641,13.000214587927115,132.74074074074073,60.99386163970911,37.458947335248844,22.0,46.0,29.0,792.0,2754.0,56.09126984126984,2826.0,2502.0,222.0,792.0,306.0,43.16835181330558,21.412557190118463,2.2882456112707366,4.2713141258633645,-5.54
70.0,85.0,7.256944444444444,3.208333333333333,202.0,6.446430083367842,6.408346360681004,5.957142857142857,13.104158646371769,15.008394853340068,10.261615264861625,10.563230197201571,106.347,51.941797335197215,33.92320339655951,20.0,32.0,28.0,265.0,591.0,40.166666666666664,970.0,872.0,118.0,395.0,176.0,33.53076136305028,15.923478995226553,2.4827903533041638,2.917523235722026,-2.21
168.0,212.0,11.576388888888886,6.020833333333332,496.0,13.526346670281969,14.181464171412859,12.692857142857147,30.335690492130965,33.93252162700002,23.188628948144107,24.80474296984158,260.4169490740741,123.74555933170456,81.41842619070943,38.0,72.0,69.0,2039.0,7823.0,122.88632478632479,8532.0,8859.0,508.0,3658.0,930.0,74.64039452766677,36.25936101984627,2.6712042003528764,1.6019155608319786,-4.21
56.0,64.0,5.444444444444445,2.8333333333333335,144.0,5.663902460147014,5.64373592708109,5.366666666666667,11.480272944275193,12.58662396539655,8.692130429902464,8.886163925629992,92.296875,40.924331095247126,25.021912431484132,10.0,16.0,20.0,193.0,442.0,30.183333333333334,712.0,645.0,78.0,215.0,115.0,28.356273684593937,14.259255741822003,2.369803310493935,2.5098822160639793,-1.22
36.0,38.0,3.2222222222222223,1.8333333333333333,88.0,3.787693700234704,3.7888543819998315,3.6,7.6512343960219615,8.391883981397134,5.875633848974738,5.926813801712124,54.75,26.403614671685094,15.77269903474535,8.0,12.0,12.0,62.0,115.0,16.03333333333333,236.0,222.0,12.0,110.0,50.0,18.68250312825291,9.92477721636806,2.170086486626033,2.1923771580194713,-1.66
32.0,32.0,4.8125,2.0,92.0,3.6213203435596424,3.3656243103068935,3.3,6.371236166328254,7.742640687119284,5.267584713501615,5.043993819904219,44.74074074074074,24.49104624098025,15.738768882709854,12.0,28.0,12.0,67.0,131.0,15.033333333333335,212.0,163.0,34.0,67.0,42.0,17.402690087274014,8.519258401726837,2.1566393785093454,3.373381552563661,-1.52
20.0,20.0,1.25,1.25,40.0,2.5,2.5,2.5,5.0,5.0,3.5355339059327378,3.5355339059327378,40.0,14.142135623730951,7.0710678118654755,0.0,0.0,5.0,15.0,20.0,7.5,60.0,60.0,0.0,20.0,10.0,11.496186321883666,6.47213595499958,1.9999999999999987,2.083333333333333,-0.82
80.0,86.0,6.944444444444445,4.333333333333332,192.0,8.651397005390978,8.626836493378834,8.333333333333336,17.41562786186572,18.636928681914725,12.946701660840217,13.143307917913368,134.75,58.16591252896097,34.017534024490274,16.0,20.0,26.0,694.0,2417.0,52.22507215007215,2626.0,2464.0,174.0,917.0,300.0,41.9255809327897,21.94291553892365,2.3092704945019737,2.315921687888354,-2.928
90.0,110.0,5.277777777777777,3.388888888888889,240.0,7.664703797946448,8.11895021631898,7.366666666666667,17.436443388259484,18.629067424415016,12.853890887981988,13.814790164503233,147.078125,65.20130086930585,40.859106568475454,14.0,20.0,34.0,429.0,1215.0,48.942857142857136,1836.0,1935.0,132.0,607.0,244.0,41.36944276351781,20.591525261003532,2.561578609212572,1.6344779435234171,-3.1710000000000003
48.0,52.0,4.423611111111111,2.166666666666667,134.0,4.605171715522539,4.614032450509017,4.285714285714286,9.34933511283733,10.80160442340116,7.486214122840505,7.546564725682125,68.9351111111111,35.89412792676572,22.73454147995595,12.0,30.0,18.0,114.0,233.0,23.016666666666666,430.0,400.0,50.0,177.0,84.0,23.688208958851185,11.788656935474512,2.2882456112707374,2.3892139046437464,-3.66
124.0,147.0,7.8888888888888875,5.361111111111112,316.0,11.592224152875016,12.041019606246792,11.233333333333334,25.34287699781738,26.74252651047495,18.539254708175783,19.555444237368096,213.234375,89.43674722600812,53.943319799579896,14.0,22.0,44.0,1257.0,4215.0,88.45079365079366,5200.0,5347.0,390.0,1751.0,607.0,59.647925363347355,31.00448429081991,2.5305756004990174,1.770973360842955,-3.27
168.0,212.0,11.576388888888886,6.020833333333332,496.0,13.526346670281969,14.181464171412859,12.692857142857147,30.335690492130965,33.93252162700002,23.188628948144107,24.80474296984158,260.4169490740741,123.74555933170456,81.41842619070943,38.0,72.0,69.0,2039.0,7823.0,122.88632478632479,8532.0,8859.0,508.0,3658.0,930.0,74.64039452766677,36.25936101984627,2.6712042003528764,1.6019155608319786,-4.37
14.0,12.0,2.75,1.5,26.0,2.414213562373095,2.1547005383792515,2.333333333333333,3.885618083164127,4.121320343559642,2.8284271247461903,2.568914100752347,32.0,10.12899020449196,4.82842712474619,2.0,2.0,3.0,20.0,35.0,6.416666666666666,60.0,44.0,8.0,20.0,12.0,9.915316149982342,5.464101615137754,1.7320508075688772,2.19060968716425,-0.39
26.0,24.0,4.472222222222222,1.6666666666666665,66.0,3.1258976576862296,2.8944271909999157,2.8,5.423693409364296,6.6600436058363215,4.680199886083999,4.377620463229157,29.5,19.860213191601495,12.47213595499958,10.0,18.0,9.0,48.0,91.0,11.833333333333332,150.0,114.0,22.0,48.0,30.0,14.880758495384406,6.828427124746191,2.0,2.9532231745612925,-0.55
30.0,31.0,2.361111111111111,1.6666666666666665,68.0,3.393846850117352,3.3944271909999157,3.3,6.825617198010981,7.195941990698567,5.059137268047012,5.084727244415705,51.375,21.68708871008112,12.128990204491961,4.0,6.0,9.0,42.0,71.0,12.916666666666666,163.0,157.0,11.0,78.0,36.0,16.18960238097852,8.720566232730448,2.1010029896154583,2.1229179499593664,-2.55
54.0,59.0,4.833333333333334,2.861111111111111,132.0,5.736382105218448,5.721666537153279,5.5,11.573839334717297,12.473164879336615,8.663620859201048,8.802364102257508,90.140625,39.31630173651435,23.251407699364428,10.0,14.0,18.0,211.0,543.0,29.310714285714283,798.0,746.0,70.0,307.0,126.0,28.034054653234218,14.591850041640498,2.256020982416854,2.236981996737214,-2.35
134.0,161.0,8.479166666666666,5.930555555555556,350.0,12.591389373510712,13.013697323608561,12.223809523809525,27.291291427255967,28.781476681220187,19.861450372951168,20.951464285515332,234.37824999999998,96.80899973841686,58.666465179781966,20.0,28.0,48.0,1590.0,5794.0,99.39585137085137,6528.0,6657.0,480.0,2148.0,711.0,64.47295144973266,33.62159534140861,2.583835058598355,1.7661939467196983,-5.071000000000001
144.0,180.0,8.652777777777777,5.305555555555555,410.0,11.881012500900757,12.535978064581442,11.342857142857147,26.897206075004195,29.259661464181583,20.00828826158713,21.53635099907316,233.56799074074075,105.21116036239823,67.65721667367515,30.0,50.0,57.0,1392.0,4998.0,97.88702408702409,5928.0,6267.0,348.0,2641.0,698.0,64.60075744783336,32.380297980984196,2.6148971888477024,1.537848861292531,-5.37
156.0,204.0,4.333333333333332,4.83333333333333,420.0,11.898979485566361,13.265542631565856,11.800000000000006,29.757550765359255,30.247448713915887,20.727922061357866,23.3357596891498,280.6875,111.14886629947648,69.25922260119033,12.0,12.0,60.0,1002.0,2697.0,102.21428571428572,4884.0,5934.0,252.0,3438.0,798.0,66.55995045814984,34.57183692053042,2.6751308705666466,1.408840656494787,-9.332
52.0,61.0,2.8333333333333335,2.2222222222222223,130.0,4.877010097711745,5.105350962927558,4.7666666666666675,10.785208992237523,11.237183443017882,7.806684163753442,8.266913744754124,90.15625,37.383472635247664,22.257980408983922,6.0,8.0,18.0,105.0,198.0,24.25,445.0,468.0,37.0,185.0,85.0,25.08371763477965,13.098357873904222,2.3698375056289707,2.028565677264321,-2.266
6.0,4.0,2.25,1.0,10.0,1.414213562373095,1.1547005383792517,1.3333333333333333,1.885618083164127,2.1213203435596424,1.4142135623730951,1.1547005383792517,16.0,4.47213595499958,2.0,2.0,2.0,1.0,4.0,5.0,2.5,10.0,6.0,2.0,4.0,2.0,5.356367113217143,2.8284271247461907,1.4142135623730954,1.6329931618554523,-1.75
88.0,101.0,6.055555555555555,4.111111111111111,218.0,8.698377302757663,8.921847543855286,8.433333333333334,18.517259799806403,19.54658451977639,13.60143778368842,14.142547593728864,151.6875,63.50701782880776,37.57168890796867,10.0,16.0,30.0,575.0,1610.0,56.86785714285714,2326.0,2339.0,224.0,845.0,330.0,43.68120710971583,23.05748784176903,2.383554204041724,2.0452390189478296,-2.98
20.0,16.0,4.0625,1.0,68.0,2.0,1.7888543819998317,1.6,3.2,5.0,3.4641016151377544,3.0983866769659336,9.48148148148148,16.492422502470642,12.0,12.0,36.0,9.0,16.0,22.0,7.0,44.0,28.0,12.0,16.0,12.0,10.524391382167263,4.0,2.0,3.0237157840738176,-3.14
118.0,143.0,7.999999999999998,4.861111111111112,312.0,10.524075805453153,10.960010661936291,10.100000000000001,23.22507373073926,24.865048860733747,17.12504114580269,18.21394382716289,197.234375,85.51890628142276,53.16624235784073,18.0,26.0,44.0,911.0,2671.0,81.31626984126984,3771.0,3876.0,275.0,1576.0,496.0,55.20141560233411,28.09871765489744,2.5034280257827275,1.8854953181290353,-4.871
58.0,69.0,3.6944444444444446,2.4166666666666665,150.0,5.287693700234705,5.513599253391421,5.1000000000000005,11.651234396021962,12.391883981397134,8.582740630161286,9.08341032568185,96.921875,41.95996385778914,25.672193971357018,8.0,12.0,21.0,137.0,273.0,28.15,568.0,583.0,48.0,232.0,106.0,27.59310410122812,14.223278908454635,2.4238860727205482,2.0721148271104752,-2.61
116.0,139.0,6.868055555555555,4.861111111111111,306.0,10.620045599207929,11.067064068991167,10.290476190476191,23.339647940307405,24.7554557992813,17.122992185581577,18.101503961338647,197.98299537037036,83.99055595950134,51.26154683249432,18.0,28.0,42.0,942.0,2837.0,79.72698412698415,3950.0,4126.0,358.0,1515.0,534.0,55.015300544554556,28.707397869433336,2.5123411931322597,1.8270107369470214,-4.38
44.0,48.0,3.7222222222222223,2.4444444444444446,104.0,4.842535255101096,4.8272393461533625,4.699999999999999,9.748222136706314,10.277222888638047,7.140017497086775,7.253170763774541,78.765625,31.771348650164185,18.19348530673794,6.0,8.0,14.0,121.0,263.0,22.383333333333333,460.0,432.0,48.0,184.0,84.0,23.261343660490375,12.857278973510141,2.214319743377536,2.239538805558814,-1.85
42.0,46.0,4.083333333333334,2.027777777777778,108.0,4.198377302757663,4.197102672463695,3.933333333333333,8.5172597998064,9.546584519776387,6.6516903153825835,6.74331038263985,61.515625,30.980105894226565,19.186912597118443,10.0,16.0,15.0,84.0,160.0,19.53333333333333,315.0,291.0,27.0,144.0,66.0,21.185691438717143,10.792280186226476,2.2458267799378637,2.34622717382778,-0.807
124.0,148.0,7.8888888888888875,5.444444444444445,316.0,11.6302289553358,12.065583470936376,11.3,25.399456532728276,26.669106870035176,18.429864908434606,19.493177613426113,217.859375,89.28766169405735,53.76517421470659,14.0,20.0,44.0,1259.0,4241.0,88.51630591630591,5198.0,5335.0,390.0,1797.0,607.0,59.65821278572031,31.087675711396322,2.531866317579749,1.7711532037738893,-3.73
82.0,96.0,6.166666666666666,3.527777777777778,214.0,7.592224152875016,7.816274734855201,7.233333333333333,16.342876997817385,17.742526510474953,12.2966140210565,12.86331380746564,131.0625,59.73826241617316,36.97275705110279,14.0,22.0,30.0,410.0,1073.0,48.50476190476191,1656.0,1661.0,152.0,696.0,260.0,39.33649729199281,20.328601136280703,2.4041630739475552,2.0332699996879215,-6.47
96.0,113.0,7.979166666666666,3.833333333333333,272.0,8.324717068335381,8.546622759589939,7.752380952380954,17.882766241781173,20.31601075505709,13.947634409442152,14.581367859972211,141.85698611111115,71.10782371522328,46.21544444720067,24.0,46.0,38.0,567.0,1624.0,58.40714285714286,2244.0,2197.0,162.0,1024.0,328.0,44.556952031217705,21.46248811407978,2.4703728662845057,2.0929503434772814,-3.29
66.0,73.0,6.555555555555555,3.138888888888889,172.0,6.502907755397975,6.499778153927474,6.066666666666666,13.208902401601822,14.897227048854207,10.365563706277797,10.523213864423639,95.65625,48.758404452610584,30.487475676864218,16.0,26.0,24.0,321.0,893.0,37.30714285714286,1210.0,1128.0,102.0,451.0,176.0,33.019625615561516,16.601661418666875,2.292088911711497,2.326129916731623,-3.8
20.0,20.0,1.25,1.25,40.0,2.5,2.5,2.5,5.0,5.0,3.5355339059327378,3.5355339059327378,40.0,14.142135623730951,7.0710678118654755,0.0,0.0,5.0,15.0,20.0,7.5,60.0,60.0,0.0,20.0,10.0,11.496186321883666,6.47213595499958,1.9999999999999987,2.083333333333333,-2.1
110.0,138.0,9.791666666666666,4.229166666666666,330.0,9.134788477227913,9.337547237629764,8.392857142857144,19.593492874055947,22.634620923880146,15.482245875795023,16.235249802232623,163.2497037037037,81.72114166544992,54.553389608973546,30.0,54.0,46.0,680.0,1834.0,71.51349206349207,2668.0,2593.0,272.0,1108.0,408.0,49.86316032502118,23.631677265962832,2.6060593601147426,2.3968281460683962,-1.99
30.0,28.0,3.75,2.5,58.0,4.414213562373095,4.1547005383792515,4.333333333333333,7.885618083164127,8.121320343559642,5.6568542494923815,5.397341225498538,64.0,21.442698703476722,10.485281374238571,2.0,2.0,7.0,120.0,330.0,16.460714285714285,408.0,344.0,32.0,120.0,56.0,19.03365733227704,10.627503029350086,1.9021130325903075,2.595082706793886,-5.88
36.0,39.0,3.2222222222222223,1.8611111111111112,88.0,3.804530452640311,3.802675481463779,3.6333333333333333,7.691642601795419,8.350642529077819,5.835193734454857,5.901223825343431,58.140625,26.26357993262259,15.543203766865057,6.0,10.0,12.0,60.0,106.0,16.166666666666664,228.0,214.0,20.0,106.0,50.0,18.69255664280207,9.953959938490609,2.193527085331054,2.2794002709583667,-1.06
108.0,133.0,4.527777777777778,4.083333333333333,278.0,9.343336592900531,10.027198506782844,9.200000000000001,21.70439258069061,22.319666347656508,15.423098298725943,16.752607088990604,191.71875,77.26152185981934,46.758601505087114,10.0,12.0,39.0,616.0,1705.0,66.30396825396826,2768.0,3100.0,192.0,1452.0,432.0,49.457762124205615,25.98238913162614,2.525350919901254,1.5869531831142398,-6.59
38.0,40.0,2.861111111111111,2.25,84.0,4.431851652578137,4.418991055689499,4.366666666666666,8.882196732921877,9.122522350258794,6.363961030678929,6.436674182846815,72.0,27.194857427622715,14.779271744364848,4.0,4.0,11.0,94.0,203.0,18.68333333333333,361.0,343.0,33.0,148.0,66.0,20.758832560654838,11.384646120352905,2.148961141749637,2.0778607554610558,-2.33
56.0,59.0,4.472222222222222,3.1666666666666665,128.0,6.325698502695489,6.313418246689415,6.166666666666666,12.707813930932858,13.31846434095736,9.3017779551663,9.400081083702876,99.375,40.39666476346526,22.665621261737524,8.0,10.0,17.0,290.0,860.0,31.809920634920633,1119.0,1071.0,85.0,380.0,150.0,30.090030721382657,16.330127105855684,2.175327747161077,2.0271479076724375,-3.0
72.0,84.0,7.868055555555555,2.9444444444444446,214.0,6.247906125614376,6.24702561236447,5.61904761904762,12.813436727975088,15.420406576918168,10.590439988471887,10.812551049393026,95.9976111111111,54.200092816931615,36.391395729448334,20.0,46.0,30.0,269.0,611.0,40.016666666666666,986.0,888.0,110.0,407.0,176.0,33.70242076912122,15.49318821433937,2.446509973720901,2.845990412583585,-2.484
116.0,137.0,7.3888888888888875,4.8055555555555545,300.0,10.558550648063802,11.013377407318897,10.16666666666667,23.262060586270465,24.82500941511358,17.205921374842454,18.19241062773239,190.453125,84.05996245464081,51.57388321059433,18.0,26.0,42.0,959.0,2952.0,79.29007936507936,3997.0,4143.0,301.0,1578.0,506.0,54.956603866117206,28.120285715598033,2.453363476714171,1.7857684222859866,-3.4989999999999997
54.0,59.0,5.284722222222222,2.333333333333333,154.0,4.999018565639892,5.008459641508933,4.585714285714286,10.174952310848312,11.997546414099727,8.30271070376823,8.388651282978543,72.3101111111111,40.6106538883697,26.37825031020934,16.0,36.0,21.0,152.0,340.0,26.633333333333333,569.0,525.0,57.0,236.0,104.0,26.181110039096943,12.527340673531741,2.311476385944094,2.393615048508942,-1.74
68.0,73.0,6.194444444444445,3.5,168.0,7.113392202930193,7.102272628689248,6.7666666666666675,14.35904832695482,15.710348322354497,10.934771117021752,11.084254198295717,106.125,49.82971668667321,29.9530389222443,16.0,22.0,23.0,412.0,1265.0,40.265079365079366,1573.0,1489.0,123.0,536.0,204.0,35.07582939250358,17.866831063989633,2.244630762708747,2.211202550627339,-2.617
28.0,26.0,4.111111111111111,2.0833333333333335,62.0,3.770055610029662,3.5245638646895836,3.5666666666666664,6.654655746264211,7.390681974697982,5.16852706778819,4.887480844363847,46.75,20.651455947539105,11.478708664619074,6.0,10.0,8.0,79.0,185.0,14.1,260.0,211.0,26.0,79.0,42.0,16.957097116180837,8.762572535069648,1.9498558243636481,2.7158427612932585,-5.08
164.0,193.0,12.263888888888886,6.666666666666668,456.0,14.535060499380458,14.985833278608144,13.723809523809527,31.381436467455824,34.919219601859396,24.04174747761229,25.16189707199742,254.24572685185183,120.74680281679173,76.85610028236634,36.0,70.0,63.0,2982.0,14288.0,120.56418442668442,12264.0,12566.0,648.0,3738.0,1008.0,78.53783492646835,38.06920462346546,2.6195121534025514,1.5209710025676606,-8.176
120.0,148.0,8.611111111111109,4.833333333333332,324.0,10.451596160381719,10.882080051864103,9.966666666666669,23.13150734029715,24.97850794679368,17.153550716504107,18.297743650535377,199.390625,87.12693564015558,54.93674708996041,18.0,28.0,46.0,916.0,2702.0,81.21507936507936,3746.0,3793.0,282.0,1564.0,503.0,55.54895523633152,27.90224523285316,2.586163506298847,1.9088879998079589,-3.5380000000000003
106.0,126.0,6.277777777777777,4.388888888888889,272.0,9.66470379794645,10.11895021631898,9.366666666666667,21.43644338825948,22.629067424415013,15.682318012728182,16.643217289249428,179.078125,76.51500936829062,46.51596081796784,14.0,20.0,38.0,726.0,2077.0,69.49047619047619,3067.0,3225.0,237.0,1237.0,418.0,50.18395079022642,26.034025147798776,2.456695848348654,1.7929942255770468,-3.754
26.0,26.0,4.472222222222222,1.7777777777777777,66.0,3.1807392125526213,2.9328121551534467,2.9,5.52068115004865,6.545382513077233,4.53036997182294,4.289763862918478,37.515625,19.5710929205882,12.06449510224598,8.0,14.0,9.0,46.0,83.0,12.0,142.0,106.0,24.0,46.0,30.0,14.89996666446338,7.662987915037877,2.052880840033716,3.1442082073698243,-0.7
84.0,93.0,7.645833333333332,4.236111111111111,222.0,8.504149058184817,8.470975273234453,8.066666666666668,17.145075501045554,18.9658055664559,13.065180168918225,13.310907564658345,132.51099537037038,61.920310329376726,38.152454242242655,20.0,36.0,30.0,661.0,2207.0,53.73809523809524,2498.0,2340.0,182.0,877.0,300.0,42.38146155068941,21.24992592939768,2.3299645347730604,2.4177859013499994,-2.3
66.0,85.0,5.097222222222222,2.1874999999999996,210.0,4.982998800364115,5.201012200075339,4.5547619047619055,11.12770877392789,13.047948830801737,8.85347358264538,9.434624071991195,97.09707407407406,49.30566569265148,33.7384383930881,18.0,40.0,29.0,123.0,219.0,29.58333333333333,491.0,480.0,61.0,174.0,99.0,28.652831331167995,13.46625319968008,2.6195561930502933,2.396254979141823,-2.32
126.0,160.0,7.041666666666666,4.305555555555555,366.0,9.949160848322624,10.616987008891943,9.476190476190478,23.01500934208232,25.137139113922785,17.179861136840945,18.635210722159087,201.56799074074075,92.15843855850649,59.94901274117579,26.0,46.0,51.0,802.0,2370.0,78.10992063492063,3504.0,3807.0,234.0,1683.0,498.0,55.25896020616459,27.395456184271872,2.609083444288162,1.6231329398900707,-4.02
22.0,20.0,3.25,2.0,42.0,3.414213562373095,3.1547005383792515,3.333333333333333,5.885618083164127,6.121320343559642,4.242640687119286,3.9831276631254418,48.0,15.785844453984339,7.65685424949238,2.0,2.0,5.0,56.0,126.0,11.15,182.0,146.0,18.0,56.0,30.0,14.47448672760572,8.054678984251696,1.8477590650225744,2.447472887876344,-4.53
56.0,65.0,3.0833333333333335,2.4722222222222223,138.0,5.377010097711745,5.605350962927558,5.2666666666666675,11.785208992237523,12.237183443017882,8.51379094493999,8.97402052594067,98.15625,40.211899759993855,23.672193971357018,6.0,8.0,19.0,140.0,285.0,27.849999999999998,590.0,618.0,48.0,300.0,118.0,27.278488539440637,14.495357090321049,2.3513651263243576,1.9931760493394233,-2.22
36.0,39.0,3.2222222222222223,1.8611111111111112,88.0,3.804530452640311,3.802675481463779,3.6333333333333333,7.691642601795419,8.350642529077819,5.835193734454857,5.901223825343431,58.140625,26.26357993262259,15.543203766865057,6.0,10.0,12.0,60.0,106.0,16.166666666666664,228.0,214.0,20.0,106.0,50.0,18.69255664280207,9.953959938490609,2.193527085331054,2.2794002709583667,-4.3
162.0,191.0,12.17361111111111,6.902777777777778,438.0,14.678383672359585,15.100668254779073,13.966666666666672,31.620429533482923,34.590731930112995,23.746978444792926,24.96770073802863,261.59548611111114,118.53569612525808,74.50885990550805,32.0,56.0,61.0,2906.0,13890.0,124.02775696525697,11807.0,11929.0,569.0,4772.0,1036.0,76.60728184413406,38.9336124499256,2.5052423279225273,1.5785750423687614,-3.638
120.0,151.0,3.8888888888888893,4.194444444444445,312.0,9.915816237971965,10.829873988246623,9.833333333333334,23.79795897113271,24.20620726159657,16.687481946837977,18.411190227214743,215.734375,85.5529874376982,52.059164584832885,10.0,10.0,44.0,698.0,1974.0,72.96706349206349,3272.0,3825.0,196.0,1687.0,485.0,53.57285425708892,28.080502235039255,2.5701748845344334,1.4467299655875416,-7.85
150.0,193.0,9.965277777777777,5.104166666666666,452.0,11.632499820164616,12.287036980412944,10.892857142857146,26.51007329411999,29.736579636301457,20.250812023656742,21.841336068985523,233.04194907407413,110.54375199586195,73.53207667333676,34.0,66.0,63.0,1276.0,4135.0,101.63300865800866,5410.0,5695.0,362.0,2540.0,698.0,65.308241724026,31.451602038299928,2.660504138620955,1.670886567167638,-5.27
28.0,26.0,4.111111111111111,2.0833333333333335,62.0,3.770055610029662,3.5245638646895836,3.5666666666666664,6.654655746264211,7.390681974697982,5.16852706778819,4.887480844363847,46.75,20.651455947539105,11.478708664619074,6.0,10.0,8.0,79.0,185.0,14.1,260.0,211.0,26.0,79.0,42.0,16.957097116180837,8.762572535069648,1.9498558243636481,2.7158427612932585,-1.45
42.0,44.0,5.923611111111111,2.458333333333333,120.0,4.5378225629960305,4.273872600770757,4.133333333333333,8.225891912592465,9.883322661817267,6.7416592527591765,6.567597182018493,57.12037037037037,31.941756041416724,20.722900958004928,16.0,32.0,16.0,122.0,261.0,21.71666666666666,398.0,317.0,58.0,122.0,72.0,22.185242049452604,10.94427190999916,2.2360679774997894,3.8025777526193902,0.54
68.0,70.0,7.0625,4.375,164.0,8.181980515339465,7.904009274460425,7.9,15.45685424949238,16.613961030678926,11.472627121582654,11.32009825027247,122.37037037037037,49.70356154583149,28.214755041862997,12.0,24.0,21.0,616.0,2101.0,45.90595238095238,2192.0,1936.0,180.0,616.0,240.0,37.93977276612715,19.949183396666736,2.255245041597808,3.945843007896561,-5.14
58.0,69.0,3.6944444444444446,2.4166666666666665,150.0,5.287693700234704,5.513599253391421,5.1,11.651234396021962,12.391883981397134,8.582740630161286,9.083410325681852,96.921875,41.959963857789134,25.672193971357018,8.0,12.0,21.0,137.0,273.0,28.15,568.0,583.0,48.0,232.0,106.0,27.59310410122813,14.223278908454631,2.42388607272055,2.072114827110475,-2.932
110.0,130.0,9.791666666666666,4.041666666666667,330.0,9.02069250059882,9.255485253873404,8.204761904761906,19.378943169949853,22.939832812198873,15.72746545993356,16.372775207625377,147.79672685185184,82.54127805319881,55.51113742783345,32.0,70.0,46.0,738.0,2189.0,69.21785714285716,2892.0,2803.0,216.0,1308.0,406.0,49.777410436661086,22.842360850282315,2.5175830542164257,2.1933953787255596,-2.68
16.0,14.0,3.361111111111111,1.3333333333333333,38.0,2.270055610029662,2.0245638646895836,2.0666666666666664,3.6546557462642113,4.390681974697982,3.0472067242285474,2.766160500804204,22.75,12.16617457330054,7.23606797749979,6.0,10.0,5.0,18.0,28.0,6.666666666666666,52.0,36.0,10.0,18.0,12.0,10.118119614388581,5.226251859505506,1.8477590650225744,2.5395388613593908,-2.56
42.0,46.0,4.083333333333334,2.0277777777777777,108.0,4.198377302757663,4.197102672463695,3.9333333333333336,8.5172597998064,9.546584519776387,6.6516903153825835,6.743310382639851,61.515625,30.980105894226565,19.186912597118447,10.0,16.0,15.0,84.0,160.0,19.53333333333333,315.0,291.0,27.0,144.0,66.0,21.18569143871713,10.792280186226476,2.245826779937863,2.34622717382778,-3.31
48.0,54.0,4.944444444444445,2.2222222222222223,128.0,4.609060905280622,4.605350962927558,4.266666666666667,9.38328520359084,10.701285058155637,7.427746781790429,7.559806963567576,68.28125,35.55659711676804,22.60112615949154,12.0,20.0,18.0,111.0,220.0,23.23333333333333,412.0,376.0,32.0,186.0,84.0,23.6888922595993,11.683238505927562,2.302775637731996,2.4619689397977487,-2.21
76.0,91.0,2.9444444444444446,3.0833333333333335,188.0,6.949489742783179,7.4080264443913375,6.9,15.87877538267963,16.123724356957947,11.192388155425121,12.046817226537915,138.171875,54.16021958736512,31.801184175848977,6.0,6.0,26.0,271.0,636.0,41.14285714285714,1208.0,1342.0,88.0,632.0,218.0,35.864443120049664,19.448251271725756,2.4347638027388676,1.7402124582772953,-2.78
32.0,32.0,4.8125,2.0,92.0,3.6213203435596424,3.3656243103068935,3.3,6.371236166328254,7.742640687119284,5.267584713501615,5.043993819904219,44.74074074074074,24.49104624098025,15.738768882709854,12.0,28.0,12.0,67.0,131.0,15.033333333333335,212.0,163.0,34.0,67.0,42.0,17.402690087274014,8.519258401726837,2.1566393785093454,3.373381552563661,-0.98
26.0,24.0,3.5,2.25,50.0,3.914213562373095,3.6547005383792515,3.833333333333333,6.885618083164127,7.121320343559642,4.949747468305834,4.69023444431199,56.0,18.61427157873053,9.071067811865476,2.0,2.0,6.0,84.0,210.0,13.742857142857144,280.0,231.0,24.0,84.0,42.0,16.754072029940975,9.517540966287266,1.8793852415718166,2.53006045688352,-5.24
76.0,90.0,2.9444444444444446,3.0555555555555554,188.0,6.932652990377572,7.394205344927391,6.866666666666668,15.838367176906171,16.164965809277263,11.232828269945003,12.072407202906604,134.78125,54.30025432642762,32.03067944372927,8.0,8.0,26.0,279.0,680.0,40.785714285714285,1248.0,1392.0,64.0,656.0,216.0,35.85389960896525,19.31370849898476,2.414213562373096,1.6824884302593337,-6.35
34.0,36.0,2.611111111111111,2.0,76.0,3.931851652578137,3.9189910556894993,3.8666666666666667,7.8821967329218765,8.122522350258794,5.6568542494923815,5.729567401660267,64.0,24.366430302876523,13.365058181991753,4.0,4.0,10.0,64.0,122.0,15.783333333333333,246.0,234.0,22.0,109.0,50.0,18.47902253715965,10.424292428609817,2.1357792050698574,2.1250162554146717,0.07
10.0,8.0,2.5,1.25,18.0,1.914213562373095,1.6547005383792515,1.833333333333333,2.885618083164127,3.121320343559642,2.121320343559643,1.8618073195657994,24.0,7.3005630797457695,3.414213562373095,2.0,2.0,2.0,10.0,15.0,4.333333333333333,28.0,19.0,4.0,10.0,6.0,7.635733837560585,4.47213595499958,1.6180339887498951,1.9747448713915894,0.58
32.0,32.0,2.0,2.0,64.0,4.0,4.0,4.0,8.0,8.0,5.6568542494923815,5.6568542494923815,64.0,22.627416997969526,11.313708498984763,0.0,0.0,8.0,64.0,120.0,15.666666666666666,256.0,256.0,0.0,128.0,48.0,18.237125608601538,9.65685424949238,1.9999999999999998,2.0,-4.15
72.0,85.0,6.895833333333334,3.583333333333333,198.0,7.063714582173599,7.015980447325265,6.671428571428572,14.267982603356224,15.80995114905936,10.811552003384461,11.11192279259041,117.773,52.98230019685222,33.30835690601008,18.0,28.0,27.0,338.0,829.0,43.50238095238095,1247.0,1133.0,139.0,482.0,204.0,35.586711733044666,17.64240531610313,2.4606494853033847,2.8156657666399796,-2.077
12.0,9.0,3.111111111111111,1.0,30.0,1.7320508075688776,1.5,1.5,2.598076211353316,3.4641016151377553,2.449489742783178,2.121320343559643,10.125,9.486832980505138,6.0,6.0,12.0,4.0,9.0,12.0,4.5,24.0,15.0,6.0,9.0,6.0,7.829154880351855,3.4641016151377544,1.7320508075688772,2.3237900077244498,-1.17
36.0,38.0,3.2222222222222223,1.8333333333333333,88.0,3.787693700234704,3.7888543819998315,3.5999999999999996,7.6512343960219615,8.391883981397134,5.875633848974738,5.926813801712124,54.75,26.40361467168509,15.772699034745349,8.0,12.0,12.0,61.0,110.0,16.083333333333332,232.0,218.0,16.0,108.0,50.0,18.68272477800247,9.431147620289327,2.175327747161074,2.2306376583301173,-2.273
116.0,132.0,6.416666666666666,5.138888888888889,284.0,11.220346690612276,11.683059726927222,10.966666666666669,24.48960157292813,25.556849790674388,17.815568900106285,18.70632778580527,197.53125,83.53229612285888,49.21759204084769,16.0,20.0,39.0,1237.0,4492.0,79.46717171717172,5244.0,5548.0,360.0,1686.0,558.0,56.875910041232004,30.01917553695962,2.3587111290279323,1.5509750020016557,-5.915
30.0,31.0,2.361111111111111,1.6666666666666665,68.0,3.393846850117352,3.3944271909999157,3.3,6.825617198010981,7.195941990698567,5.059137268047012,5.084727244415705,51.375,21.68708871008112,12.128990204491961,4.0,6.0,9.0,42.0,71.0,12.916666666666666,163.0,157.0,11.0,78.0,36.0,16.18960238097852,8.720566232730448,2.1010029896154583,2.1229179499593664,-3.27
32.0,32.0,4.361111111111111,2.5,70.0,4.346065214951231,4.073691594068751,4.199999999999999,7.767814816086004,8.243842693818436,5.6568542494923815,5.470054377666424,64.0,23.181712008383716,12.53663105724556,6.0,6.0,9.0,104.0,242.0,17.3,344.0,280.0,40.0,104.0,56.0,19.256112182379937,10.565186913861831,2.0420789618979085,3.0922461946023914,-2.13
104.0,129.0,6.638888888888888,4.277777777777779,276.0,9.168233757796585,9.590147335625959,8.866666666666667,20.456036067639168,21.595687229595402,14.784941202760692,15.895377083551395,182.484375,74.99644053837564,46.51596081796784,14.0,18.0,39.0,594.0,1541.0,66.08809523809524,2474.0,2554.0,192.0,1095.0,374.0,48.26400519338311,24.44221515307645,2.552840702568809,1.9216470650709374,-3.0210000000000004
78.0,91.0,7.756944444444445,3.6666666666666665,218.0,7.419556629830167,7.385843773635597,6.904761904761905,15.037020266456311,17.0793127801977,11.737438384053366,12.016275973828815,116.523,57.847911690406974,37.13021132113678,22.0,36.0,30.0,418.0,1115.0,47.51190476190476,1552.0,1422.0,160.0,576.0,234.0,38.06887273094086,18.468320998882934,2.4590097921312677,2.7428479556618224,-2.658
120.0,152.0,3.8888888888888893,4.222222222222221,312.0,9.932652990377573,10.84369508771057,9.866666666666669,23.838367176906168,24.164965809277255,16.6470418323181,18.38560025084605,219.125,85.41295269863572,51.8296693169526,8.0,8.0,44.0,678.0,1844.0,73.6107142857143,3162.0,3675.0,206.0,1524.0,470.0,53.58990959358454,28.211840737210352,2.6054562370785206,1.499975091330393,-8.0
24.0,24.0,3.861111111111111,2.0,54.0,3.3460652149512318,3.0736915940687513,3.1999999999999997,5.767814816086004,6.243842693818436,4.242640687119286,4.055840815293328,48.0,17.524857758891336,9.70820393249937,6.0,6.0,7.0,48.0,90.0,11.75,150.0,114.0,24.0,48.0,30.0,14.696713921428232,7.999999999999998,1.9999999999999993,2.9923028831940863,-1.52
22.0,20.0,3.25,2.0,42.0,3.414213562373095,3.1547005383792515,3.333333333333333,5.885618083164127,6.121320343559642,4.242640687119286,3.9831276631254418,48.0,15.785844453984339,7.65685424949238,2.0,2.0,5.0,56.0,126.0,11.15,182.0,146.0,18.0,56.0,30.0,14.47448672760572,8.054678984251696,1.8477590650225744,2.447472887876344,-1.62
54.0,52.0,5.25,4.0,106.0,7.414213562373096,7.154700538379252,7.333333333333333,13.885618083164125,14.121320343559642,9.899494936611669,9.639981912617825,112.0,38.41326145195387,18.970562748477146,2.0,2.0,13.0,560.0,2380.0,34.7734348984349,2030.0,1834.0,98.0,560.0,182.0,32.71116914629345,18.306340775217723,1.961570560806461,2.8079257388805243,-5.84
48.0,55.0,4.944444444444445,2.25,128.0,4.62589765768623,4.619172062391505,4.3,9.423693409364295,10.660043605836323,7.387306667270548,7.534216987198883,71.671875,35.41656237770554,22.371630891611247,10.0,18.0,18.0,109.0,211.0,23.366666666666664,404.0,368.0,40.0,182.0,84.0,23.69895811912698,12.250296206660071,2.318013514732504,2.515835979311492,-2.64
12.0,9.0,3.111111111111111,1.0,30.0,1.7320508075688776,1.5,1.5,2.598076211353316,3.4641016151377553,2.449489742783178,2.121320343559643,10.125,9.486832980505138,6.0,6.0,12.0,4.0,9.0,12.0,4.5,24.0,15.0,6.0,9.0,6.0,7.829154880351855,3.4641016151377544,1.7320508075688772,2.3237900077244498,0.96
14.0,12.0,2.75,1.5,26.0,2.414213562373095,2.1547005383792515,2.333333333333333,3.885618083164127,4.121320343559642,2.8284271247461903,2.568914100752347,32.0,10.12899020449196,4.82842712474619,2.0,2.0,3.0,20.0,35.0,6.416666666666666,60.0,44.0,8.0,20.0,12.0,9.915316149982342,5.464101615137754,1.7320508075688772,2.19060968716425,-1.64
36.0,38.0,3.2222222222222223,1.8333333333333333,88.0,3.787693700234704,3.7888543819998315,3.5999999999999996,7.6512343960219615,8.391883981397134,5.875633848974738,5.926813801712124,54.75,26.40361467168509,15.772699034745349,8.0,12.0,12.0,61.0,110.0,16.083333333333332,232.0,218.0,16.0,108.0,50.0,18.68272477800247,9.431147620289327,2.175327747161074,2.2306376583301173,-3.54
70.0,68.0,6.25,5.0,138.0,9.414213562373096,9.154700538379252,9.333333333333332,17.885618083164125,18.121320343559645,12.72792206135786,12.468409037364017,144.0,49.72696995093864,24.62741699796953,2.0,2.0,17.0,1140.0,5985.0,48.40705348572995,4218.0,3894.0,162.0,1140.0,306.0,41.829510355637716,23.412409472349413,1.9753766811902755,2.8766966445353965,-8.4
44.0,46.0,3.7222222222222223,2.333333333333333,104.0,4.787693700234704,4.7888543819998315,4.6,9.651234396021962,10.391883981397134,7.289847411347834,7.34102736408522,70.75,32.06046892117748,18.601126159491542,8.0,12.0,14.0,126.0,287.0,22.083333333333332,482.0,456.0,46.0,189.0,84.0,23.241673814767665,12.066822110680892,2.175327747161075,2.1312821385375686,-1.33
130.0,163.0,7.812499999999998,4.527777777777778,368.0,10.404502649584105,11.077121446683618,9.885714285714288,23.977830193818832,26.16545127743575,17.929456992768486,19.407634193370686,205.42874537037036,94.91623743932968,61.44606741376859,24.0,42.0,52.0,912.0,2740.0,83.11349206349206,3938.0,4223.0,280.0,1777.0,536.0,57.51005292215649,28.3369260346108,2.612832948055161,1.6329992253168826,-2.7
44.0,48.0,3.7222222222222223,2.4444444444444446,104.0,4.842535255101096,4.827239346153363,4.7,9.748222136706314,10.277222888638047,7.140017497086775,7.25317076377454,78.765625,31.771348650164178,18.19348530673794,6.0,8.0,14.0,121.0,263.0,22.38333333333333,460.0,432.0,48.0,184.0,84.0,23.261343660490372,12.857278973510143,2.2143197433775352,2.2395388055588143,0.009
108.0,148.0,8.243055555555555,3.3750000000000004,350.0,7.703247926875856,8.126991117614795,7.042857142857144,17.716641280023012,20.546794951784452,13.841645470343778,15.038164709461213,171.0002824074074,80.06041571899254,55.279117367705766,24.0,54.0,49.0,388.0,842.0,59.86666666666667,1587.0,1596.0,167.0,579.0,276.0,45.381038157575915,21.152633613688078,2.798505798401699,2.216265054186437,-5.46
28.0,26.0,4.111111111111111,2.083333333333333,62.0,3.770055610029662,3.5245638646895836,3.5666666666666664,6.654655746264212,7.390681974697982,5.16852706778819,4.887480844363847,46.75,20.65145594753911,11.478708664619075,6.0,10.0,8.0,79.0,185.0,14.1,260.0,211.0,26.0,79.0,42.0,16.95709711618083,8.762572535069646,1.9498558243636472,2.715842761293259,-1.52
40.0,43.0,3.4722222222222223,2.1111111111111107,96.0,4.304530452640311,4.302675481463779,4.133333333333333,8.691642601795419,9.350642529077819,6.542300515641405,6.60833060652998,66.140625,29.09200705736879,16.95741732923815,6.0,10.0,13.0,88.0,176.0,19.15,335.0,315.0,35.0,142.0,66.0,20.971923394025087,11.18995723015805,2.1939932777126576,2.2283621149350434,-1.28
110.0,131.0,4.166666666666667,4.333333333333333,274.0,9.898979485566358,10.591308017391087,9.800000000000002,22.757550765359255,23.247448713915887,16.142135623730955,17.40150402317336,194.171875,78.62195436489523,46.6318056032208,12.0,12.0,38.0,818.0,2755.0,67.83217893217895,3700.0,4179.0,220.0,1686.0,478.0,51.490498811908886,27.755947391602948,2.419515999789365,1.3577494765219007,-5.4
44.0,46.0,5.5625,2.875,116.0,5.181980515339465,4.9040092744604245,4.9,9.45685424949238,10.613961030678926,7.229986434463368,7.0774575631531835,74.37037037037037,32.73299879735434,19.729473667624426,12.0,24.0,15.0,166.0,391.0,24.7,554.0,454.0,72.0,166.0,90.0,24.26224243832631,12.128990204491963,2.2360679774997907,3.790229816165348,0.43
66.0,83.0,5.097222222222222,2.1666666666666665,210.0,4.966979035088339,5.186457977455197,4.523809523809524,11.080465237007468,13.098351247503745,8.88659837131749,9.455652834621516,91.9581111111111,49.51539612269469,34.0275586641014,20.0,44.0,29.0,125.0,227.0,29.416666666666664,501.0,492.0,53.0,190.0,101.0,28.625473421224633,13.412165128884954,2.5950105682877576,2.338936599612258,-1.85
60.0,69.0,3.3333333333333335,2.7777777777777777,146.0,5.898178147766923,6.116093728153195,5.800000000000001,12.801380321374962,13.205005254897426,9.15194804090524,9.644450659553925,107.390625,43.03127609185176,25.137757216737104,8.0,8.0,20.0,190.0,441.0,31.176190476190477,792.0,819.0,56.0,384.0,142.0,29.55761512605863,16.111253759255412,2.3426607768961594,1.895164814385573,-0.91
102.0,140.0,7.381944444444445,3.180555555555556,330.0,7.292564324352897,7.7187428271509315,6.7095238095238106,16.85061587623857,19.392094413405196,13.065589003935933,14.221668128533487,164.2346574074074,75.48392449645108,51.86490380533267,22.0,50.0,46.0,327.0,681.0,54.7,1352.0,1375.0,144.0,490.0,242.0,42.87418023858515,20.127207812711582,2.788809205724327,2.214058097744556,-5.64
22.0,21.0,4.222222222222222,1.4444444444444442,58.0,2.6427344100918364,2.408248290463863,2.333333333333333,4.464101615137754,5.618802153517007,3.932652990377571,3.644923705673916,24.890625,16.891751327792804,10.82842712474619,8.0,16.0,8.0,29.0,47.0,9.333333333333332,86.0,61.0,16.0,29.0,20.0,12.61055265179775,6.0,2.0,2.9934972434784735,-0.62
72.0,87.0,2.6944444444444446,2.8333333333333335,180.0,6.449489742783179,6.9080264443913375,6.4,14.878775382679628,15.123724356957947,10.485281374238573,11.339710445351365,130.171875,51.33179246261893,30.38697061347588,6.0,6.0,25.0,219.0,490.0,36.98333333333334,984.0,1101.0,68.0,420.0,166.0,33.67577223458441,17.905890120097826,2.468694461209196,1.7616255066046675,-5.27
30.0,31.0,4.722222222222222,2.111111111111111,74.0,3.718744015013406,3.4573760198430303,3.4666666666666663,6.577260684959546,7.4719628726374605,5.128086953268309,4.9346040201630395,50.140625,22.2504345133836,13.30056307974577,8.0,12.0,10.0,68.0,134.0,14.866666666666667,216.0,167.0,32.0,68.0,42.0,17.18938374871347,9.331737161808405,2.095293985223914,3.292478156075495,0.7
58.0,63.0,5.083333333333334,3.111111111111111,140.0,6.236382105218448,6.221666537153279,6.0,12.573839334717297,13.473164879336613,9.370727640387596,9.509470883444054,98.140625,42.14472886126054,24.66562126173752,10.0,14.0,19.0,274.0,772.0,32.64920634920635,1041.0,979.0,85.0,382.0,150.0,30.313643000278482,16.129560883392717,2.2578456081457046,2.188610546798214,-2.452
60.0,64.0,7.534722222222222,3.4583333333333335,164.0,6.469674215574168,6.192863656460258,6.0,12.10808864551434,14.00584501207606,9.570086377505367,9.46873745893257,89.12037037037037,44.99447784530848,28.431104890504294,20.0,36.0,22.0,332.0,938.0,35.86666666666667,1146.0,977.0,114.0,332.0,156.0,31.52627522998882,16.03056241160398,2.2621243606855197,3.9636048416375216,0.6509999999999999
32.0,34.0,2.9722222222222223,1.5833333333333333,80.0,3.287693700234704,3.2888543819998315,3.1,6.6512343960219615,7.391883981397134,5.16852706778819,5.2197070205255764,46.75,23.575187546938903,14.358485472372255,8.0,12.0,11.0,41.0,68.0,13.083333333333332,154.0,142.0,12.0,51.0,30.0,16.48775345195978,8.318417564403724,2.1986912435159964,2.2571532373031413,0.3
26.0,26.0,4.472222222222222,1.7777777777777777,66.0,3.1807392125526213,2.9328121551534467,2.9,5.52068115004865,6.545382513077233,4.53036997182294,4.289763862918478,37.515625,19.5710929205882,12.06449510224598,8.0,14.0,9.0,46.0,83.0,12.0,142.0,106.0,24.0,46.0,30.0,14.89996666446338,7.662987915037877,2.052880840033716,3.1442082073698243,-4.28
100.0,113.0,9.618055555555555,4.8472222222222205,270.0,9.81289759504377,9.782332242279692,9.219047619047622,19.87481793450319,22.30079018467667,15.352759263478415,15.663355246183581,155.47099074074077,73.8867378184647,46.319799714742565,24.0,44.0,37.0,926.0,3017.0,69.33214285714286,3463.0,3207.0,283.0,1218.0,414.0,49.66815416704263,24.414085479094187,2.4074319660041437,2.782332332833612,-4.16
102.0,125.0,6.027777777777777,4.277777777777779,264.0,9.236382105218448,9.67115627993646,9.0,20.5738393347173,21.47316487933661,14.784941202760692,15.82266393138351,182.484375,73.25742723346862,44.46461113496085,10.0,14.0,37.0,587.0,1501.0,66.31190476190476,2478.0,2601.0,184.0,1058.0,368.0,47.93561234857994,25.175643155940374,2.4976804826051064,1.9190089870016398,-4.6339999999999995
96.0,116.0,5.166666666666666,4.055555555555556,244.0,8.80886175028988,9.249086890008648,8.633333333333335,19.667405725159398,20.359705793276675,14.049324850872727,15.031757326824476,172.328125,68.82097074998966,41.27989284046805,10.0,12.0,34.0,522.0,1342.0,60.45476190476191,2230.0,2370.0,152.0,953.0,329.0,45.422030081869345,23.960642709553646,2.4632238510164766,1.843018114249975,-3.68
24.0,24.0,1.5,1.5,48.0,3.0,3.0,3.0,6.0,6.0,4.242640687119286,4.242640687119286,48.0,16.970562748477143,8.485281374238571,0.0,0.0,6.0,27.0,42.0,10.0,108.0,108.0,0.0,54.0,24.0,13.696713921428238,8.0,2.0,2.0,-0.03
22.0,20.0,3.25,2.0,42.0,3.414213562373095,3.1547005383792515,3.333333333333333,5.885618083164127,6.121320343559642,4.242640687119286,3.9831276631254418,48.0,15.785844453984339,7.65685424949238,2.0,2.0,5.0,56.0,126.0,11.15,182.0,146.0,18.0,56.0,30.0,14.47448672760572,8.054678984251696,1.8477590650225744,2.447472887876344,-3.01
90.0,104.0,6.666666666666666,4.083333333333333,230.0,8.613392202930193,8.827017500080837,8.26666666666667,18.35904832695482,19.710348322354495,13.6418778982083,14.24085072226544,148.296875,65.38606587277725,39.85253385885596,16.0,22.0,32.0,588.0,1708.0,56.78095238095238,2344.0,2313.0,192.0,975.0,328.0,43.89639526421686,22.597732947113354,2.4327641105062576,2.019228567468533,-4.314
126.0,158.0,4.749999999999999,4.361111111111111,332.0,10.309663088089316,11.224301179246538,10.133333333333336,24.623576169143693,25.40214925229514,17.5039785277657,19.253276784511165,219.109375,90.26951339930221,55.70287341508627,14.0,16.0,47.0,814.0,2439.0,77.96111111111111,3766.0,4340.0,220.0,1934.0,532.0,56.0659925457833,28.81963607228223,2.572668137358958,1.4214584138140602,-7.92
48.0,52.0,3.9722222222222223,2.6944444444444446,112.0,5.342535255101096,5.3272393461533625,5.199999999999999,10.748222136706314,11.277222888638047,7.847124278273323,7.960277544961088,86.765625,34.59977577491038,19.607698869111037,6.0,8.0,15.0,164.0,393.0,25.59285714285714,625.0,589.0,61.0,236.0,104.0,25.541153684681948,13.839232266343267,2.221583293952768,2.205018318759687,-2.32
16.0,14.0,3.361111111111111,1.3333333333333333,38.0,2.270055610029662,2.0245638646895836,2.0666666666666664,3.6546557462642113,4.390681974697982,3.0472067242285474,2.766160500804204,22.75,12.16617457330054,7.23606797749979,6.0,10.0,5.0,18.0,28.0,6.666666666666666,52.0,36.0,10.0,18.0,12.0,10.118119614388581,5.226251859505506,1.8477590650225744,2.5395388613593908,-2.0
130.0,165.0,7.291666666666666,4.631944444444445,374.0,10.483112013795045,11.138742121038751,10.035714285714288,24.065372065629646,26.072670005857642,17.78679221421173,19.285506592544234,214.4652037037037,94.84650045456841,61.19413151156387,24.0,44.0,52.0,941.0,2981.0,82.69606782106783,4081.0,4398.0,255.0,1925.0,545.0,57.55145380826171,28.89582720114116,2.622029943915244,1.5785115369258649,-4.3
56.0,55.0,5.861111111111111,3.9166666666666665,118.0,7.308060412490448,7.049127729379169,7.133333333333334,13.711235281175108,14.31726233425821,10.008884736352847,9.774961688727696,107.375,40.30136028881165,21.20005801635744,6.0,8.0,15.0,538.0,2193.0,35.45841658341658,1942.0,1746.0,102.0,538.0,182.0,32.92379830354718,18.169373809004302,2.017463611810317,2.9241178417559626,-4.69
22.0,20.0,3.25,2.0,42.0,3.414213562373095,3.1547005383792515,3.333333333333333,5.885618083164127,6.121320343559642,4.242640687119286,3.9831276631254418,48.0,15.785844453984339,7.65685424949238,2.0,2.0,5.0,56.0,126.0,11.15,182.0,146.0,18.0,56.0,30.0,14.47448672760572,8.054678984251696,1.8477590650225744,2.447472887876344,-2.58
102.0,123.0,3.666666666666667,3.8333333333333326,258.0,8.898979485566358,9.591308017391087,8.800000000000002,20.75755076535925,21.247448713915883,14.72792206135786,15.987290460800264,178.171875,72.96510011540288,43.80337847847461,12.0,12.0,36.0,569.0,1661.0,59.83412698412699,2602.0,2969.0,128.0,1381.0,384.0,46.932745750283644,24.930824157899206,2.4667318039707125,1.4647130514308409,-8.6
18.0,16.0,3.0,1.75,34.0,2.914213562373095,2.6547005383792515,2.833333333333333,4.885618083164127,5.121320343559642,3.5355339059327378,3.2760208819388943,40.0,12.95741732923815,6.242640687119285,2.0,2.0,4.0,35.0,70.0,8.7,110.0,85.0,12.0,35.0,20.0,12.194901425440477,6.987918414869869,1.8019377358048385,2.3390923149762908,-3.08
22.0,20.0,3.25,2.0,42.0,3.414213562373095,3.1547005383792515,3.333333333333333,5.885618083164127,6.121320343559642,4.242640687119286,3.9831276631254418,48.0,15.785844453984339,7.65685424949238,2.0,2.0,5.0,56.0,126.0,11.15,182.0,146.0,18.0,56.0,30.0,14.47448672760572,8.054678984251696,1.8477590650225744,2.447472887876344,-3.82
56.0,64.0,5.444444444444445,2.8333333333333335,144.0,5.663902460147014,5.64373592708109,5.366666666666667,11.480272944275193,12.58662396539655,8.692130429902464,8.886163925629992,92.296875,40.924331095247126,25.021912431484132,10.0,16.0,20.0,193.0,442.0,30.183333333333334,712.0,645.0,78.0,215.0,115.0,28.356273684593937,14.259255741822003,2.369803310493935,2.5098822160639793,-1.26
42.0,44.0,3.111111111111111,2.5,92.0,4.931851652578137,4.918991055689499,4.866666666666666,9.882196732921877,10.122522350258794,7.071067811865477,7.143780964033362,80.0,30.0232845523689,16.19348530673794,4.0,4.0,12.0,140.0,360.0,21.285714285714285,540.0,515.0,40.0,155.0,75.0,23.1202801860515,12.612962398098883,2.172252350906543,1.9111701105978576,-6.08
94.0,112.0,7.8888888888888875,3.916666666666667,254.0,8.413591357920934,8.632771315782927,7.9,18.07492780538626,20.051927587233457,13.848726953872191,14.49630696932109,144.59375,68.89124486125611,43.80118417584898,18.0,30.0,36.0,545.0,1459.0,58.773809523809526,2168.0,2139.0,206.0,908.0,330.0,44.34362360128481,22.169825727659976,2.4603189213630032,2.167843111100852,-7.42
70.0,85.0,7.256944444444445,3.2083333333333335,202.0,6.446430083367842,6.408346360681002,5.957142857142857,13.104158646371763,15.008394853340068,10.261615264861625,10.563230197201575,106.347,51.94179733519722,33.9232033965595,20.0,32.0,28.0,265.0,591.0,40.166666666666664,970.0,872.0,118.0,395.0,176.0,33.530761363050296,15.923478995226555,2.4827903533041646,2.9175232357220255,-2.148
20.0,16.0,4.0625,1.0,68.0,2.0,1.7888543819998317,1.6,3.2,5.0,3.4641016151377544,3.0983866769659336,9.48148148148148,16.492422502470642,12.0,12.0,36.0,9.0,16.0,22.0,7.0,44.0,28.0,12.0,16.0,12.0,10.524391382167263,4.0,2.0,3.0237157840738176,-2.0
64.0,70.0,5.944444444444445,3.2777777777777777,160.0,6.6302289553358005,6.616093728153195,6.300000000000001,13.399456532728278,14.669106870035181,10.187224221315322,10.351557440740473,101.515625,46.86125482286451,28.309330091990912,14.0,20.0,22.0,333.0,965.0,36.70992063492064,1266.0,1192.0,102.0,453.0,176.0,32.80585126086084,17.354714061589114,2.2501437772817,2.2325127712259567,-2.57
74.0,89.0,5.145833333333334,3.083333333333333,204.0,6.649501019800504,6.861279908946013,6.338095238095239,14.382364520192104,15.688630805499718,10.811552003384461,11.371435816584253,117.773,54.16701849134502,34.136784030756274,16.0,26.0,28.0,268.0,616.0,40.74285714285714,1088.0,1095.0,112.0,497.0,198.0,34.80988775347899,17.569541970311885,2.4781719302048772,2.1364035716616874,-3.06
74.0,81.0,7.506944444444445,3.1944444444444446,210.0,6.7993309340615635,6.802453635391254,6.2,13.82849508098151,16.3638468540346,11.321558047438831,11.474690221461234,93.63136574074073,55.71554214181121,36.56939031008169,24.0,48.0,29.0,372.0,1021.0,42.12619047619047,1393.0,1289.0,125.0,520.0,204.0,35.72677526709474,16.552493270422868,2.3570304892331975,2.482410587361103,-0.85
36.0,38.0,3.2222222222222223,1.8333333333333333,88.0,3.787693700234704,3.7888543819998315,3.6,7.6512343960219615,8.391883981397134,5.875633848974738,5.926813801712124,54.75,26.403614671685094,15.77269903474535,8.0,12.0,12.0,62.0,115.0,16.03333333333333,236.0,222.0,12.0,110.0,50.0,18.68250312825291,9.92477721636806,2.170086486626033,2.1923771580194713,-3.19
14.0,12.0,2.75,1.5,26.0,2.414213562373095,2.1547005383792515,2.333333333333333,3.885618083164127,4.121320343559642,2.8284271247461903,2.568914100752347,32.0,10.12899020449196,4.82842712474619,2.0,2.0,3.0,20.0,35.0,6.416666666666666,60.0,44.0,8.0,20.0,12.0,9.915316149982342,5.464101615137754,1.7320508075688772,2.19060968716425,-0.09
108.0,126.0,9.249999999999998,4.555555555555555,290.0,9.790601455632679,10.013377407318897,9.166666666666668,20.860136797623777,23.289111030251334,16.11987721169289,16.778197065359294,160.578125,79.40465981141499,50.50281539872883,24.0,38.0,41.0,915.0,3032.0,71.38492063492063,3617.0,3545.0,271.0,1223.0,429.0,51.47618937763766,24.781309402137456,2.476936667660044,2.0343627900616883,-4.376
112.0,129.0,11.340277777777777,5.222222222222221,310.0,10.628446183176258,10.598828823207418,9.885714285714286,21.618238399592297,24.624209825116445,16.913960904630937,17.29634840803903,171.38823611111115,82.9939288103988,52.99252188893987,26.0,52.0,43.0,1098.0,3480.0,82.08968253968254,4075.0,3741.0,347.0,1470.0,500.0,54.675084410009426,26.713900575069573,2.4780604277560196,3.1030754377966288,-5.53
48.0,54.0,4.944444444444445,2.222222222222222,128.0,4.609060905280622,4.605350962927558,4.2666666666666675,9.38328520359084,10.701285058155639,7.427746781790429,7.559806963567577,68.28125,35.55659711676804,22.60112615949154,12.0,20.0,18.0,110.0,215.0,23.28333333333333,408.0,372.0,36.0,184.0,84.0,23.68912002651699,11.643052181853582,2.3072503713482164,2.4872656412139507,-2.05
24.0,24.0,1.5,1.5,48.0,3.0,3.0,3.0,6.0,6.0,4.242640687119286,4.242640687119286,48.0,16.970562748477143,8.485281374238571,0.0,0.0,6.0,27.0,42.0,10.0,108.0,108.0,0.0,54.0,24.0,13.696713921428238,8.0,2.0,2.0,-1.64
36.0,38.0,3.2222222222222223,1.8333333333333333,88.0,3.787693700234704,3.7888543819998315,3.6,7.6512343960219615,8.391883981397134,5.875633848974738,5.926813801712124,54.75,26.403614671685094,15.77269903474535,8.0,12.0,12.0,62.0,115.0,16.03333333333333,236.0,222.0,12.0,110.0,50.0,18.68250312825291,9.92477721636806,2.170086486626033,2.1923771580194713,-4.03
70.0,78.0,6.805555555555555,3.4722222222222228,180.0,7.040912557858761,7.024342018617058,6.633333333333333,14.26548193651272,15.823807408414435,10.963280687723168,11.1680540216682,108.28125,51.43774604540598,31.723543654364008,16.0,24.0,25.0,394.0,1165.0,41.205555555555556,1483.0,1381.0,115.0,552.0,204.0,35.3092737316708,17.78402876648027,2.3063843217095066,2.342727477984964,-2.5639999999999996
64.0,72.0,5.944444444444445,3.333333333333333,160.0,6.663902460147014,6.64373592708109,6.366666666666666,13.480272944275193,14.58662396539655,10.10634399227556,10.30037748800309,108.296875,46.58118534473951,27.850339556230324,10.0,16.0,22.0,296.0,736.0,38.02619047619048,1114.0,1036.0,122.0,395.0,176.0,32.826903619197765,17.07134848201992,2.3232000189275945,2.555063449826189,-2.48
34.0,36.0,2.611111111111111,2.0,76.0,3.931851652578137,3.9189910556894993,3.8666666666666667,7.8821967329218765,8.122522350258794,5.6568542494923815,5.729567401660267,64.0,24.366430302876523,13.365058181991753,4.0,4.0,10.0,64.0,122.0,15.783333333333333,246.0,234.0,22.0,109.0,50.0,18.47902253715965,10.424292428609817,2.1357792050698574,2.1250162554146717,-2.82
14.0,12.0,2.75,1.5,26.0,2.414213562373095,2.1547005383792515,2.333333333333333,3.885618083164127,4.121320343559642,2.8284271247461903,2.568914100752347,32.0,10.12899020449196,4.82842712474619,2.0,2.0,3.0,20.0,35.0,6.416666666666666,60.0,44.0,8.0,20.0,12.0,9.915316149982342,5.464101615137754,1.7320508075688772,2.19060968716425,0.48
36.0,39.0,3.2222222222222223,1.8611111111111112,88.0,3.804530452640311,3.802675481463779,3.6333333333333333,7.691642601795419,8.350642529077819,5.835193734454857,5.901223825343431,58.140625,26.26357993262259,15.543203766865057,6.0,10.0,12.0,60.0,106.0,16.166666666666664,228.0,214.0,20.0,106.0,50.0,18.69255664280207,9.953959938490609,2.193527085331054,2.2794002709583667,-2.8
16.0,14.0,3.361111111111111,1.3333333333333333,38.0,2.270055610029662,2.0245638646895836,2.0666666666666664,3.6546557462642113,4.390681974697982,3.0472067242285474,2.766160500804204,22.75,12.16617457330054,7.23606797749979,6.0,10.0,5.0,18.0,28.0,6.666666666666666,52.0,36.0,10.0,18.0,12.0,10.118119614388581,5.226251859505506,1.8477590650225744,2.5395388613593908,0.47
36.0,38.0,3.2222222222222223,1.8333333333333333,88.0,3.787693700234704,3.7888543819998315,3.6,7.6512343960219615,8.391883981397134,5.875633848974738,5.926813801712124,54.75,26.403614671685094,15.77269903474535,8.0,12.0,12.0,62.0,115.0,16.03333333333333,236.0,222.0,12.0,110.0,50.0,18.68250312825291,9.92477721636806,2.170086486626033,2.1923771580194713,-0.17
124.0,156.0,6.9513888888888875,4.347222222222221,348.0,10.003855748193212,10.677554643801214,9.571428571428573,23.13853496417639,24.98107426451818,17.13223108406188,18.577895374557507,201.09649537037035,90.2305208501333,57.8827683194447,22.0,36.0,49.0,826.0,2524.0,77.13055555555556,3611.0,3925.0,225.0,1714.0,497.0,55.016739924699685,27.611380258796867,2.5942753053181105,1.5751442306903884,-4.955
98.0,120.0,3.416666666666667,3.6111111111111107,250.0,8.415816237971963,9.105129116855034,8.333333333333334,19.797958971132708,20.20620726159657,13.98037516565143,15.254593703245025,173.5625,69.99663825159418,42.159669648221225,10.0,10.0,35.0,471.0,1281.0,55.65833333333333,2164.0,2479.0,124.0,960.0,314.0,44.75462404772085,23.55279264864891,2.5128320824801023,1.5217899735619282,-8.04
32.0,34.0,2.9722222222222223,1.5833333333333333,80.0,3.287693700234704,3.2888543819998315,3.1,6.6512343960219615,7.391883981397134,5.16852706778819,5.2197070205255764,46.75,23.575187546938903,14.358485472372255,8.0,12.0,11.0,41.0,68.0,13.083333333333332,154.0,142.0,12.0,51.0,30.0,16.48775345195978,8.318417564403724,2.1986912435159964,2.2571532373031413,-0.4
62.0,67.0,5.333333333333334,3.3611111111111116,148.0,6.736382105218448,6.721666537153279,6.5,13.573839334717295,14.473164879336613,10.077834421574144,10.216577664630604,106.140625,44.97315598600673,26.079834824110616,10.0,14.0,20.0,354.0,1105.0,35.91388888888889,1350.0,1276.0,98.0,479.0,176.0,32.593911657456005,17.05638718095111,2.277471035392448,2.1097395262078864,-2.59
32.0,31.0,4.361111111111111,2.416666666666667,70.0,4.3080604124904465,4.049127729379167,4.133333333333333,7.7112352811751075,8.31726233425821,5.76624404923356,5.532321001608409,59.375,23.330797540334512,12.714776642118867,6.0,8.0,9.0,108.0,264.0,17.109523809523807,360.0,296.0,38.0,108.0,56.0,19.246508084486482,10.383982834675734,2.015316067192599,2.9548225727898005,-0.83
112.0,131.0,8.979166666666664,4.98611111111111,304.0,10.397995908302171,10.590147335625959,9.866666666666669,21.97069269905653,24.161747557154463,16.588783531032497,17.309590645924487,178.05787037037038,82.19318547708477,51.69565800910772,24.0,42.0,42.0,1066.0,3739.0,75.82507215007215,4224.0,4149.0,280.0,1679.0,492.0,53.69492540900732,27.062983862647574,2.452067432714863,1.9782380053988442,-5.382000000000001
114.0,142.0,5.3888888888888875,4.305555555555555,298.0,9.770856947829097,10.449267896710655,9.566666666666668,22.610826190248503,23.433125433716445,16.158714650613906,17.543513693549635,201.875,81.6979783432983,49.943319799579925,10.0,14.0,42.0,694.0,1927.0,72.08015873015873,3082.0,3409.0,222.0,1615.0,476.0,51.97152925943759,27.38995778230995,2.5496022948258887,1.6276258864312267,-7.01
194.0,250.0,14.138888888888886,7.361111111111111,578.0,15.917740416105751,16.52357765647603,14.980952380952386,35.160387006743214,39.11580936504267,26.587089623988557,28.431977598089812,316.2466620370371,142.6003707128859,93.68745113426391,44.0,78.0,80.0,2955.0,11558.0,158.19232434232435,12148.0,12392.0,776.0,5065.0,1264.0,86.7993054651611,42.75359577013153,2.732640105398631,1.742889022167581,-4.71
64.0,75.0,4.555555555555555,2.5555555555555554,170.0,5.66470379794645,5.894205344927391,5.366666666666668,12.436443388259487,13.629067424415018,9.439677325608894,9.951086859346962,96.90625,46.81652455845561,29.545398069490698,14.0,20.0,24.0,178.0,382.0,32.0,728.0,736.0,56.0,295.0,128.0,30.07331766873329,14.737554718495199,2.425449002713574,2.049211684026866,-3.93
54.0,63.0,5.805555555555555,2.4444444444444446,148.0,5.036581260209189,5.027420352855368,4.633333333333333,10.289718813148735,11.814744144215574,8.163363133678393,8.35071356812661,78.4375,39.99305360024701,25.785844453984343,12.0,22.0,21.0,140.0,281.0,27.316666666666666,515.0,465.0,51.0,230.0,104.0,26.20239932993288,13.137459993790184,2.3648709778844013,2.625358332036857,-3.1
36.0,38.0,3.2222222222222223,1.8333333333333333,88.0,3.787693700234704,3.7888543819998315,3.5999999999999996,7.6512343960219615,8.391883981397134,5.875633848974738,5.926813801712124,54.75,26.40361467168509,15.772699034745349,8.0,12.0,12.0,61.0,110.0,16.083333333333332,232.0,218.0,16.0,108.0,50.0,18.68272477800247,9.431147620289327,2.175327747161074,2.2306376583301173,-3.04
98.0,112.0,7.618055555555555,4.055555555555555,268.0,8.876028663351637,9.113810604436493,8.352380952380955,18.960161303085837,21.23472985711761,14.69518130514858,15.241351465359575,146.46636111111115,72.33727227412497,45.807803594447066,22.0,44.0,37.0,678.0,2040.0,61.98055555555556,2720.0,2712.0,238.0,1038.0,368.0,46.601441763062205,23.128032106102648,2.4241731753150835,2.0365209742257626,-7.15
24.0,22.0,3.861111111111111,1.8333333333333333,54.0,3.270055610029662,3.0245638646895836,3.0666666666666664,5.654655746264212,6.390681974697982,4.461420286601642,4.180374063177299,38.75,17.823028822792917,10.06449510224598,6.0,10.0,7.0,52.0,108.0,11.483333333333333,166.0,130.0,20.0,52.0,30.0,14.67751178696683,7.7274066103125465,1.9318516525781366,2.6782577431647265,-1.01
34.0,36.0,2.611111111111111,2.0,76.0,3.931851652578137,3.9189910556894993,3.8666666666666663,7.8821967329218765,8.122522350258794,5.6568542494923815,5.729567401660266,64.0,24.366430302876516,13.365058181991749,4.0,4.0,10.0,64.0,122.0,15.783333333333333,246.0,234.0,22.0,109.0,50.0,18.479022537159658,10.424292428609819,2.1357792050698574,2.1250162554146717,-2.39
126.0,152.0,8.951388888888888,4.916666666666667,350.0,10.824717068335381,11.27136763098153,10.252380952380955,23.882766241781166,26.316010755057086,18.06895475300179,19.15217794631503,200.0288611111111,92.32102715081972,58.943366508558526,24.0,46.0,49.0,999.0,2897.0,87.85357142857143,4110.0,4197.0,302.0,1692.0,540.0,57.9184195374623,28.64396628683665,2.523724910331228,1.9515435631655733,-4.207
18.0,16.0,3.0,1.75,34.0,2.914213562373095,2.6547005383792515,2.833333333333333,4.885618083164127,5.121320343559642,3.5355339059327378,3.2760208819388943,40.0,12.95741732923815,6.242640687119285,2.0,2.0,4.0,35.0,70.0,8.7,110.0,85.0,12.0,35.0,20.0,12.194901425440477,6.987918414869869,1.8019377358048385,2.3390923149762908,-3.84
44.0,48.0,3.7222222222222223,2.4444444444444446,104.0,4.842535255101096,4.8272393461533625,4.699999999999999,9.748222136706314,10.277222888638047,7.140017497086775,7.253170763774541,78.765625,31.771348650164185,18.19348530673794,6.0,8.0,14.0,121.0,263.0,22.383333333333333,460.0,432.0,48.0,184.0,84.0,23.261343660490375,12.857278973510141,2.214319743377536,2.239538805558814,-0.46
150.0,176.0,11.354166666666666,5.430555555555555,442.0,12.376976656146873,12.855696604918476,11.457142857142863,27.089793865660415,31.31857707278159,21.511736735697312,22.530716347303095,211.21621296296303,111.91703486326801,73.88938773804277,40.0,90.0,61.0,1752.0,6562.0,106.54440836940837,7195.0,7349.0,447.0,3022.0,792.0,67.90741424659251,31.99588019440368,2.5432930457386145,1.7618670253405175,-3.59
94.0,112.0,7.8888888888888875,3.9166666666666674,254.0,8.413591357920932,8.632771315782927,7.8999999999999995,18.07492780538626,20.051927587233457,13.84872695387219,14.496306969321093,144.59375,68.89124486125611,43.80118417584898,18.0,30.0,36.0,577.0,1673.0,57.85753968253968,2304.0,2283.0,190.0,972.0,330.0,44.34268083528904,22.633601360287837,2.437103310931622,2.037912587439903,-7.82
96.0,115.0,7.979166666666666,3.9166666666666665,272.0,8.370027806973454,8.574264958517835,7.8190476190476215,17.940843338287632,20.20549072305592,13.848576763728724,14.530187907234833,143.86624537037036,70.9193371433959,46.06786381253784,24.0,42.0,38.0,559.0,1556.0,58.517857142857146,2214.0,2172.0,196.0,795.0,312.0,44.67131015136847,21.49117682984115,2.5131607033046985,2.1247031913228005,-4.925
76.0,83.0,7.145833333333334,3.6666666666666665,206.0,7.464656936460173,7.443333074306559,7.000000000000001,15.075628747018861,17.0623070347758,11.740935543921726,11.947873955022633,112.11574074074073,56.49773410486054,35.627312702708174,22.0,40.0,28.0,456.0,1332.0,45.727777777777774,1710.0,1586.0,142.0,627.0,234.0,37.8024055951034,18.51298813488411,2.3277991882970284,2.469004105600338,-3.15
102.0,126.0,3.666666666666667,3.9166666666666665,258.0,8.949489742783179,9.632771315782927,8.9,20.878775382679628,21.123724356957943,14.606601717798217,15.91052053169419,188.34375,72.54499589821535,43.11489267483374,6.0,6.0,36.0,513.0,1305.0,61.72857142857143,2322.0,2619.0,144.0,1269.0,390.0,46.96488350012217,25.27446501448259,2.5320888862379567,1.6420082464871608,-6.726
98.0,113.0,7.166666666666666,4.666666666666666,246.0,9.651397005390978,9.851581364770423,9.333333333333336,20.415627861865715,21.63692868191472,14.946701660840217,15.592797660696553,168.921875,70.89383459031883,42.50281539872884,16.0,20.0,34.0,814.0,2641.0,65.4488455988456,3276.0,3281.0,260.0,1198.0,408.0,48.46350639689458,25.59883598155129,2.3766039552382496,1.9576602934976854,-4.95
124.0,137.0,10.666666666666664,6.916666666666667,296.0,13.565610567764073,13.506281903149674,13.166666666666668,27.301245945029837,28.758249025474363,19.896449129146042,20.28303210500854,224.921875,89.50810616904937,51.5738832105943,18.0,22.0,40.0,2388.0,11252.0,98.70998070556894,9132.0,8690.0,508.0,2734.0,750.0,65.19700313236757,35.00813215308159,2.3567882481552918,2.5120566401029834,-6.96
34.0,36.0,2.611111111111111,2.0,76.0,3.931851652578137,3.9189910556894993,3.8666666666666667,7.8821967329218765,8.122522350258794,5.6568542494923815,5.729567401660267,64.0,24.366430302876523,13.365058181991753,4.0,4.0,10.0,64.0,122.0,15.783333333333333,246.0,234.0,22.0,109.0,50.0,18.47902253715965,10.424292428609817,2.1357792050698574,2.1250162554146717,0.51
60.0,65.0,7.986111111111111,2.9583333333333335,186.0,5.749147428401218,5.493477860279858,5.1190476190476195,10.749609827418816,13.48898509451986,9.16873610755267,9.02943466328491,74.68048148148146,46.14879525810133,31.328452233468916,24.0,56.0,25.0,248.0,609.0,33.266666666666666,836.0,692.0,102.0,248.0,132.0,29.683156364193486,14.042272089987666,2.316717227424075,4.253809119721993,-2.28
58.0,65.0,2.7222222222222223,2.7777777777777777,134.0,5.966326495188786,6.197102672463695,5.933333333333334,12.919183588453084,13.082482904638631,9.15194804090524,9.571737507386041,107.390625,41.29226278694477,23.086407533730114,4.0,4.0,18.0,198.0,477.0,30.576190476190476,840.0,889.0,72.0,360.0,144.0,29.333306867925067,16.38337686990968,2.2784136094964453,1.7997325191361424,-4.345
94.0,111.0,7.8888888888888875,3.888888888888889,254.0,8.396754605515326,8.61895021631898,7.866666666666668,18.034519599612803,20.09316903955277,13.889167068392073,14.521896945689784,141.203125,69.03127960031861,44.03067944372927,20.0,32.0,36.0,555.0,1534.0,58.5468253968254,2210.0,2183.0,200.0,927.0,330.0,44.334228641482476,21.375988972918062,2.4561927970925095,2.1317135228852684,-8.71
72.0,81.0,7.416666666666666,3.333333333333334,192.0,6.913591357920935,6.9080264443913375,6.3999999999999995,14.074927805386261,16.051927587233457,11.141620172685643,11.339710445351365,102.421875,53.334895675152055,33.901689239237314,18.0,30.0,27.0,354.0,906.0,42.60000000000001,1311.0,1197.0,123.0,516.0,204.0,35.523082407121414,17.567798301666716,2.3582944711822647,2.640808477185157,-3.364
34.0,32.0,5.423611111111111,1.7083333333333333,104.0,3.4165022194363885,3.1971026724636946,2.933333333333333,6.054655746264212,8.140681974697982,5.645282935581863,5.329096820266755,29.86111111111111,26.77155942765331,18.39834563766817,16.0,40.0,14.0,66.0,127.0,15.166666666666666,208.0,159.0,32.0,66.0,42.0,17.586510021393877,7.384646120352906,2.1489611417496355,3.388924101358251,-0.92
78.0,93.0,5.395833333333333,3.333333333333333,212.0,7.149501019800504,7.361279908946013,6.838095238095239,15.382364520192104,16.688630805499717,11.51865878457101,12.078542597770802,125.773,56.99544561609121,35.55099759312937,16.0,26.0,29.0,324.0,773.0,45.18571428571429,1315.0,1325.0,121.0,537.0,211.0,37.07259410025071,18.596947390278597,2.4715925977427147,2.146300492866435,-3.168
60.0,72.0,6.145833333333333,2.805555555555556,174.0,5.547859264128101,5.507298959743805,5.152380952380952,11.252622086734462,12.85364618727895,8.720489810460412,9.003844686916219,93.72562037037036,44.56045273611971,29.059096800292707,16.0,30.0,24.0,180.0,386.0,31.25,654.0,581.0,70.0,210.0,115.0,28.82976785233766,14.649128077653575,2.4675898696623846,2.724112234103965,0.64
42.0,45.0,4.083333333333334,2.0,108.0,4.1815405503520555,4.183281572999747,3.9,8.476851594032942,9.587825972095702,6.692130429902464,6.768900359008543,58.125,31.12014063328907,19.41640786499874,12.0,18.0,15.0,84.0,159.0,19.5,315.0,291.0,27.0,144.0,66.0,21.17608116869581,10.128990204491958,2.23606797749979,2.3408516164378748,-1.4
70.0,74.0,5.833333333333333,3.8333333333333326,164.0,7.719545352812841,7.707845437689333,7.466666666666668,15.533431128943842,16.514406331655927,11.532488098467121,11.65638120337239,118.75,50.77004497456161,29.1377572167371,12.0,16.0,22.0,537.0,1898.0,42.9258658008658,2068.0,1978.0,136.0,672.0,234.0,37.142557771367116,19.540409149166152,2.237630013355941,2.055696077181306,-4.37
50.0,53.0,4.583333333333334,2.5,124.0,5.181540550352056,5.183281572999748,4.8999999999999995,10.476851594032944,11.587825972095702,8.10634399227556,8.183113921381638,74.125,36.77699488278145,22.24483498974493,12.0,18.0,17.0,166.0,408.0,25.652380952380952,629.0,589.0,53.0,250.0,104.0,25.734574673025893,13.221782261237905,2.2199362207088247,2.1712966618489173,-2.843
100.0,121.0,8.749999999999998,4.138888888888889,274.0,8.8411117128495,9.054840705710737,8.266666666666666,18.981361414944153,21.165386673293394,14.584343305760154,15.287213573880125,154.75,73.32770134473509,46.985902470341784,18.0,32.0,39.0,628.0,1733.0,64.06904761904762,2486.0,2440.0,230.0,1042.0,368.0,46.85714363597768,23.62841587420115,2.486500108250852,2.205327158368587,-8.94
24.0,22.0,4.3125,1.375,76.0,2.560660171779821,2.3272393461533625,2.1999999999999997,4.285618083164127,5.871320343559642,4.012289773726411,3.717636857841802,23.11111111111111,19.077520809352354,13.16227766016838,12.0,32.0,10.0,28.0,44.0,9.5,82.0,57.0,18.0,28.0,20.0,12.823409519949186,5.818625822352818,2.0743132930519423,3.168489872670569,-3.55
34.0,36.0,2.611111111111111,2.0,76.0,3.931851652578137,3.9189910556894993,3.8666666666666667,7.8821967329218765,8.122522350258794,5.6568542494923815,5.729567401660267,64.0,24.366430302876523,13.365058181991753,4.0,4.0,10.0,64.0,122.0,15.783333333333333,246.0,234.0,22.0,109.0,50.0,18.47902253715965,10.424292428609817,2.1357792050698574,2.1250162554146717,-1.28
14.0,12.0,2.75,1.5,26.0,2.414213562373095,2.1547005383792515,2.333333333333333,3.885618083164127,4.121320343559642,2.8284271247461903,2.568914100752347,32.0,10.12899020449196,4.82842712474619,2.0,2.0,3.0,20.0,35.0,6.416666666666666,60.0,44.0,8.0,20.0,12.0,9.915316149982342,5.464101615137754,1.7320508075688772,2.19060968716425,-2.09
168.0,212.0,11.576388888888886,6.020833333333332,496.0,13.526346670281969,14.181464171412859,12.692857142857147,30.335690492130965,33.93252162700002,23.188628948144107,24.80474296984158,260.4169490740741,123.74555933170456,81.41842619070943,38.0,72.0,69.0,2039.0,7823.0,122.88632478632479,8532.0,8859.0,508.0,3658.0,930.0,74.64039452766677,36.25936101984627,2.6712042003528764,1.6019155608319786,-4.88
68.0,78.0,7.166666666666666,3.1111111111111116,184.0,6.430428110326543,6.421847543855284,5.933333333333334,13.11533601115972,15.010686134914145,10.394073276979215,10.607013687796124,97.8125,50.36643381134336,32.257980408983926,16.0,28.0,26.0,286.0,691.0,38.85,1056.0,960.0,100.0,428.0,176.0,33.25424964154861,16.365517781032604,2.3804024172610783,2.6611916494821632,-1.456
112.0,133.0,7.1388888888888875,4.555555555555555,292.0,10.058550648063802,10.513377407318897,9.666666666666668,22.26206058627046,23.825009415113577,16.498814593655908,17.485303846545847,182.453125,81.23153532989461,50.15966964822121,18.0,26.0,41.0,819.0,2365.0,74.96071428571429,3432.0,3578.0,274.0,1367.0,460.0,52.67707330020537,27.050643375045617,2.4594338179662945,1.8267166049095904,-3.604
36.0,38.0,3.2222222222222223,1.8333333333333333,88.0,3.787693700234704,3.7888543819998315,3.5999999999999996,7.6512343960219615,8.391883981397134,5.875633848974738,5.926813801712124,54.75,26.40361467168509,15.772699034745349,8.0,12.0,12.0,61.0,110.0,16.083333333333332,232.0,218.0,16.0,108.0,50.0,18.68272477800247,9.431147620289327,2.175327747161074,2.2306376583301173,-0.7
36.0,38.0,3.2222222222222223,1.8333333333333333,88.0,3.787693700234704,3.7888543819998315,3.5999999999999996,7.6512343960219615,8.391883981397134,5.875633848974738,5.926813801712124,54.75,26.40361467168509,15.772699034745349,8.0,12.0,12.0,61.0,110.0,16.083333333333332,232.0,218.0,16.0,108.0,50.0,18.68272477800247,9.431147620289327,2.175327747161074,2.2306376583301173,-3.21
94.0,111.0,7.819444444444445,3.430555555555556,282.0,7.716162047958508,7.9528097724096245,7.071428571428572,16.687300568154434,19.58919028312105,13.427805631411442,14.007085288214688,129.65610185185184,70.41983374430717,47.039001472833874,26.0,60.0,39.0,460.0,1189.0,54.71190476190476,1826.0,1792.0,154.0,838.0,292.0,42.501457308184214,19.655123841379293,2.4935350489607973,2.1765654202809763,-3.05
60.0,71.0,6.145833333333334,2.708333333333333,174.0,5.503054410393776,5.477595483171734,5.071428571428571,11.182364520192099,12.938630805499718,8.849150282422709,9.078459049341445,88.14337037037036,44.74034764047812,29.317652121095513,18.0,32.0,24.0,177.0,372.0,31.433333333333334,650.0,586.0,74.0,279.0,126.0,28.726434801455135,14.045052015432143,2.426719885130814,2.7270911678073695,-1.228
42.0,44.0,3.111111111111111,2.5,92.0,4.931851652578137,4.918991055689499,4.866666666666666,9.882196732921877,10.122522350258794,7.071067811865477,7.143780964033363,80.0,30.023284552368903,16.19348530673794,4.0,4.0,12.0,133.0,323.0,21.642857142857142,512.0,488.0,44.0,196.0,84.0,23.038420907695816,12.932143397034864,2.1543413091228816,2.0172372216570547,-0.7
62.0,68.0,2.9722222222222223,3.0,142.0,6.449489742783179,6.683281572999748,6.4,13.878775382679628,14.123724356957947,9.899494936611669,10.304434264941282,112.0,44.26072465075347,24.730116363983505,6.0,6.0,19.0,264.0,715.0,33.69642857142857,1118.0,1182.0,86.0,444.0,170.0,31.6025892465374,17.300563079745768,2.2360679774997894,1.6872141191211394,-4.08
32.0,31.0,4.361111111111111,2.416666666666667,70.0,4.3080604124904465,4.049127729379167,4.133333333333333,7.7112352811751075,8.31726233425821,5.76624404923356,5.532321001608409,59.375,23.330797540334505,12.714776642118863,6.0,8.0,9.0,110.0,275.0,17.026190476190475,368.0,304.0,36.0,110.0,56.0,19.24628648935833,10.47213595499958,2.000000000000001,2.8766225950797444,-1.98
144.0,169.0,12.923611111111109,6.11111111111111,400.0,12.967451478427218,13.179615921445393,12.085714285714289,27.34686785691892,30.934812908574095,21.29450096219281,22.089994870802396,216.91948611111115,106.38435135386634,68.35758007093162,32.0,62.0,56.0,1865.0,6660.0,111.35844155844157,7316.0,7133.0,558.0,2639.0,800.0,68.24587297499127,33.193800865835975,2.487013571829057,2.2998971076379764,-6.78
70.0,75.0,6.805555555555555,3.333333333333333,180.0,6.96923425058676,6.9721359549995805,6.500000000000001,14.128085990054908,15.979709953492838,11.153550716504109,11.28150059834757,96.875,51.866901055481776,32.3606797749979,20.0,30.0,25.0,386.0,1096.0,41.20476190476191,1447.0,1341.0,115.0,542.0,204.0,35.28023679710704,16.830571240416244,2.3027756377319957,2.405024983688429,-4.43
24.0,23.0,3.861111111111111,1.9166666666666667,54.0,3.308060412490447,3.049127729379167,3.133333333333333,5.7112352811751075,6.317262334258209,4.352030486860464,4.118107439235313,43.375,17.67394329084213,9.886349517372675,6.0,8.0,7.0,50.0,99.0,11.616666666666667,158.0,122.0,22.0,50.0,30.0,14.687112840672746,7.878462024097665,1.969615506024416,2.8318199660707846,-1.11
32.0,30.0,4.8125,1.875,92.0,3.560660171779821,3.3272393461533625,3.1999999999999997,6.285618083164127,7.871320343559642,5.426503336099506,5.131850420214898,39.1111111111111,24.734375058844734,15.99070478491457,12.0,32.0,12.0,71.0,149.0,14.766666666666666,228.0,179.0,30.0,71.0,42.0,17.383032475181256,8.312845350263807,2.1119907362530657,3.1117661943884265,-1.08
34.0,36.0,2.611111111111111,2.0,76.0,3.931851652578137,3.9189910556894993,3.8666666666666667,7.8821967329218765,8.122522350258794,5.6568542494923815,5.729567401660267,64.0,24.366430302876523,13.365058181991753,4.0,4.0,10.0,64.0,122.0,15.783333333333333,246.0,234.0,22.0,109.0,50.0,18.47902253715965,10.424292428609817,2.1357792050698574,2.1250162554146717,-2.77
78.0,91.0,7.756944444444445,3.6666666666666665,218.0,7.419556629830167,7.385843773635597,6.904761904761905,15.037020266456311,17.0793127801977,11.737438384053366,12.016275973828815,116.523,57.847911690406974,37.13021132113678,22.0,36.0,30.0,418.0,1115.0,47.51190476190476,1552.0,1422.0,160.0,576.0,234.0,38.06887273094086,18.468320998882934,2.4590097921312677,2.7428479556618224,-2.253
108.0,148.0,8.243055555555555,3.3750000000000004,350.0,7.703247926875856,8.126991117614795,7.042857142857144,17.716641280023012,20.546794951784452,13.841645470343778,15.038164709461213,171.0002824074074,80.06041571899254,55.279117367705766,24.0,54.0,49.0,388.0,842.0,59.86666666666667,1587.0,1596.0,167.0,579.0,276.0,45.381038157575915,21.152633613688078,2.798505798401699,2.216265054186437,-6.317
84.0,100.0,8.618055555555554,3.8749999999999996,238.0,7.840276933485195,7.80277355168092,7.257142857142858,15.929775844382752,18.204336844038632,12.492325408162447,12.819530316871086,125.722,62.31517754629357,40.39533935155909,24.0,38.0,33.0,460.0,1164.0,53.41190476190476,1693.0,1535.0,193.0,632.0,266.0,40.58356349722394,19.7644708067012,2.5040222229641644,3.0144196121125946,-2.647
140.0,169.0,9.791666666666666,5.6180555555555545,392.0,12.26920518133496,12.711533119228452,11.654761904761909,26.766075950834058,29.462914640078985,20.24522047518827,21.33537485121462,226.24869444444445,102.66453054245078,65.19262661427587,28.0,54.0,54.0,1791.0,7430.0,94.79073704073704,7466.0,7759.0,436.0,2387.0,713.0,66.8520702463118,32.358923991582294,2.6821944077505906,1.5208103591627704,-6.025
96.0,99.0,10.756944444444443,5.083333333333333,252.0,10.158702941568267,9.918769209616976,9.433333333333335,19.61712542346128,22.599828290353322,15.714028648819177,15.545674484897358,133.61574074074073,71.79050686680887,44.63388541232767,28.0,54.0,34.0,1414.0,6673.0,65.73604451104451,5194.0,4753.0,270.0,1414.0,420.0,50.15892956396615,24.507019349162075,2.185977288912337,3.6810168177852227,-5.19
24.0,23.0,3.861111111111111,1.9166666666666667,54.0,3.308060412490447,3.049127729379167,3.133333333333333,5.7112352811751075,6.317262334258209,4.352030486860464,4.118107439235313,43.375,17.67394329084213,9.886349517372675,6.0,8.0,7.0,50.0,99.0,11.616666666666667,158.0,122.0,22.0,50.0,30.0,14.687112840672746,7.878462024097665,1.969615506024416,2.8318199660707846,-0.66
74.0,80.0,7.055555555555555,3.6666666666666665,188.0,7.507239053047546,7.496699819689164,7.066666666666668,15.184665524965805,16.906290313053066,11.751267697949478,11.926340755592133,109.5,54.54624264827718,33.59674775249769,20.0,28.0,26.0,458.0,1331.0,45.37619047619047,1714.0,1586.0,138.0,639.0,234.0,37.56966326398907,18.546937458959935,2.315484564013726,2.469229631527103,-4.1
74.0,82.0,7.055555555555555,3.7222222222222214,188.0,7.540912557858759,7.524342018617059,7.133333333333335,15.26548193651272,16.82380740841443,11.670387468909716,11.875160802854749,116.28125,54.26617317015217,33.1377572167371,16.0,24.0,26.0,482.0,1513.0,44.911904761904765,1836.0,1734.0,144.0,626.0,234.0,37.588169285918944,19.78636426281901,2.2733014247961583,2.3023280795207866,-3.9
62.0,72.0,3.9444444444444446,2.638888888888889,158.0,5.770856947829097,5.999778153927474,5.566666666666667,12.610826190248506,13.43312543371645,9.330287525867716,9.81610708323709,101.53125,44.92842572159783,27.315902801610406,10.0,14.0,22.0,182.0,401.0,31.700000000000003,756.0,779.0,52.0,378.0,142.0,29.77139590387833,15.531532475656517,2.370021284295307,1.976239780107198,-4.72
76.0,87.0,5.305555555555555,3.305555555555556,194.0,7.16470379794645,7.394205344927391,6.866666666666668,15.43644338825949,16.62906742441502,11.560997669168538,12.072407202906609,120.90625,55.30180593269419,33.788038756609986,14.0,20.0,27.0,362.0,979.0,43.26428571428571,1478.0,1500.0,124.0,626.0,228.0,36.822771529835656,19.11350195825181,2.3623070501672867,1.9030152865724252,-6.25
94.0,112.0,7.8888888888888875,3.9166666666666674,254.0,8.413591357920934,8.632771315782927,7.8999999999999995,18.07492780538626,20.051927587233457,13.84872695387219,14.496306969321093,144.59375,68.89124486125611,43.80118417584898,18.0,30.0,36.0,568.0,1616.0,58.1468253968254,2266.0,2243.0,194.0,954.0,330.0,44.3431459481387,22.21446189859028,2.4464500780722984,2.075171909316769,-7.39
20.0,18.0,3.611111111111111,1.5833333333333333,46.0,2.770055610029662,2.5245638646895836,2.5666666666666664,4.654655746264212,5.390681974697982,3.7543135054150945,3.4732672819907515,30.75,14.994601698046727,8.650281539872886,6.0,10.0,6.0,32.0,58.0,9.0,98.0,73.0,14.0,32.0,20.0,12.397923494716455,6.155367074350506,1.9021130325903068,2.6272148478988635,-0.31
30.0,30.0,5.173611111111111,1.5,96.0,2.9433756729740645,2.719605259509101,2.4857142857142858,5.1217941261796645,7.069764047840348,4.876566597576671,4.583157824826062,27.685111111111105,23.693872197189737,16.605551275463988,14.0,36.0,13.0,42.0,69.0,12.5,126.0,90.0,26.0,42.0,30.0,15.326357664785334,6.602720495543137,2.1753277471610755,3.5411969650799016,-2.0
70.0,81.0,4.444444444444445,3.1666666666666665,174.0,6.787693700234704,7.013599253391422,6.6000000000000005,14.651234396021962,15.391883981397134,10.70406097372093,11.204730669241494,120.921875,50.44524523202771,29.914834658476305,8.0,12.0,24.0,286.0,699.0,39.45952380952381,1178.0,1207.0,114.0,498.0,198.0,34.34039225724549,17.915452437997097,2.3717312187817967,1.9728248479032242,-5.21
44.0,48.0,3.7222222222222223,2.5,104.0,4.863703305156274,4.837982111378999,4.733333333333333,9.764393465843753,10.245044700517589,7.071067811865477,7.216494116201248,80.0,31.762297857275893,18.24483498974493,8.0,8.0,14.0,125.0,287.0,22.24285714285714,472.0,440.0,28.0,200.0,84.0,23.261343660490375,12.857278973510137,2.214319743377536,2.173831978453414,-1.49
60.0,65.0,5.694444444444445,2.9444444444444446,152.0,6.092224152875016,6.09152986346361,5.7333333333333325,12.342876997817383,13.742526510474955,9.589507239869953,9.706717283495912,88.890625,44.181913230069114,27.073262114491122,14.0,22.0,21.0,270.0,755.0,33.00476190476191,1017.0,947.0,69.0,396.0,150.0,30.516895908053314,15.277075437845436,2.2662257621582773,2.224333671919005,-2.6919999999999997
40.0,39.0,4.861111111111111,2.9166666666666665,86.0,5.3080604124904465,5.049127729379167,5.133333333333334,9.711235281175107,10.317262334258208,7.180457611606656,6.946534563981505,75.375,28.987651789826884,15.543203766865055,6.0,8.0,11.0,202.0,598.0,22.965873015873015,698.0,598.0,56.0,202.0,90.0,23.805678716380623,12.909972134452538,2.0285234880268836,2.9725776527439676,-2.74
50.0,53.0,4.583333333333334,2.5,124.0,5.181540550352056,5.183281572999748,4.8999999999999995,10.476851594032944,11.587825972095702,8.10634399227556,8.183113921381638,74.125,36.77699488278145,22.24483498974493,12.0,18.0,17.0,166.0,408.0,25.652380952380952,629.0,589.0,53.0,250.0,104.0,25.734574673025893,13.221782261237905,2.2199362207088247,2.1712966618489173,-1.03
46.0,53.0,1.9722222222222223,2.0277777777777777,110.0,4.4663264951887856,4.6971026724636955,4.433333333333334,9.919183588453086,10.082482904638631,7.030627697345596,7.4504171638263985,83.390625,32.80698141270619,18.843766846610826,4.0,4.0,15.0,79.0,143.0,20.499999999999996,344.0,373.0,24.0,144.0,66.0,22.580231058358727,12.170708811226712,2.32259590547608,1.9697731935234024,-2.16
192.0,252.0,12.590277777777777,6.277777777777777,598.0,14.354791587262637,15.209937563714085,13.380952380952385,32.99134934364313,37.346447733904334,25.271933707328895,27.43379003525094,298.2374027777778,141.96782505132745,95.9475113523547,48.0,94.0,83.0,2185.0,7678.0,143.2323593073593,9336.0,9912.0,616.0,4213.0,1100.0,82.00677726162563,38.976066583732134,2.7585044786459125,1.585063830263083,-4.31
58.0,68.0,3.6944444444444446,2.388888888888889,150.0,5.270856947829097,5.499778153927474,5.066666666666667,11.610826190248506,12.433125433716452,8.623180744681168,9.109000302050543,93.53125,42.09999859685164,25.90168923923731,10.0,14.0,21.0,138.0,277.0,28.066666666666666,574.0,591.0,44.0,238.0,106.0,27.577091047326228,13.878162757652461,2.396777257254043,2.040436759827298,-3.583
16.0,14.0,3.361111111111111,1.3333333333333333,38.0,2.270055610029662,2.0245638646895836,2.0666666666666664,3.6546557462642113,4.390681974697982,3.0472067242285474,2.766160500804204,22.75,12.16617457330054,7.23606797749979,6.0,10.0,5.0,18.0,28.0,6.666666666666666,52.0,36.0,10.0,18.0,12.0,10.118119614388581,5.226251859505506,1.8477590650225744,2.5395388613593908,0.46
126.0,160.0,7.041666666666666,4.305555555555555,366.0,9.949160848322624,10.616987008891943,9.476190476190478,23.01500934208232,25.137139113922785,17.179861136840945,18.635210722159087,201.56799074074075,92.15843855850649,59.94901274117579,26.0,46.0,51.0,802.0,2370.0,78.10992063492063,3504.0,3807.0,234.0,1683.0,498.0,55.25896020616459,27.395456184271872,2.609083444288162,1.6231329398900707,-4.743
24.0,23.0,3.861111111111111,1.9166666666666667,54.0,3.308060412490447,3.049127729379167,3.133333333333333,5.7112352811751075,6.317262334258209,4.352030486860464,4.118107439235313,43.375,17.67394329084213,9.886349517372675,6.0,8.0,7.0,50.0,99.0,11.616666666666667,158.0,122.0,22.0,50.0,30.0,14.687112840672746,7.878462024097665,1.969615506024416,2.8318199660707846,-0.59
224.0,281.0,10.006944444444443,8.38888888888889,594.0,19.086372094396715,20.43840135562963,18.723809523809525,44.25883152876048,45.83793870391992,31.567833445300238,34.314603915887645,399.88924537037036,160.63815780577343,98.389584926567,22.0,32.0,83.0,4140.0,16217.0,192.93470418470417,18417.0,20430.0,1245.0,6264.0,1840.0,101.9712191863394,53.183519624665195,2.70362699654484,1.28942748646389,-3.931
30.0,28.0,3.75,2.5,58.0,4.414213562373095,4.1547005383792515,4.333333333333333,7.885618083164127,8.121320343559642,5.6568542494923815,5.397341225498538,64.0,21.442698703476722,10.485281374238571,2.0,2.0,7.0,120.0,330.0,16.460714285714285,408.0,344.0,32.0,120.0,56.0,19.03365733227704,10.627503029350086,1.9021130325903075,2.595082706793886,-1.85
46.0,44.0,4.75,3.5,90.0,6.414213562373096,6.154700538379252,6.333333333333333,11.885618083164125,12.121320343559642,8.485281374238573,8.22576835024473,96.0,32.75640720246149,16.142135623730955,2.0,2.0,11.0,364.0,1365.0,28.341738816738815,1300.0,1156.0,72.0,364.0,132.0,28.1519985416213,15.750490949939515,1.949855824363647,2.7581498184332935,-4.8
120.0,144.0,7.6388888888888875,5.25,308.0,11.15139700539098,11.576326236162013,10.833333333333336,24.415627861865715,25.636928681914718,17.65380844202676,18.749394184666272,211.09375,86.45018377642288,52.402310335340516,16.0,20.0,43.0,1099.0,3600.0,84.65519480519481,4546.0,4669.0,304.0,1832.0,544.0,57.26696970943506,29.809633300470697,2.4859697499565234,1.7776668335220822,-3.36
28.0,26.0,4.5625,1.625,84.0,3.060660171779821,2.8272393461533625,2.6999999999999997,5.285618083164127,6.871320343559642,4.719396554912958,4.42474363902835,31.11111111111111,21.905947934098542,14.576491222541474,12.0,32.0,11.0,46.0,84.0,12.083333333333332,142.0,106.0,24.0,46.0,30.0,15.103441111348037,6.720566232730447,2.1010029896154583,3.154490065368808,-0.49
42.0,46.0,4.083333333333334,2.027777777777778,108.0,4.198377302757663,4.197102672463695,3.933333333333333,8.5172597998064,9.546584519776387,6.6516903153825835,6.743310382639851,61.515625,30.98010589422657,19.186912597118443,10.0,16.0,15.0,84.0,160.0,19.53333333333333,315.0,291.0,27.0,144.0,66.0,21.185691438717136,10.792280186226476,2.2458267799378633,2.3462271738277805,-0.972
94.0,106.0,8.305555555555555,5.25,228.0,10.17176371764672,10.111854712149759,9.866666666666665,20.47562874701886,21.5623070347758,14.837311861099039,15.198304860592835,173.546875,67.82101745896824,39.44489300610236,14.0,16.0,31.0,980.0,3438.0,67.63538961038961,3681.0,3427.0,269.0,1292.0,414.0,49.027985651547624,25.79341012138445,2.389750090989011,2.6384061155797935,-3.84
36.0,34.0,5.0625,2.125,100.0,4.060660171779821,3.8272393461533625,3.6999999999999997,7.285618083164127,8.871320343559642,6.133610117286053,5.838957201401445,47.1111111111111,27.56280218359092,17.404918347287662,12.0,32.0,13.0,104.0,247.0,17.55,344.0,280.0,38.0,104.0,56.0,19.662617831790556,9.335326473284187,2.116883157874336,3.072989461365733,-1.72
60.0,72.0,6.666666666666666,2.666666666666667,168.0,5.464101615137755,5.449489742783179,5.0,11.196152422706632,12.92820323027551,8.898979485566358,9.141620172685643,88.59375,44.42951008372598,28.970562748477143,12.0,24.0,24.0,174.0,357.0,31.6,636.0,570.0,60.0,282.0,126.0,28.71591913622389,14.601126159491542,2.414213562373096,2.7602520756252087,-5.23
52.0,58.0,5.194444444444445,2.4722222222222223,136.0,5.109060905280622,5.105350962927559,4.766666666666667,10.383285203590841,11.701285058155639,8.134853562976977,8.266913744754124,76.28125,38.38502424151423,24.015339721864635,12.0,20.0,19.0,150.0,327.0,26.599999999999998,559.0,513.0,55.0,236.0,104.0,25.968474572021062,12.675204166065736,2.302775637731995,2.437159260034696,-2.22
50.0,57.0,2.2222222222222223,2.2777777777777777,118.0,4.966326495188786,5.1971026724636955,4.933333333333334,10.919183588453086,11.082482904638631,7.737734478532144,8.157523945012947,91.390625,35.635408537452385,20.257980408983922,4.0,4.0,16.0,109.0,215.0,23.9,470.0,505.0,32.0,243.0,96.0,24.775053529229787,13.683238505927559,2.3027756377319952,1.9253677344386608,0.02
84.0,93.0,7.645833333333332,4.236111111111111,222.0,8.504149058184817,8.470975273234453,8.066666666666668,17.145075501045554,18.9658055664559,13.065180168918225,13.310907564658345,132.51099537037038,61.920310329376726,38.152454242242655,20.0,36.0,30.0,661.0,2207.0,53.73809523809524,2498.0,2340.0,182.0,877.0,300.0,42.38146155068941,21.24992592939768,2.3299645347730604,2.4177859013499994,-4.66
46.0,53.0,1.9722222222222223,2.0277777777777777,110.0,4.4663264951887856,4.6971026724636955,4.433333333333334,9.919183588453086,10.082482904638631,7.030627697345596,7.4504171638263985,83.390625,32.80698141270619,18.843766846610826,4.0,4.0,15.0,79.0,143.0,20.499999999999996,344.0,373.0,24.0,144.0,66.0,22.580231058358727,12.170708811226712,2.32259590547608,1.9697731935234024,-1.04
66.0,77.0,4.194444444444445,2.9166666666666665,166.0,6.287693700234704,6.513599253391422,6.1000000000000005,13.651234396021962,14.391883981397134,9.996954192534382,10.497623888054946,112.921875,47.616818107281524,28.50062109610321,8.0,12.0,23.0,226.0,512.0,35.716666666666676,928.0,944.0,82.0,438.0,168.0,32.061284298736055,16.887653010229407,2.3871911820323066,2.0221130827473526,-3.54
26.0,26.0,4.472222222222222,1.7777777777777777,66.0,3.1807392125526213,2.9328121551534467,2.9,5.52068115004865,6.545382513077233,4.53036997182294,4.289763862918478,37.515625,19.5710929205882,12.06449510224598,8.0,14.0,9.0,46.0,83.0,12.0,142.0,106.0,24.0,46.0,30.0,14.89996666446338,7.662987915037877,2.052880840033716,3.1442082073698243,-0.67
58.0,68.0,3.6944444444444446,2.388888888888889,150.0,5.270856947829097,5.4997781539274735,5.066666666666666,11.610826190248504,12.43312543371645,8.623180744681168,9.109000302050543,93.53125,42.09999859685164,25.90168923923731,10.0,14.0,21.0,138.0,277.0,28.066666666666666,574.0,591.0,44.0,238.0,106.0,27.577091047326228,13.878162757652461,2.396777257254043,2.0404367598272986,-3.401
188.0,224.0,10.08333333333333,7.638888888888892,480.0,17.00804039084698,17.92140385171023,16.56666666666667,38.140835968950086,39.94873377207151,27.691202749081004,29.532121073083744,320.625,135.39175491725976,81.96085382407016,24.0,32.0,67.0,3860.0,18592.0,150.52191738000562,16837.0,18339.0,895.0,6222.0,1450.0,88.53740211690865,46.2642482970103,2.4867757756191597,1.223246122840395,-4.445
12.0,9.0,3.111111111111111,1.0,30.0,1.7320508075688776,1.5,1.5,2.598076211353316,3.4641016151377553,2.449489742783178,2.121320343559643,10.125,9.486832980505138,6.0,6.0,12.0,4.0,9.0,12.0,4.5,24.0,15.0,6.0,9.0,6.0,7.829154880351855,3.4641016151377544,1.7320508075688772,2.3237900077244498,0.26
70.0,76.0,9.166666666666666,3.6944444444444446,186.0,7.268632067778066,7.027420352855369,6.633333333333334,13.887795024502052,16.27884575935333,11.319959657648118,11.179140692872801,96.5625,52.308313705498335,33.20005801635743,18.0,34.0,26.0,478.0,1457.0,44.114285714285714,1672.0,1447.0,156.0,478.0,210.0,36.28937274309599,17.54334491577673,2.274394695197217,4.161082328237698,-4.88
18.0,16.0,3.0,1.75,34.0,2.914213562373095,2.6547005383792515,2.833333333333333,4.885618083164127,5.121320343559642,3.5355339059327378,3.2760208819388943,40.0,12.95741732923815,6.242640687119285,2.0,2.0,4.0,35.0,70.0,8.7,110.0,85.0,12.0,35.0,20.0,12.194901425440477,6.987918414869869,1.8019377358048385,2.3390923149762908,-2.68
46.0,53.0,1.9722222222222223,2.0277777777777777,110.0,4.4663264951887856,4.6971026724636955,4.433333333333334,9.919183588453086,10.082482904638631,7.030627697345596,7.4504171638263985,83.390625,32.80698141270619,18.843766846610826,4.0,4.0,15.0,79.0,143.0,20.499999999999996,344.0,373.0,24.0,144.0,66.0,22.580231058358727,12.170708811226712,2.32259590547608,1.9697731935234024,-1.52
126.0,160.0,7.041666666666666,4.305555555555555,366.0,9.949160848322624,10.616987008891943,9.476190476190478,23.01500934208232,25.137139113922785,17.179861136840945,18.635210722159087,201.56799074074075,92.15843855850649,59.94901274117579,26.0,46.0,51.0,802.0,2370.0,78.10992063492063,3504.0,3807.0,234.0,1683.0,498.0,55.25896020616459,27.395456184271872,2.609083444288162,1.6231329398900707,-3.69
18.0,16.0,3.0,1.75,34.0,2.914213562373095,2.6547005383792515,2.833333333333333,4.885618083164127,5.121320343559642,3.5355339059327378,3.2760208819388943,40.0,12.95741732923815,6.242640687119285,2.0,2.0,4.0,35.0,70.0,8.7,110.0,85.0,12.0,35.0,20.0,12.194901425440477,6.987918414869869,1.8019377358048385,2.3390923149762908,-3.23
120.0,140.0,10.451388888888888,4.888888888888889,336.0,10.608079470920513,10.838555475828082,9.852380952380953,22.55823751443915,25.698831472255364,17.73045748555866,18.397947989329293,174.76323611111115,88.89517306649559,57.46465784393945,28.0,56.0,47.0,1172.0,4069.0,81.76785714285714,4662.0,4612.0,344.0,1714.0,540.0,56.39060786070923,27.142711085312918,2.4376766671139682,2.0329679430148904,-3.79
34.0,36.0,2.611111111111111,2.0,76.0,3.931851652578137,3.9189910556894993,3.8666666666666667,7.8821967329218765,8.122522350258794,5.6568542494923815,5.729567401660267,64.0,24.366430302876523,13.365058181991753,4.0,4.0,10.0,64.0,122.0,15.783333333333333,246.0,234.0,22.0,109.0,50.0,18.47902253715965,10.424292428609817,2.1357792050698574,2.1250162554146717,-4.25
36.0,34.0,4.611111111111111,2.5833333333333335,78.0,4.7700556100296625,4.524563864689584,4.566666666666666,8.654655746264211,9.390681974697983,6.582740630161286,6.301694406736943,62.75,26.308310197031485,14.307135789365265,6.0,10.0,10.0,158.0,453.0,19.67857142857143,542.0,461.0,42.0,158.0,72.0,21.516267721024597,11.342563639235419,1.9696155060244156,2.7731888559274704,-2.58
114.0,133.0,6.777777777777777,4.916666666666666,288.0,10.66903509559602,11.11587188208067,10.366666666666667,23.412206511623467,24.63813068861387,17.068022004399857,18.04634418041792,192.921875,82.30284756395719,49.62523289360131,18.0,22.0,40.0,1138.0,4359.0,74.83312798312798,4780.0,4995.0,254.0,1698.0,503.0,54.83694754621042,28.89856350602188,2.435503616690683,1.5018095906735547,-3.88
64.0,68.0,5.944444444444445,3.1666666666666665,160.0,6.575387400469409,6.577708763999664,6.2,13.302468792043925,14.783767962794268,10.337054135576382,10.439414041051155,93.5,47.150375093877805,28.71697094474451,16.0,24.0,22.0,335.0,970.0,36.523809523809526,1276.0,1204.0,104.0,448.0,176.0,32.7866369473934,16.13395403711914,2.241967428217225,2.2135130685307582,-3.38
108.0,132.0,6.8888888888888875,4.4444444444444455,284.0,9.630228955335799,10.065583470936375,9.299999999999999,21.399456532728276,22.66910687003518,15.601437783688418,16.66475048867993,185.859375,77.97395319507258,48.10831996521425,14.0,20.0,40.0,680.0,1810.0,71.4654761904762,2846.0,2960.0,212.0,1218.0,409.0,50.42875377395832,25.92660460460168,2.5057489423296597,1.9214163453074635,-4.114
74.0,85.0,4.694444444444445,3.4722222222222223,182.0,7.308861750289881,7.524342018617059,7.133333333333334,15.667405725159401,16.359705793276675,11.342218069686181,11.87516080285475,130.15625,53.26462156388562,31.380397903856387,10.0,12.0,25.0,362.0,971.0,43.055952380952384,1474.0,1486.0,120.0,626.0,226.0,36.619993003718136,19.54455967056319,2.377814576288058,1.9108583367293694,-3.224
2.0,1.0,2.0,1.0,2.0,1.0,0.7071067811865475,1.0,1.0,1.0,0.0,0.0,0.0,1.4142135623730951,0.0,0.0,0.0,0.0,1.0,1.0,1.0,2.0,1.0,0.0,1.0,0.0,3.0861612696304874,2.0,1.0,1.0,0.29
36.0,38.0,3.2222222222222223,1.8333333333333333,88.0,3.787693700234704,3.7888543819998315,3.5999999999999996,7.6512343960219615,8.391883981397134,5.875633848974738,5.926813801712124,54.75,26.40361467168509,15.772699034745349,8.0,12.0,12.0,61.0,110.0,16.083333333333332,232.0,218.0,16.0,108.0,50.0,18.68272477800247,9.431147620289327,2.175327747161074,2.2306376583301173,0.38
24.0,24.0,1.5,1.5,48.0,3.0,3.0,3.0,6.0,6.0,4.242640687119286,4.242640687119286,48.0,16.970562748477143,8.485281374238571,0.0,0.0,6.0,27.0,42.0,10.0,108.0,108.0,0.0,54.0,24.0,13.696713921428238,8.0,2.0,2.0,-2.06
82.0,89.0,9.395833333333334,4.680555555555555,216.0,8.897194570502736,8.614933046388067,8.366666666666667,17.014522255072233,19.119304098136,13.134129854139525,13.088071188237794,131.27662037037038,60.744642827772225,37.272677434489474,20.0,38.0,29.0,794.0,2792.0,56.2008658008658,2834.0,2510.0,222.0,794.0,306.0,43.157848910355,21.9721251613838,2.2837808115163734,4.266094840168436,-2.518
40.0,43.0,3.4722222222222223,2.1111111111111107,96.0,4.304530452640311,4.302675481463779,4.133333333333333,8.691642601795419,9.350642529077819,6.542300515641405,6.60833060652998,66.140625,29.09200705736879,16.95741732923815,6.0,10.0,13.0,88.0,176.0,19.15,335.0,315.0,35.0,142.0,66.0,20.971923394025087,11.18995723015805,2.1939932777126576,2.2283621149350434,-0.92
16.0,14.0,3.361111111111111,1.3333333333333333,38.0,2.2700556100296625,2.0245638646895836,2.0666666666666664,3.654655746264212,4.390681974697982,3.047206724228547,2.766160500804204,22.75,12.166174573300538,7.23606797749979,6.0,10.0,5.0,18.0,28.0,6.666666666666666,52.0,36.0,10.0,18.0,12.0,10.118119614388574,5.226251859505507,1.8477590650225741,2.5395388613593903,-1.6
32.0,32.0,4.361111111111111,2.5,70.0,4.346065214951231,4.073691594068751,4.199999999999999,7.767814816086004,8.243842693818436,5.6568542494923815,5.470054377666424,64.0,23.181712008383716,12.53663105724556,6.0,6.0,9.0,104.0,242.0,17.3,344.0,280.0,40.0,104.0,56.0,19.256112182379937,10.565186913861831,2.0420789618979085,3.0922461946023914,-2.46
56.0,58.0,6.3125,3.625,140.0,6.681980515339465,6.4040092744604245,6.4,12.45685424949238,13.613961030678926,9.35130677802301,9.198777906712827,98.37037037037037,41.21828017159291,23.972114354743713,12.0,24.0,18.0,356.0,1082.0,34.67222222222222,1242.0,1073.0,114.0,356.0,156.0,31.10100451694089,16.226752944910995,2.2434985303012405,3.70938984005072,-4.23
148.0,187.0,9.354166666666664,5.118055555555555,440.0,11.694942764103981,12.356286102903674,11.007142857142862,26.576909510420098,29.652797024779836,20.24347189525409,21.770778483498493,228.4523240740741,109.04494800378404,71.91065747316784,34.0,66.0,61.0,1336.0,4582.0,99.79336219336219,5680.0,5995.0,354.0,2585.0,698.0,65.063453999154,31.43376083545741,2.6459065430410256,1.6000045981820377,-5.284
76.0,88.0,5.305555555555555,3.3333333333333335,194.0,7.181540550352057,7.4080264443913375,6.900000000000001,15.476851594032945,16.587825972095704,11.520557554648656,12.046817226537913,124.296875,55.16177119363169,33.5585434887297,12.0,18.0,27.0,354.0,933.0,43.60595238095238,1444.0,1464.0,128.0,610.0,228.0,36.83329322792012,18.98781507519554,2.3811683937782573,1.9499860940878602,-6.14
104.0,118.0,8.027777777777777,4.666666666666666,266.0,9.969234250586762,10.196880826391173,9.500000000000004,21.128085990054906,22.979709953492833,15.9819778412503,16.55941746587694,163.046875,75.9085316158244,46.50281539872883,20.0,30.0,37.0,1020.0,3812.0,68.40533910533911,4146.0,4202.0,274.0,1414.0,450.0,50.93672774719961,25.78024731953369,2.355640970880742,1.767440277745785,-6.02
86.0,98.0,6.416666666666666,3.7222222222222223,222.0,8.0585506480638,8.288632535927308,7.666666666666668,17.26206058627047,18.825009415113584,13.084601031282812,13.621600541389574,132.28125,62.84675901904435,38.84596114923646,18.0,26.0,31.0,536.0,1649.0,51.32579365079365,2178.0,2202.0,162.0,864.0,294.0,41.59523582390235,20.912064715534854,2.3458952270442577,1.8366108344317316,-4.46
124.0,133.0,10.666666666666666,6.583333333333333,296.0,13.413591357920936,13.408026444391338,12.9,27.07492780538626,29.051927587233457,20.33400832811076,20.53209860077648,206.421875,90.10444829685252,52.28646555008753,18.0,30.0,40.0,2674.0,14415.0,94.83032106352539,10304.0,9890.0,480.0,3020.0,750.0,65.15768192763383,34.33922315787578,2.351337132388378,2.2452259075519123,-6.6370000000000005
146.0,185.0,9.263888888888888,5.277777777777777,422.0,11.808532855829327,12.458047454509254,11.209523809523812,26.80363968456209,29.373120550241516,20.036797832288546,21.62015082244565,235.72424074074075,106.81918972113104,69.42772140579486,30.0,52.0,59.0,1305.0,4338.0,100.33661616161616,5540.0,5839.0,358.0,2544.0,698.0,64.8361728570305,32.0262645603302,2.6388775550750796,1.6398234764341506,-3.24
42.0,45.0,4.083333333333334,2.0,108.0,4.1815405503520555,4.183281572999747,3.9,8.476851594032942,9.587825972095702,6.692130429902464,6.768900359008543,58.125,31.12014063328907,19.41640786499874,12.0,18.0,15.0,84.0,159.0,19.5,315.0,291.0,27.0,144.0,66.0,21.17608116869581,10.128990204491958,2.23606797749979,2.3408516164378748,-3.4
120.0,129.0,9.444444444444443,6.916666666666666,272.0,13.7019072626078,13.668299791770675,13.433333333333334,27.536852479186088,28.513204324956774,19.896449129146042,20.137605800672766,224.921875,86.03007955923535,47.47118384458034,10.0,14.0,36.0,2724.0,15012.0,93.82896043584898,10508.0,10098.0,476.0,3070.0,750.0,64.75163175481083,35.15066211441386,2.351311621670833,2.210204738064694,-5.115
58.0,56.0,5.5,4.25,114.0,7.914213562373096,7.654700538379252,7.833333333333333,14.885618083164125,15.121320343559642,10.606601717798217,10.347088693804373,120.0,41.24168857670006,20.384776310850242,2.0,2.0,14.0,680.0,3060.0,38.0916638916639,2480.0,2255.0,112.0,680.0,210.0,34.99075444862952,19.675902894918845,1.965946199367804,2.828262412638549,-6.35
82.0,97.0,6.166666666666666,3.555555555555556,214.0,7.609060905280623,7.830095834319148,7.2666666666666675,16.38328520359084,17.701285058155637,12.25617390653662,12.837723831096946,134.453125,59.59822767711065,36.74326178322249,12.0,20.0,30.0,394.0,981.0,49.142857142857146,1588.0,1589.0,160.0,664.0,260.0,39.34749038676826,19.892691717463663,2.4309078368330654,2.124689383373654,-7.39
56.0,65.0,5.895833333333334,2.333333333333333,166.0,4.942394238613955,4.939210519018203,4.4714285714285715,10.096746437027974,12.067310461940076,8.300962123834053,8.459208868465577,74.51374074074073,42.155249333596416,28.155374460927135,18.0,36.0,23.0,138.0,274.0,27.566666666666663,507.0,457.0,55.0,226.0,104.0,26.426480240050875,12.358313537003692,2.4038421575175004,2.6744514425227983,-1.742
12.0,9.0,3.111111111111111,1.0,30.0,1.7320508075688776,1.5,1.5,2.598076211353316,3.4641016151377553,2.449489742783178,2.121320343559643,10.125,9.486832980505138,6.0,6.0,12.0,4.0,9.0,12.0,4.5,24.0,15.0,6.0,9.0,6.0,7.829154880351855,3.4641016151377544,1.7320508075688772,2.3237900077244498,-2.09
56.0,63.0,5.444444444444445,2.75,144.0,5.62589765768623,5.619172062391505,5.3,11.423693409364299,12.660043605836323,8.801520229643643,8.94843054957198,87.671875,41.07341662719792,25.20005801635744,10.0,18.0,20.0,188.0,416.0,30.43333333333333,700.0,642.0,76.0,278.0,126.0,28.258134977262124,14.387457683962813,2.322595905476081,2.540874859306281,-3.1
22.0,21.0,4.222222222222222,1.4444444444444442,58.0,2.6427344100918364,2.408248290463863,2.333333333333333,4.464101615137754,5.618802153517007,3.932652990377571,3.644923705673916,24.890625,16.891751327792804,10.82842712474619,8.0,16.0,8.0,29.0,47.0,9.333333333333332,86.0,61.0,16.0,29.0,20.0,12.61055265179775,6.0,2.0,2.9934972434784735,-0.12
58.0,56.0,5.5,4.25,114.0,7.914213562373096,7.654700538379252,7.833333333333333,14.885618083164125,15.121320343559642,10.606601717798217,10.347088693804373,120.0,41.24168857670006,20.384776310850242,2.0,2.0,14.0,680.0,3060.0,38.0916638916639,2480.0,2255.0,112.0,680.0,210.0,34.99075444862952,19.675902894918845,1.965946199367804,2.828262412638549,-8.4
64.0,76.0,4.486111111111111,2.166666666666667,198.0,5.019385277895634,5.24702561236447,4.619047619047619,11.120571279165585,13.044245110520444,8.9004276852136,9.398337487019933,84.9351111111111,48.12581749727166,32.55522499588328,20.0,46.0,27.0,128.0,238.0,29.083333333333332,524.0,530.0,48.0,284.0,114.0,28.18516262596944,13.11478774925953,2.497212040956833,2.2239918531978673,-1.74
74.0,91.0,3.305555555555556,2.777777777777778,192.0,6.360173345306137,6.816274734855201,6.233333333333333,14.744800786464067,15.278424895337197,10.55423105945987,11.449100245092541,128.9375,53.07985656041421,32.38697061347588,8.0,10.0,27.0,213.0,461.0,37.4,947.0,1046.0,77.0,371.0,161.0,33.985097887712946,17.140162980312326,2.5074041569748204,1.8253619199732682,-2.07
32.0,30.0,4.361111111111111,2.3333333333333335,70.0,4.2700556100296625,4.024563864689584,4.066666666666666,7.654655746264211,8.390681974697982,5.875633848974738,5.594587625550395,54.75,23.479883072285293,12.89292222699217,6.0,10.0,9.0,114.0,297.0,16.835714285714285,384.0,320.0,34.0,114.0,56.0,19.236682418687728,10.251661790966027,1.9615705608064613,2.746690906857495,-2.05
44.0,43.0,5.111111111111111,3.1666666666666665,94.0,5.8080604124904465,5.549127729379168,5.633333333333334,10.711235281175108,11.31726233425821,7.8875643927932035,7.653641345168053,83.375,31.816078914573076,16.95741732923815,6.0,8.0,12.0,270.0,889.0,25.88095238095238,948.0,827.0,64.0,270.0,110.0,26.085042396538988,14.472846220356145,2.013481351239717,2.901852426069751,-3.38
36.0,38.0,3.2222222222222223,1.8333333333333333,88.0,3.787693700234704,3.7888543819998315,3.6,7.6512343960219615,8.391883981397134,5.875633848974738,5.926813801712124,54.75,26.403614671685094,15.77269903474535,8.0,12.0,12.0,62.0,115.0,16.03333333333333,236.0,222.0,12.0,110.0,50.0,18.68250312825291,9.92477721636806,2.170086486626033,2.1923771580194713,-1.97
104.0,127.0,6.6388888888888875,4.111111111111112,276.0,9.092224152875016,9.54101960624679,8.733333333333333,20.342876997817385,21.742526510474953,15.003720802243048,16.019910331435366,173.234375,75.29461160227719,46.87225198771445,14.0,22.0,39.0,643.0,1853.0,64.4531746031746,2717.0,2854.0,207.0,1024.0,370.0,48.25090594986848,24.61368528457836,2.527110341630263,1.7614797943596747,-2.676
112.0,129.0,11.340277777777777,5.222222222222221,310.0,10.628446183176258,10.598828823207418,9.885714285714286,21.618238399592297,24.624209825116445,16.913960904630937,17.29634840803903,171.38823611111115,82.99392881039881,52.99252188893987,26.0,52.0,43.0,1082.0,3356.0,82.43809523809524,4009.0,3673.0,349.0,1454.0,500.0,54.67530916066963,26.63805746587206,2.479060927454202,3.1477809454862653,-5.68
6.0,4.0,2.25,1.0,10.0,1.414213562373095,1.1547005383792517,1.3333333333333333,1.885618083164127,2.1213203435596424,1.4142135623730951,1.1547005383792517,16.0,4.47213595499958,2.0,2.0,2.0,1.0,4.0,5.0,2.5,10.0,6.0,2.0,4.0,2.0,5.356367113217143,2.8284271247461907,1.4142135623730954,1.6329931618554523,1.1
70.0,85.0,4.895833333333334,2.833333333333333,196.0,6.149501019800504,6.361279908946013,5.838095238095239,13.382364520192104,14.688630805499718,10.104445222197914,10.664329035397706,109.773,51.33859136659883,32.72257046838318,16.0,26.0,27.0,215.0,465.0,36.63333333333334,873.0,877.0,87.0,352.0,157.0,32.6151707072412,16.073192420563785,2.4907019444775824,2.1557508957355647,-2.349
76.0,82.0,6.694444444444445,4.027777777777778,184.0,8.1302289553358,8.116093728153196,7.800000000000001,16.39945653272828,17.66910687003518,12.308544564874966,12.472877784300117,125.515625,55.346536197103084,32.5519707791102,14.0,20.0,25.0,600.0,2054.0,47.9301948051948,2313.0,2215.0,169.0,726.0,266.0,39.64459789553534,20.571679498068256,2.2294101701727786,2.200688190459913,-1.83
136.0,159.0,9.090277777777777,5.6388888888888875,362.0,12.375047228991527,12.833415863945596,11.838095238095242,26.935113613934142,29.23227627121733,20.240897174965596,21.238722852558716,217.29499074074076,99.28393078477022,61.60026746702947,26.0,44.0,50.0,1945.0,8859.0,91.64252414252415,8126.0,8463.0,412.0,2541.0,713.0,66.24730911477421,32.532650551216044,2.61120214284376,1.3960915675548844,-5.24
62.0,66.0,5.333333333333334,3.2777777777777777,148.0,6.698377302757663,6.697102672463695,6.433333333333334,13.5172597998064,14.546584519776387,10.187224221315322,10.27884428857259,101.515625,45.12224151795753,26.257980408983926,10.0,16.0,20.0,325.0,907.0,36.80714285714285,1250.0,1194.0,98.0,485.0,174.0,32.563495561111,16.7469504740985,2.1979211857260634,2.2580858305263374,-2.218
172.0,272.0,12.625,3.875,652.0,9.5,10.31631061430533,8.300000000000002,23.600000000000005,29.0,18.965518945154386,21.419515683879936,293.9259259259259,128.67322700030525,95.39696961967,36.0,108.0,90.0,680.0,1496.0,96.61666666666667,2872.0,2966.0,280.0,1392.0,544.0,65.2043767297468,27.06250504908362,3.2031270958043776,2.0778296759230206,-6.8
30.0,28.0,3.75,2.5,58.0,4.414213562373095,4.1547005383792515,4.333333333333333,7.885618083164127,8.121320343559642,5.6568542494923815,5.397341225498538,64.0,21.442698703476722,10.485281374238571,2.0,2.0,7.0,120.0,330.0,16.460714285714285,408.0,344.0,32.0,120.0,56.0,19.03365733227704,10.627503029350086,1.9021130325903075,2.595082706793886,-5.06
102.0,118.0,7.416666666666666,4.944444444444444,254.0,10.168233757796585,10.36540246423437,9.866666666666669,21.456036067639175,22.595687229595406,15.613368327506883,16.274314465514404,180.3125,73.58222697600252,43.68753369322164,14.0,18.0,35.0,944.0,3184.0,69.68416305916307,3737.0,3663.0,277.0,1167.0,421.0,50.84620504350126,26.570177117308223,2.4811910935001777,1.989366693649453,-4.883
88.0,106.0,7.027777777777777,3.7777777777777777,234.0,8.036581260209188,8.252165224246959,7.633333333333334,17.289718813148735,18.814744144215574,12.991790258424585,13.62863043565598,144.609375,64.03468416058963,39.92798007771528,12.0,22.0,33.0,478.0,1286.0,53.54047619047619,1909.0,1889.0,173.0,662.0,277.0,41.954562466458206,20.96207731204253,2.500353985013221,2.1111573316878984,-0.364
20.0,19.0,3.611111111111111,1.6666666666666667,46.0,2.808060412490447,2.5491277293791677,2.6333333333333333,4.7112352811751075,5.317262334258209,3.644923705673916,3.4110006580487657,35.375,14.845516166095939,8.47213595499958,6.0,8.0,6.0,31.0,54.0,9.083333333333332,94.0,69.0,16.0,31.0,20.0,12.407305943380177,6.898979485566356,1.9318516525781362,2.7541847860376616,-0.24
46.0,50.0,4.333333333333334,2.2777777777777777,116.0,4.698377302757664,4.697102672463695,4.433333333333334,9.517259799806402,10.546584519776388,7.358797096569131,7.4504171638263985,69.515625,33.80853301897276,20.60112615949154,10.0,16.0,16.0,120.0,262.0,22.599999999999998,452.0,420.0,40.0,192.0,84.0,23.46482436187436,11.936237570137333,2.2360679774997894,2.2599025962240935,-2.49
24.0,22.0,3.861111111111111,1.8333333333333333,54.0,3.270055610029662,3.0245638646895836,3.0666666666666664,5.654655746264212,6.390681974697982,4.461420286601642,4.180374063177299,38.75,17.823028822792917,10.06449510224598,6.0,10.0,7.0,52.0,108.0,11.483333333333333,166.0,130.0,20.0,52.0,30.0,14.67751178696683,7.7274066103125465,1.9318516525781366,2.6782577431647265,-1.14
138.0,177.0,8.243055555555555,4.784722222222221,412.0,10.839100716447417,11.486422776593342,10.273809523809526,24.807871847320015,27.3834353936415,18.61047873339864,20.15931852107354,221.70232407407408,101.35090938548306,66.67458949566806,30.0,58.0,57.0,1034.0,3261.0,89.37344877344877,4444.0,4745.0,290.0,2099.0,594.0,60.300326873558326,29.790641782315202,2.642487194762881,1.6295615031228083,-4.57
112.0,131.0,8.979166666666664,4.833333333333333,304.0,10.3352596543712,10.553242969527222,9.757142857142858,21.897315945887264,24.260798866738366,16.784494918138442,17.419987156520797,172.71737037037036,82.30371518008421,51.834187850882216,26.0,42.0,42.0,993.0,3165.0,77.33452380952382,3942.0,3887.0,344.0,1425.0,494.0,53.69497325350666,26.841240774014402,2.484579278646084,2.1512905582502975,-4.93
76.0,89.0,5.305555555555555,3.361111111111112,194.0,7.198377302757664,7.421847543855284,6.933333333333333,15.517259799806402,16.546584519776385,11.480117440128774,12.02122725016922,127.6875,55.02173645456919,33.3290482208494,10.0,16.0,27.0,352.0,922.0,43.71309523809524,1438.0,1460.0,126.0,608.0,228.0,36.843137576452136,19.345529679135478,2.3905058414786184,1.9589448939755192,-2.878
24.0,22.0,4.3125,1.375,76.0,2.560660171779821,2.3272393461533625,2.1999999999999997,4.285618083164127,5.871320343559642,4.012289773726411,3.717636857841802,23.11111111111111,19.077520809352354,13.16227766016838,12.0,32.0,10.0,28.0,44.0,9.5,82.0,57.0,18.0,28.0,20.0,12.823409519949186,5.818625822352818,2.0743132930519423,3.168489872670569,0.15
36.0,38.0,3.2222222222222223,1.8333333333333333,88.0,3.787693700234704,3.7888543819998315,3.6,7.6512343960219615,8.391883981397134,5.875633848974738,5.926813801712124,54.75,26.403614671685094,15.77269903474535,8.0,12.0,12.0,62.0,115.0,16.03333333333333,236.0,222.0,12.0,110.0,50.0,18.68250312825291,9.92477721636806,2.170086486626033,2.1923771580194713,-0.73
14.0,12.0,2.75,1.5,26.0,2.414213562373095,2.1547005383792515,2.333333333333333,3.885618083164127,4.121320343559642,2.8284271247461903,2.568914100752347,32.0,10.12899020449196,4.82842712474619,2.0,2.0,3.0,20.0,35.0,6.416666666666666,60.0,44.0,8.0,20.0,12.0,9.915316149982342,5.464101615137754,1.7320508075688772,2.19060968716425,0.15
40.0,43.0,3.4722222222222223,2.1111111111111107,96.0,4.304530452640311,4.302675481463779,4.133333333333333,8.691642601795419,9.350642529077819,6.542300515641405,6.60833060652998,66.140625,29.09200705736879,16.95741732923815,6.0,10.0,13.0,88.0,176.0,19.15,335.0,315.0,35.0,142.0,66.0,20.971923394025087,11.18995723015805,2.1939932777126576,2.2283621149350434,-1.92
50.0,57.0,2.2222222222222223,2.2777777777777777,118.0,4.966326495188786,5.1971026724636955,4.933333333333334,10.919183588453086,11.082482904638631,7.737734478532144,8.157523945012947,91.390625,35.635408537452385,20.257980408983922,4.0,4.0,16.0,109.0,215.0,23.9,470.0,505.0,32.0,243.0,96.0,24.775053529229787,13.683238505927559,2.3027756377319952,1.9253677344386608,-5.19
14.0,12.0,2.75,1.5,26.0,2.414213562373095,2.1547005383792515,2.333333333333333,3.885618083164127,4.121320343559642,2.8284271247461903,2.568914100752347,32.0,10.12899020449196,4.82842712474619,2.0,2.0,3.0,20.0,35.0,6.416666666666666,60.0,44.0,8.0,20.0,12.0,9.915316149982342,5.464101615137754,1.7320508075688772,2.19060968716425,-2.18
120.0,152.0,3.8888888888888893,4.222222222222221,312.0,9.932652990377573,10.84369508771057,9.866666666666669,23.838367176906168,24.164965809277255,16.6470418323181,18.385600250846057,219.125,85.41295269863572,51.829669316952604,8.0,8.0,44.0,652.0,1684.0,74.54761904761905,3040.0,3532.0,184.0,1852.0,508.0,53.49655945358934,28.336050386950582,2.5935385504496566,1.5527670579821904,-7.8
22.0,21.0,4.222222222222222,1.4444444444444442,58.0,2.6427344100918364,2.408248290463863,2.333333333333333,4.464101615137754,5.618802153517006,3.932652990377571,3.644923705673916,24.890625,16.891751327792804,10.82842712474619,8.0,16.0,8.0,29.0,47.0,9.333333333333334,86.0,61.0,16.0,29.0,20.0,12.61055265179775,6.0,2.0000000000000004,2.9934972434784735,-2.54
20.0,19.0,3.611111111111111,1.6666666666666667,46.0,2.808060412490447,2.5491277293791677,2.6333333333333333,4.7112352811751075,5.317262334258209,3.644923705673916,3.4110006580487657,35.375,14.845516166095939,8.47213595499958,6.0,8.0,6.0,31.0,54.0,9.083333333333332,94.0,69.0,16.0,31.0,20.0,12.407305943380177,6.898979485566356,1.9318516525781362,2.7541847860376616,-0.28
10.0,8.0,2.5,1.25,18.0,1.914213562373095,1.6547005383792515,1.833333333333333,2.885618083164127,3.121320343559642,2.121320343559643,1.8618073195657994,24.0,7.3005630797457695,3.414213562373095,2.0,2.0,2.0,10.0,15.0,4.333333333333333,28.0,19.0,4.0,10.0,6.0,7.635733837560585,4.47213595499958,1.6180339887498951,1.9747448713915894,0.15
174.0,229.0,12.88888888888889,6.013888888888889,538.0,13.373916996731538,13.999013791786444,12.414285714285718,30.11517712935255,34.203247569163715,23.170034226133836,24.958710316099072,274.0076574074074,128.5615291679569,86.63882395672286,42.0,80.0,75.0,1810.0,6026.0,129.21637806637807,7511.0,7733.0,533.0,3449.0,929.0,75.3908002309048,36.511736802679664,2.7308659599478586,1.8024590139678052,-5.6129999999999995
24.0,22.0,3.861111111111111,1.8333333333333333,54.0,3.270055610029662,3.0245638646895836,3.0666666666666664,5.654655746264211,6.390681974697982,4.461420286601642,4.180374063177299,38.75,17.823028822792917,10.06449510224598,6.0,10.0,7.0,52.0,108.0,11.483333333333333,166.0,130.0,20.0,52.0,30.0,14.677511786966832,7.7274066103125465,1.9318516525781364,2.678257743164726,-0.8
76.0,82.0,7.145833333333333,3.6249999999999996,206.0,7.442001567141137,7.429511974842612,6.966666666666669,15.046590198765633,17.117567050776383,11.790464366778437,11.973463931391322,111.1111111111111,56.59197739077423,35.70110302003958,22.0,42.0,28.0,452.0,1298.0,45.75119047619048,1690.0,1562.0,138.0,631.0,234.0,37.7925799024325,18.4260910392689,2.3286381537327,2.500272175913679,-3.239
28.0,27.0,4.111111111111111,2.166666666666667,62.0,3.808060412490447,3.549127729379167,3.633333333333333,6.7112352811751075,7.317262334258209,5.059137268047012,4.825214220421861,51.375,20.502370415588317,11.30056307974577,6.0,8.0,8.0,76.0,170.0,14.266666666666667,248.0,199.0,28.0,76.0,42.0,16.9667011599727,9.409260218956907,1.9890437907365472,2.862065598305084,-5.16
10.0,8.0,2.5,1.25,18.0,1.914213562373095,1.6547005383792515,1.833333333333333,2.885618083164127,3.121320343559642,2.121320343559643,1.8618073195657994,24.0,7.3005630797457695,3.414213562373095,2.0,2.0,2.0,10.0,15.0,4.333333333333333,28.0,19.0,4.0,10.0,6.0,7.635733837560585,4.47213595499958,1.6180339887498951,1.9747448713915894,-1.68
64.0,71.0,5.944444444444445,3.3055555555555562,160.0,6.647065707741407,6.629914827617142,6.333333333333333,13.439864738501736,14.627865417715865,10.146784106795442,10.325967464371782,104.90625,46.72122008380201,28.079834824110616,12.0,18.0,22.0,308.0,804.0,37.52857142857143,1156.0,1072.0,112.0,422.0,176.0,32.816843849260586,17.011720288174406,2.3110012280003076,2.452404625378639,-2.863
72.0,84.0,5.055555555555555,3.083333333333334,186.0,6.681540550352056,6.9080264443913375,6.4,14.476851594032945,15.587825972095702,10.813450773462108,11.339710445351365,116.296875,52.33334406888549,32.1443299263566,12.0,18.0,26.0,302.0,795.0,38.94047619047619,1228.0,1237.0,98.0,366.0,170.0,34.72254617774662,17.579004263125796,2.393601803073737,1.8834844997784226,-3.22
98.0,121.0,3.416666666666667,3.638888888888889,250.0,8.432652990377571,9.11895021631898,8.366666666666667,19.838367176906168,20.16496580927726,13.939935051131549,15.229003726876332,176.953125,69.85660351253168,41.93017438034094,8.0,8.0,35.0,461.0,1222.0,56.05714285714285,2113.0,2414.0,135.0,948.0,318.0,44.765223108825595,23.679070418694657,2.5286654501974724,1.5602041952568617,-6.68
40.0,44.0,3.4722222222222223,2.1944444444444446,96.0,4.3425352551010965,4.3272393461533625,4.199999999999999,8.748222136706316,9.277222888638047,6.432910715900227,6.5460639825879925,70.765625,28.942921525417994,16.77927174436485,6.0,8.0,13.0,86.0,167.0,19.28333333333333,325.0,303.0,33.0,142.0,66.0,20.982204647916753,11.203557775951705,2.2215832939527687,2.29725588417896,-2.46
78.0,89.0,7.756944444444443,3.680555555555556,218.0,7.414832660707777,7.379223563698315,6.9,15.011100904829993,17.12050610483515,11.719916291766427,12.006083802026426,115.27662037037037,58.01152017767962,37.32402711749647,22.0,40.0,30.0,434.0,1205.0,46.81666666666666,1622.0,1498.0,150.0,599.0,234.0,38.0456943402395,19.09413746461609,2.371268757848956,2.5944732171115064,-6.09
102.0,120.0,8.388888888888888,4.416666666666666,270.0,9.413591357920934,9.632771315782927,8.9,20.074927805386256,22.051927587233457,15.262940516245285,15.910520531694187,160.59375,74.5480991107485,46.629611300595165,18.0,30.0,38.0,789.0,2500.0,66.84126984126983,3140.0,3095.0,238.0,1265.0,406.0,48.90328777797711,24.75292775447239,2.4799730051381528,2.0372013076421456,-5.03
90.0,103.0,6.666666666666666,3.9999999999999996,230.0,8.575387400469408,8.802453635391254,8.200000000000001,18.302468792043925,19.78376796279427,13.751267697949478,14.303117346207431,143.671875,65.53515140472804,40.030679443729255,16.0,24.0,32.0,603.0,1820.0,56.394841269841265,2434.0,2443.0,204.0,939.0,330.0,43.88467519109083,22.540936869489276,2.377662309096341,1.94871061715443,-7.2
20.0,19.0,3.611111111111111,1.6666666666666667,46.0,2.808060412490447,2.5491277293791677,2.6333333333333333,4.7112352811751075,5.317262334258209,3.644923705673916,3.4110006580487657,35.375,14.845516166095939,8.47213595499958,6.0,8.0,6.0,31.0,54.0,9.083333333333332,94.0,69.0,16.0,31.0,20.0,12.407305943380177,6.898979485566356,1.9318516525781362,2.7541847860376616,-0.22
98.0,109.0,7.166666666666666,4.444444444444443,246.0,9.541713895658194,9.774811436463361,9.133333333333335,20.22165238049701,21.866250867432896,15.246361489362336,15.768510861317907,152.890625,71.47207513234541,43.31809710423603,20.0,28.0,34.0,962.0,3849.0,62.16679709179709,3898.0,3929.0,198.0,1451.0,408.0,48.42232195663932,25.10627500597687,2.297071255211563,1.6392913884837241,-4.89
66.0,72.0,3.2222222222222223,3.2499999999999996,150.0,6.949489742783179,7.183281572999748,6.9,14.878775382679628,15.123724356957947,10.606601717798217,11.011541046127832,120.0,47.08915177549966,26.1443299263566,6.0,6.0,20.0,343.0,1032.0,36.92063492063492,1450.0,1531.0,100.0,541.0,198.0,33.88194357286601,18.877840949171787,2.2105086495394843,1.5986594573645951,-4.45
46.0,50.0,4.333333333333334,2.2777777777777777,116.0,4.698377302757663,4.697102672463695,4.433333333333334,9.5172597998064,10.546584519776387,7.358797096569131,7.4504171638263985,69.515625,33.80853301897276,20.601126159491542,10.0,16.0,16.0,120.0,262.0,22.599999999999998,452.0,420.0,40.0,192.0,84.0,23.464824361874356,11.936237570137335,2.2360679774997902,2.2599025962240935,-3.77
42.0,47.0,4.083333333333334,2.055555555555556,108.0,4.215214055163271,4.210923771927642,3.9666666666666663,8.557668005579858,9.505343067457071,6.6112502008627025,6.717720406271157,64.90625,30.84007115516407,18.95741732923815,8.0,14.0,15.0,82.0,151.0,19.666666666666668,307.0,283.0,31.0,140.0,66.0,21.19575112540568,10.891330678669734,2.2638209778523954,2.4133248481963467,-1.79
120.0,147.0,10.451388888888888,5.291666666666665,336.0,10.806896738665586,10.967531467752622,10.185714285714289,22.85549996970498,25.27155105061498,17.213261503245107,18.108788212028568,195.04275,88.02515187383968,56.479354869445004,26.0,42.0,47.0,1110.0,3625.0,83.55039682539682,4353.0,4235.0,337.0,1511.0,517.0,56.55651888078137,28.7667348566669,2.5224203882661165,2.1772696581273263,0.79
60.0,72.0,6.666666666666666,2.666666666666667,168.0,5.464101615137755,5.449489742783179,5.0,11.196152422706632,12.92820323027551,8.898979485566358,9.141620172685643,88.59375,44.42951008372598,28.970562748477143,12.0,24.0,24.0,174.0,357.0,31.6,636.0,570.0,60.0,282.0,126.0,28.71591913622389,14.601126159491542,2.414213562373096,2.7602520756252087,0.35
94.0,114.0,7.8888888888888875,4.027777777777778,254.0,8.468432912787325,8.67115627993646,8.0,18.171915546070615,19.93726649447437,13.698897039611131,14.408450369010412,152.609375,68.60212459024282,43.39354332309538,16.0,26.0,36.0,568.0,1622.0,58.21468253968254,2237.0,2176.0,183.0,829.0,309.0,44.45228065470706,22.66467945137395,2.5170165946024867,2.1084843466695213,-0.17
94.0,106.0,9.277777777777777,4.611111111111111,244.0,9.362279762904677,9.340838599544785,8.8,18.997532744081596,21.133208485172936,14.636713964098501,14.922367527083297,145.8125,69.07600986472751,42.794611466229476,20.0,32.0,34.0,880.0,3124.0,62.98823953823953,3332.0,3130.0,240.0,1132.0,374.0,47.15304594563914,24.212498445092226,2.336045738284078,2.4868043108728073,-2.111
32.0,34.0,4.8125,2.125,92.0,3.681980515339464,3.4040092744604245,3.3999999999999995,6.456854249492381,7.613961030678927,5.108666090903724,4.95613721959354,50.37037037037037,24.24771742311577,15.48683298050514,12.0,24.0,12.0,64.0,118.0,15.25,200.0,151.0,36.0,64.0,42.0,17.422129149293404,9.291502622129181,2.188901059316734,3.5832125652604643,-0.85
134.0,174.0,6.152777777777777,4.166666666666666,392.0,10.021640493394056,10.919662490355723,9.609523809523811,24.10857573252442,26.023680027862845,17.73713800376643,19.58668707919668,217.58361574074075,97.62147701163919,63.83536225854847,26.0,44.0,55.0,787.0,2272.0,79.1626984126984,3636.0,4183.0,236.0,1638.0,511.0,58.48991299080494,28.00417293082196,2.6401561396365896,1.473730703285255,-5.41
36.0,39.0,3.2222222222222223,1.8611111111111112,88.0,3.804530452640311,3.802675481463779,3.6333333333333333,7.691642601795419,8.350642529077819,5.835193734454857,5.901223825343431,58.140625,26.26357993262259,15.543203766865057,6.0,10.0,12.0,60.0,106.0,16.166666666666664,228.0,214.0,20.0,106.0,50.0,18.69255664280207,9.953959938490609,2.193527085331054,2.2794002709583667,-3.5
48.0,54.0,4.944444444444445,2.2222222222222223,128.0,4.609060905280622,4.605350962927558,4.266666666666666,9.38328520359084,10.701285058155637,7.427746781790429,7.559806963567576,68.28125,35.55659711676804,22.60112615949154,12.0,20.0,18.0,110.0,215.0,23.28333333333333,408.0,372.0,36.0,184.0,84.0,23.689120026516974,11.64305218185358,2.3072503713482155,2.48726564121395,-2.34
112.0,129.0,11.340277777777777,5.222222222222221,310.0,10.628446183176258,10.598828823207418,9.885714285714286,21.618238399592297,24.624209825116445,16.913960904630937,17.29634840803903,171.38823611111115,82.99392881039881,52.99252188893987,26.0,52.0,43.0,1082.0,3356.0,82.43809523809524,4009.0,3673.0,349.0,1454.0,500.0,54.67530916066963,26.63805746587206,2.479060927454202,3.1477809454862653,-5.16
100.0,120.0,5.416666666666666,4.305555555555556,252.0,9.30886175028988,9.749086890008648,9.133333333333335,20.667405725159398,21.359705793276675,14.756431632059275,15.738864108011025,180.328125,71.64939787473585,42.69410640284114,10.0,12.0,35.0,615.0,1657.0,64.975,2606.0,2745.0,184.0,1086.0,368.0,47.70184628406661,25.180986129522417,2.465602887247398,1.8322350974708996,-4.7989999999999995
32.0,33.0,5.333333333333334,1.8888888888888886,86.0,3.5534180126147956,3.3164965809277263,3.1666666666666665,6.330127018922193,7.773502691896258,5.415816237971963,5.16852706778819,39.65625,24.296669675080466,15.65685424949238,10.0,20.0,12.0,65.0,122.0,15.166666666666666,204.0,155.0,34.0,65.0,42.0,17.392861267529163,8.424292428609817,2.1357792050698574,3.464226847231096,-1.3
84.0,99.0,8.618055555555555,3.791666666666667,238.0,7.80227213102441,7.778209686991334,7.190476190476191,15.873196309471851,18.27775648447841,12.601715207903625,12.881796940813075,121.097,62.464263078244365,40.57348493643238,24.0,40.0,33.0,480.0,1283.0,52.66190476190476,1777.0,1623.0,189.0,652.0,266.0,40.57301992584607,19.204974955561692,2.491466109691675,2.8759355845108656,-2.593
104.0,126.0,6.6388888888888875,4.1388888888888875,276.0,9.096555450524587,9.537941272008482,8.733333333333334,20.31864012118136,21.751589774673807,14.975211231541634,16.008823660230764,171.078125,75.42559554845143,47.15309693860172,18.0,24.0,39.0,642.0,1860.0,64.62698412698413,2699.0,2817.0,171.0,1358.0,396.0,48.147500833030975,24.539371048698992,2.5050132611518783,1.7660109824224977,-2.943
76.0,94.0,6.277777777777777,3.0277777777777786,210.0,6.536581260209188,6.752165224246958,6.133333333333333,14.289718813148736,15.814744144215576,10.87046991486494,11.507310092096336,120.609375,55.54940278635105,35.68533939059601,12.0,22.0,30.0,258.0,565.0,41.35,1029.0,1012.0,93.0,423.0,181.0,35.11072133547725,17.668228976605825,2.504976898746481,2.226351040051458,-0.8759999999999999
174.0,221.0,10.076388888888888,5.9375,510.0,13.683924628611804,14.567209874831315,12.973809523809528,31.52513164712641,34.68001991341789,23.689036863810227,25.660071765023456,272.8475787037037,127.61555050684562,83.60956619058177,38.0,68.0,71.0,1905.0,6609.0,125.97828282828284,8258.0,8901.0,528.0,3654.0,955.0,76.24164224234147,37.06360272698565,2.680376104733778,1.5031962883073875,-4.173
42.0,46.0,4.083333333333334,2.027777777777778,108.0,4.198377302757663,4.197102672463695,3.933333333333333,8.5172597998064,9.546584519776387,6.6516903153825835,6.74331038263985,61.515625,30.980105894226565,19.186912597118443,10.0,16.0,15.0,84.0,160.0,19.53333333333333,315.0,291.0,27.0,144.0,66.0,21.185691438717143,10.792280186226476,2.2458267799378637,2.34622717382778,-1.38
62.0,68.0,2.9722222222222223,3.0,142.0,6.449489742783179,6.683281572999748,6.4,13.878775382679628,14.123724356957947,9.899494936611669,10.304434264941282,112.0,44.26072465075347,24.730116363983505,6.0,6.0,19.0,264.0,715.0,33.69642857142857,1118.0,1182.0,86.0,444.0,170.0,31.6025892465374,17.300563079745768,2.2360679774997894,1.6872141191211394,-3.96
94.0,111.0,7.8888888888888875,3.8888888888888893,254.0,8.396754605515326,8.61895021631898,7.866666666666667,18.034519599612803,20.09316903955277,13.889167068392073,14.52189694568978,141.203125,69.03127960031861,44.03067944372927,20.0,32.0,36.0,573.0,1643.0,57.906349206349205,2286.0,2263.0,192.0,963.0,330.0,44.33283958643311,22.037290512525807,2.4322999064511652,2.055183354125184,-8.56
40.0,43.0,3.4722222222222223,2.1111111111111107,96.0,4.304530452640311,4.302675481463779,4.133333333333333,8.691642601795419,9.350642529077819,6.542300515641405,6.60833060652998,66.140625,29.09200705736879,16.95741732923815,6.0,10.0,13.0,88.0,176.0,19.15,335.0,315.0,35.0,142.0,66.0,20.971923394025087,11.18995723015805,2.1939932777126576,2.2283621149350434,0.61
30.0,31.0,2.361111111111111,1.6666666666666665,68.0,3.393846850117352,3.3944271909999157,3.3,6.825617198010981,7.195941990698567,5.059137268047012,5.084727244415705,51.375,21.68708871008112,12.128990204491961,4.0,6.0,9.0,42.0,71.0,12.916666666666666,163.0,157.0,11.0,78.0,36.0,16.18960238097852,8.720566232730448,2.1010029896154583,2.1229179499593664,-2.12
60.0,65.0,5.694444444444445,3.0,152.0,6.113392202930194,6.102272628689248,5.7666666666666675,12.359048326954822,13.710348322354497,9.520557554648656,9.670040635922621,90.125,44.172862437180825,27.12461179749811,16.0,22.0,21.0,258.0,671.0,33.311904761904756,971.0,903.0,87.0,370.0,150.0,30.517351441881274,15.21180399465588,2.2784136094964484,2.3234482468264086,-2.5810000000000004
114.0,156.0,9.104166666666668,3.5694444444444446,370.0,8.113931529398815,8.535239408078658,7.376190476190477,18.58266668380745,21.701495490163705,14.617701936751622,15.85466129038894,177.7659074074074,84.63690694153402,58.693330930078865,26.0,58.0,52.0,459.0,1046.0,65.03333333333333,1862.0,1857.0,188.0,684.0,312.0,47.88740852457365,22.142231675961924,2.8046855277811185,2.202987396467461,-6.86
10.0,8.0,2.5,1.25,18.0,1.914213562373095,1.6547005383792515,1.833333333333333,2.885618083164127,3.121320343559642,2.121320343559643,1.8618073195657994,24.0,7.3005630797457695,3.414213562373095,2.0,2.0,2.0,10.0,15.0,4.333333333333333,28.0,19.0,4.0,10.0,6.0,7.635733837560585,4.47213595499958,1.6180339887498951,1.9747448713915894,-1.44
40.0,43.0,3.4722222222222223,2.1111111111111107,96.0,4.304530452640311,4.302675481463779,4.133333333333333,8.691642601795419,9.350642529077819,6.542300515641405,6.60833060652998,66.140625,29.09200705736879,16.95741732923815,6.0,10.0,13.0,88.0,176.0,19.15,335.0,315.0,35.0,142.0,66.0,20.971923394025087,11.18995723015805,2.1939932777126576,2.2283621149350434,-0.96
36.0,39.0,3.2222222222222223,1.8611111111111112,88.0,3.804530452640311,3.802675481463779,3.6333333333333333,7.691642601795419,8.350642529077819,5.835193734454857,5.901223825343431,58.140625,26.26357993262259,15.543203766865057,6.0,10.0,12.0,60.0,106.0,16.166666666666664,228.0,214.0,20.0,106.0,50.0,18.69255664280207,9.953959938490609,2.193527085331054,2.2794002709583667,-3.19
160.0,190.0,12.08333333333333,6.9166666666666625,420.0,14.739289860616427,15.170934433863936,14.066666666666672,31.78274173631911,34.37039192819081,23.7362913466654,24.931664233434038,262.140625,116.35897743658691,72.12365968707887,26.0,40.0,59.0,2818.0,12637.0,123.75442612942614,11563.0,11827.0,637.0,4172.0,1038.0,76.39319659444796,39.62247817094146,2.4314966612043025,1.6058880173583248,-0.742
28.0,27.0,4.111111111111111,2.166666666666667,62.0,3.808060412490447,3.549127729379167,3.633333333333333,6.7112352811751075,7.317262334258209,5.059137268047012,4.825214220421861,51.375,20.502370415588317,11.30056307974577,6.0,8.0,8.0,76.0,170.0,14.266666666666667,248.0,199.0,28.0,76.0,42.0,16.9667011599727,9.409260218956907,1.9890437907365472,2.862065598305084,-1.47
108.0,131.0,6.8888888888888875,4.416666666666667,284.0,9.613392202930193,10.051762371472428,9.266666666666667,21.35904832695482,22.710348322354495,15.6418778982083,16.69034046504862,182.46875,78.11398793413508,48.33781523309453,16.0,22.0,40.0,687.0,1850.0,71.16785714285714,2877.0,2994.0,213.0,1224.0,408.0,50.41908163019109,25.682796633577023,2.4957732845761433,1.8989239732990362,-4.553999999999999
42.0,45.0,4.083333333333334,2.0,108.0,4.1815405503520555,4.183281572999747,3.9,8.476851594032942,9.587825972095702,6.692130429902464,6.768900359008543,58.125,31.12014063328907,19.41640786499874,12.0,18.0,15.0,84.0,159.0,19.5,315.0,291.0,27.0,144.0,66.0,21.17608116869581,10.128990204491958,2.23606797749979,2.3408516164378748,-1.34
82.0,99.0,3.805555555555556,3.2777777777777777,208.0,7.360173345306138,7.8162747348552015,7.233333333333334,16.744800786464065,17.278424895337196,11.968444621832965,12.86331380746564,144.9375,58.73671080990659,35.21539773822208,8.0,10.0,29.0,326.0,791.0,45.76904761904762,1429.0,1559.0,107.0,742.0,250.0,38.36788157019916,20.251522110869985,2.4577628819700057,1.7630566093477718,-5.85
32.0,32.0,4.361111111111111,2.5,70.0,4.346065214951231,4.073691594068751,4.199999999999999,7.767814816086004,8.243842693818436,5.6568542494923815,5.470054377666424,64.0,23.181712008383716,12.53663105724556,6.0,6.0,9.0,104.0,242.0,17.3,344.0,280.0,40.0,104.0,56.0,19.256112182379937,10.565186913861831,2.0420789618979085,3.0922461946023914,-2.11
64.0,69.0,8.305555555555555,3.583333333333333,166.0,6.895953267715891,6.6437359270810905,6.366666666666668,13.078349155628509,15.050725580534305,10.434513391499095,10.300377488003088,94.421875,47.58273695100607,29.607698869111033,16.0,28.0,23.0,400.0,1171.0,39.87857142857143,1390.0,1194.0,136.0,400.0,182.0,33.79670889511047,16.777922971341575,2.2701144832566325,4.086991845579041,-4.2860000000000005
30.0,31.0,2.361111111111111,1.6666666666666665,68.0,3.393846850117352,3.3944271909999157,3.3,6.825617198010981,7.195941990698567,5.059137268047012,5.084727244415705,51.375,21.68708871008112,12.128990204491961,4.0,6.0,9.0,42.0,71.0,12.916666666666666,163.0,157.0,11.0,78.0,36.0,16.18960238097852,8.720566232730448,2.1010029896154583,2.1229179499593664,-2.21
54.0,59.0,5.284722222222222,2.333333333333333,154.0,4.999018565639892,5.008459641508933,4.585714285714285,10.174952310848312,11.997546414099729,8.30271070376823,8.388651282978543,72.3101111111111,40.6106538883697,26.37825031020934,16.0,36.0,21.0,148.0,317.0,26.78333333333333,553.0,509.0,61.0,228.0,104.0,26.18134090569411,12.507812992350619,2.317687153614616,2.4607178822983924,-3.76
28.0,28.0,1.75,1.75,56.0,3.5,3.5,3.5,7.0,7.0,4.949747468305834,4.949747468305834,56.0,19.798989873223334,9.899494936611667,0.0,0.0,7.0,42.0,70.0,12.833333333333334,168.0,168.0,0.0,63.0,28.0,15.960242064512125,8.987918414869867,1.9999999999999996,2.0416666666666665,-3.18
50.0,52.0,6.944444444444445,2.805555555555556,130.0,5.4472648627321485,5.210923771927642,4.966666666666667,10.155744216933176,11.969444682594828,8.353633162459333,8.131933968644253,67.03125,37.49847701092301,23.543203766865055,14.0,26.0,18.0,226.0,611.0,27.838095238095235,772.0,651.0,76.0,226.0,110.0,26.723831716489627,13.362598679022616,2.15153801422301,3.5376942474401027,-3.9
132.0,167.0,9.812499999999998,5.430555555555555,370.0,11.399449786001158,11.78756992437932,10.857142857142858,25.002526708431073,27.0987390154784,18.435306266759614,19.740886874481806,223.92512499999998,96.0981667184088,61.4817468852892,26.0,36.0,52.0,1137.0,3473.0,93.54444444444444,4608.0,4627.0,352.0,1825.0,594.0,60.608302231161424,30.36920943321505,2.6359582316594254,1.9714459818275905,-3.2460000000000004
38.0,36.0,4.25,3.0,74.0,5.414213562373096,5.154700538379252,5.333333333333333,9.885618083164125,10.121320343559642,7.071067811865477,6.811554787871634,80.0,27.099552952969105,13.313708498984763,2.0,2.0,9.0,220.0,715.0,22.21865079365079,770.0,670.0,50.0,220.0,90.0,23.592827936949178,13.191508225450303,1.9318516525781366,2.6909155266923976,-3.63
28.0,28.0,4.5625,1.75,84.0,3.1213203435596424,2.8656243103068935,2.8,5.371236166328254,6.742640687119284,4.5604779323150675,4.336887038717671,36.74074074074074,21.662619116234062,14.32455532033676,12.0,28.0,11.0,44.0,76.0,12.25,134.0,98.0,26.0,44.0,30.0,15.122655423942513,7.595865303863629,2.1357792050698583,3.3604351426960575,-4.23
68.0,73.0,8.034722222222221,3.986111111111111,180.0,7.486510967979775,7.206684755924204,7.033333333333333,14.148496851287796,15.964603559756744,10.943859825358583,10.857361044936972,108.51099537037037,50.511297355738364,31.03003674737019,18.0,34.0,24.0,532.0,1836.0,42.457539682539675,1888.0,1663.0,140.0,532.0,210.0,36.09480965733199,19.178732385290445,2.222674032359102,3.670654968554805,1.144
54.0,63.0,5.805555555555555,2.4444444444444446,148.0,5.036581260209189,5.027420352855368,4.633333333333334,10.289718813148736,11.814744144215574,8.163363133678393,8.35071356812661,78.4375,39.99305360024701,25.785844453984343,12.0,22.0,21.0,140.0,281.0,27.316666666666666,515.0,465.0,51.0,230.0,104.0,26.20239932993289,13.137459993790188,2.3648709778844017,2.625358332036857,-3.15
14.0,12.0,2.75,1.5,26.0,2.414213562373095,2.1547005383792515,2.333333333333333,3.885618083164127,4.121320343559642,2.8284271247461903,2.568914100752347,32.0,10.12899020449196,4.82842712474619,2.0,2.0,3.0,20.0,35.0,6.416666666666666,60.0,44.0,8.0,20.0,12.0,9.915316149982342,5.464101615137754,1.7320508075688772,2.19060968716425,-0.01
182.0,235.0,13.388888888888888,6.402777777777778,554.0,14.319075441865145,14.960628827632913,13.314285714285718,32.01818938866819,36.31790866192281,24.734077702767994,26.46078047878284,281.9920324074074,134.50750368846258,89.87489193422263,44.0,84.0,77.0,2333.0,8853.0,138.38354700854703,9669.0,9943.0,609.0,4143.0,1057.0,79.92886364520672,38.527515681090456,2.724289847217466,1.6962536538455604,-4.9
10.0,8.0,2.5,1.25,18.0,1.914213562373095,1.6547005383792515,1.833333333333333,2.885618083164127,3.121320343559642,2.121320343559643,1.8618073195657994,24.0,7.3005630797457695,3.414213562373095,2.0,2.0,2.0,10.0,15.0,4.333333333333333,28.0,19.0,4.0,10.0,6.0,7.635733837560585,4.47213595499958,1.6180339887498951,1.9747448713915894,-2.57
40.0,44.0,3.4722222222222223,2.1944444444444446,96.0,4.3425352551010965,4.3272393461533625,4.199999999999999,8.748222136706316,9.277222888638047,6.432910715900227,6.5460639825879925,70.765625,28.942921525417994,16.77927174436485,6.0,8.0,13.0,86.0,167.0,19.28333333333333,325.0,303.0,33.0,142.0,66.0,20.982204647916753,11.203557775951705,2.2215832939527687,2.29725588417896,-1.96
164.0,215.0,11.777777777777777,5.472222222222222,510.0,12.415191890615725,13.057520149051538,11.495238095238099,28.165842016515217,32.151643145762556,21.81743022057939,23.510615815812237,252.1836574074074,121.41492171927491,82.13762794880074,40.0,80.0,71.0,1489.0,4743.0,116.46158008658008,6230.0,6469.0,450.0,2928.0,810.0,70.58340616633282,33.541494800579116,2.717775268706095,1.7879223798073238,-4.099
30.0,30.0,5.173611111111111,1.5,96.0,2.9433756729740645,2.719605259509101,2.4857142857142853,5.121794126179664,7.069764047840349,4.87656659757667,4.583157824826062,27.68511111111111,23.693872197189744,16.605551275463988,14.0,36.0,13.0,42.0,69.0,12.5,126.0,90.0,26.0,42.0,30.0,15.326357664785323,6.602720495543137,2.1753277471610746,3.541196965079901,-2.6
72.0,81.0,6.444444444444445,3.916666666666667,176.0,7.701907262607799,7.668299791770673,7.433333333333334,15.53685247918609,16.513204324956778,11.411167754907478,11.6523244264342,128.921875,52.088954062281104,30.50062109610321,10.0,14.0,24.0,446.0,1263.0,45.794444444444444,1672.0,1550.0,152.0,588.0,234.0,37.396601982211294,19.68802574556359,2.3487749289960345,2.550793528797327,-2.35
16.0,14.0,3.361111111111111,1.3333333333333333,38.0,2.2700556100296625,2.0245638646895836,2.0666666666666664,3.654655746264212,4.390681974697982,3.047206724228547,2.766160500804204,22.75,12.166174573300538,7.23606797749979,6.0,10.0,5.0,18.0,28.0,6.666666666666666,52.0,36.0,10.0,18.0,12.0,10.118119614388574,5.226251859505507,1.8477590650225741,2.5395388613593903,0.1
44.0,46.0,3.7222222222222223,2.333333333333333,104.0,4.787693700234704,4.7888543819998315,4.6,9.651234396021962,10.391883981397134,7.289847411347834,7.34102736408522,70.75,32.06046892117748,18.601126159491542,8.0,12.0,14.0,126.0,287.0,22.083333333333332,482.0,456.0,46.0,189.0,84.0,23.241673814767665,12.066822110680892,2.175327747161075,2.1312821385375686,-4.12
6.0,4.0,2.25,1.0,10.0,1.414213562373095,1.1547005383792517,1.3333333333333333,1.885618083164127,2.1213203435596424,1.4142135623730951,1.1547005383792517,16.0,4.47213595499958,2.0,2.0,2.0,1.0,4.0,5.0,2.5,10.0,6.0,2.0,4.0,2.0,5.356367113217143,2.8284271247461907,1.4142135623730954,1.6329931618554523,-2.34
28.0,27.0,4.111111111111111,2.166666666666667,62.0,3.808060412490447,3.549127729379167,3.633333333333333,6.7112352811751075,7.317262334258209,5.059137268047012,4.825214220421861,51.375,20.50237041558832,11.300563079745771,6.0,8.0,8.0,75.0,165.0,14.316666666666666,244.0,195.0,30.0,75.0,42.0,16.96691976501489,8.828427124746192,2.0,2.919612641438553,-1.4
32.0,30.0,4.361111111111111,2.3333333333333335,70.0,4.2700556100296625,4.024563864689584,4.066666666666666,7.654655746264211,8.390681974697982,5.875633848974738,5.594587625550395,54.75,23.479883072285293,12.89292222699217,6.0,10.0,9.0,114.0,297.0,16.835714285714285,384.0,320.0,34.0,114.0,56.0,19.236682418687728,10.251661790966027,1.9615705608064613,2.746690906857495,-1.89
54.0,63.0,5.805555555555555,2.4444444444444446,148.0,5.036581260209189,5.027420352855368,4.633333333333333,10.289718813148735,11.814744144215574,8.163363133678393,8.35071356812661,78.4375,39.99305360024701,25.785844453984343,12.0,22.0,21.0,140.0,281.0,27.316666666666663,515.0,465.0,51.0,230.0,104.0,26.20239932993288,13.137459993790184,2.3648709778844004,2.625358332036857,-3.37
38.0,40.0,2.861111111111111,2.25,84.0,4.431851652578137,4.418991055689499,4.366666666666666,8.882196732921877,9.122522350258794,6.363961030678929,6.436674182846815,72.0,27.194857427622715,14.779271744364848,4.0,4.0,11.0,94.0,203.0,18.68333333333333,361.0,343.0,33.0,148.0,66.0,20.758832560654838,11.384646120352905,2.148961141749637,2.0778607554610558,-3.37
38.0,40.0,6.125,1.5625,134.0,3.25,3.036834963593021,2.65,5.8,8.5,5.808524858402426,5.513605419233339,33.185185185185176,30.395488003198345,22.242640687119284,18.0,54.0,18.0,58.0,97.0,16.0,176.0,127.0,36.0,58.0,42.0,18.053158422038717,7.211102550927979,2.3027756377319957,4.020391543176799,-2.74
14.0,12.0,2.75,1.5,26.0,2.414213562373095,2.1547005383792515,2.333333333333333,3.885618083164127,4.121320343559642,2.8284271247461903,2.568914100752347,32.0,10.12899020449196,4.82842712474619,2.0,2.0,3.0,20.0,35.0,6.416666666666666,60.0,44.0,8.0,20.0,12.0,9.915316149982342,5.464101615137754,1.7320508075688772,2.19060968716425,0.32
32.0,33.0,5.333333333333334,1.8888888888888886,86.0,3.5534180126147956,3.3164965809277263,3.1666666666666665,6.330127018922193,7.773502691896258,5.415816237971963,5.16852706778819,39.65625,24.296669675080466,15.65685424949238,10.0,20.0,12.0,65.0,122.0,15.166666666666666,204.0,155.0,34.0,65.0,42.0,17.392861267529163,8.424292428609817,2.1357792050698574,3.464226847231096,0.94
48.0,54.0,4.944444444444445,2.2222222222222223,128.0,4.609060905280622,4.605350962927558,4.266666666666667,9.38328520359084,10.701285058155637,7.427746781790429,7.559806963567576,68.28125,35.55659711676804,22.60112615949154,12.0,20.0,18.0,111.0,220.0,23.23333333333333,412.0,376.0,32.0,186.0,84.0,23.6888922595993,11.683238505927562,2.302775637731996,2.4619689397977487,-4.59
144.0,181.0,8.652777777777777,5.340277777777778,410.0,11.899614233231434,12.546990411502613,11.369047619047622,26.920027811893856,29.213351980555622,19.967973534655833,21.516216735845052,234.84483333333333,105.1256373797511,67.59247714923202,28.0,48.0,57.0,1358.0,4725.0,98.72593795093795,5786.0,6119.0,354.0,2600.0,698.0,64.61483471974444,32.195722806406415,2.6357672406157646,1.573577791787923,-4.8
98.0,119.0,7.618055555555554,4.388888888888888,268.0,9.0478592641281,9.232043831135394,8.652380952380952,19.25262208673446,20.853646187278947,14.256023716393152,14.988868335632139,167.89749537037036,71.43051042120852,44.61544598639676,16.0,30.0,37.0,635.0,1772.0,63.609523809523814,2508.0,2447.0,218.0,826.0,338.0,46.76906731231878,23.469378313388184,2.545771862587218,2.2099542541479242,-3.35
78.0,88.0,4.944444444444445,3.638888888888889,190.0,7.770856947829097,7.999778153927474,7.566666666666666,16.610826190248506,17.43312543371645,12.158714650613907,12.644534207983282,133.53125,56.24213422058259,32.97275705110279,10.0,14.0,26.0,459.0,1367.0,46.3813492063492,1898.0,1957.0,152.0,702.0,260.0,38.888329715355894,20.519744761017385,2.3130440893516733,1.7840692684929944,-3.59
48.0,50.0,6.333333333333333,3.027777777777778,118.0,5.612590865130759,5.351803210842947,5.266666666666667,10.402877882970529,11.667904863336028,8.065903877755678,7.898010921019102,77.515625,35.45224184922615,21.186912597118443,12.0,18.0,16.0,224.0,596.0,27.754761904761907,764.0,643.0,80.0,224.0,110.0,26.521034395943794,13.67440108058962,2.166454523461749,3.6065289072369584,-3.39
6.0,4.0,2.25,1.0,10.0,1.414213562373095,1.1547005383792517,1.3333333333333333,1.885618083164127,2.1213203435596424,1.4142135623730951,1.1547005383792517,16.0,4.47213595499958,2.0,2.0,2.0,1.0,4.0,5.0,2.5,10.0,6.0,2.0,4.0,2.0,5.356367113217143,2.8284271247461907,1.4142135623730954,1.6329931618554523,-1.06
102.0,116.0,10.680555555555555,4.159722222222222,304.0,8.937359167265486,8.94486140798436,8.050000000000002,18.265481936512717,22.07380740841443,15.198673361154611,15.439102302211607,131.09606481481478,77.1177692757403,51.71424843927856,32.0,72.0,42.0,804.0,2566.0,65.60238095238095,3006.0,2782.0,246.0,1071.0,374.0,48.028759244616055,22.058924437401576,2.424355722477437,2.738507027535176,-3.24
106.0,121.0,5.305555555555555,4.722222222222221,256.0,10.326499840494924,10.788632535927308,10.166666666666668,22.66398437491715,23.360907799975823,16.291965537992013,17.157134447322303,186.15625,75.98734303650872,44.15966964822121,12.0,14.0,35.0,1131.0,4770.0,66.79746087246087,4911.0,5322.0,239.0,1574.0,463.0,52.10720345681298,28.026681403416394,2.364153947292917,1.2740384276058667,-3.46
14.0,12.0,2.75,1.5,26.0,2.414213562373095,2.1547005383792515,2.333333333333333,3.885618083164127,4.121320343559642,2.8284271247461903,2.568914100752347,32.0,10.12899020449196,4.82842712474619,2.0,2.0,3.0,20.0,35.0,6.416666666666666,60.0,44.0,8.0,20.0,12.0,9.915316149982342,5.464101615137754,1.7320508075688772,2.19060968716425,-2.54
60.0,63.0,7.534722222222222,3.3333333333333335,164.0,6.413232128012986,6.163160179888186,5.91904761904762,12.060570394012437,14.11886675765937,9.716924266141326,9.543351821357795,88.3101111111111,45.08278984336928,28.37825031020934,18.0,38.0,22.0,332.0,930.0,35.74880952380953,1146.0,977.0,118.0,332.0,156.0,31.516898925710304,15.73818426113231,2.2674762610945765,3.9751230503194863,-1.62
82.0,97.0,5.645833333333333,3.583333333333333,220.0,7.649501019800504,7.861279908946013,7.338095238095239,16.3823645201921,17.688630805499717,12.225765565757557,12.785649378957348,133.773,59.8238727408374,36.96521115550247,16.0,26.0,30.0,395.0,1001.0,49.35357142857143,1604.0,1619.0,146.0,745.0,258.0,39.349375636315955,19.344184340820554,2.4681537094667307,2.1136829969359043,-2.982
96.0,107.0,9.819444444444443,3.999999999999999,284.0,8.536041933740568,8.541483147707451,7.73809523809524,17.406484156607522,20.92167318775968,14.374711264235643,14.593715598455454,125.2452222222222,72.58694087055004,48.335714348426066,32.0,70.0,39.0,684.0,2042.0,60.87619047619049,2543.0,2337.0,219.0,940.0,336.0,45.51460322589583,21.371159563680884,2.4200728488232297,2.7801275703291357,-4.24
114.0,136.0,7.749999999999998,4.472222222222221,304.0,9.952397498181154,10.407804598318814,9.46666666666667,22.087677784281446,24.02095140581215,16.608204393397084,17.620283622655712,177.828125,83.11963416675239,52.38916491610152,22.0,32.0,43.0,896.0,2934.0,73.23531746031746,3757.0,3919.0,247.0,1686.0,486.0,52.90871574022211,26.32100794070714,2.4674296899189523,1.665637155442539,-3.62
68.0,77.0,3.8333333333333335,3.222222222222222,162.0,6.877010097711745,7.105350962927559,6.766666666666667,14.785208992237525,15.237183443017884,10.635111288499633,11.095340869500316,122.15625,48.69718113423244,27.914834658476305,6.0,8.0,22.0,307.0,816.0,38.429761904761904,1282.0,1335.0,112.0,505.0,198.0,34.11562810435857,18.814625057107392,2.307250371348216,1.8179762710410508,-3.12
74.0,72.0,6.5,5.25,146.0,9.914213562373096,9.654700538379252,9.833333333333332,18.885618083164125,19.121320343559645,13.435028842544408,13.175515818550565,152.0,52.55539707568482,26.041630560342625,2.0,2.0,18.0,1330.0,7315.0,51.95479314287365,4940.0,4579.0,180.0,1330.0,342.0,44.109095657973775,24.762979999309508,1.9776616524502575,2.8896766777949185,-8.172
66.0,72.0,3.2222222222222223,3.2499999999999996,150.0,6.949489742783179,7.183281572999748,6.9,14.878775382679628,15.123724356957947,10.606601717798217,11.011541046127832,120.0,47.08915177549966,26.1443299263566,6.0,6.0,20.0,343.0,1032.0,36.92063492063492,1450.0,1531.0,100.0,541.0,198.0,33.88194357286601,18.877840949171787,2.2105086495394843,1.5986594573645951,-2.92
24.0,24.0,3.861111111111111,2.0,54.0,3.3460652149512318,3.0736915940687513,3.1999999999999997,5.767814816086004,6.243842693818436,4.242640687119286,4.055840815293328,48.0,17.524857758891336,9.70820393249937,6.0,6.0,7.0,48.0,90.0,11.75,150.0,114.0,24.0,48.0,30.0,14.696713921428232,7.999999999999998,1.9999999999999993,2.9923028831940863,-1.17
30.0,31.0,2.361111111111111,1.6666666666666665,68.0,3.393846850117352,3.3944271909999157,3.3,6.825617198010981,7.195941990698567,5.059137268047012,5.084727244415705,51.375,21.68708871008112,12.128990204491961,4.0,6.0,9.0,42.0,71.0,12.916666666666666,163.0,157.0,11.0,78.0,36.0,16.18960238097852,8.720566232730448,2.1010029896154583,2.1229179499593664,1.02
10.0,8.0,2.5,1.25,18.0,1.914213562373095,1.6547005383792515,1.833333333333333,2.885618083164127,3.121320343559642,2.121320343559643,1.8618073195657994,24.0,7.3005630797457695,3.414213562373095,2.0,2.0,2.0,10.0,15.0,4.333333333333333,28.0,19.0,4.0,10.0,6.0,7.635733837560585,4.47213595499958,1.6180339887498951,1.9747448713915894,-1.3
26.0,27.0,2.111111111111111,1.4166666666666665,60.0,2.893846850117352,2.8944271909999157,2.8,5.825617198010981,6.195941990698567,4.352030486860464,4.377620463229157,43.375,18.85866158533493,10.714776642118865,4.0,6.0,8.0,26.0,39.0,10.166666666666666,100.0,95.0,8.0,33.0,19.0,13.991826457480949,7.465883060453303,2.114907541476756,2.184105569636068,-3.3
26.0,24.0,4.472222222222222,1.6666666666666665,66.0,3.1258976576862296,2.8944271909999157,2.8,5.423693409364296,6.6600436058363215,4.680199886083999,4.377620463229157,29.5,19.860213191601495,12.47213595499958,10.0,18.0,9.0,48.0,91.0,11.833333333333332,150.0,114.0,22.0,48.0,30.0,14.880758495384406,6.828427124746191,2.0,2.9532231745612925,-0.8
104.0,125.0,6.6388888888888875,4.055555555555556,276.0,9.0585506480638,9.513377407318897,8.666666666666666,20.262060586270465,21.82500941511358,15.08460103128281,16.071090284172755,166.453125,75.57468108040221,47.33124252347504,18.0,26.0,39.0,620.0,1715.0,65.36111111111111,2622.0,2757.0,162.0,1129.0,366.0,48.11843281951215,24.584047738989447,2.472251398921639,1.812423982116801,-3.928
24.0,22.0,4.3125,1.375,76.0,2.560660171779821,2.327239346153363,2.2,4.2856180831641275,5.871320343559642,4.012289773726411,3.717636857841802,23.111111111111107,19.07752080935235,13.16227766016838,12.0,32.0,10.0,28.0,44.0,9.5,82.0,57.0,18.0,28.0,20.0,12.823409519949188,5.8186258223528196,2.0743132930519432,3.1684898726705697,-0.4
102.0,116.0,7.868055555555554,4.305555555555555,276.0,9.376028663351637,9.613810604436493,8.852380952380955,19.960161303085837,22.234729857117607,15.402288086335128,15.948458246546123,154.4663611111111,75.16569939887115,47.222017156820144,22.0,44.0,38.0,802.0,2532.0,65.76626984126983,3224.0,3222.0,262.0,1029.0,388.0,48.961536354927176,24.489494450306314,2.3920899744332496,1.9840497299674011,-3.61
82.0,91.0,5.194444444444445,3.8611111111111103,198.0,8.25402019542349,8.485957054463528,8.033333333333335,17.57041798447505,18.474366886035767,12.906261546320335,13.377230965538523,138.140625,59.21059608439129,34.61646588135617,12.0,16.0,27.0,613.0,2176.0,48.65241702741703,2545.0,2637.0,153.0,779.0,277.0,41.24210578864971,21.841616126697637,2.291445946696525,1.5738938254334778,-2.461
6.0,4.0,2.25,1.0,10.0,1.414213562373095,1.1547005383792517,1.3333333333333333,1.885618083164127,2.1213203435596424,1.4142135623730951,1.1547005383792517,16.0,4.47213595499958,2.0,2.0,2.0,1.0,4.0,5.0,2.5,10.0,6.0,2.0,4.0,2.0,5.356367113217143,2.8284271247461907,1.4142135623730954,1.6329931618554523,-1.08
86.0,98.0,6.416666666666666,3.7222222222222223,222.0,8.0585506480638,8.288632535927308,7.666666666666668,17.26206058627047,18.825009415113584,13.084601031282812,13.621600541389574,132.28125,62.84675901904435,38.84596114923646,18.0,26.0,31.0,520.0,1524.0,51.647619047619045,2110.0,2130.0,170.0,832.0,294.0,41.595241968819764,21.350714560608893,2.349499312904817,1.8921418348718166,-3.953
104.0,114.0,7.055555555555555,5.083333333333333,250.0,10.66903509559602,10.89112701068908,10.366666666666669,22.412206511623467,23.63813068861387,16.482235566772957,17.011068000007832,174.75,75.23177975209171,43.968378644108924,18.0,22.0,34.0,1241.0,5119.0,70.67153402153403,5034.0,5087.0,284.0,1703.0,494.0,52.768626393248674,27.393971476600008,2.2856475337073308,1.6725844405357913,-4.632
88.0,108.0,4.666666666666666,3.5,228.0,7.787693700234704,8.23834412478301,7.6,17.651234396021962,18.391883981397132,12.70406097372093,13.654220412024674,155.09375,63.17316729338557,38.40011603271486,8.0,12.0,32.0,378.0,917.0,50.95238095238095,1636.0,1762.0,108.0,854.0,282.0,40.88188883794724,21.679048565128664,2.4988937745976014,1.8307710362044771,-5.19
32.0,30.0,4.361111111111111,2.3333333333333335,70.0,4.2700556100296625,4.024563864689584,4.066666666666666,7.654655746264211,8.390681974697982,5.875633848974738,5.594587625550395,54.75,23.479883072285293,12.89292222699217,6.0,10.0,9.0,114.0,297.0,16.835714285714285,384.0,320.0,34.0,114.0,56.0,19.236682418687728,10.251661790966027,1.9615705608064613,2.746690906857495,-2.09
92.0,106.0,6.756944444444445,3.930555555555556,248.0,8.50483718255332,8.733204512900523,8.085714285714285,18.163582653328085,19.98352785041846,13.82915590136414,14.37367493169446,144.09599074074072,67.52650302660732,42.09030444686227,18.0,36.0,34.0,599.0,1798.0,56.769444444444446,2436.0,2467.0,206.0,900.0,330.0,44.11952095664242,21.876740698730067,2.429447921031877,1.9435091255423502,-2.281
42.0,44.0,3.111111111111111,2.5,92.0,4.931851652578137,4.918991055689499,4.866666666666666,9.882196732921877,10.122522350258794,7.071067811865477,7.143780964033363,80.0,30.023284552368903,16.19348530673794,4.0,4.0,12.0,133.0,323.0,21.642857142857142,512.0,488.0,44.0,196.0,84.0,23.038420907695816,12.932143397034864,2.1543413091228816,2.0172372216570547,-4.06
38.0,42.0,3.8333333333333335,1.7777777777777777,100.0,3.698377302757663,3.6971026724636946,3.4333333333333336,7.5172597998064,8.546584519776385,5.944583534196036,6.036203601453303,53.515625,28.151678769480377,17.77269903474535,10.0,16.0,14.0,59.0,103.0,16.333333333333336,218.0,197.0,20.0,72.0,43.0,18.99379743839037,9.191688434954843,2.278413609496444,2.388075523080426,-0.4
134.0,152.0,10.319444444444443,6.249999999999999,362.0,12.848726953872188,13.019881156541096,12.26666666666667,26.785641181179887,29.354050431714107,20.11682711841911,20.881161056451813,212.74074074074076,98.60362269578454,61.46333594050011,34.0,58.0,49.0,2272.0,11453.0,95.5622682872683,9044.0,8960.0,384.0,3292.0,744.0,65.30151412005023,34.12923218098274,2.340374403382709,1.6711638099605652,-6.237
124.0,151.0,8.791666666666664,4.541666666666667,360.0,10.232017366004007,10.686236131382673,9.59047619047619,22.7026610847762,25.54549524490146,17.518867824335484,18.564653136672053,187.87535648148148,91.56960326639754,59.773542952789825,28.0,58.0,50.0,952.0,2958.0,80.56825396825397,3945.0,4057.0,305.0,1519.0,508.0,55.98446562558465,27.13503311841688,2.564023996144944,1.803323494137071,-3.451
30.0,28.0,4.722222222222222,1.9166666666666665,74.0,3.625897657686229,3.3944271909999157,3.3,6.423693409364296,7.6600436058363215,5.387306667270547,5.084727244415705,37.5,22.688640316347684,13.886349517372675,10.0,18.0,10.0,74.0,161.0,14.466666666666665,240.0,191.0,28.0,74.0,42.0,17.160125219727846,8.47213595499958,2.000000000000001,2.9278193611827583,-1.21
30.0,30.0,5.173611111111111,1.5,96.0,2.9433756729740645,2.719605259509101,2.4857142857142853,5.121794126179664,7.069764047840349,4.87656659757667,4.583157824826062,27.68511111111111,23.693872197189744,16.605551275463988,14.0,36.0,13.0,42.0,69.0,12.5,126.0,90.0,26.0,42.0,30.0,15.326357664785323,6.602720495543137,2.1753277471610746,3.541196965079901,-4.36
100.0,121.0,8.749999999999998,4.138888888888889,274.0,8.8411117128495,9.054840705710738,8.266666666666666,18.981361414944153,21.165386673293394,14.584343305760155,15.287213573880125,154.75,73.32770134473509,46.985902470341784,18.0,32.0,39.0,642.0,1830.0,63.69920634920635,2544.0,2500.0,224.0,1068.0,368.0,46.85688433616512,23.51306698978866,2.4716779944645357,2.1540035166333213,-7.66
44.0,49.0,3.7222222222222223,2.5277777777777777,104.0,4.8805400575618805,4.851803210842947,4.766666666666667,9.804801671617211,10.203803248198273,7.030627697345596,7.190904139832554,83.390625,31.622263118213393,18.015339721864635,6.0,6.0,14.0,117.0,243.0,22.599999999999998,440.0,408.0,44.0,184.0,84.0,23.271855725660522,12.864605192711737,2.2469796037174685,2.340034232116514,-2.38
46.0,50.0,4.333333333333334,2.2777777777777777,116.0,4.698377302757664,4.697102672463695,4.433333333333334,9.517259799806402,10.546584519776388,7.358797096569131,7.4504171638263985,69.515625,33.80853301897275,20.60112615949154,10.0,16.0,16.0,117.0,245.0,22.71666666666666,440.0,408.0,44.0,186.0,84.0,23.465052101041955,11.908678249899133,2.242837900336234,2.3198475089677144,-2.44
30.0,30.0,5.173611111111111,1.5,96.0,2.9433756729740645,2.719605259509101,2.4857142857142858,5.1217941261796645,7.069764047840348,4.876566597576671,4.583157824826062,27.685111111111105,23.693872197189737,16.605551275463988,14.0,36.0,13.0,42.0,69.0,12.5,126.0,90.0,26.0,42.0,30.0,15.326357664785334,6.602720495543137,2.1753277471610755,3.5411969650799016,-1.71
58.0,62.0,7.444444444444444,3.472222222222223,146.0,6.523274467653718,6.26005150130681,6.1,12.268903286754966,13.82260540171528,9.549067125350073,9.421614283133376,92.28125,42.85716019651381,26.01533972186464,14.0,22.0,20.0,337.0,961.0,35.483333333333334,1166.0,997.0,116.0,337.0,156.0,31.30312772619091,16.175513647919935,2.22006104198873,3.898582578008052,0.106
48.0,50.0,5.8125,3.125,124.0,5.681980515339465,5.404009274460425,5.4,10.456854249492379,11.613961030678926,7.937093215649916,7.7845643443397305,82.37037037037037,35.561425922100526,21.143687229997518,12.0,24.0,16.0,234.0,661.0,27.44761904761905,804.0,683.0,76.0,234.0,110.0,26.540928963172153,14.32478009709665,2.2152078757405302,3.4453944174019253,-3.091
16.0,14.0,3.361111111111111,1.3333333333333333,38.0,2.270055610029662,2.0245638646895836,2.0666666666666664,3.6546557462642113,4.390681974697982,3.0472067242285474,2.766160500804204,22.75,12.16617457330054,7.23606797749979,6.0,10.0,5.0,18.0,28.0,6.666666666666666,52.0,36.0,10.0,18.0,12.0,10.118119614388581,5.226251859505506,1.8477590650225744,2.5395388613593908,-3.18
92.0,106.0,9.118055555555554,4.458333333333333,254.0,8.86352106569152,8.812035718851762,8.3,17.933705843525324,20.201787002774626,13.80079652080619,14.174527321385261,142.66724537037038,68.09578011776269,43.388522219742455,24.0,42.0,35.0,690.0,2090.0,60.59722222222222,2585.0,2397.0,231.0,900.0,336.0,45.11790092682183,23.034491036583375,2.3944947334361677,2.734001406154292,-4.522
